time,seconds_elapsed,x,y,z
1773063088545351680,0.0007755756378173828,-0.1065521240234375,-1.040435791015625,0.306304931640625
1773063088555407872,0.010831594467163086,-0.1115570068359375,-0.8873291015625,0.32293701171875
1773063088565463808,0.02088761329650879,-0.16845703125,-0.876251220703125,0.2857208251953125
1773063088575518720,0.030942678451538086,-0.1379547119140625,-0.897705078125,0.3131103515625
1773063088585574912,0.04099869728088379,-0.09112548828125,-0.9136199951171875,0.3412017822265625
1773063088595630848,0.05105471611022949,-0.09832763671875,-0.93060302734375,0.3347320556640625
1773063088605685760,0.06110954284667969,-0.10296630859375,-0.9366607666015625,0.3388214111328125
1773063088615741696,0.07116556167602539,-0.086578369140625,-0.945068359375,0.3567352294921875
1773063088625796864,0.08122062683105469,-0.074920654296875,-0.967071533203125,0.3609161376953125
1773063088635852800,0.09127664566040039,-0.0726776123046875,-0.9772491455078125,0.3419342041015625
1773063088645908736,0.1013326644897461,-0.070159912109375,-0.9574737548828125,0.3175048828125
1773063088655963904,0.11138772964477539,-0.07293701171875,-0.9393463134765625,0.302703857421875
1773063088666019840,0.1214437484741211,-0.0916748046875,-0.9454193115234375,0.288818359375
1773063088676076032,0.1314997673034668,-0.1028594970703125,-0.94793701171875,0.2830047607421875
1773063088686130688,0.141554594039917,-0.0961761474609375,-0.9485931396484375,0.29827880859375
1773063088696186880,0.1516106128692627,-0.0836334228515625,-0.94427490234375,0.3028717041015625
1773063088706241792,0.161665678024292,-0.078338623046875,-0.9505157470703125,0.303436279296875
1773063088716297984,0.1717216968536377,-0.0839385986328125,-0.95751953125,0.3021240234375
1773063088726353920,0.1817777156829834,-0.0911102294921875,-0.9574127197265625,0.303741455078125
1773063088736408832,0.1918325424194336,-0.0924072265625,-0.9533233642578125,0.305419921875
1773063088746464768,0.2018885612487793,-0.0926361083984375,-0.961273193359375,0.308868408203125
1773063088756520704,0.211944580078125,-0.0927734375,-0.9665069580078125,0.310150146484375
1773063088766575872,0.2219996452331543,-0.08807373046875,-0.9666748046875,0.3105621337890625
1773063088776631808,0.2320556640625,-0.0839996337890625,-0.9592742919921875,0.3119659423828125
1773063088786687744,0.2421116828918457,-0.0878448486328125,-0.95440673828125,0.3097381591796875
1773063088796742912,0.252166748046875,-0.0866851806640625,-0.94232177734375,0.3069915771484375
1773063088806798848,0.2622227668762207,-0.085784912109375,-0.93939208984375,0.305511474609375
1773063088816853760,0.2722775936126709,-0.0836029052734375,-0.9425201416015625,0.3021087646484375
1773063088826909696,0.2823336124420166,-0.0833892822265625,-0.9363250732421875,0.2969970703125
1773063088836965888,0.2923896312713623,-0.0865936279296875,-0.9336700439453125,0.3011932373046875
1773063088847020800,0.3024446964263916,-0.097015380859375,-0.9387664794921875,0.2960968017578125
1773063088857076992,0.3125007152557373,-0.100494384765625,-0.9400634765625,0.294342041015625
1773063088867132928,0.322556734085083,-0.0956573486328125,-0.9401702880859375,0.3003997802734375
1773063088877187840,0.3326115608215332,-0.0861968994140625,-0.9496307373046875,0.30963134765625
1773063088887243776,0.3426675796508789,-0.078094482421875,-0.96002197265625,0.3129730224609375
1773063088897298688,0.3527226448059082,-0.0744781494140625,-0.9591217041015625,0.3170623779296875
1773063088907354880,0.3627786636352539,-0.0777130126953125,-0.9489593505859375,0.320068359375
1773063088917410816,0.3728346824645996,-0.0742340087890625,-0.925933837890625,0.32379150390625
1773063088927465984,0.3828897476196289,0.0061187744140625,-0.885162353515625,0.375518798828125
1773063088937521920,0.3929457664489746,-0.035308837890625,-0.941680908203125,0.377471923828125
1773063088947577600,0.4030015468597412,-0.097442626953125,-1.0636444091796875,0.3992156982421875
1773063088957632768,0.4130566120147705,-0.012237548828125,-1.0264434814453125,0.296478271484375
1773063088967688704,0.4231126308441162,0.09222412109375,-0.89447021484375,0.373779296875
1773063088977743872,0.4331676959991455,0.13128662109375,-0.8758697509765625,0.35052490234375
1773063088987799808,0.4432237148284912,0.0582275390625,-0.9929351806640625,0.3578948974609375
1773063088997856000,0.4532797336578369,0.1078033447265625,-1.0287628173828125,0.370635986328125
1773063089007910656,0.4633345603942871,0.203887939453125,-1.0528411865234375,0.40093994140625
1773063089017966848,0.4733905792236328,0.2484130859375,-1.0970306396484375,0.370361328125
1773063089028022784,0.4834465980529785,0.2697601318359375,-1.1171112060546875,0.3130645751953125
1773063089038077952,0.4935016632080078,0.3090667724609375,-1.09307861328125,0.2772979736328125
1773063089048133888,0.5035576820373535,0.3095703125,-1.11138916015625,0.27935791015625
1773063089058188800,0.5136127471923828,0.2868804931640625,-1.1288604736328125,0.2804412841796875
1773063089068244992,0.5236687660217285,0.333831787109375,-1.1090240478515625,0.2393341064453125
1773063089078300672,0.5337245464324951,0.2885284423828125,-1.14227294921875,0.1549072265625
1773063089088355840,0.5437796115875244,0.259063720703125,-1.1317901611328125,0.130828857421875
1773063089098411776,0.5538356304168701,0.2387237548828125,-1.14599609375,0.1029052734375
1773063089108467712,0.5638916492462158,0.168975830078125,-1.15460205078125,0.0559844970703125
1773063089118522880,0.5739467144012451,0.1026763916015625,-1.1642303466796875,0.0501708984375
1773063089128578816,0.5840027332305908,0.05462646484375,-1.1482086181640625,0.0568084716796875
1773063089138633728,0.594057559967041,0.012420654296875,-1.12744140625,0.0642852783203125
1773063089148689664,0.6041135787963867,-0.0186920166015625,-1.1151885986328125,0.1363372802734375
1773063089158745856,0.6141695976257324,-0.06793212890625,-1.0482940673828125,0.11260986328125
1773063089168800768,0.6242246627807617,-0.151763916015625,-0.9702301025390625,0.1671295166015625
1773063089178856960,0.6342806816101074,-0.223724365234375,-0.892578125,0.2431488037109375
1773063089188912896,0.6443367004394531,-0.2843170166015625,-0.811492919921875,0.2993011474609375
1773063089198967808,0.6543917655944824,-0.3790130615234375,-0.775482177734375,0.33636474609375
1773063089209023744,0.664447546005249,-0.4922943115234375,-0.7391510009765625,0.249114990234375
1773063089219078656,0.6745026111602783,-0.6035919189453125,-0.749603271484375,0.1596832275390625
1773063089229134848,0.684558629989624,-0.6552276611328125,-0.74896240234375,0.10357666015625
1773063089239190784,0.6946146488189697,-0.6341094970703125,-0.6715240478515625,-0.0293426513671875
1773063089249245952,0.704669713973999,-0.54193115234375,-0.5921783447265625,-0.0927886962890625
1773063089259301888,0.7147257328033447,-0.4516754150390625,-0.634521484375,-0.070709228515625
1773063089269357824,0.7247817516326904,-0.3755950927734375,-0.6118621826171875,0.178192138671875
1773063089279412736,0.7348365783691406,-0.6897735595703125,-0.3860015869140625,0.263092041015625
1773063089289468672,0.7448925971984863,-0.8683319091796875,-0.3583831787109375,0.4568023681640625
1773063089299524864,0.754948616027832,-0.8724365234375,-0.2591552734375,0.6149444580078125
1773063089309579776,0.7650036811828613,-0.8813629150390625,-0.1541290283203125,0.6826019287109375
1773063089319635968,0.775059700012207,-0.8657989501953125,-0.21539306640625,0.6676483154296875
1773063089329690880,0.7851147651672363,-0.7958526611328125,-0.3032379150390625,0.63330078125
1773063089339746816,0.7951705455780029,-0.714508056640625,-0.20648193359375,0.6865081787109375
1773063089349803264,0.8052270412445068,-0.6857147216796875,0.0271453857421875,0.79229736328125
1773063089359858176,0.8152821063995361,-0.7457427978515625,0.2292938232421875,0.8645172119140625
1773063089369914368,0.8253381252288818,-0.8344268798828125,0.335235595703125,0.8944244384765625
1773063089379970304,0.8353941440582275,-0.86175537109375,0.322479248046875,0.915252685546875
1773063089390025216,0.8454489707946777,-0.8465728759765625,0.288421630859375,0.98590087890625
1773063089400081152,0.8555049896240234,-0.8239898681640625,0.2723846435546875,1.0545654296875
1773063089410136320,0.8655600547790527,-0.797088623046875,0.2440185546875,1.058380126953125
1773063089420192256,0.8756160736083984,-0.77587890625,0.25634765625,1.0636749267578125
1773063089430248192,0.8856720924377441,-0.795440673828125,0.302581787109375,1.09576416015625
1773063089440303104,0.8957269191741943,-0.8238677978515625,0.3038787841796875,1.12835693359375
1773063089450359040,0.90578293800354,-0.81640625,0.2950897216796875,1.142181396484375
1773063089460415232,0.9158389568328857,-0.764862060546875,0.3212432861328125,1.1615447998046875
1773063089470470144,0.925894021987915,-0.696380615234375,0.339447021484375,1.184814453125
1773063089480526336,0.9359500408172607,-0.6553192138671875,0.313385009765625,1.2277679443359375
1773063089490581248,0.94600510597229,-0.6478729248046875,0.2504425048828125,1.2255706787109375
1773063089500637184,0.9560611248016357,-0.641937255859375,0.16839599609375,1.1961212158203125
1773063089510693376,0.9661171436309814,-0.6140289306640625,0.1231842041015625,1.17431640625
1773063089520748032,0.9761719703674316,-0.5777740478515625,0.0924072265625,1.1615753173828125
1773063089530804224,0.9862279891967773,-0.5638275146484375,0.0321807861328125,0.8462677001953125
1773063089540860160,0.996284008026123,-0.511383056640625,-0.095367431640625,0.5962371826171875
1773063089550915328,1.0063390731811523,-0.4866790771484375,-0.07647705078125,0.4993438720703125
1773063089560971264,1.016395092010498,-0.4654083251953125,-0.0666351318359375,0.283447265625
1773063089571026176,1.0264499187469482,-0.422149658203125,-0.0901031494140625,0.3775634765625
1773063089581082112,1.036505937576294,-0.4336395263671875,-0.08331298828125,0.3536376953125
1773063089591138048,1.0465619564056396,-0.4681854248046875,-0.1822052001953125,0.2846221923828125
1773063089601193216,1.056617021560669,-0.502227783203125,-0.227386474609375,0.292816162109375
1773063089611249152,1.0666730403900146,-0.520294189453125,-0.1548004150390625,0.3543243408203125
1773063089621305344,1.0767290592193604,-0.5684661865234375,-0.06097412109375,0.3293304443359375
1773063089631360256,1.0867841243743896,-0.644134521484375,-0.004730224609375,0.2969207763671875
1773063089641416192,1.0968401432037354,-0.7130279541015625,-0.0053863525390625,0.3202972412109375
1773063089651471104,1.1068949699401855,-0.7766571044921875,-0.0935211181640625,0.398956298828125
1773063089661527040,1.1169509887695312,-0.8363037109375,-0.2259368896484375,0.5499267578125
1773063089671583232,1.127007007598877,-0.873382568359375,-0.330169677734375,0.6732635498046875
1773063089681638144,1.1370620727539062,-0.867523193359375,-0.381195068359375,0.730255126953125
1773063089691694336,1.147118091583252,-0.8259124755859375,-0.3607025146484375,0.736846923828125
1773063089701750272,1.1571741104125977,-0.781402587890625,-0.31597900390625,0.6725311279296875
1773063089711805184,1.1672289371490479,-0.7510986328125,-0.271331787109375,0.630523681640625
1773063089721861120,1.1772849559783936,-0.712371826171875,-0.2291717529296875,0.62127685546875
1773063089731916288,1.1873400211334229,-0.656402587890625,-0.1950836181640625,0.6872406005859375
1773063089741972224,1.1973960399627686,-0.625244140625,-0.1826019287109375,0.7282562255859375
1773063089752028160,1.2074520587921143,-0.635833740234375,-0.155487060546875,0.7429962158203125
1773063089762083328,1.2175071239471436,-0.659271240234375,-0.13653564453125,0.755523681640625
1773063089772139264,1.2275631427764893,-0.670379638671875,-0.1669158935546875,0.7086029052734375
1773063089782195200,1.2376189231872559,-0.651947021484375,-0.167236328125,0.66192626953125
1773063089792250112,1.2476739883422852,-0.65460205078125,-0.1047821044921875,0.542816162109375
1773063089802306048,1.2577300071716309,-0.68280029296875,-0.045989990234375,0.527740478515625
1773063089812361216,1.2677850723266602,-0.7324981689453125,-0.0439605712890625,0.5789642333984375
1773063089822417152,1.2778410911560059,-0.7704925537109375,-0.0701751708984375,0.6557159423828125
1773063089832473344,1.2878971099853516,-0.768646240234375,-0.0426177978515625,0.7928924560546875
1773063089842528000,1.2979519367218018,-0.7929229736328125,0.07464599609375,0.8332366943359375
1773063089852584192,1.3080079555511475,-0.8421783447265625,0.0653839111328125,0.8576202392578125
1773063089862640128,1.3180639743804932,-0.86334228515625,-0.1280364990234375,0.8937835693359375
1773063089872695296,1.3281190395355225,-0.85638427734375,-0.295013427734375,0.8698883056640625
1773063089882751232,1.3381750583648682,-0.8211212158203125,-0.3610687255859375,0.84185791015625
1773063089892807168,1.3482310771942139,-0.7663726806640625,-0.40704345703125,0.79351806640625
1773063089902862336,1.3582861423492432,-0.6974639892578125,-0.4713134765625,0.78411865234375
1773063089912918016,1.3683419227600098,-0.62872314453125,-0.4787750244140625,0.739288330078125
1773063089922973184,1.378396987915039,-0.570159912109375,-0.3696441650390625,0.6231842041015625
1773063089933029120,1.3884530067443848,-0.5352630615234375,-0.220245361328125,0.58514404296875
1773063089943085312,1.3985090255737305,-0.573944091796875,-0.09613037109375,0.5393829345703125
1773063089953140224,1.4085640907287598,-0.6600341796875,-0.0777740478515625,0.4754791259765625
1773063089963196160,1.4186201095581055,-0.7362823486328125,-0.1598663330078125,0.4940948486328125
1773063089973252352,1.4286761283874512,-0.7863616943359375,-0.24908447265625,0.5220489501953125
1773063089983307008,1.4387309551239014,-0.789459228515625,-0.3600311279296875,0.5576019287109375
1773063089993363200,1.448786973953247,-0.7337646484375,-0.4543304443359375,0.613067626953125
1773063090003418112,1.4588420391082764,-0.6520538330078125,-0.4505462646484375,0.6942901611328125
1773063090013474304,1.468898057937622,-0.5953216552734375,-0.3247222900390625,0.78509521484375
1773063090023530240,1.4789540767669678,-0.6580963134765625,-0.1505126953125,0.7196502685546875
1773063090033585408,1.489009141921997,-0.8223724365234375,0.0258636474609375,0.5967254638671875
1773063090043641088,1.4990649223327637,-0.96014404296875,0.173492431640625,0.5174407958984375
1773063090053697024,1.5091209411621094,-0.99615478515625,0.1217041015625,0.46673583984375
1773063090063752192,1.5191760063171387,-0.9230804443359375,-0.0343780517578125,0.4620819091796875
1773063090073808128,1.5292320251464844,-0.810302734375,-0.02276611328125,0.516326904296875
1773063090083863296,1.5392870903015137,-0.72125244140625,-0.016693115234375,0.6128387451171875
1773063090093919232,1.5493431091308594,-0.7089080810546875,-0.102203369140625,0.6538543701171875
1773063090103975424,1.559399127960205,-0.7371368408203125,-0.1826019287109375,0.617950439453125
1773063090114030080,1.5694539546966553,-0.746856689453125,-0.2645111083984375,0.5663909912109375
1773063090124086016,1.579509973526001,-0.7555694580078125,-0.3290557861328125,0.5128936767578125
1773063090134142208,1.5895659923553467,-0.7738494873046875,-0.3195648193359375,0.5211639404296875
1773063090144197120,1.599621057510376,-0.80712890625,-0.23126220703125,0.60882568359375
1773063090154253312,1.6096770763397217,-0.8670654296875,-0.04974365234375,0.6908111572265625
1773063090164308224,1.619732141494751,-0.9286346435546875,0.0249786376953125,0.6750640869140625
1773063090174364160,1.6297879219055176,-0.9308013916015625,-0.045562744140625,0.6057891845703125
1773063090184420096,1.6398439407348633,-0.8777923583984375,-0.090301513671875,0.5870513916015625
1773063090194475264,1.6498990058898926,-0.8148956298828125,-0.1180877685546875,0.5453338623046875
1773063090204531200,1.6599550247192383,-0.765777587890625,-0.1525115966796875,0.464813232421875
1773063090214587136,1.670011043548584,-0.720062255859375,-0.2543792724609375,0.4027099609375
1773063090224642304,1.6800661087036133,-0.6768341064453125,-0.255889892578125,0.382904052734375
1773063090234698240,1.690122127532959,-0.673095703125,-0.0751190185546875,0.4582672119140625
1773063090244753152,1.7001769542694092,-0.7215118408203125,-0.0414581298828125,0.505828857421875
1773063090254809088,1.7102329730987549,-0.7436065673828125,-0.1313629150390625,0.4765625
1773063090264865280,1.7202889919281006,-0.704833984375,-0.1944427490234375,0.533660888671875
1773063090274920192,1.7303440570831299,-0.6677703857421875,-0.2564239501953125,0.65325927734375
1773063090284976128,1.7404000759124756,-0.711090087890625,-0.421173095703125,0.759124755859375
1773063090295032320,1.7504560947418213,-0.7848052978515625,-0.62420654296875,0.890106201171875
1773063090305086976,1.7605109214782715,-0.84246826171875,-0.6216278076171875,0.89276123046875
1773063090315143168,1.7705669403076172,-0.896636962890625,-0.4024810791015625,0.833648681640625
1773063090325198080,1.7806220054626465,-0.9128570556640625,-0.09832763671875,0.8137054443359375
1773063090335254272,1.7906780242919922,-0.9015350341796875,-0.017425537109375,0.681976318359375
1773063090345309440,1.8007333278656006,-0.8509063720703125,-0.1588897705078125,0.5160369873046875
1773063090355364608,1.8107883930206299,-0.773223876953125,-0.238311767578125,0.441162109375
1773063090365420544,1.8208444118499756,-0.7085113525390625,-0.2190704345703125,0.4541473388671875
1773063090375476480,1.8309004306793213,-0.68035888671875,-0.2051239013671875,0.51983642578125
1773063090385531392,1.8409552574157715,-0.6954803466796875,-0.221771240234375,0.5882720947265625
1773063090395587328,1.8510112762451172,-0.7322845458984375,-0.185760498046875,0.6497802734375
1773063090405642496,1.8610663414001465,-0.7679595947265625,-0.1370086669921875,0.6941680908203125
1773063090415698432,1.8711223602294922,-0.7779388427734375,-0.1658477783203125,0.70440673828125
1773063090425754624,1.881178379058838,-0.7708282470703125,-0.2417144775390625,0.67547607421875
1773063090435809280,1.891233205795288,-0.7616119384765625,-0.260101318359375,0.670318603515625
1773063090445865472,1.9012892246246338,-0.7599945068359375,-0.216796875,0.644927978515625
1773063090455921408,1.9113452434539795,-0.7713623046875,-0.1610565185546875,0.5221405029296875
1773063090465976576,1.9214003086090088,-0.768310546875,-0.143096923828125,0.4027099609375
1773063090476032512,1.9314563274383545,-0.739044189453125,-0.1603240966796875,0.3549041748046875
1773063090486087680,1.9415113925933838,-0.7183074951171875,-0.20538330078125,0.3626556396484375
1773063090496143616,1.9515674114227295,-0.732147216796875,-0.298583984375,0.374359130859375
1773063090506199552,1.9616234302520752,-0.7608489990234375,-0.439788818359375,0.352264404296875
1773063090516254464,1.9716782569885254,-0.767486572265625,-0.537322998046875,0.3740234375
1773063090526310400,1.981734275817871,-0.73321533203125,-0.457672119140625,0.56488037109375
1773063090536366336,1.9917902946472168,-0.7530364990234375,-0.083251953125,0.7564239501953125
1773063090546421504,2.001845359802246,-0.925445556640625,0.102752685546875,0.8064422607421875
1773063090556477440,2.011901378631592,-1.0820770263671875,-0.0387725830078125,0.74481201171875
1773063090566532352,2.021956205368042,-1.056671142578125,-0.0808868408203125,0.6806793212890625
1773063090576588288,2.0320122241973877,-0.8535614013671875,-0.1085357666015625,0.693328857421875
1773063090586644480,2.0420682430267334,-0.6718292236328125,-0.1709136962890625,0.72320556640625
1773063090596699392,2.0521233081817627,-0.6105499267578125,-0.2888641357421875,0.6809539794921875
1773063090606755584,2.0621793270111084,-0.6332244873046875,-0.39727783203125,0.5837860107421875
1773063090616811520,2.072235345840454,-0.6711273193359375,-0.402435302734375,0.519073486328125
1773063090626866688,2.0822904109954834,-0.7035064697265625,-0.3412017822265625,0.5068817138671875
1773063090636922624,2.092346429824829,-0.735076904296875,-0.3216400146484375,0.452056884765625
1773063090646977536,2.1024012565612793,-0.7547607421875,-0.319091796875,0.3992919921875
1773063090657033472,2.112457275390625,-0.760101318359375,-0.2583465576171875,0.422607421875
1773063090667089408,2.1225132942199707,-0.7978363037109375,-0.156646728515625,0.460479736328125
1773063090677144576,2.132568359375,-0.852783203125,-0.0873260498046875,0.524932861328125
1773063090687200512,2.1426243782043457,-0.9017333984375,-0.0864105224609375,0.6112823486328125
1773063090697256448,2.1526803970336914,-0.9218902587890625,-0.1251220703125,0.61767578125
1773063090707311360,2.1627352237701416,-0.876983642578125,-0.1800994873046875,0.5233154296875
1773063090717367296,2.1727912425994873,-0.7573699951171875,-0.244384765625,0.4355316162109375
1773063090727423488,2.182847261428833,-0.6393280029296875,-0.267669677734375,0.4296417236328125
1773063090737478400,2.1929023265838623,-0.6259613037109375,-0.29327392578125,0.49542236328125
1773063090747534592,2.202958345413208,-0.73193359375,-0.3545684814453125,0.5426025390625
1773063090757589504,2.2130134105682373,-0.8502197265625,-0.4117889404296875,0.5661773681640625
1773063090767645696,2.223069429397583,-0.878875732421875,-0.422393798828125,0.640380859375
1773063090777701376,2.2331252098083496,-0.8387451171875,-0.4162139892578125,0.7407379150390625
1773063090787756544,2.243180274963379,-0.8012542724609375,-0.3540496826171875,0.7340545654296875
1773063090797812480,2.2532362937927246,-0.773468017578125,-0.2720947265625,0.7032470703125
1773063090807868416,2.2632923126220703,-0.748931884765625,-0.2196807861328125,0.712554931640625
1773063090817923584,2.2733473777770996,-0.74847412109375,-0.2182464599609375,0.724853515625
1773063090827979520,2.2834033966064453,-0.7724609375,-0.2586822509765625,0.7686309814453125
1773063090838034432,2.2934582233428955,-0.814849853515625,-0.3349151611328125,0.789337158203125
1773063090848090368,2.303514242172241,-0.8327484130859375,-0.428619384765625,0.754150390625
1773063090858146304,2.313570261001587,-0.7910308837890625,-0.43463134765625,0.70599365234375
1773063090868201472,2.323625326156616,-0.7209320068359375,-0.32843017578125,0.57904052734375
1773063090878257408,2.333681344985962,-0.6627655029296875,-0.2278900146484375,0.46221923828125
1773063090888313600,2.3437373638153076,-0.67022705078125,-0.1567535400390625,0.391387939453125
1773063090898368512,2.353792428970337,-0.7303924560546875,-0.1602020263671875,0.348846435546875
1773063090908424448,2.3638482093811035,-0.7715606689453125,-0.213134765625,0.3745269775390625
1773063090918479360,2.373903274536133,-0.78302001953125,-0.2513427734375,0.460540771484375
1773063090928535552,2.3839592933654785,-0.784088134765625,-0.3179168701171875,0.5534210205078125
1773063090938591488,2.394015312194824,-0.7816009521484375,-0.4032135009765625,0.612640380859375
1773063090948646656,2.4040703773498535,-0.778961181640625,-0.3810272216796875,0.70703125
1773063090958702592,2.414126396179199,-0.8199310302734375,-0.2580413818359375,0.7984161376953125
1773063090968758528,2.424182415008545,-0.9012298583984375,-0.24945068359375,0.8108062744140625
1773063090978813440,2.434237241744995,-0.9848785400390625,-0.2654571533203125,0.7344818115234375
1773063090988869376,2.444293260574341,-1.030364990234375,-0.18988037109375,0.667449951171875
1773063090998924544,2.45434832572937,-1.0166778564453125,-0.126617431640625,0.5569000244140625
1773063091008980480,2.464404344558716,-0.9444427490234375,-0.210052490234375,0.4088287353515625
1773063091019036416,2.4744603633880615,-0.823883056640625,-0.31048583984375,0.29620361328125
1773063091029091584,2.484515428543091,-0.6837005615234375,-0.3304901123046875,0.19140625
1773063091039147264,2.4945712089538574,-0.592926025390625,-0.2997894287109375,0.191436767578125
1773063091049203456,2.504627227783203,-0.6225738525390625,-0.209014892578125,0.3057861328125
1773063091059258368,2.5146822929382324,-0.74609375,-0.1883544921875,0.465362548828125
1773063091069314560,2.524738311767578,-0.8962860107421875,-0.2333221435546875,0.6242828369140625
1773063091079369472,2.5347933769226074,-1.00213623046875,-0.27020263671875,0.734344482421875
1773063091089425664,2.544849395751953,-1.028594970703125,-0.26934814453125,0.7539520263671875
1773063091099481600,2.554905414581299,-0.9952545166015625,-0.2700653076171875,0.6744537353515625
1773063091109536512,2.564960241317749,-0.9210968017578125,-0.2060699462890625,0.5523529052734375
1773063091119592448,2.5750162601470947,-0.829193115234375,-0.1033477783203125,0.3761444091796875
1773063091129648384,2.5850722789764404,-0.7557220458984375,-0.1249847412109375,0.20245361328125
1773063091139703552,2.5951273441314697,-0.7133636474609375,-0.239532470703125,0.1889190673828125
1773063091149759488,2.6051833629608154,-0.7444610595703125,-0.3111724853515625,0.2454986572265625
1773063091159815424,2.615239381790161,-0.8090057373046875,-0.448944091796875,0.4199371337890625
1773063091169870336,2.6252942085266113,-0.8493194580078125,-0.516937255859375,0.6340179443359375
1773063091179926272,2.635350227355957,-0.851043701171875,-0.3000640869140625,0.7756195068359375
1773063091189981440,2.6454052925109863,-0.8360443115234375,-0.267822265625,0.8478851318359375
1773063091200037376,2.655461311340332,-0.8149261474609375,-0.3262939453125,0.7845916748046875
1773063091210093568,2.6655173301696777,-0.7174835205078125,-0.1988525390625,0.6762847900390625
1773063091220148480,2.675572395324707,-0.6764678955078125,-0.1193389892578125,0.535858154296875
1773063091230204672,2.6856284141540527,-0.7082672119140625,-0.1877288818359375,0.4316558837890625
1773063091240260608,2.6956844329833984,-0.721893310546875,-0.2139739990234375,0.4040069580078125
1773063091250315520,2.7057392597198486,-0.770843505859375,-0.1743621826171875,0.3559417724609375
1773063091260371456,2.7157952785491943,-0.927886962890625,-0.040618896484375,0.3104095458984375
1773063091270426624,2.7258503437042236,-1.0262298583984375,-0.0496673583984375,0.40185546875
1773063091280482560,2.7359063625335693,-1.0375518798828125,-0.0696563720703125,0.3592071533203125
1773063091290538496,2.745962381362915,-0.8661041259765625,0.056610107421875,0.4188079833984375
1773063091300593408,2.7560172080993652,-0.7321014404296875,0.1464691162109375,0.4820098876953125
1773063091310649344,2.766073226928711,-0.745147705078125,0.1988983154296875,0.4007568359375
1773063091320705536,2.7761292457580566,-0.778656005859375,0.3789215087890625,0.3819427490234375
1773063091330760448,2.786184310913086,-0.9076690673828125,0.38958740234375,0.4168548583984375
1773063091340816384,2.7962403297424316,-1.050689697265625,0.1720428466796875,0.4314117431640625
1773063091350871808,2.80629563331604,-1.024810791015625,-0.056793212890625,0.458099365234375
1773063091360927744,2.8163516521453857,-0.8685455322265625,-0.21728515625,0.459442138671875
1773063091370983936,2.8264076709747314,-0.74066162109375,-0.3604736328125,0.4109039306640625
1773063091381038848,2.8364627361297607,-0.6992950439453125,-0.39739990234375,0.432586669921875
1773063091391095040,2.8465187549591064,-0.7463226318359375,-0.344879150390625,0.4957733154296875
1773063091401150976,2.856574773788452,-0.845947265625,-0.3009185791015625,0.563140869140625
1773063091411205888,2.8666296005249023,-0.923431396484375,-0.1829986572265625,0.575469970703125
1773063091421261824,2.876685619354248,-0.931427001953125,-0.0602264404296875,0.5558013916015625
1773063091431316736,2.8867406845092773,-0.931121826171875,-0.071380615234375,0.4978179931640625
1773063091441372928,2.896796703338623,-0.9452972412109375,-0.0906982421875,0.5054168701171875
1773063091451428864,2.9068527221679688,-0.95892333984375,-0.068450927734375,0.546112060546875
1773063091461484032,2.916907787322998,-0.9134368896484375,-0.0077362060546875,0.499664306640625
1773063091471539968,2.9269638061523438,-0.8575897216796875,0.08367919921875,0.358367919921875
1773063091481595648,2.9370195865631104,-0.8678741455078125,0.216644287109375,0.32025146484375
1773063091491650816,2.9470746517181396,-0.90484619140625,0.23883056640625,0.423095703125
1773063091501706752,2.9571306705474854,-0.94110107421875,0.081512451171875,0.4451751708984375
1773063091511762944,2.967186689376831,-0.942138671875,-0.05462646484375,0.5264129638671875
1773063091521817856,2.9772417545318604,-0.862640380859375,-0.1310272216796875,0.60205078125
1773063091531874048,2.987297773361206,-0.8272857666015625,-0.1447296142578125,0.622802734375
1773063091541928704,2.9973526000976562,-0.8153533935546875,-0.0948028564453125,0.5835418701171875
1773063091551984896,3.007408618927002,-0.81146240234375,-0.091766357421875,0.551116943359375
1773063091562040832,3.0174646377563477,-0.80706787109375,-0.1222686767578125,0.5383758544921875
1773063091572095744,3.027519702911377,-0.7924346923828125,-0.1305084228515625,0.587188720703125
1773063091582151936,3.0375757217407227,-0.79718017578125,-0.074066162109375,0.6948089599609375
1773063091592207872,3.0476317405700684,-0.792327880859375,0.073486328125,0.781707763671875
1773063091602263040,3.0576868057250977,-0.82879638671875,0.052886962890625,0.67791748046875
1773063091612318720,3.0677425861358643,-0.8260650634765625,-0.0558929443359375,0.51025390625
1773063091622373888,3.0777976512908936,-0.751068115234375,-0.14178466796875,0.38470458984375
1773063091632429824,3.0878536701202393,-0.7795257568359375,-0.18310546875,0.3208465576171875
1773063091642485760,3.097909688949585,-0.8141021728515625,0.0920562744140625,0.4199981689453125
1773063091652540928,3.1079647541046143,-0.8522186279296875,0.3016357421875,0.460296630859375
1773063091662596864,3.11802077293396,-0.929168701171875,0.28594970703125,0.458465576171875
1773063091672653056,3.1280767917633057,-0.9791107177734375,0.07012939453125,0.435821533203125
1773063091682707712,3.138131618499756,-1.1344451904296875,-0.0507049560546875,0.4298553466796875
1773063091692763904,3.1481876373291016,-1.0868072509765625,-0.1704559326171875,0.44903564453125
1773063091702818816,3.158242702484131,-0.97528076171875,-0.19921875,0.3924560546875
1773063091712875008,3.1682987213134766,-0.9137725830078125,-0.2178955078125,0.29437255859375
1773063091722930944,3.1783547401428223,-0.8599395751953125,-0.2055206298828125,0.3251495361328125
1773063091732985856,3.1884098052978516,-0.835418701171875,-0.194244384765625,0.4436492919921875
1773063091743041792,3.198465585708618,-0.827117919921875,-0.1409454345703125,0.3765716552734375
1773063091753097728,3.208521604537964,-0.8339996337890625,-0.11370849609375,0.3586883544921875
1773063091763152896,3.218576669692993,-0.864288330078125,-0.177947998046875,0.3795928955078125
1773063091773208832,3.228632688522339,-0.913604736328125,-0.2507476806640625,0.365447998046875
1773063091783264768,3.2386887073516846,-0.9429168701171875,-0.2362518310546875,0.347259521484375
1773063091793319936,3.248743772506714,-0.935211181640625,-0.2113189697265625,0.3270721435546875
1773063091803375872,3.2587997913360596,-0.9420623779296875,-0.210601806640625,0.3469390869140625
1773063091813430784,3.2688546180725098,-0.993682861328125,-0.11651611328125,0.4573822021484375
1773063091823486720,3.2789106369018555,-1.070709228515625,0.0801544189453125,0.6282806396484375
1773063091833542912,3.288966655731201,-1.0887298583984375,0.0920867919921875,0.6911468505859375
1773063091843597824,3.2990217208862305,-1.017425537109375,-0.179351806640625,0.7536468505859375
1773063091853654016,3.309077739715576,-0.907745361328125,-0.336700439453125,0.7623443603515625
1773063091863709952,3.319133758544922,-0.823028564453125,-0.099853515625,0.5951385498046875
1773063091873764864,3.329188585281372,-0.8603363037109375,-0.0814056396484375,0.2259979248046875
1773063091883820800,3.3392446041107178,-0.7732696533203125,-0.2887420654296875,0.2088165283203125
1773063091893875712,3.349299669265747,-0.7604217529296875,-0.287109375,0.38531494140625
1773063091903931904,3.3593556880950928,-0.8188934326171875,-0.0537109375,0.4903106689453125
1773063091913987840,3.3694117069244385,-0.85479736328125,-0.004241943359375,0.565277099609375
1773063091924043008,3.3794667720794678,-0.8543853759765625,0.0454864501953125,0.5307159423828125
1773063091934098944,3.3895227909088135,-0.855194091796875,0.22991943359375,0.4711151123046875
1773063091944154880,3.399578809738159,-0.90777587890625,0.551513671875,0.47479248046875
1773063091954209792,3.4096336364746094,-0.983367919921875,0.9197540283203125,0.4644927978515625
1773063091964265728,3.419689655303955,-1.0585784912109375,0.901947021484375,0.3470306396484375
1773063091974320896,3.4297447204589844,-1.1833343505859375,0.0672149658203125,0.23974609375
1773063091984376832,3.43980073928833,-1.029296875,-0.2318572998046875,0.2990264892578125
1773063091994433024,3.449856758117676,-0.8497772216796875,-0.2314453125,0.4866485595703125
1773063092004487680,3.459911584854126,-0.8356475830078125,-0.32440185546875,0.4933929443359375
1773063092014543872,3.4699676036834717,-0.8712921142578125,-0.2506561279296875,0.1285858154296875
1773063092024599808,3.4800236225128174,-0.8359375,-0.0036773681640625,0.1410675048828125
1773063092034654976,3.4900786876678467,-0.8652801513671875,0.1175079345703125,0.2077178955078125
1773063092044710912,3.5001347064971924,-0.8962249755859375,0.093719482421875,0.2072601318359375
1773063092054766848,3.510190725326538,-0.833282470703125,0.0522918701171875,0.46673583984375
1773063092064822016,3.5202457904815674,-0.8968963623046875,0.0693511962890625,0.656280517578125
1773063092074877952,3.530301809310913,-1.0492401123046875,0.020263671875,0.5711669921875
1773063092084932864,3.5403566360473633,-1.0075225830078125,-0.04632568359375,0.5107269287109375
1773063092094988800,3.550412654876709,-0.8953704833984375,-0.0398406982421875,0.388519287109375
1773063092105044736,3.5604686737060547,-0.8192138671875,0.0514373779296875,0.2602081298828125
1773063092115099904,3.570523738861084,-0.8145751953125,0.10760498046875,0.3050537109375
1773063092125155840,3.5805797576904297,-0.9146575927734375,0.0994720458984375,0.423004150390625
1773063092135212032,3.5906357765197754,-1.0111236572265625,0.0977783203125,0.5625
1773063092145266688,3.6006906032562256,-1.032623291015625,0.042572021484375,0.674163818359375
1773063092155322880,3.6107466220855713,-1.0115203857421875,0.06201171875,0.6975860595703125
1773063092165377792,3.6208016872406006,-1.0437164306640625,0.0554046630859375,0.382049560546875
1773063092175433984,3.6308577060699463,-0.9827117919921875,0.033355712890625,-0.0546417236328125
1773063092185489920,3.640913724899292,-0.73590087890625,-0.03619384765625,-0.1180419921875
1773063092195544832,3.6509687900543213,-0.6219482421875,-0.029205322265625,0.1853790283203125
1773063092205601024,3.661024808883667,-0.9222259521484375,-0.1075592041015625,0.2022552490234375
1773063092215656704,3.6710805892944336,-1.09368896484375,-0.0530548095703125,0.1156005859375
1773063092225711872,3.681135654449463,-1.1646881103515625,0.0006256103515625,0.0249481201171875
1773063092235767808,3.6911916732788086,-1.4020843505859375,-0.186553955078125,-0.1136016845703125
1773063092245823744,3.7012476921081543,-0.98822021484375,0.3176727294921875,1.129150390625
1773063092255878912,3.7113027572631836,-1.1928863525390625,0.19720458984375,1.0704498291015625
1773063092265934848,3.7213587760925293,-1.2147979736328125,0.052886962890625,0.715850830078125
1773063092275989760,3.7314136028289795,-0.9434661865234375,0.3591766357421875,0.928955078125
1773063092286045696,3.741469621658325,-1.0838165283203125,0.21942138671875,0.7936859130859375
1773063092296101888,3.751525640487671,-1.0619049072265625,0.3665924072265625,0.502288818359375
1773063092306156800,3.7615807056427,-1.087127685546875,-0.0396575927734375,-0.13751220703125
1773063092316212992,3.771636724472046,-0.67657470703125,-0.0001373291015625,0.18951416015625
1773063092326268928,3.7816927433013916,-0.72509765625,-0.0946044921875,0.2939605712890625
1773063092336324096,3.791747808456421,-0.835418701171875,-0.062591552734375,0.357025146484375
1773063092346379776,3.8018035888671875,-0.9314727783203125,0.048126220703125,0.2879486083984375
1773063092356435712,3.811859607696533,-1.0012359619140625,0.1015625,0.4155731201171875
1773063092366490624,3.8219144344329834,-1.1154327392578125,0.209197998046875,0.411102294921875
1773063092376546560,3.831970453262329,-1.1355438232421875,0.11376953125,0.2481689453125
1773063092386601728,3.8420255184173584,-0.9322509765625,0.1084136962890625,0.23419189453125
1773063092396657664,3.852081537246704,-0.937957763671875,-0.0093994140625,0.160888671875
1773063092406713600,3.86213755607605,-0.9121551513671875,0.1257171630859375,0.222137451171875
1773063092416768768,3.872192621231079,-0.91650390625,0.114776611328125,0.30474853515625
1773063092426824704,3.882248640060425,-0.9647064208984375,0.0908355712890625,0.2506561279296875
1773063092436880640,3.8923044204711914,-1.0050811767578125,0.0749359130859375,0.1931610107421875
1773063092446935552,3.9023594856262207,-1.0167388916015625,0.1153411865234375,0.338409423828125
1773063092456991744,3.9124155044555664,-1.009368896484375,0.137939453125,0.6389617919921875
1773063092467046656,3.9224705696105957,-1.0364532470703125,0.313507080078125,0.8350830078125
1773063092477102848,3.9325265884399414,-1.15380859375,0.34539794921875,0.736480712890625
1773063092487158784,3.942582607269287,-1.0976104736328125,0.2886199951171875,0.5148162841796875
1773063092497213696,3.9526374340057373,-0.96356201171875,0.238983154296875,0.410064697265625
1773063092507269632,3.962693452835083,-0.9817352294921875,0.1423492431640625,0.164794921875
1773063092517325568,3.9727494716644287,-0.9005889892578125,0.0551605224609375,0.107696533203125
1773063092527380736,3.982804536819458,-0.8263092041015625,0.0847320556640625,0.107147216796875
1773063092537436672,3.9928605556488037,-0.8322906494140625,-0.001953125,0.00146484375
1773063092547492864,4.002916574478149,-0.81121826171875,-0.0749359130859375,-0.208892822265625
1773063092557547776,4.012971639633179,-0.71612548828125,0.0357666015625,-0.24639892578125
1773063092567603712,4.023027420043945,-0.7062530517578125,0.087860107421875,-0.1485748291015625
1773063092577658624,4.033082485198975,-0.8360137939453125,0.0903778076171875,-0.062103271484375
1773063092587714560,4.04313850402832,-0.9959869384765625,0.1447906494140625,-0.0518035888671875
1773063092597770752,4.053194522857666,-1.0475616455078125,0.1761322021484375,-0.0143585205078125
1773063092607825664,4.063249588012695,-1.025726318359375,0.1351165771484375,0.0925140380859375
1773063092617881856,4.073305606842041,-0.99884033203125,0.1817779541015625,0.269195556640625
1773063092627937792,4.083361625671387,-1.050567626953125,0.2272796630859375,0.3428955078125
1773063092637992704,4.093416452407837,-1.06402587890625,0.232086181640625,0.3504791259765625
1773063092648048640,4.103472471237183,-0.989532470703125,0.1050872802734375,0.3731842041015625
1773063092658104576,4.113528490066528,-0.8990325927734375,0.038604736328125,0.339324951171875
1773063092668159744,4.123583555221558,-0.8052978515625,0.09710693359375,0.3193359375
1773063092678215680,4.133639574050903,-0.8386688232421875,0.0849609375,0.163055419921875
1773063092688270848,4.143694639205933,-0.863677978515625,0.008880615234375,-0.04791259765625
1773063092698326528,4.153750419616699,-0.7648468017578125,-0.068023681640625,-0.1588134765625
1773063092708382720,4.163806438446045,-0.716522216796875,0.1412353515625,-0.2032928466796875
1773063092718437632,4.173861503601074,-0.74456787109375,0.0659027099609375,-0.2936248779296875
1773063092728493568,4.18391752243042,-0.7668304443359375,-0.16473388671875,-0.210205078125
1773063092738549760,4.193973541259766,-0.884490966796875,-0.1157379150390625,-0.1084747314453125
1773063092748604672,4.204028606414795,-0.9855194091796875,-0.070892333984375,-0.1593017578125
1773063092758660864,4.214084625244141,-0.985107421875,-0.102294921875,-0.1948394775390625
1773063092768715520,4.224139451980591,-0.9673919677734375,-0.047271728515625,-0.151580810546875
1773063092778771712,4.2341954708099365,-0.91729736328125,0.20928955078125,-0.216400146484375
1773063092788827648,4.244251489639282,-0.885894775390625,0.2913665771484375,-0.325531005859375
1773063092798882816,4.2543065547943115,-0.90850830078125,-0.0079345703125,-0.265899658203125
1773063092808938752,4.264362573623657,-0.8625946044921875,0.0069122314453125,-0.1253814697265625
1773063092818994688,4.274418592453003,-0.9522552490234375,0.01141357421875,0.1777191162109375
1773063092829049600,4.284473419189453,-1.0449371337890625,0.0281829833984375,0.140533447265625
1773063092839105536,4.294529438018799,-1.043426513671875,0.11663818359375,0.070220947265625
1773063092849161728,4.3045854568481445,-1.0555572509765625,0.1646728515625,0.157806396484375
1773063092859216640,4.314640522003174,-1.00653076171875,0.1966400146484375,0.0573883056640625
1773063092869272832,4.3246965408325195,-1.0231781005859375,0.1387176513671875,-0.0277252197265625
1773063092879327744,4.334751605987549,-1.040496826171875,0.002166748046875,-0.201995849609375
1773063092889383680,4.3448076248168945,-0.8971099853515625,0.023895263671875,-0.2718048095703125
1773063092899439872,4.35486364364624,-0.8425140380859375,0.0263824462890625,-0.3582916259765625
1773063092909494528,4.36491847038269,-0.886932373046875,-0.09735107421875,-0.4637908935546875
1773063092919550720,4.374974489212036,-0.90216064453125,-0.1676177978515625,-0.4625091552734375
1773063092929606656,4.385030508041382,-0.9662017822265625,-0.177001953125,-0.428802490234375
1773063092939661824,4.395085573196411,-1.0201263427734375,-0.1584625244140625,-0.3897857666015625
1773063092949717760,4.405141592025757,-0.9725494384765625,-0.049468994140625,-0.4199371337890625
1773063092959773696,4.4151976108551025,-0.946990966796875,-0.004486083984375,-0.3754730224609375
1773063092969828608,4.425252437591553,-1.01251220703125,0.0101776123046875,-0.2512054443359375
1773063092979884544,4.435308456420898,-1.091827392578125,0.024383544921875,-0.243408203125
1773063092989939712,4.445363521575928,-1.082763671875,0.020050048828125,-0.3260650634765625
1773063092999995648,4.455419540405273,-0.95751953125,0.09912109375,-0.2437744140625
1773063093010051840,4.465475559234619,-0.9106292724609375,0.127593994140625,-0.1615753173828125
1773063093020106752,4.475530624389648,-0.9793853759765625,0.1007080078125,-0.15606689453125
1773063093030162688,4.485586643218994,-1.0571136474609375,0.0704803466796875,-0.227325439453125
1773063093040218624,4.495642423629761,-1.0406036376953125,0.1076812744140625,-0.2424774169921875
1773063093050273536,4.50569748878479,-0.9529571533203125,0.082183837890625,-0.2538604736328125
1773063093060329728,4.515753507614136,-0.9166412353515625,0.0596923828125,-0.2912445068359375
1773063093070385664,4.5258095264434814,-0.954437255859375,0.1317901611328125,-0.2465667724609375
1773063093080440832,4.535864591598511,-1.0335540771484375,0.0761871337890625,-0.281402587890625
1773063093090496768,4.5459206104278564,-1.01837158203125,-0.011688232421875,-0.38458251953125
1773063093100551680,4.555975437164307,-0.954742431640625,-0.0495147705078125,-0.4013671875
1773063093110607616,4.566031455993652,-0.9282073974609375,-0.071624755859375,-0.393951416015625
1773063093120663552,4.576087474822998,-0.9335784912109375,-0.03216552734375,-0.3099517822265625
1773063093130718720,4.586142539978027,-0.97100830078125,0.052825927734375,-0.2628021240234375
1773063093140774656,4.596198558807373,-1.0172119140625,0.103057861328125,-0.294952392578125
1773063093150830848,4.606254577636719,-1.010894775390625,0.1339111328125,-0.2522125244140625
1773063093160885760,4.616309642791748,-0.9840545654296875,0.0629730224609375,-0.2095184326171875
1773063093170941696,4.626365423202515,-0.99102783203125,0.0352630615234375,-0.128631591796875
1773063093180997632,4.63642144203186,-1.001129150390625,0.0872802734375,-0.154754638671875
1773063093191052800,4.64647650718689,-0.946807861328125,0.0453643798828125,-0.157928466796875
1773063093201108736,4.656532526016235,-0.9602203369140625,-0.027557373046875,-0.1208648681640625
1773063093211163648,4.666587591171265,-0.9667816162109375,0.0202789306640625,-0.214111328125
1773063093221219840,4.67664361000061,-0.90130615234375,-0.00604248046875,-0.2160491943359375
1773063093231275776,4.686699628829956,-0.835968017578125,-0.1475677490234375,-0.1612091064453125
1773063093241330688,4.696754455566406,-0.95831298828125,-0.2084503173828125,0.038909912109375
1773063093251386624,4.706810474395752,-1.1209716796875,-0.1972808837890625,-0.00726318359375
1773063093261442560,4.716866493225098,-1.0863037109375,0.12158203125,-0.1624908447265625
1773063093271497728,4.726921558380127,-1.020294189453125,0.4921722412109375,-0.2678985595703125
1773063093281553664,4.736977577209473,-0.9178466796875,0.7162933349609375,-0.48187255859375
1773063093291609856,4.747033596038818,-0.7093658447265625,0.4796600341796875,-0.2031707763671875
1773063093301664512,4.7570884227752686,-0.78009033203125,-0.2199859619140625,-0.1927337646484375
1773063093311720704,4.767144441604614,-0.9065704345703125,-0.1909637451171875,-0.2779541015625
1773063093321775616,4.7771995067596436,-1.0441741943359375,-0.1739654541015625,-0.139984130859375
1773063093331831808,4.787255525588989,-1.1326751708984375,0.0291748046875,-0.027740478515625
1773063093341887744,4.797311544418335,-1.1881256103515625,0.0714874267578125,0.0892181396484375
1773063093351943168,4.8073670864105225,-1.1527557373046875,-0.0005645751953125,0.0534515380859375
1773063093361999360,4.817423105239868,-0.99298095703125,0.2061920166015625,0.0615081787109375
1773063093372055296,4.827479124069214,-0.8778076171875,0.241973876953125,0.0899658203125
1773063093382110208,4.837533950805664,-0.9825897216796875,0.0973968505859375,0.061767578125
1773063093392166144,4.84758996963501,-1.0623931884765625,0.168365478515625,0.032562255859375
1773063093402221312,4.857645034790039,-1.1223907470703125,0.2994232177734375,-0.0122528076171875
1773063093412277248,4.867701053619385,-1.0536651611328125,0.190277099609375,0.031463623046875
1773063093422333184,4.8777570724487305,-0.977783203125,0.0033416748046875,0.048248291015625
1773063093432388352,4.88781213760376,-0.9238433837890625,-0.013763427734375,0.0951995849609375
1773063093442444032,4.897867918014526,-0.9193572998046875,-0.0111236572265625,0.028106689453125
1773063093452500224,4.907923936843872,-0.9872894287109375,0.0040283203125,-0.03594970703125
1773063093462555136,4.917979001998901,-1.07867431640625,0.05718994140625,-0.0001068115234375
1773063093472611072,4.928035020828247,-1.06536865234375,0.1073455810546875,0.0739593505859375
1773063093482667264,4.938091039657593,-0.9630279541015625,0.0594940185546875,0.098358154296875
1773063093492722176,4.948146104812622,-0.91265869140625,0.1129302978515625,0.1475982666015625
1773063093502778368,4.958202123641968,-0.9708709716796875,0.0766754150390625,0.095611572265625
1773063093512834304,4.9682581424713135,-0.965118408203125,0.093719482421875,0.1244659423828125
1773063093522889216,4.978312969207764,-0.9521331787109375,0.131378173828125,0.1667022705078125
1773063093532945152,4.988368988037109,-1.0016632080078125,0.2166595458984375,0.1580047607421875
1773063093543000320,4.998424053192139,-1.0201873779296875,0.2463531494140625,0.151153564453125
1773063093553056256,5.008480072021484,-0.9770660400390625,0.138336181640625,0.10980224609375
1773063093563112192,5.01853609085083,-0.954071044921875,-0.00823974609375,0.0723114013671875
1773063093573167104,5.02859091758728,-0.9527587890625,0.0078125,0.0774688720703125
1773063093583223040,5.038646936416626,-0.9311065673828125,0.018829345703125,0.0699920654296875
1773063093593279232,5.048702955245972,-0.8905029296875,0.0949554443359375,0.144500732421875
1773063093603334144,5.058758020401001,-0.9508514404296875,0.145599365234375,0.1208953857421875
1773063093613390080,5.068814039230347,-1.02215576171875,0.1613006591796875,0.1165924072265625
1773063093623445248,5.078869104385376,-0.98486328125,0.1961822509765625,0.1405487060546875
1773063093633501184,5.088925123214722,-0.9131927490234375,0.1947174072265625,0.1654815673828125
1773063093643557376,5.098981142044067,-0.9592742919921875,0.17388916015625,0.2276458740234375
1773063093653612032,5.109035968780518,-1.044525146484375,0.18994140625,0.2313385009765625
1773063093663668224,5.119091987609863,-1.04669189453125,0.1575164794921875,0.143585205078125
1773063093673724160,5.129148006439209,-0.975830078125,0.15643310546875,0.101898193359375
1773063093683779328,5.139203071594238,-0.9078216552734375,0.140472412109375,0.1273345947265625
1773063093693835264,5.149259090423584,-0.899627685546875,0.0905609130859375,0.1050872802734375
1773063093703891200,5.15931510925293,-0.9252166748046875,0.0914154052734375,0.1099395751953125
1773063093713946112,5.16936993598938,-0.981719970703125,0.130340576171875,0.0938568115234375
1773063093724002048,5.179425954818726,-0.9843597412109375,0.160400390625,0.0831451416015625
1773063093734057216,5.189481019973755,-0.9259033203125,0.118896484375,0.07122802734375
1773063093744113152,5.199537038803101,-0.8847808837890625,0.0929107666015625,0.0735321044921875
1773063093754169344,5.209593057632446,-0.89935302734375,0.099090576171875,0.0832672119140625
1773063093764224256,5.219648122787476,-0.9210205078125,0.11309814453125,0.075531005859375
1773063093774280192,5.229704141616821,-0.9068450927734375,0.1220855712890625,0.0582733154296875
1773063093784336128,5.239759922027588,-0.873138427734375,0.1013946533203125,0.046356201171875
1773063093794391040,5.249814987182617,-0.8502655029296875,0.1036529541015625,0.1369171142578125
1773063093804447232,5.259871006011963,-0.90032958984375,0.1111602783203125,0.16015625
1773063093814503168,5.269927024841309,-0.9498138427734375,0.1546478271484375,0.1153106689453125
1773063093824558336,5.279982089996338,-0.9015655517578125,0.14093017578125,0.1085205078125
1773063093834614272,5.290038108825684,-0.8087005615234375,0.1199951171875,0.08673095703125
1773063093844669184,5.300092935562134,-0.73529052734375,0.092376708984375,0.0811614990234375
1773063093854725120,5.3101489543914795,-0.730133056640625,0.06390380859375,0.1124114990234375
1773063093864781056,5.320204973220825,-0.792510986328125,0.037109375,0.1273345947265625
1773063093874836224,5.3302600383758545,-0.8459625244140625,-0.0415191650390625,0.1975555419921875
1773063093884892160,5.3403160572052,-0.98663330078125,-0.036956787109375,0.234619140625
1773063093894948352,5.350372076034546,-1.0648651123046875,0.1402435302734375,0.1149444580078125
1773063093905003264,5.360427141189575,-0.882476806640625,0.2135009765625,0.056304931640625
1773063093915059200,5.370482921600342,-0.646636962890625,0.13720703125,0.0323333740234375
1773063093925115136,5.3805389404296875,-0.556640625,0.0489044189453125,0.0204010009765625
1773063093935170048,5.390594005584717,-0.62384033203125,-0.0043182373046875,0.0318756103515625
1773063093945226240,5.4006500244140625,-0.749267578125,-0.073150634765625,0.32049560546875
1773063093955281152,5.410705089569092,-1.1266021728515625,-0.0688323974609375,0.4176177978515625
1773063093965337344,5.4207611083984375,-1.402587890625,0.176849365234375,0.0897369384765625
1773063093975393280,5.430817127227783,-1.037841796875,0.1970672607421875,0.091094970703125
1773063093985448192,5.440871953964233,-0.6859893798828125,0.087890625,0.0094757080078125
1773063093995504128,5.450927972793579,-0.5910186767578125,-0.0209197998046875,-0.1256256103515625
1773063094005560064,5.460983991622925,-0.6392669677734375,-0.053741455078125,-0.0311431884765625
1773063094015615232,5.471039056777954,-0.78411865234375,-0.014251708984375,0.0624237060546875
1773063094025671168,5.4810950756073,-0.8905792236328125,-0.1236724853515625,0.169403076171875
1773063094035727360,5.4911510944366455,-1.0802001953125,-0.08795166015625,0.182891845703125
1773063094045782016,5.501205921173096,-1.1635589599609375,-0.0026702880859375,0.082427978515625
1773063094055838208,5.511261940002441,-0.9926910400390625,-0.069580078125,0.09771728515625
1773063094065893120,5.521317005157471,-0.9031829833984375,-0.03045654296875,0.011749267578125
1773063094075949312,5.531373023986816,-0.797760009765625,-0.07806396484375,-0.076934814453125
1773063094086005248,5.541429042816162,-0.6920166015625,-0.0251617431640625,-0.0273590087890625
1773063094096060160,5.551484107971191,-0.7336578369140625,0.0192108154296875,0.0528717041015625
1773063094106116352,5.561540126800537,-0.9415283203125,-0.05206298828125,0.29962158203125
1773063094116172032,5.571595907211304,-1.3218536376953125,0.0012664794921875,0.226226806640625
1773063094126227200,5.581650972366333,-1.34893798828125,-0.063507080078125,0.11541748046875
1773063094136283136,5.591706991195679,-0.9407806396484375,-0.055145263671875,0.08221435546875
1773063094146339072,5.601763010025024,-0.658355712890625,-0.0528564453125,0.020172119140625
1773063094156394240,5.611818075180054,-0.6199798583984375,-0.068084716796875,-0.0298309326171875
1773063094166450176,5.621874094009399,-0.7990264892578125,0.0042724609375,0.119842529296875
1773063094176505088,5.63192892074585,-1.1317291259765625,-0.0191650390625,0.300323486328125
1773063094186561024,5.641984939575195,-1.4205780029296875,-0.1928863525390625,0.1584320068359375
1773063094196617216,5.652040958404541,-1.2242584228515625,-0.216094970703125,0.0469970703125
1773063094206672128,5.66209602355957,-0.7887725830078125,-0.1245880126953125,-0.033355712890625
1773063094216728320,5.672152042388916,-0.6023712158203125,-0.1213531494140625,-0.1061248779296875
1773063094226784256,5.682208061218262,-0.729034423828125,-0.0463104248046875,-0.124237060546875
1773063094236839168,5.692263126373291,-0.985992431640625,0.046966552734375,0.0006256103515625
1773063094246895104,5.702318906784058,-1.1185302734375,0.016510009765625,0.158294677734375
1773063094256951040,5.712374925613403,-1.1488189697265625,-0.1779937744140625,0.21392822265625
1773063094267006208,5.722429990768433,-1.0427398681640625,-0.3597564697265625,0.09576416015625
1773063094277062144,5.732486009597778,-0.9048614501953125,-0.222442626953125,-0.0274810791015625
1773063094287118080,5.742542028427124,-0.832611083984375,-0.0559234619140625,0.0767059326171875
1773063094297173248,5.752597093582153,-0.952606201171875,0.0586090087890625,0.0487213134765625
1773063094307229184,5.762653112411499,-1.0958099365234375,0.00177001953125,0.1001434326171875
1773063094317284096,5.772707939147949,-1.1891937255859375,-0.1160125732421875,0.211700439453125
1773063094327340032,5.782763957977295,-1.2038116455078125,-0.24713134765625,-0.0012664794921875
1773063094337396224,5.792819976806641,-0.9788360595703125,-0.256011962890625,-0.0890350341796875
1773063094347451136,5.80287504196167,-0.7324981689453125,-0.173614501953125,-0.1145477294921875
1773063094357506560,5.812930345535278,-0.7089385986328125,-0.0519866943359375,-0.14532470703125
1773063094367562496,5.822986364364624,-0.856231689453125,0.030731201171875,0.0400848388671875
1773063094377617664,5.833041429519653,-1.1372528076171875,0.0091400146484375,0.2606964111328125
1773063094387673600,5.843097448348999,-1.394989013671875,-0.2799224853515625,0.2286376953125
1773063094397729536,5.853153467178345,-1.3305816650390625,-0.357421875,0.0946807861328125
1773063094407784448,5.863208293914795,-1.055267333984375,-0.1302337646484375,0.0778961181640625
1773063094417840384,5.873264312744141,-0.798065185546875,-0.0694580078125,-0.0172882080078125
1773063094427895552,5.88331937789917,-0.73785400390625,0.014678955078125,-0.120513916015625
1773063094437951488,5.893375396728516,-0.9687042236328125,0.097412109375,-0.031768798828125
1773063094448007680,5.903431415557861,-1.2167816162109375,-0.0212860107421875,0.13238525390625
1773063094458062592,5.913486480712891,-1.28167724609375,-0.2871856689453125,0.0167236328125
1773063094468118784,5.923542499542236,-1.098388671875,-0.312408447265625,-0.042449951171875
1773063094478174720,5.933598518371582,-0.8977508544921875,-0.1622314453125,0.068603515625
1773063094488229632,5.943653345108032,-0.942718505859375,-0.1578521728515625,-0.0160980224609375
1773063094498285568,5.953709363937378,-1.1296539306640625,-0.154937744140625,-0.009857177734375
1773063094508341504,5.963765382766724,-1.2709503173828125,-0.043701171875,0.0584564208984375
1773063094518396672,5.973820447921753,-1.2512664794921875,-0.02716064453125,0.0559844970703125
1773063094528452608,5.983876466751099,-1.108123779296875,-0.12359619140625,0.0090179443359375
1773063094538508544,5.993932485580444,-0.9205780029296875,-0.2139892578125,-0.0551910400390625
1773063094548563456,6.0039873123168945,-0.91082763671875,-0.1705474853515625,0.008514404296875
1773063094558619392,6.01404333114624,-1.0862579345703125,-0.07904052734375,0.1064453125
1773063094568674560,6.0240983963012695,-1.2359619140625,-0.079345703125,0.177490234375
1773063094578730496,6.034154415130615,-1.2769622802734375,-0.1406707763671875,0.125885009765625
1773063094588786688,6.044210433959961,-1.2502593994140625,-0.089202880859375,0.0357208251953125
1773063094598841600,6.05426549911499,-1.0654296875,-0.1331634521484375,-0.112762451171875
1773063094608897792,6.064321517944336,-0.917999267578125,-0.1363067626953125,-0.1499481201171875
1773063094618953472,6.0743772983551025,-0.9758758544921875,-0.129974365234375,-0.0426788330078125
1773063094629008640,6.084432363510132,-1.10693359375,-0.142364501953125,-0.004913330078125
1773063094639064576,6.0944883823394775,-1.153839111328125,-0.102569580078125,-0.0262908935546875
1773063094649120512,6.104544401168823,-1.144378662109375,-0.047698974609375,0.0027923583984375
1773063094659175680,6.1145994663238525,-1.1508941650390625,-0.0985565185546875,0.0142364501953125
1773063094669231616,6.124655485153198,-1.13189697265625,-0.195587158203125,-0.044891357421875
1773063094679286528,6.134710311889648,-1.054962158203125,-0.208709716796875,-0.1091766357421875
1773063094689342464,6.144766330718994,-0.991943359375,-0.1667022705078125,-0.1512603759765625
1773063094699398400,6.15482234954834,-1.0062408447265625,-0.0944976806640625,-0.1144561767578125
1773063094709453568,6.164877414703369,-1.094024658203125,-0.0614471435546875,-0.068389892578125
1773063094719509504,6.174933433532715,-1.14971923828125,-0.0699310302734375,0.002197265625
1773063094729565696,6.1849894523620605,-1.1660614013671875,-0.089111328125,0.07086181640625
1773063094739620608,6.19504451751709,-1.153594970703125,-0.1448516845703125,0.02362060546875
1773063094749676544,6.2051002979278564,-1.0917205810546875,-0.210968017578125,-0.1003265380859375
1773063094759732480,6.215156316757202,-1.0438232421875,-0.15863037109375,-0.0879669189453125
1773063094769787648,6.2252113819122314,-1.0649871826171875,-0.0782318115234375,-0.055908203125
1773063094779843584,6.235267400741577,-1.1030426025390625,-0.0819549560546875,-0.01531982421875
1773063094789898752,6.2453224658966064,-1.15484619140625,-0.1134185791015625,0.0202789306640625
1773063094799954688,6.255378484725952,-1.194854736328125,-0.149658203125,-0.0665435791015625
1773063094810010624,6.265434503555298,-1.136505126953125,-0.129669189453125,-0.1221160888671875
1773063094820065536,6.275489330291748,-1.1134033203125,-0.1353912353515625,-0.06719970703125
1773063094830121472,6.285545349121094,-1.1795501708984375,-0.1535186767578125,0.0164337158203125
1773063094840177664,6.2956013679504395,-1.244293212890625,-0.126312255859375,0.14385986328125
1773063094850232576,6.305656433105469,-1.3661346435546875,-0.1427459716796875,0.1410064697265625
1773063094860288512,6.3157124519348145,-1.369598388671875,-0.203826904296875,0.0247802734375
1773063094870344704,6.32576847076416,-1.237945556640625,-0.2525482177734375,-0.108673095703125
1773063094880399360,6.33582329750061,-1.1670379638671875,-0.2214202880859375,-0.175811767578125
1773063094890455552,6.345879316329956,-1.1344146728515625,-0.13580322265625,-0.168792724609375
1773063094900510464,6.355934381484985,-1.1926422119140625,-0.1535797119140625,-0.0186614990234375
1773063094910566656,6.365990400314331,-1.312286376953125,-0.1901702880859375,0.12530517578125
1773063094920622592,6.376046419143677,-1.3777923583984375,-0.2263946533203125,0.1629638671875
1773063094930677760,6.386101484298706,-1.4190826416015625,-0.2576446533203125,0.1483917236328125
1773063094940733696,6.396157503128052,-1.336273193359375,-0.2210845947265625,0.018890380859375
1773063094950789376,6.406213283538818,-1.22381591796875,-0.2335052490234375,-0.0344696044921875
1773063094960844544,6.416268348693848,-1.1661376953125,-0.161895751953125,0.01165771484375
1773063094970900480,6.426324367523193,-1.1921234130859375,-0.1240234375,0.1208038330078125
1773063094980956672,6.436380386352539,-1.2690277099609375,-0.190338134765625,0.137237548828125
1773063094991011584,6.446435451507568,-1.288787841796875,-0.261566162109375,0.1187591552734375
1773063095001067520,6.456491470336914,-1.250762939453125,-0.234527587890625,0.05279541015625
1773063095011123712,6.46654748916626,-1.18072509765625,-0.23284912109375,-0.0588836669921875
1773063095021178368,6.47660231590271,-1.1176910400390625,-0.283538818359375,-0.0548095703125
1773063095031234560,6.486658334732056,-1.1175384521484375,-0.2603912353515625,-0.0108489990234375
1773063095041289472,6.496713399887085,-1.121368408203125,-0.1584625244140625,0.045318603515625
1773063095051345664,6.506769418716431,-1.1598052978515625,-0.15911865234375,0.049072265625
1773063095061401600,6.516825437545776,-1.1727447509765625,-0.2071685791015625,0.0828094482421875
1773063095071456768,6.526880502700806,-1.1837615966796875,-0.2523040771484375,0.068023681640625
1773063095081512448,6.536936283111572,-1.13763427734375,-0.2850799560546875,0.041412353515625
1773063095091568384,6.546992301940918,-1.0883026123046875,-0.2817840576171875,0.06982421875
1773063095101623552,6.557047367095947,-1.0890960693359375,-0.22454833984375,0.0919189453125
1773063095111679488,6.567103385925293,-1.0950469970703125,-0.1680908203125,0.0902862548828125
1773063095121735680,6.577159404754639,-1.108642578125,-0.145965576171875,0.0907135009765625
1773063095131790592,6.587214469909668,-1.1000518798828125,-0.1407470703125,0.0405120849609375
1773063095141846784,6.597270488739014,-1.070648193359375,-0.2005157470703125,-0.0284423828125
1773063095151901440,6.607325315475464,-1.01519775390625,-0.269012451171875,-0.0685882568359375
1773063095161957376,6.61738133430481,-0.9926910400390625,-0.304443359375,-0.0319061279296875
1773063095172013568,6.627437353134155,-1.0150299072265625,-0.213653564453125,0.066131591796875
1773063095182068480,6.637492418289185,-1.0594329833984375,-0.175079345703125,0.1007232666015625
1773063095192124672,6.64754843711853,-1.0802459716796875,-0.220550537109375,0.1106109619140625
1773063095202180608,6.657604455947876,-1.1134185791015625,-0.201324462890625,0.1582183837890625
1773063095212235520,6.667659282684326,-1.1316375732421875,-0.1872406005859375,0.06195068359375
1773063095222291456,6.677715301513672,-1.0501708984375,-0.2051849365234375,-0.041351318359375
1773063095232347392,6.687771320343018,-0.931488037109375,-0.1933441162109375,-0.087127685546875
1773063095242402560,6.697826385498047,-0.8482666015625,-0.1294097900390625,-0.0896759033203125
1773063095252458496,6.707882404327393,-0.865814208984375,-0.16766357421875,-0.0041046142578125
1773063095262513664,6.717937469482422,-0.9976043701171875,-0.179931640625,0.1409454345703125
1773063095272569600,6.727993488311768,-1.1334228515625,-0.1420440673828125,0.1945343017578125
1773063095282625792,6.738049507141113,-1.133209228515625,-0.2141265869140625,0.1628875732421875
1773063095292680448,6.7481043338775635,-1.0520172119140625,-0.2267303466796875,0.0958709716796875
1773063095302736640,6.758160352706909,-0.970672607421875,-0.2003631591796875,-0.019866943359375
1773063095312792576,6.768216371536255,-0.8850860595703125,-0.1959381103515625,-0.078857421875
1773063095322847488,6.778271436691284,-0.80682373046875,-0.120513916015625,-0.0701904296875
1773063095332903680,6.78832745552063,-0.80596923828125,-0.074432373046875,0.020477294921875
1773063095342959616,6.798383474349976,-0.9228668212890625,-0.0729522705078125,0.160400390625
1773063095353014528,6.808438301086426,-1.08526611328125,-0.1370391845703125,0.11505126953125
1773063095363070464,6.8184943199157715,-1.0995635986328125,-0.2152862548828125,-0.01739501953125
1773063095373125632,6.828549385070801,-0.9208984375,-0.1830291748046875,-0.0450592041015625
1773063095383181568,6.8386054039001465,-0.777130126953125,-0.0954132080078125,-0.0229644775390625
1773063095393237504,6.848661422729492,-0.7369842529296875,-0.0984039306640625,-0.0644378662109375
1773063095403292672,6.8587164878845215,-0.7996826171875,-0.09332275390625,-0.0505218505859375
1773063095413348608,6.868772506713867,-0.9199981689453125,-0.0390472412109375,-0.000762939453125
1773063095423404544,6.878828287124634,-1.0121612548828125,-0.0983734130859375,-0.0078582763671875
1773063095433459456,6.888883352279663,-1.0132598876953125,-0.0447998046875,-0.0364990234375
1773063095443515648,6.898939371109009,-0.8804779052734375,-0.0457000732421875,-0.001373291015625
1773063095453571584,6.9089953899383545,-0.8200225830078125,-0.1437835693359375,-0.0634307861328125
1773063095463626496,6.919050455093384,-0.8094482421875,-0.1027069091796875,-0.133056640625
1773063095473682688,6.9291064739227295,-0.731842041015625,-0.038238525390625,-0.0556182861328125
1773063095483738624,6.939162492752075,-0.73797607421875,-0.025787353515625,-0.019561767578125
1773063095493793536,6.949217319488525,-0.88092041015625,-0.05047607421875,-0.0072479248046875
1773063095503849472,6.959273338317871,-1.0087738037109375,-0.0181121826171875,-0.0163116455078125
1773063095513904640,6.9693284034729,-1.0677490234375,0.0485382080078125,-0.104217529296875
1773063095523960576,6.979384422302246,-0.9405517578125,0.0167694091796875,-0.1629791259765625
1773063095534016512,6.989440441131592,-0.7581787109375,-0.0342864990234375,-0.1289825439453125
1773063095544071680,6.999495506286621,-0.66888427734375,-0.04290771484375,-0.1021270751953125
1773063095554127360,7.009551286697388,-0.6655731201171875,-0.025970458984375,-0.1215057373046875
1773063095564183552,7.019607305526733,-0.7303466796875,0.0316314697265625,-0.062835693359375
1773063095574238464,7.029662370681763,-0.8935546875,0.18017578125,-0.1221923828125
1773063095584294656,7.039718389511108,-0.988861083984375,0.1241302490234375,-0.1672821044921875
1773063095594350592,7.049774408340454,-0.926849365234375,0.028411865234375,-0.08624267578125
1773063095604405760,7.059829473495483,-0.8376312255859375,-0.0018310546875,-0.0138702392578125
1773063095614461696,7.069885492324829,-0.7548980712890625,0.060821533203125,-0.0178985595703125
1773063095624516608,7.079940319061279,-0.7750091552734375,0.138671875,-0.0886688232421875
1773063095634572544,7.089996337890625,-0.773162841796875,0.094757080078125,-0.15850830078125
1773063095644628480,7.100052356719971,-0.7595977783203125,-0.0149383544921875,-0.1625213623046875
1773063095654683648,7.110107421875,-0.7256317138671875,0.1119384765625,-0.204437255859375
1773063095664739584,7.120163440704346,-0.6966552734375,0.212860107421875,-0.233489990234375
1773063095674795520,7.130219459533691,-0.8077850341796875,0.1451568603515625,-0.0802459716796875
1773063095684850432,7.140274286270142,-0.96759033203125,0.1188812255859375,0.042022705078125
1773063095694906368,7.150330305099487,-1.0406951904296875,0.09307861328125,0.029693603515625
1773063095704962560,7.160386323928833,-0.96295166015625,0.0825347900390625,0.018341064453125
1773063095715017472,7.170441389083862,-0.8125,0.2178497314453125,0.0219879150390625
1773063095725073664,7.180497407913208,-0.72174072265625,0.1388397216796875,-0.0569305419921875
1773063095735129600,7.190553426742554,-0.7051544189453125,0.0523529052734375,0.035675048828125
1773063095745184768,7.200608491897583,-0.7166748046875,0.1299896240234375,0.1063079833984375
1773063095755240704,7.210664510726929,-0.8789215087890625,0.342987060546875,0.1057891845703125
1773063095765295616,7.220719337463379,-1.1407012939453125,0.48529052734375,0.0540771484375
1773063095775351552,7.230775356292725,-1.1643829345703125,0.2844390869140625,-0.0523681640625
1773063095785407488,7.24083137512207,-0.93731689453125,0.08514404296875,-0.030792236328125
1773063095795462656,7.2508864402771,-0.80401611328125,0.0497283935546875,0.065093994140625
1773063095805518592,7.260942459106445,-0.7922210693359375,0.11724853515625,0.1574554443359375
1773063095815574528,7.270998477935791,-0.7995147705078125,0.15069580078125,0.147674560546875
1773063095825629440,7.281053304672241,-0.9333953857421875,0.28790283203125,0.038787841796875
1773063095835685376,7.291109323501587,-0.9883880615234375,0.3168487548828125,-0.235931396484375
1773063095845741568,7.301165342330933,-0.7881317138671875,0.14556884765625,-0.280120849609375
1773063095855796480,7.311220407485962,-0.7245025634765625,0.0105438232421875,-0.1158905029296875
1773063095865852672,7.321276426315308,-0.8314361572265625,-0.0149383544921875,1.52587890625e-05
1773063095875908608,7.331332445144653,-0.8085174560546875,0.1042022705078125,0.1817779541015625
1773063095885963776,7.341387510299683,-0.8721923828125,0.327362060546875,0.2619476318359375
1773063095896019456,7.351443290710449,-1.1301727294921875,0.410247802734375,0.210540771484375
1773063095906074624,7.3614983558654785,-1.205230712890625,0.382965087890625,0.1697845458984375
1773063095916130560,7.371554374694824,-0.99822998046875,0.267486572265625,0.0246429443359375
1773063095926186496,7.38161039352417,-0.772552490234375,0.1334991455078125,-0.0077667236328125
1773063095936241664,7.391665458679199,-0.767578125,0.049346923828125,0.0795135498046875
1773063095946297600,7.401721477508545,-0.881439208984375,-0.024261474609375,0.0857696533203125
1773063095956353792,7.411777496337891,-0.921478271484375,0.033721923828125,0.109619140625
1773063095966408448,7.421832323074341,-0.91668701171875,0.2302093505859375,0.1424713134765625
1773063095976464384,7.4318883419036865,-1.0371246337890625,0.305633544921875,0.105499267578125
1773063095986520576,7.441944360733032,-1.09381103515625,0.242584228515625,0.05548095703125
1773063095996575488,7.4519994258880615,-1.0019683837890625,0.2605438232421875,0.093597412109375
1773063096006631680,7.462055444717407,-0.92718505859375,0.1989288330078125,0.141815185546875
1773063096016686592,7.4721105098724365,-0.973541259765625,0.153594970703125,0.163055419921875
1773063096026742528,7.482166290283203,-0.9939727783203125,0.1412506103515625,0.1186370849609375
1773063096036798464,7.492222309112549,-0.9394989013671875,0.1468353271484375,0.09027099609375
1773063096046853632,7.502277374267578,-0.8800201416015625,0.12945556640625,0.0908355712890625
1773063096056909568,7.512333393096924,-0.917877197265625,0.204498291015625,0.0935821533203125
1773063096066965504,7.5223894119262695,-1.0382537841796875,0.241241455078125,0.064788818359375
1773063096077020672,7.532444477081299,-1.0779571533203125,0.268096923828125,0.009674072265625
1773063096087076608,7.5425004959106445,-1.0025634765625,0.256805419921875,0.0005035400390625
1773063096097132800,7.55255651473999,-0.920623779296875,0.2077178955078125,0.04644775390625
1773063096107187456,7.56261134147644,-0.8723297119140625,0.1759796142578125,0.07427978515625
1773063096117243648,7.572667360305786,-0.825653076171875,0.1425628662109375,0.0247344970703125
1773063096127298560,7.582722425460815,-0.8259124755859375,0.097320556640625,0.0199737548828125
1773063096137354496,7.592778444290161,-0.8584747314453125,-0.022003173828125,0.0705413818359375
1773063096147410688,7.602834463119507,-0.7966766357421875,-0.0889892578125,0.150421142578125
1773063096157465344,7.612889289855957,-0.8232269287109375,0.052154541015625,0.124359130859375
1773063096167521536,7.622945308685303,-0.9189605712890625,0.26995849609375,0.070068359375
1773063096177577472,7.633001327514648,-0.946258544921875,0.31439208984375,0.06805419921875
1773063096187632640,7.643056392669678,-0.879669189453125,0.2786712646484375,0.0616607666015625
1773063096197688576,7.653112411499023,-0.7595977783203125,0.1772308349609375,0.0628814697265625
1773063096207744512,7.663168430328369,-0.6505126953125,0.1378936767578125,0.1263427734375
1773063096217799680,7.673223495483398,-0.6330108642578125,0.112579345703125,0.2177276611328125
1773063096227855616,7.683279514312744,-0.79547119140625,0.09332275390625,0.183349609375
1773063096237910528,7.693334341049194,-1.0252532958984375,0.0997772216796875,0.0318603515625
1773063096247966464,7.70339035987854,-1.08746337890625,0.21014404296875,-0.0685272216796875
1773063096258022656,7.713446378707886,-0.882080078125,0.2181854248046875,-0.006988525390625
1773063096268077568,7.723501443862915,-0.6587677001953125,0.110198974609375,0.005767822265625
1773063096278133504,7.733557462692261,-0.54510498046875,0.0290374755859375,-0.0100860595703125
1773063096288189696,7.7436134815216064,-0.6156768798828125,0.01495361328125,0.1805267333984375
1773063096298244352,7.753668308258057,-0.96063232421875,0.092193603515625,0.2465057373046875
1773063096308300544,7.763724327087402,-1.2991180419921875,0.1659393310546875,0.0457916259765625
1773063096318356480,7.773780345916748,-1.146484375,0.151092529296875,-0.01226806640625
1773063096328411648,7.783835411071777,-0.778839111328125,0.1356048583984375,-0.005218505859375
1773063096338467584,7.793891429901123,-0.6150360107421875,0.031524658203125,-0.067413330078125
1773063096348523520,7.803947448730469,-0.6460723876953125,-0.034759521484375,-0.002593994140625
1773063096358578432,7.814002275466919,-0.8919219970703125,0.008941650390625,0.248016357421875
1773063096368634368,7.824058294296265,-1.2531585693359375,0.05230712890625,0.18023681640625
1773063096378689536,7.834113359451294,-1.26666259765625,0.0277862548828125,-0.0308685302734375
1773063096388745472,7.84416937828064,-0.8909454345703125,-0.0158843994140625,-0.0811767578125
1773063096398801664,7.854225397109985,-0.6218719482421875,-0.09716796875,-0.083343505859375
1773063096408856320,7.8642802238464355,-0.63946533203125,-0.0888214111328125,-0.0834197998046875
1773063096418912512,7.874336242675781,-0.8191375732421875,0.036712646484375,0.041900634765625
1773063096428968448,7.884392261505127,-1.024383544921875,0.0570220947265625,0.29034423828125
1773063096439023616,7.894447326660156,-1.2976837158203125,-0.0535430908203125,0.2165985107421875
1773063096449079552,7.904503345489502,-1.3208465576171875,-0.08221435546875,-0.00299072265625
1773063096459135488,7.914559364318848,-0.99432373046875,-0.03271484375,0.063629150390625
1773063096469190656,7.924614429473877,-0.792938232421875,-0.031341552734375,0.0295257568359375
1773063096479246336,7.9346702098846436,-0.7588043212890625,-0.072174072265625,-0.0752410888671875
1773063096489302272,7.944726228713989,-0.7819976806640625,-0.05224609375,0.0799560546875
1773063096499357440,7.9547812938690186,-0.986572265625,-0.004364013671875,0.179290771484375
1773063096509413376,7.964837312698364,-1.242767333984375,0.0247039794921875,0.0702972412109375
1773063096519468544,7.9748923778533936,-1.18597412109375,-0.0983123779296875,0.17852783203125
1773063096529524480,7.984948396682739,-1.0247650146484375,-0.1631317138671875,0.105133056640625
1773063096539580672,7.995004415512085,-0.9324493408203125,-0.1087188720703125,0.03387451171875
1773063096549635328,8.005059242248535,-0.863433837890625,-0.0621185302734375,-0.0003204345703125
1773063096559691520,8.01511526107788,-0.8270416259765625,-0.0630035400390625,0.057769775390625
1773063096569747456,8.025171279907227,-0.9511566162109375,-0.0486907958984375,0.1710357666015625
1773063096579802624,8.035226345062256,-1.191986083984375,-0.0090789794921875,0.142120361328125
1773063096589858560,8.045282363891602,-1.1981048583984375,-0.0853271484375,0.14813232421875
1773063096599914496,8.055338382720947,-1.0421905517578125,-0.1583099365234375,0.0778656005859375
1773063096609969408,8.065393209457397,-0.9167327880859375,-0.220489501953125,-0.029327392578125
1773063096620025344,8.075449228286743,-0.7803192138671875,-0.1910552978515625,-0.040924072265625
1773063096630080512,8.085504293441772,-0.744781494140625,-0.108612060546875,0.078125
1773063096640136448,8.095560312271118,-0.963348388671875,-0.0393524169921875,0.14971923828125
1773063096650192384,8.105616331100464,-1.2824249267578125,-0.03564453125,0.000640869140625
1773063096660247552,8.115671396255493,-1.210662841796875,-0.223358154296875,-0.09161376953125
1773063096670303488,8.125727415084839,-0.902252197265625,-0.1848907470703125,-0.01654052734375
1773063096680359680,8.135783433914185,-0.847412109375,-0.1898193359375,-0.05035400390625
1773063096690414336,8.145838260650635,-0.89849853515625,-0.24920654296875,-0.11724853515625
1773063096700470528,8.15589427947998,-0.948394775390625,-0.197967529296875,0.0690155029296875
1773063096710526464,8.165950298309326,-1.137481689453125,-0.1459503173828125,0.2278289794921875
1773063096720581632,8.176005363464355,-1.3582611083984375,-0.167449951171875,0.180511474609375
1773063096730637568,8.186061382293701,-1.302001953125,-0.1516571044921875,0.0612640380859375
1773063096740693504,8.196117401123047,-1.04681396484375,-0.1399078369140625,-0.0680999755859375
1773063096750748416,8.206172227859497,-0.8072052001953125,-0.185546875,-0.230712890625
1773063096760804352,8.216228246688843,-0.680908203125,-0.1820220947265625,-0.1976165771484375
1773063096770859520,8.226283311843872,-0.8765411376953125,-0.03155517578125,0.0266876220703125
1773063096780915456,8.236339330673218,-1.2286224365234375,-0.0047454833984375,0.1897125244140625
1773063096790971392,8.246395349502563,-1.416595458984375,-0.162017822265625,0.2294464111328125
1773063096801026560,8.256450414657593,-1.2674102783203125,-0.2949371337890625,0.0562591552734375
1773063096811082496,8.266506433486938,-0.9515533447265625,-0.255767822265625,-0.015106201171875
1773063096821138432,8.276562213897705,-0.85626220703125,-0.0869293212890625,-0.06683349609375
1773063096831193344,8.286617279052734,-0.8889007568359375,-0.0676116943359375,-0.113128662109375
1773063096841249536,8.29667329788208,-0.9632568359375,-0.057769775390625,-0.0569000244140625
1773063096851305472,8.306729316711426,-1.05523681640625,-0.0406494140625,0.064605712890625
1773063096861360640,8.316784381866455,-1.119903564453125,-0.11724853515625,0.076751708984375
1773063096871416576,8.3268404006958,-1.1048583984375,-0.250457763671875,0.070526123046875
1773063096881471488,8.336895227432251,-1.0472564697265625,-0.24346923828125,-0.02435302734375
1773063096891527424,8.346951246261597,-0.967132568359375,-0.1609039306640625,-0.0585479736328125
1773063096901583360,8.357007265090942,-0.9132843017578125,-0.06280517578125,-0.066314697265625
1773063096911638528,8.367062330245972,-0.932952880859375,-0.0284271240234375,-0.078521728515625
1773063096921694464,8.377118349075317,-0.995330810546875,-0.092041015625,0.0298004150390625
1773063096931750656,8.387174367904663,-1.0716552734375,-0.148162841796875,0.129119873046875
1773063096941805568,8.397229433059692,-1.1392059326171875,-0.2306671142578125,-0.0361328125
1773063096951861504,8.407285213470459,-1.044921875,-0.2328033447265625,-0.08306884765625
1773063096961917440,8.417341232299805,-0.91717529296875,-0.128448486328125,-0.0400543212890625
1773063096971972352,8.427396297454834,-0.9239959716796875,-0.051422119140625,0.017913818359375
1773063096982028544,8.43745231628418,-1.022369384765625,-0.001251220703125,0.03717041015625
1773063096992084480,8.447508335113525,-1.0997314453125,-0.0171661376953125,0.0560455322265625
1773063097002139648,8.457563400268555,-1.12860107421875,-0.08984375,0.0519256591796875
1773063097012195584,8.4676194190979,-1.06781005859375,-0.1685028076171875,0.006378173828125
1773063097022250496,8.47767424583435,-0.9684295654296875,-0.201446533203125,-0.0167388916015625
1773063097032306432,8.487730264663696,-0.94586181640625,-0.18157958984375,-0.0407867431640625
1773063097042362368,8.497786283493042,-0.9969635009765625,-0.1120758056640625,-0.052276611328125
1773063097052417536,8.507841348648071,-1.06512451171875,-0.0430145263671875,-0.002777099609375
1773063097062473472,8.517897367477417,-1.1259918212890625,-0.0781707763671875,0.148406982421875
1773063097072529664,8.527953386306763,-1.1960296630859375,-0.153472900390625,0.097503662109375
1773063097082584320,8.538008213043213,-1.1624298095703125,-0.1843414306640625,0.0848236083984375
1773063097092640512,8.548064231872559,-1.0968780517578125,-0.20721435546875,0.0023040771484375
1773063097102696448,8.558120250701904,-1.05950927734375,-0.2140350341796875,-0.132598876953125
1773063097112751360,8.568175315856934,-1.0505218505859375,-0.1245574951171875,-0.087677001953125
1773063097122807552,8.57823133468628,-1.120025634765625,-0.0263671875,0.080657958984375
1773063097132862464,8.588286399841309,-1.241851806640625,-0.0598602294921875,0.2391815185546875
1773063097142918656,8.598342418670654,-1.36376953125,-0.1747894287109375,0.1620330810546875
1773063097152974336,8.608398199081421,-1.294403076171875,-0.2447967529296875,0.086822509765625
1773063097163029504,8.61845326423645,-1.1815185546875,-0.2807159423828125,0.01971435546875
1773063097173085440,8.628509283065796,-1.174652099609375,-0.2500762939453125,0.002685546875
1773063097183141376,8.638565301895142,-1.240966796875,-0.1377410888671875,0.1090087890625
1773063097193196544,8.648620367050171,-1.36553955078125,-0.103240966796875,0.17010498046875
1773063097203252480,8.658676385879517,-1.4132537841796875,-0.179718017578125,0.0819549560546875
1773063097213308672,8.668732404708862,-1.338226318359375,-0.22296142578125,0.1078033447265625
1773063097223363328,8.678787231445312,-1.318267822265625,-0.21844482421875,0.0474395751953125
1773063097233419520,8.688843250274658,-1.2818145751953125,-0.271209716796875,-0.0998077392578125
1773063097243475456,8.698899269104004,-1.23492431640625,-0.2384490966796875,-0.080413818359375
1773063097253530624,8.708954334259033,-1.2764739990234375,-0.13812255859375,0.0048370361328125
1773063097263586560,8.719010353088379,-1.36358642578125,-0.123077392578125,0.1306304931640625
1773063097273641472,8.729065418243408,-1.4073333740234375,-0.2259979248046875,0.174530029296875
1773063097283697408,8.739121198654175,-1.3891448974609375,-0.3167266845703125,0.1245269775390625
1773063097293753344,8.74917721748352,-1.3432464599609375,-0.2722625732421875,0.0669403076171875
1773063097303808512,8.75923228263855,-1.283599853515625,-0.2910308837890625,-0.0366363525390625
1773063097313864448,8.769288301467896,-1.228973388671875,-0.186248779296875,-0.06646728515625
1773063097323920384,8.779344320297241,-1.1844940185546875,-0.0558013916015625,-0.013824462890625
1773063097333975552,8.78939938545227,-1.1737060546875,-0.132476806640625,0.024566650390625
1773063097344031488,8.799455404281616,-1.21368408203125,-0.19232177734375,0.0252685546875
1773063097354087424,8.809511184692383,-1.2269287109375,-0.278594970703125,0.0055694580078125
1773063097364142336,8.819566249847412,-1.19097900390625,-0.3406982421875,0.009613037109375
1773063097374198528,8.829622268676758,-1.171600341796875,-0.164764404296875,0.07763671875
1773063097384254464,8.839678287506104,-1.1572418212890625,-0.1036834716796875,0.02606201171875
1773063097394309632,8.849733352661133,-1.1136322021484375,-0.1746063232421875,0.0012664794921875
1773063097404365568,8.859789371490479,-1.101409912109375,-0.2385406494140625,-0.0186309814453125
1773063097414420480,8.869844198226929,-1.097747802734375,-0.213104248046875,-0.027313232421875
1773063097424476416,8.879900217056274,-1.0917205810546875,-0.163360595703125,-0.028656005859375
1773063097434532352,8.88995623588562,-1.070159912109375,-0.1478729248046875,-0.085784912109375
1773063097444587520,8.90001130104065,-1.0042266845703125,-0.132354736328125,-0.0741424560546875
1773063097454643456,8.910067319869995,-0.9836578369140625,-0.1829681396484375,-0.04278564453125
1773063097464699392,8.92012333869934,-1.0433349609375,-0.1863555908203125,0.057037353515625
1773063097474754304,8.930178165435791,-1.1529541015625,-0.2106170654296875,0.1349945068359375
1773063097484810240,8.940234184265137,-1.2071685791015625,-0.221282958984375,0.1046600341796875
1773063097494866432,8.950290203094482,-1.1322021484375,-0.2523651123046875,0.0654144287109375
1773063097504921344,8.960345268249512,-1.018829345703125,-0.3291473388671875,-0.0790252685546875
1773063097514977536,8.970401287078857,-0.9159393310546875,-0.1986541748046875,-0.2128753662109375
1773063097525033472,8.980457305908203,-0.8708038330078125,-0.070770263671875,-0.1339874267578125
1773063097535088640,8.990512371063232,-0.9727630615234375,-0.108428955078125,-0.097564697265625
1773063097545144576,9.000568389892578,-1.083831787109375,-0.170684814453125,0.009521484375
1773063097555199488,9.010623216629028,-1.12164306640625,-0.2503814697265625,0.1153717041015625
1773063097565255424,9.020679235458374,-1.0865325927734375,-0.3223114013671875,0.1864166259765625
1773063097575311360,9.03073525428772,-1.0810546875,-0.27337646484375,0.251190185546875
1773063097585366528,9.040790319442749,-1.113006591796875,-0.0350189208984375,0.2655029296875
1773063097595422464,9.050846338272095,-1.0828094482421875,0.1161346435546875,0.1455535888671875
1773063097605478400,9.06090235710144,-0.9971466064453125,-0.0784912109375,-0.10589599609375
1773063097615533312,9.07095718383789,-0.883941650390625,-0.2982940673828125,-0.15478515625
1773063097625589248,9.081013202667236,-0.813323974609375,-0.299896240234375,-0.0605621337890625
1773063097635645440,9.091069221496582,-0.8852081298828125,-0.212890625,0.075897216796875
1773063097645700352,9.101124286651611,-0.97412109375,-0.2055816650390625,0.1712493896484375
1773063097655756544,9.111180305480957,-1.0555267333984375,-0.173431396484375,0.201019287109375
1773063097665811456,9.121235370635986,-1.043304443359375,-0.2778778076171875,0.0929718017578125
1773063097675867648,9.131291389465332,-0.994873046875,-0.280120849609375,-0.002716064453125
1773063097685923328,9.141347169876099,-0.89788818359375,-0.1346893310546875,-0.07403564453125
1773063097695978496,9.151402235031128,-0.7759246826171875,-0.0679779052734375,-0.0501861572265625
1773063097706034432,9.161458253860474,-0.750213623046875,-0.1238861083984375,-0.0199737548828125
1773063097716090368,9.17151427268982,-0.843109130859375,-0.1655120849609375,0.0614013671875
1773063097726145536,9.181569337844849,-0.992462158203125,-0.19256591796875,0.080535888671875
1773063097736201472,9.191625356674194,-1.007843017578125,-0.1908416748046875,0.0488433837890625
1773063097746257664,9.20168137550354,-0.9463043212890625,-0.1071624755859375,0.106658935546875
1773063097756312320,9.21173620223999,-0.8895263671875,-0.073211669921875,0.118072509765625
1773063097766368512,9.221792221069336,-0.88262939453125,-0.058441162109375,0.1710052490234375
1773063097776424448,9.231848239898682,-0.9505157470703125,-0.02435302734375,0.03607177734375
1773063097786479360,9.241903305053711,-0.9156494140625,-0.02679443359375,-0.0011138916015625
1773063097796535552,9.251959323883057,-0.88616943359375,0.036376953125,0.061187744140625
1773063097806590464,9.262014389038086,-0.908782958984375,0.0330657958984375,0.03338623046875
1773063097816646400,9.272070169448853,-0.9084014892578125,0.0101470947265625,0.0330810546875
1773063097826702336,9.282126188278198,-0.84002685546875,-0.034210205078125,0.0490264892578125
1773063097836757504,9.292181253433228,-0.8151397705078125,-0.0497894287109375,0.0669403076171875
1773063097846813440,9.302237272262573,-0.904205322265625,0.0010833740234375,0.0196075439453125
1773063097856869376,9.312293291091919,-0.92431640625,-0.002838134765625,-0.0970306396484375
1773063097866924544,9.322348356246948,-0.7869720458984375,-0.06304931640625,-0.077880859375
1773063097876980480,9.332404375076294,-0.7478790283203125,-0.051055908203125,-0.0594024658203125
1773063097887036672,9.34246039390564,-0.79168701171875,-0.0214385986328125,0.0109710693359375
1773063097897091328,9.35251522064209,-0.818145751953125,0.0688629150390625,0.031036376953125
1773063097907147520,9.362571239471436,-0.8052825927734375,0.23028564453125,-0.004180908203125
1773063097917202432,9.372626304626465,-0.8144073486328125,0.218109130859375,0.00982666015625
1773063097927258368,9.38268232345581,-0.8229827880859375,0.0753936767578125,-0.120147705078125
1773063097937314560,9.392738342285156,-0.714569091796875,-0.0769500732421875,-0.0033416748046875
1773063097947369216,9.402793169021606,-0.7223358154296875,-0.008453369140625,0.1530609130859375
1773063097957425408,9.412849187850952,-0.8075408935546875,0.1461944580078125,0.0849761962890625
1773063097967481344,9.422905206680298,-0.8382110595703125,0.2064208984375,0.0275421142578125
1773063097977536512,9.432960271835327,-0.86224365234375,0.21124267578125,0.02764892578125
1773063097987592448,9.443016290664673,-0.8141632080078125,0.0512237548828125,-0.1021575927734375
1773063097997648384,9.453072309494019,-0.7402496337890625,0.098876953125,-0.11187744140625
1773063098007703552,9.463127374649048,-0.7530670166015625,0.1616363525390625,0.0142364501953125
1773063098017759488,9.473183393478394,-0.818145751953125,0.0575714111328125,0.1478271484375
1773063098027815424,9.48323917388916,-0.8700408935546875,0.048095703125,0.2087860107421875
1773063098037870336,9.49329423904419,-0.87530517578125,0.162017822265625,0.1445159912109375
1773063098047926528,9.503350257873535,-0.893524169921875,0.3466033935546875,0.0891571044921875
1773063098057981440,9.513405323028564,-0.914886474609375,0.460693359375,0.0206756591796875
1773063098068037632,9.52346134185791,-0.8672943115234375,0.281585693359375,-0.057769775390625
1773063098078093568,9.533517360687256,-0.8279266357421875,-0.00079345703125,-0.1282196044921875
1773063098088148480,9.543572187423706,-0.8218536376953125,-0.060577392578125,-0.041107177734375
1773063098098204416,9.553628206253052,-0.7462005615234375,-0.0415802001953125,0.0854034423828125
1773063098108260352,9.563684225082397,-0.7118988037109375,-0.0391998291015625,0.1988067626953125
1773063098118315520,9.573739290237427,-0.856658935546875,0.1037139892578125,0.152496337890625
1773063098128371456,9.583795309066772,-0.9881591796875,0.2158050537109375,0.084716796875
1773063098138427392,9.593851327896118,-0.9679412841796875,0.3037872314453125,0.0550689697265625
1773063098148482560,9.603906393051147,-0.941436767578125,0.2369384765625,0.1226043701171875
1773063098158538240,9.613962173461914,-0.9630889892578125,0.1118316650390625,0.1815643310546875
1773063098168593408,9.624017238616943,-0.8844451904296875,0.16650390625,0.24835205078125
1773063098178649344,9.634073257446289,-0.7848052978515625,0.209564208984375,0.2409820556640625
1773063098188705536,9.644129276275635,-0.8692779541015625,0.16827392578125,0.2111358642578125
1773063098198760448,9.654184341430664,-0.9870758056640625,0.0888519287109375,0.173004150390625
1773063098208816640,9.66424036026001,-0.989715576171875,0.1236724853515625,0.11370849609375
1773063098218872576,9.674296379089355,-0.9889678955078125,0.123809814453125,0.073150634765625
1773063098228927488,9.684351205825806,-0.9683837890625,0.0719757080078125,0.04315185546875
1773063098238983424,9.694407224655151,-0.8728790283203125,0.016357421875,0.0356597900390625
1773063098249039360,9.704463243484497,-0.85797119140625,0.0425567626953125,0.067047119140625
1773063098259094528,9.714518308639526,-0.958984375,0.0877532958984375,0.0775604248046875
1773063098269150464,9.724574327468872,-0.95703125,0.0991363525390625,0.173248291015625
1773063098279206400,9.734630346298218,-0.957061767578125,0.2158203125,0.1879119873046875
1773063098289261312,9.744685173034668,-1.058349609375,0.275299072265625,0.15240478515625
1773063098299317248,9.754741191864014,-1.1118011474609375,0.2020263671875,0.106719970703125
1773063098309372416,9.764796257019043,-1.02294921875,0.1255645751953125,0.08740234375
1773063098319428352,9.774852275848389,-0.929107666015625,0.1250762939453125,0.1212158203125
1773063098329484544,9.784908294677734,-0.9257659912109375,0.1209869384765625,0.120849609375
1773063098339539456,9.794963359832764,-0.964080810546875,0.0933685302734375,0.0666656494140625
1773063098349595648,9.80501937866211,-0.9133758544921875,0.06903076171875,0.09918212890625
1773063098359652608,9.815076351165771,-0.9225311279296875,0.1769561767578125,0.1232147216796875
1773063098369707520,9.8251314163208,-1.0337371826171875,0.315521240234375,0.1574859619140625
1773063098379763712,9.835187435150146,-1.077117919921875,0.3119659423828125,0.1410369873046875
1773063098389819648,9.845243453979492,-0.971893310546875,0.2219085693359375,0.087005615234375
1773063098399874560,9.855298519134521,-0.8922119140625,0.1672515869140625,0.0970611572265625
1773063098409930752,9.865354537963867,-0.90643310546875,0.157440185546875,0.0840301513671875
1773063098419985408,9.875409364700317,-0.9159698486328125,0.1692962646484375,0.0432586669921875
1773063098430041600,9.885465383529663,-0.8622894287109375,0.13983154296875,0.029632568359375
1773063098440097536,9.895521402359009,-0.7775115966796875,0.06005859375,0.0857391357421875
1773063098450152704,9.905576467514038,-0.8598785400390625,0.07110595703125,0.10577392578125
1773063098460208640,9.915632486343384,-0.993743896484375,0.1542205810546875,0.051361083984375
1773063098470264576,9.92568850517273,-0.9515838623046875,0.1927337646484375,0.0376434326171875
1773063098480319488,9.93574333190918,-0.8017425537109375,0.2697906494140625,0.0481719970703125
1773063098490375424,9.945799350738525,-0.7348785400390625,0.2571258544921875,0.0344085693359375
1773063098500431616,9.955855369567871,-0.7696533203125,0.19873046875,0.0747222900390625
1773063098510486528,9.9659104347229,-0.835784912109375,0.1196136474609375,0.226104736328125
1773063098520542720,9.975966453552246,-0.9805755615234375,0.1464996337890625,0.2423858642578125
1773063098530598656,9.986022472381592,-1.10223388671875,0.25860595703125,0.1317596435546875
1773063098540653824,9.996077537536621,-1.0361328125,0.3300018310546875,0.03619384765625
1773063098550709760,10.006133556365967,-0.8387298583984375,0.230010986328125,-0.0181121826171875
1773063098560764672,10.016188383102417,-0.6587677001953125,0.086456298828125,0.0036773681640625
1773063098570820608,10.026244401931763,-0.629241943359375,0.049713134765625,0.15484619140625
1773063098580876544,10.036300420761108,-0.83819580078125,0.0784912109375,0.27752685546875
1773063098590931712,10.046355485916138,-1.1741790771484375,0.223724365234375,0.17950439453125
1773063098600987648,10.056411504745483,-1.2627410888671875,0.233489990234375,0.0409698486328125
1773063098611043584,10.066467523574829,-0.963623046875,0.128509521484375,0.0130462646484375
1773063098621098496,10.07652235031128,-0.683868408203125,0.054412841796875,0.015350341796875
1773063098631154432,10.086578369140625,-0.6323394775390625,0.024810791015625,0.022857666015625
1773063098641210624,10.09663438796997,-0.78936767578125,0.0142822265625,0.1036529541015625
1773063098651265536,10.106689453125,-1.070159912109375,0.0444183349609375,0.28887939453125
1773063098661321728,10.116745471954346,-1.3846893310546875,0.1987152099609375,0.1952667236328125
1773063098671376640,10.126800537109375,-1.36492919921875,0.1840972900390625,0.1552734375
1773063098681432832,10.13685655593872,-1.008880615234375,0.1151885986328125,0.10247802734375
1773063098691488512,10.146912336349487,-0.7729339599609375,-0.01983642578125,-0.0785980224609375
1773063098701543680,10.156967401504517,-0.7611236572265625,-0.044708251953125,-0.05517578125
1773063098711599616,10.167023420333862,-0.9163055419921875,0.06494140625,0.0485382080078125
1773063098721655552,10.177079439163208,-1.05511474609375,0.0240020751953125,0.219940185546875
1773063098731710720,10.187134504318237,-1.1551361083984375,0.06365966796875,0.25341796875
1773063098741766656,10.197190523147583,-1.159149169921875,0.129547119140625,0.2114715576171875
1773063098751822592,10.207246541976929,-1.072052001953125,0.0695037841796875,0.1298980712890625
1773063098761877504,10.217301368713379,-0.946044921875,-0.0231170654296875,0.0506591796875
1773063098771933440,10.227357387542725,-0.7854461669921875,-0.053009033203125,0.073638916015625
1773063098781988608,10.237412452697754,-0.7373809814453125,-0.01226806640625,0.1282958984375
1773063098792044544,10.2474684715271,-0.804779052734375,-0.013153076171875,0.1346588134765625
1773063098802100736,10.257524490356445,-0.9203948974609375,-0.010772705078125,0.1894378662109375
1773063098812155648,10.267579555511475,-1.0482330322265625,-0.01824951171875,0.2335357666015625
1773063098822211584,10.277635335922241,-1.119781494140625,-0.015167236328125,0.1555023193359375
1773063098832267520,10.287691354751587,-0.9647979736328125,-0.052825927734375,0.1424102783203125
1773063098842322688,10.297746419906616,-0.7467498779296875,-0.091156005859375,0.1479339599609375
1773063098852378624,10.307802438735962,-0.69219970703125,-0.0697479248046875,0.028839111328125
1773063098862434560,10.317858457565308,-0.7081146240234375,-0.0406341552734375,-0.0499267578125
1773063098872489728,10.327913522720337,-0.750274658203125,-0.00543212890625,0.089935302734375
1773063098882545664,10.337969541549683,-0.909149169921875,0.0252838134765625,0.20672607421875
1773063098892601856,10.348025560379028,-1.069976806640625,0.007904052734375,0.174774169921875
1773063098902656512,10.358080387115479,-1.0555572509765625,-0.056121826171875,0.18890380859375
1773063098912712448,10.368136405944824,-0.9336090087890625,-0.0426483154296875,0.1315460205078125
1773063098922768640,10.37819242477417,-0.7852935791015625,-0.0643463134765625,0.000396728515625
1773063098932823552,10.3882474899292,-0.64276123046875,-0.0728302001953125,0.032470703125
1773063098942879744,10.398303508758545,-0.665802001953125,0.0110015869140625,0.22857666015625
1773063098952934400,10.408358335494995,-0.9885101318359375,0.0050811767578125,0.1980133056640625
1773063098962990592,10.41841435432434,-1.238616943359375,-0.1346282958984375,-0.021209716796875
1773063098973046528,10.428470373153687,-1.04278564453125,-0.1717376708984375,-0.02276611328125
1773063098983101696,10.438525438308716,-0.7215423583984375,-0.1078643798828125,0.058319091796875
1773063098993157632,10.448581457138062,-0.6357879638671875,-0.04852294921875,0.0302734375
1773063099003213568,10.458637475967407,-0.7653045654296875,0.0208892822265625,0.0738067626953125
1773063099013268736,10.468692541122437,-1.0516815185546875,0.0301361083984375,0.2784423828125
1773063099023324672,10.478748559951782,-1.3628082275390625,-0.0576171875,0.1641387939453125
1773063099033380608,10.488804340362549,-1.2744293212890625,-0.1820068359375,0.009552001953125
1773063099043435520,10.498859405517578,-0.877685546875,-0.1971435546875,0.0312652587890625
1773063099053491712,10.508915424346924,-0.652130126953125,-0.148101806640625,-0.0482177734375
1773063099063546624,10.518970489501953,-0.7021484375,-0.0692291259765625,-0.0998077392578125
1773063099073602560,10.529026508331299,-0.9385833740234375,0.0770111083984375,0.0096588134765625
1773063099083658752,10.539082527160645,-1.18975830078125,0.110565185546875,0.162994384765625
1773063099093713408,10.549137353897095,-1.293914794921875,-0.095123291015625,0.333282470703125
1773063099103769600,10.55919337272644,-1.2638397216796875,-0.254425048828125,0.1588134765625
1773063099113825536,10.569249391555786,-1.0208587646484375,-0.2968902587890625,-0.0852813720703125
1773063099123880704,10.579304456710815,-0.7517852783203125,-0.1106414794921875,-0.0533599853515625
1773063099133936640,10.589360475540161,-0.734649658203125,-0.0102081298828125,-0.0757598876953125
1773063099143992576,10.599416494369507,-0.935577392578125,0.0311431884765625,0.0159149169921875
1773063099154047744,10.609471559524536,-1.1894073486328125,0.035064697265625,0.1999969482421875
1773063099164103424,10.619527339935303,-1.3274078369140625,-0.089935302734375,0.203338623046875
1773063099174159616,10.629583358764648,-1.17681884765625,-0.2573394775390625,0.0894317626953125
1773063099184214528,10.639638423919678,-0.906219482421875,-0.24835205078125,0.0055084228515625
1773063099194270720,10.649694442749023,-0.8116455078125,-0.100860595703125,0.08770751953125
1773063099204325632,10.659749507904053,-1.0088958740234375,-0.0162200927734375,0.0261993408203125
1773063099214381568,10.669805526733398,-1.194854736328125,-0.029144287109375,-0.076934814453125
1773063099224437760,10.679861545562744,-1.1090545654296875,-0.035797119140625,0.0439300537109375
1773063099234492416,10.689916372299194,-1.0032958984375,-0.0227203369140625,0.1401519775390625
1773063099244548608,10.69997239112854,-1.0082550048828125,-0.12957763671875,0.1182861328125
1773063099254604544,10.710028409957886,-1.0676422119140625,-0.1849365234375,0.0587615966796875
1773063099264659712,10.720083475112915,-1.095458984375,-0.11627197265625,0.0455322265625
1773063099274715648,10.73013949394226,-1.059051513671875,-0.074615478515625,-0.0086212158203125
1773063099284771584,10.740195512771606,-1.0155029296875,-0.017974853515625,0.040191650390625
1773063099294826496,10.750250339508057,-1.043792724609375,0.00872802734375,0.134521484375
1773063099304882432,10.760306358337402,-1.08740234375,-0.1012420654296875,0.0658111572265625
1773063099314937600,10.770361423492432,-1.081390380859375,-0.1414947509765625,0.002899169921875
1773063099324993536,10.780417442321777,-1.0252838134765625,-0.16021728515625,-0.05450439453125
1773063099335049728,10.790473461151123,-0.9783477783203125,-0.156036376953125,0.0031890869140625
1773063099345104640,10.800528526306152,-1.0147857666015625,-0.03570556640625,0.0676116943359375
1773063099355160064,10.81058382987976,-1.058746337890625,-0.011627197265625,0.0228271484375
1773063099365216000,10.820639848709106,-1.0913238525390625,0.0031585693359375,0.1552734375
1773063099375270912,10.830694675445557,-1.1792755126953125,-0.086151123046875,0.197845458984375
1773063099385326848,10.840750694274902,-1.1968536376953125,-0.2197418212890625,0.0380706787109375
1773063099395382784,10.850806713104248,-1.071197509765625,-0.1172943115234375,0.075531005859375
1773063099405437952,10.860861778259277,-1.0324249267578125,-0.008758544921875,-0.012603759765625
1773063099415493888,10.870917797088623,-1.04705810546875,-0.055938720703125,-0.08465576171875
1773063099425549056,10.880972862243652,-1.10272216796875,-0.0670623779296875,-0.00018310546875
1773063099435604992,10.891028881072998,-1.1699371337890625,-0.09991455078125,0.107421875
1773063099445660928,10.901084661483765,-1.2186737060546875,-0.17816162109375,0.152801513671875
1773063099455715840,10.911139726638794,-1.2282867431640625,-0.1884765625,0.10748291015625
1773063099465772032,10.92119574546814,-1.186553955078125,-0.1691131591796875,0.0038909912109375
1773063099475827968,10.931251764297485,-1.1676788330078125,-0.123748779296875,-0.0247955322265625
1773063099485882880,10.941306829452515,-1.2046966552734375,-0.0730133056640625,0.019256591796875
1773063099495939072,10.95136284828186,-1.2606048583984375,-0.1141510009765625,0.05352783203125
1773063099505995008,10.961418867111206,-1.277679443359375,-0.1705474853515625,-0.0067291259765625
1773063099516049920,10.971473693847656,-1.1818695068359375,-0.19805908203125,-0.0340118408203125
1773063099526105856,10.981529712677002,-1.1640777587890625,-0.16278076171875,0.0569305419921875
1773063099536161792,10.991585731506348,-1.29241943359375,-0.1239013671875,0.1202850341796875
1773063099546216960,11.001640796661377,-1.386138916015625,-0.2470855712890625,0.10296630859375
1773063099556272896,11.011696815490723,-1.336944580078125,-0.2740478515625,0.0792694091796875
1773063099566328064,11.021751880645752,-1.260955810546875,-0.186737060546875,0.0477142333984375
1773063099576383744,11.031807661056519,-1.2359466552734375,-0.1347808837890625,-0.0378265380859375
1773063099586439936,11.041863679885864,-1.2356414794921875,-0.083526611328125,-0.0496673583984375
1773063099596494848,11.051918745040894,-1.263153076171875,-0.1108245849609375,0.0233154296875
1773063099606551040,11.06197476387024,-1.3149566650390625,-0.1710357666015625,0.1024322509765625
1773063099616606976,11.072030782699585,-1.3462371826171875,-0.2524261474609375,0.0944671630859375
1773063099626661888,11.082085847854614,-1.3011016845703125,-0.2736968994140625,0.061492919921875
1773063099636718080,11.09214186668396,-1.2321014404296875,-0.205474853515625,0.0488128662109375
1773063099646774016,11.102197885513306,-1.1936798095703125,-0.145660400390625,0.03857421875
1773063099656828928,11.112252712249756,-1.1939544677734375,-0.1409759521484375,0.0754852294921875
1773063099666884864,11.122308731079102,-1.2052001953125,-0.231597900390625,0.055938720703125
1773063099676940032,11.13236379623413,-1.2168426513671875,-0.251953125,0.0749969482421875
1773063099686995968,11.142419815063477,-1.233978271484375,-0.19415283203125,0.119232177734375
1773063099697051904,11.152475833892822,-1.2298126220703125,-0.23529052734375,0.0639190673828125
1773063099707106816,11.162530660629272,-1.1772003173828125,-0.204193115234375,0.0401763916015625
1773063099717162752,11.172586679458618,-1.1019134521484375,-0.167236328125,0.0077972412109375
1773063099727218944,11.182642698287964,-1.065155029296875,-0.15496826171875,0.0205230712890625
1773063099737273856,11.192697763442993,-1.1148834228515625,-0.1690673828125,0.098663330078125
1773063099747330048,11.202753782272339,-1.1602935791015625,-0.219390869140625,0.116790771484375
1773063099757385984,11.212809801101685,-1.172821044921875,-0.2123870849609375,0.1100616455078125
1773063099767441152,11.222864866256714,-1.1368255615234375,-0.2776641845703125,0.0865325927734375
1773063099777497088,11.23292088508606,-1.079193115234375,-0.2715301513671875,0.0284576416015625
1773063099787552768,11.242976665496826,-1.04437255859375,-0.1938018798828125,-0.0306854248046875
1773063099797607936,11.253031730651855,-1.044952392578125,-0.1114349365234375,0.01934814453125
1773063099807663872,11.263087749481201,-1.072021484375,-0.0629730224609375,0.066864013671875
1773063099817719040,11.27314281463623,-1.1030120849609375,-0.1667022705078125,0.087310791015625
1773063099827774976,11.283198833465576,-1.122711181640625,-0.2435455322265625,0.0767669677734375
1773063099837830912,11.293254852294922,-1.1096038818359375,-0.3027191162109375,0.035980224609375
1773063099847885824,11.303309679031372,-1.0581207275390625,-0.2702178955078125,0.05560302734375
1773063099857941760,11.313365697860718,-1.053955078125,-0.160064697265625,0.0768280029296875
1773063099867997952,11.323421716690063,-1.05523681640625,-0.125457763671875,0.0492401123046875
1773063099878052864,11.333476781845093,-1.02685546875,-0.140106201171875,0.069549560546875
1773063099888109056,11.343532800674438,-1.0625762939453125,-0.1710052490234375,0.126800537109375
1773063099898164992,11.353588819503784,-1.1240997314453125,-0.219757080078125,0.081634521484375
1773063099908220160,11.363643884658813,-1.056732177734375,-0.178375244140625,0.13201904296875
1773063099918275840,11.37369966506958,-1.039794921875,-0.0916290283203125,0.1942291259765625
1773063099928331008,11.38375473022461,-1.0568695068359375,-0.0670623779296875,0.0654449462890625
1773063099938386944,11.393810749053955,-0.9852142333984375,-0.11651611328125,0.0435638427734375
1773063099948442880,11.4038667678833,-0.979278564453125,-0.13104248046875,0.0536041259765625
1773063099958498048,11.41392183303833,-1.001708984375,-0.2242584228515625,-0.0163726806640625
1773063099968553984,11.423977851867676,-0.9372711181640625,-0.2163848876953125,0.0194244384765625
1773063099978609920,11.434033870697021,-0.929962158203125,-0.0654144287109375,0.117584228515625
1773063099988664832,11.444088697433472,-0.9999542236328125,-0.0793609619140625,0.150177001953125
1773063099998720768,11.454144716262817,-1.0792083740234375,-0.148681640625,0.0589141845703125
1773063100008776960,11.464200735092163,-1.0297088623046875,-0.0997161865234375,0.0752410888671875
1773063100018831872,11.474255800247192,-0.9444580078125,-0.0557861328125,0.1199188232421875
1773063100028888064,11.484311819076538,-0.922088623046875,-0.0493621826171875,0.090850830078125
1773063100038942976,11.494366884231567,-0.9279937744140625,-0.05145263671875,0.1056671142578125
1773063100048998912,11.504422664642334,-0.9487762451171875,-0.093231201171875,0.0757293701171875
1773063100059054848,11.51447868347168,-0.9267425537109375,-0.12506103515625,0.066741943359375
1773063100069110016,11.524533748626709,-0.898956298828125,-0.0744171142578125,0.0885162353515625
1773063100079165952,11.534589767456055,-0.9133758544921875,-0.0449371337890625,-0.012298583984375
1773063100089221888,11.5446457862854,-0.915771484375,-0.04913330078125,0.0048980712890625
1773063100099277056,11.55470085144043,-0.9144134521484375,-0.09124755859375,0.0502471923828125
1773063100109332992,11.564756870269775,-0.8729705810546875,-0.1323394775390625,0.0231475830078125
1773063100119389184,11.574812889099121,-0.7727203369140625,-0.0830230712890625,0.110595703125
1773063100129443840,11.584867715835571,-0.8301544189453125,0.0578460693359375,0.1974945068359375
1773063100139499776,11.594923734664917,-1.0507659912109375,0.1286773681640625,0.2021942138671875
1773063100149555968,11.604979753494263,-1.14599609375,0.0802764892578125,-0.017333984375
1773063100159610880,11.615034818649292,-0.9491424560546875,-0.0511474609375,-0.1229400634765625
1773063100169667072,11.625090837478638,-0.708526611328125,-0.0443115234375,-0.102386474609375
1773063100179721728,11.635145664215088,-0.62322998046875,-0.00958251953125,0.08636474609375
1773063100189777920,11.645201683044434,-0.78912353515625,0.0191497802734375,0.0551910400390625
1773063100199833856,11.65525770187378,-0.8958587646484375,0.1407623291015625,-0.00592041015625
1773063100209889024,11.665312767028809,-0.9540557861328125,0.1841278076171875,0.0495452880859375
1773063100219944960,11.675368785858154,-0.9783477783203125,0.2685546875,0.0226287841796875
1773063100230000896,11.6854248046875,-0.9251861572265625,0.1567535400390625,-0.0042266845703125
1773063100240056064,11.69547986984253,-0.837860107421875,-0.0335235595703125,-0.05059814453125
1773063100250112000,11.705535888671875,-0.7436370849609375,-0.087554931640625,-0.118438720703125
1773063100260167936,11.715591669082642,-0.69293212890625,-0.0073394775390625,-0.1735687255859375
1773063100270222848,11.725646734237671,-0.704925537109375,0.0950164794921875,-0.083251953125
1773063100280279040,11.735702753067017,-0.756500244140625,0.098876953125,-0.0538787841796875
1773063100290333952,11.745757818222046,-0.7939910888671875,0.0757598876953125,-0.0819549560546875
1773063100300389888,11.755813837051392,-0.8199920654296875,0.08209228515625,-0.1063232421875
1773063100310446080,11.765869855880737,-0.864501953125,0.0684967041015625,-0.127349853515625
1773063100320500736,11.775924682617188,-0.8601531982421875,0.0301513671875,-0.053009033203125
1773063100330556928,11.785980701446533,-0.7924041748046875,0.0909576416015625,0.0319366455078125
1773063100340612864,11.796036720275879,-0.7115325927734375,0.1573486328125,0.0287628173828125
1773063100350668032,11.806091785430908,-0.71258544921875,0.153594970703125,-0.0120391845703125
1773063100360723968,11.816147804260254,-0.7981109619140625,0.2084808349609375,0.0074005126953125
1773063100370779904,11.8262038230896,-0.8732147216796875,0.1954498291015625,0.04302978515625
1773063100380835072,11.836258888244629,-0.8481597900390625,0.1604156494140625,0.102630615234375
1773063100390891008,11.846314907073975,-0.8223724365234375,0.091949462890625,0.14971923828125
1773063100400947200,11.85637092590332,-0.833740234375,-0.0013885498046875,0.108642578125
1773063100411002112,11.86642599105835,-0.8580474853515625,0.088348388671875,0.0455474853515625
1773063100421058304,11.876482009887695,-0.8566741943359375,0.189971923828125,-0.0608367919921875
1773063100431112960,11.886536836624146,-0.8721771240234375,0.2112579345703125,-0.142913818359375
1773063100441168896,11.896592855453491,-0.9244842529296875,0.2044219970703125,-0.152801513671875
1773063100451225088,11.906648874282837,-0.938079833984375,0.173309326171875,-0.1096343994140625
1773063100461280000,11.916703939437866,-0.9027862548828125,0.111572265625,-0.0064697265625
1773063100471336192,11.926759958267212,-0.86016845703125,0.092010498046875,0.01434326171875
1773063100481392128,11.936815977096558,-0.89288330078125,0.1438446044921875,-0.0476226806640625
1773063100491447040,11.946870803833008,-0.99658203125,0.2019500732421875,-0.0832977294921875
1773063100501502976,11.956926822662354,-1.007659912109375,0.24365234375,-0.1401214599609375
1773063100511558912,11.9669828414917,-0.9356842041015625,0.2429656982421875,-0.1311492919921875
1773063100521614080,11.977037906646729,-1.000396728515625,0.141082763671875,-0.098358154296875
1773063100531670016,11.987093925476074,-1.0753021240234375,0.088287353515625,-0.015350341796875
1773063100541725184,11.997148990631104,-1.01690673828125,0.1670074462890625,0.00885009765625
1773063100551781120,12.00720500946045,-0.9300537109375,0.163787841796875,-0.0283660888671875
1773063100561837056,12.017260789871216,-0.9261016845703125,0.155853271484375,-0.061920166015625
1773063100571891968,12.027315855026245,-0.9459228515625,0.1873626708984375,-0.0955352783203125
1773063100581948160,12.03737187385559,-0.94354248046875,0.1985626220703125,-0.121429443359375
1773063100592004096,12.047427892684937,-0.992156982421875,0.1822662353515625,-0.12615966796875
1773063100602059008,12.057482957839966,-1.0124359130859375,0.140716552734375,-0.0766754150390625
1773063100612115200,12.067538976669312,-0.9576263427734375,0.1409454345703125,-0.0029144287109375
1773063100622171136,12.077594995498657,-0.909332275390625,0.130767822265625,0.0326690673828125
1773063100632226048,12.087649822235107,-0.9072418212890625,0.187530517578125,0.0409393310546875
1773063100642281984,12.097705841064453,-0.9889678955078125,0.246124267578125,0.014434814453125
1773063100652337152,12.107760906219482,-0.9993743896484375,0.252685546875,-0.0563507080078125
1773063100662393088,12.117816925048828,-0.8635711669921875,0.2166290283203125,-0.0706787109375
1773063100672449024,12.127872943878174,-0.851806640625,0.1424713134765625,-0.0300750732421875
1773063100682504192,12.137928009033203,-0.95098876953125,0.1262359619140625,-0.0121002197265625
1773063100692559872,12.14798378944397,-0.9889068603515625,0.1452789306640625,-0.0044403076171875
1773063100702616064,12.158039808273315,-0.9756011962890625,0.146820068359375,-0.005157470703125
1773063100712670976,12.168094873428345,-0.941558837890625,0.14691162109375,-0.0503692626953125
1773063100722727168,12.17815089225769,-0.9251556396484375,0.142486572265625,-0.0793609619140625
1773063100732783104,12.188206911087036,-0.9286346435546875,0.1520233154296875,-0.0658111572265625
1773063100742838272,12.198261976242065,-0.9409332275390625,0.1119537353515625,-0.0952301025390625
1773063100752894208,12.208317995071411,-0.91485595703125,0.16717529296875,-0.1081695556640625
1773063100762948864,12.218372821807861,-0.8808135986328125,0.1670684814453125,-0.0295257568359375
1773063100773005056,12.228428840637207,-0.9128875732421875,0.0759124755859375,0.0065765380859375
1773063100783060992,12.238484859466553,-0.930633544921875,0.07757568359375,0.0400543212890625
1773063100793116160,12.248539924621582,-0.9725341796875,0.1374053955078125,-0.059906005859375
1773063100803172096,12.258595943450928,-0.972412109375,0.19989013671875,-0.1031646728515625
1773063100813228032,12.268651962280273,-0.912200927734375,0.2534332275390625,-0.0986785888671875
1773063100823282944,12.278706789016724,-0.8583221435546875,0.1962890625,-0.095306396484375
1773063100833338880,12.28876280784607,-0.8215789794921875,0.121368408203125,-0.074005126953125
1773063100843395072,12.298818826675415,-0.8121185302734375,0.0027008056640625,0.0080718994140625
1773063100853449984,12.308873891830444,-0.9260711669921875,-0.1260223388671875,0.10284423828125
1773063100863506176,12.31892991065979,-1.0166778564453125,0.1179656982421875,-0.0394287109375
1773063100873561088,12.32898497581482,-0.99273681640625,0.3371734619140625,0.0069732666015625
1773063100883617280,12.339040994644165,-0.98089599609375,0.2598419189453125,0.055938720703125
1773063100893673216,12.34909701347351,-0.8836822509765625,0.350006103515625,-0.0982208251953125
1773063100903728128,12.359151840209961,-0.785919189453125,0.36126708984375,-0.0615386962890625
1773063100913784064,12.369207859039307,-0.8616485595703125,-0.127227783203125,0.0670013427734375
1773063100923840000,12.379263877868652,-0.9198760986328125,-0.22064208984375,-0.00018310546875
1773063100933895168,12.389318943023682,-0.8627166748046875,0.020904541015625,0.02294921875
1773063100943951104,12.399374961853027,-0.883148193359375,0.1097259521484375,0.0347442626953125
1773063100954007040,12.409430980682373,-0.9344482421875,0.1921539306640625,-0.012451171875
1773063100964061952,12.419485807418823,-0.858856201171875,0.1657562255859375,0.0350494384765625
1773063100974117888,12.429541826248169,-0.869049072265625,0.0219573974609375,0.194976806640625
1773063100984174080,12.439597845077515,-0.997161865234375,0.07818603515625,0.149444580078125
1773063100994228992,12.449652910232544,-1.0344085693359375,0.11663818359375,0.1264801025390625
1773063101004285184,12.45970892906189,-0.956787109375,-0.0096435546875,0.07867431640625
1773063101014340096,12.469763994216919,-0.842987060546875,-0.0573577880859375,0.0068817138671875
1773063101024396288,12.479820013046265,-0.7636871337890625,-0.019561767578125,-0.1055755615234375
1773063101034451968,12.489875793457031,-0.6636962890625,-0.0424041748046875,-0.1258392333984375
1773063101044507136,12.49993085861206,-0.684814453125,-0.1513671875,0.091064453125
1773063101054563072,12.509986877441406,-0.9518280029296875,-0.046905517578125,0.009521484375
1773063101064619008,12.520042896270752,-1.0314788818359375,0.0084228515625,-0.1125946044921875
1773063101074674176,12.530097961425781,-0.865478515625,-0.06842041015625,-0.1425018310546875
1773063101084730112,12.540153980255127,-0.7360687255859375,-0.1309051513671875,-0.0984039306640625
1773063101094786048,12.550209999084473,-0.742523193359375,-0.144775390625,-0.0571136474609375
1773063101104840960,12.560264825820923,-0.780670166015625,-0.12213134765625,0.0379791259765625
1773063101114896896,12.570320844650269,-0.9093170166015625,-0.1125030517578125,0.28448486328125
1773063101124952064,12.580375909805298,-1.1975250244140625,-0.0415191650390625,0.0810089111328125
1773063101135008000,12.590431928634644,-1.1771392822265625,-0.0294342041015625,-0.072296142578125
1773063101145064192,12.60048794746399,-0.8342132568359375,-0.104278564453125,0.095245361328125
1773063101155119104,12.610543012619019,-0.723297119140625,-0.1732025146484375,0.054595947265625
1773063101165175040,12.620598793029785,-0.7821044921875,-0.20477294921875,-0.0076904296875
1773063101175230976,12.63065481185913,-0.8271026611328125,-0.1238555908203125,0.211761474609375
1773063101185286144,12.64070987701416,-1.0920867919921875,-0.001953125,0.2620391845703125
1773063101195342080,12.650765895843506,-1.306610107421875,-0.0641021728515625,-0.0510101318359375
1773063101205398016,12.660821914672852,-1.0110321044921875,-0.1028594970703125,0.0977783203125
1773063101215453184,12.67087697982788,-0.800537109375,-0.0786285400390625,0.2209320068359375
1773063101225509120,12.680932998657227,-0.866668701171875,-0.1907806396484375,0.0731201171875
1773063101235565312,12.690989017486572,-0.889862060546875,-0.17401123046875,0.12677001953125
1773063101245619968,12.701043844223022,-1.0098724365234375,-0.0742645263671875,0.219451904296875
1773063101255675904,12.711099863052368,-1.2020111083984375,-0.05804443359375,0.06561279296875
1773063101265731072,12.721154928207397,-1.140838623046875,-0.0810546875,0.1034698486328125
1773063101275787008,12.731210947036743,-0.9955291748046875,-0.136688232421875,0.086639404296875
1773063101285843200,12.741266965866089,-0.8995361328125,-0.2119903564453125,-0.0531768798828125
1773063101295897856,12.751321792602539,-0.7620697021484375,-0.2223358154296875,-0.048492431640625
1773063101305954048,12.761377811431885,-0.7621002197265625,-0.1481475830078125,0.1477508544921875
1773063101316009984,12.77143383026123,-1.0507965087890625,-0.1098480224609375,0.1734771728515625
1773063101326065152,12.78148889541626,-1.3315582275390625,-0.0864410400390625,0.1821441650390625
1773063101336121088,12.791544914245605,-1.3236541748046875,-0.1720428466796875,0.051727294921875
1773063101346177024,12.801600933074951,-0.96240234375,-0.3236541748046875,0.059783935546875
1773063101356232192,12.81165599822998,-0.70806884765625,-0.27264404296875,0.0535125732421875
1773063101366288128,12.821712017059326,-0.76239013671875,-0.167022705078125,0.011383056640625
1773063101376343296,12.831767082214355,-0.954193115234375,0.0290374755859375,0.1460418701171875
1773063101386399232,12.841823101043701,-1.231201171875,0.0268707275390625,0.1653900146484375
1773063101396455168,12.851879119873047,-1.3286895751953125,-0.1361846923828125,0.0706024169921875
1773063101406510080,12.861933946609497,-1.1040496826171875,-0.1960906982421875,0.1574249267578125
1773063101416566016,12.871989965438843,-0.9157562255859375,-0.2651519775390625,0.028167724609375
1773063101426622208,12.882045984268188,-0.8494110107421875,-0.2622222900390625,0.0075531005859375
1773063101436677120,12.892101049423218,-0.8967742919921875,-0.1392822265625,0.0226593017578125
1773063101446733312,12.902157068252563,-0.9971160888671875,-0.064697265625,0.0545196533203125
1773063101456789248,12.91221308708191,-1.0639801025390625,-0.04803466796875,0.2090301513671875
1773063101466844160,12.92226791381836,-1.15667724609375,-0.0815582275390625,0.1115875244140625
1773063101476900096,12.932323932647705,-1.1201019287109375,-0.1556396484375,0.0782318115234375
1773063101486955264,12.942378997802734,-1.01953125,-0.195037841796875,0.0192108154296875
1773063101497011200,12.95243501663208,-0.9369964599609375,-0.2178497314453125,-0.0977020263671875
1773063101507067136,12.962491035461426,-0.877593994140625,-0.1492919921875,-0.0555572509765625
1773063101517122304,12.972546100616455,-0.90960693359375,-0.0684814453125,0.0668487548828125
1773063101527178240,12.9826021194458,-1.0027008056640625,-0.10498046875,0.17584228515625
1773063101537234432,12.992658138275146,-1.1246337890625,-0.171905517578125,0.1917572021484375
1773063101547289088,13.002712965011597,-1.2197723388671875,-0.1789703369140625,0.130157470703125
1773063101557345024,13.012768983840942,-1.1453704833984375,-0.2471466064453125,-0.063873291015625
1773063101567401216,13.022825002670288,-0.89312744140625,-0.2722930908203125,-0.152984619140625
1773063101577456128,13.032880067825317,-0.778472900390625,-0.1255035400390625,-0.0988616943359375
1773063101587512320,13.042936086654663,-0.900421142578125,-0.0410308837890625,-0.0919342041015625
1773063101597566976,13.052990913391113,-1.0202484130859375,-0.1046142578125,-0.052276611328125
1773063101607623168,13.063046932220459,-1.087554931640625,-0.111297607421875,0.0621337890625
1773063101617679104,13.073102951049805,-1.121429443359375,-0.1537017822265625,0.09649658203125
1773063101627734272,13.083158016204834,-1.1348114013671875,-0.2506103515625,0.0796661376953125
1773063101637790208,13.09321403503418,-1.09320068359375,-0.3532257080078125,-0.095428466796875
1773063101647846144,13.103270053863525,-0.965576171875,-0.3650360107421875,-0.2593536376953125
1773063101657901312,13.113325119018555,-0.8728485107421875,-0.2054290771484375,-0.2373809814453125
1773063101667957248,13.1233811378479,-0.897857666015625,-0.099945068359375,-0.1742401123046875
1773063101678013184,13.133436918258667,-0.97235107421875,-0.1301727294921875,-0.0569915771484375
1773063101688068096,13.143491983413696,-1.058197021484375,-0.1885986328125,0.1114349365234375
1773063101698124288,13.153548002243042,-1.1647796630859375,-0.189300537109375,0.065704345703125
1773063101708180224,13.163604021072388,-1.1742401123046875,-0.2382049560546875,-0.0783538818359375
1773063101718235136,13.173659086227417,-1.0052642822265625,-0.268951416015625,-0.075592041015625
1773063101728291328,13.183715105056763,-0.8900299072265625,-0.201751708984375,-0.090728759765625
1773063101738345984,13.193769931793213,-0.9064178466796875,-0.10089111328125,-0.136474609375
1773063101748402176,13.203825950622559,-0.9918212890625,-0.076263427734375,0.01104736328125
1773063101758458112,13.213881969451904,-1.110137939453125,-0.1689453125,0.060089111328125
1773063101768513280,13.223937034606934,-1.1921844482421875,-0.234039306640625,0.023651123046875
1773063101778569216,13.23399305343628,-1.105621337890625,-0.3000640869140625,-0.1256103515625
1773063101788625152,13.244049072265625,-0.9359893798828125,-0.3566741943359375,-0.2125091552734375
1773063101798680320,13.254104137420654,-0.9075164794921875,-0.2893218994140625,-0.0796356201171875
1773063101808736000,13.264159917831421,-1.058197021484375,-0.2120819091796875,-0.0056915283203125
1773063101818792192,13.274215936660767,-1.2184295654296875,-0.21942138671875,-0.049407958984375
1773063101828847104,13.284271001815796,-1.26544189453125,-0.294342041015625,-0.032501220703125
1773063101838903296,13.294327020645142,-1.189849853515625,-0.33941650390625,-0.00372314453125
1773063101848958208,13.304382085800171,-1.1145782470703125,-0.3605804443359375,-0.04974365234375
1773063101859014400,13.314438104629517,-1.1166839599609375,-0.288909912109375,-0.0234222412109375
1773063101869070336,13.324494123458862,-1.213287353515625,-0.1710052490234375,0.0608367919921875
1773063101879124992,13.334548950195312,-1.3244476318359375,-0.17974853515625,0.13226318359375
1773063101889181184,13.344604969024658,-1.344757080078125,-0.323272705078125,0.1069488525390625
1773063101899237120,13.354660987854004,-1.271026611328125,-0.4595184326171875,0.039093017578125
1773063101909292288,13.364716053009033,-1.2075653076171875,-0.40533447265625,-0.0200042724609375
1773063101919348224,13.374772071838379,-1.1977996826171875,-0.3108978271484375,-0.0342254638671875
1773063101929404160,13.384828090667725,-1.2676544189453125,-0.24884033203125,0.0889892578125
1773063101939459072,13.394882917404175,-1.3609619140625,-0.2706451416015625,0.084716796875
1773063101949515008,13.40493893623352,-1.341094970703125,-0.388214111328125,-0.0270843505859375
1773063101959570176,13.41499400138855,-1.21148681640625,-0.4071502685546875,0.00115966796875
1773063101969626112,13.425050020217896,-1.14959716796875,-0.4016265869140625,-0.04034423828125
1773063101979682304,13.435106039047241,-1.180328369140625,-0.460906982421875,-0.0147247314453125
1773063101989737216,13.44516110420227,-1.2169189453125,-0.3924713134765625,0.064361572265625
1773063101999793408,13.455217123031616,-1.2451019287109375,-0.323028564453125,0.0529937744140625
1773063102009849344,13.465273141860962,-1.2169189453125,-0.333526611328125,0.0423583984375
1773063102019904256,13.475327968597412,-1.1771240234375,-0.376068115234375,0.0568695068359375
1773063102029960192,13.485383987426758,-1.1738739013671875,-0.4216156005859375,0.055389404296875
1773063102040016128,13.495440006256104,-1.1425628662109375,-0.427642822265625,-0.0076904296875
1773063102050071296,13.505495071411133,-1.070709228515625,-0.3558349609375,0.02020263671875
1773063102060127232,13.515551090240479,-1.063262939453125,-0.2515411376953125,0.065521240234375
1773063102070182144,13.525605916976929,-1.1341400146484375,-0.21221923828125,0.11968994140625
1773063102080238080,13.535661935806274,-1.212249755859375,-0.2916717529296875,0.0426025390625
1773063102090294016,13.54571795463562,-1.1746063232421875,-0.368255615234375,-0.0677337646484375
1773063102100349184,13.55577301979065,-1.0281982421875,-0.4151458740234375,-0.026763916015625
1773063102110405120,13.565829038619995,-0.95318603515625,-0.4105682373046875,0.05908203125
1773063102120461312,13.57588505744934,-0.9952392578125,-0.340118408203125,0.134246826171875
1773063102130516224,13.58594012260437,-1.0840911865234375,-0.21240234375,0.1566162109375
1773063102140572416,13.595996141433716,-1.1627197265625,-0.118133544921875,0.20501708984375
1773063102150628096,13.606051921844482,-1.1856842041015625,-0.1851654052734375,0.089141845703125
1773063102160683264,13.616106986999512,-1.1171875,-0.3097991943359375,-0.051177978515625
1773063102170739200,13.626163005828857,-0.9810028076171875,-0.328338623046875,-0.0945587158203125
1773063102180794112,13.636218070983887,-0.9209747314453125,-0.2664031982421875,-0.058837890625
1773063102190850304,13.646274089813232,-0.9853668212890625,-0.261260986328125,0.0466156005859375
1773063102200906240,13.656330108642578,-1.085357666015625,-0.29315185546875,0.060516357421875
1773063102210961152,13.666384935379028,-1.121002197265625,-0.31158447265625,0.06060791015625
1773063102221017088,13.676440954208374,-1.0752410888671875,-0.3192596435546875,0.029541015625
1773063102231073024,13.68649697303772,-1.020355224609375,-0.2934722900390625,-0.025909423828125
1773063102241128192,13.696552038192749,-0.9951324462890625,-0.2271575927734375,-0.0581207275390625
1773063102251184128,13.706608057022095,-0.997222900390625,-0.2267303466796875,-0.0630645751953125
1773063102261240320,13.71666407585144,-1.0116729736328125,-0.242279052734375,0.0299530029296875
1773063102271295232,13.72671914100647,-1.0561981201171875,-0.2224273681640625,0.0732421875
1773063102281351168,13.736774921417236,-1.0704498291015625,-0.1650848388671875,0.0657196044921875
1773063102291407104,13.746830940246582,-1.0574188232421875,-0.13262939453125,0.086669921875
1773063102301462272,13.756886005401611,-1.0402069091796875,-0.1560821533203125,0.085296630859375
1773063102311518208,13.766942024230957,-1.0239715576171875,-0.2372894287109375,0.042938232421875
1773063102321573376,13.776997089385986,-0.9664459228515625,-0.2600555419921875,0.023651123046875
1773063102331629312,13.787053108215332,-0.9268035888671875,-0.191497802734375,0.084197998046875
1773063102341685248,13.797109127044678,-0.97393798828125,-0.1324920654296875,0.0772705078125
1773063102351740160,13.807163953781128,-1.034423828125,-0.1304931640625,0.0214080810546875
1773063102361795584,13.817219495773315,-1.039459228515625,-0.1692047119140625,0.0281219482421875
1773063102371851776,13.827275514602661,-1.019012451171875,-0.187744140625,0.036712646484375
1773063102381906688,13.83733057975769,-0.9888153076171875,-0.2108001708984375,0.036956787109375
1773063102391962880,13.847386598587036,-0.945892333984375,-0.19012451171875,0.0475311279296875
1773063102402018816,13.857442617416382,-0.93731689453125,-0.0933074951171875,0.087158203125
1773063102412073728,13.867497444152832,-0.9684906005859375,-0.0770721435546875,0.029815673828125
1773063102422129664,13.877553462982178,-0.991241455078125,-0.1574859619140625,0.0233612060546875
1773063102432184576,13.887608528137207,-0.9697418212890625,-0.2476959228515625,-0.084930419921875
1773063102442240768,13.897664546966553,-0.8889617919921875,-0.3000335693359375,-0.1032562255859375
1773063102452296704,13.907720565795898,-0.848968505859375,-0.175323486328125,-0.026641845703125
1773063102462351872,13.917775630950928,-0.893585205078125,-0.0631256103515625,0.00054931640625
1773063102472407552,13.927831411361694,-0.9783172607421875,-0.0197296142578125,0.09735107421875
1773063102482463488,13.93788743019104,-1.061798095703125,0.00933837890625,0.1417388916015625
1773063102492518656,13.94794249534607,-1.0634613037109375,-0.1155548095703125,0.0246734619140625
1773063102502574592,13.957998514175415,-0.9461212158203125,-0.21124267578125,-0.1399688720703125
1773063102512630784,13.96805453300476,-0.8026275634765625,-0.1878509521484375,-0.143096923828125
1773063102522685696,13.97810959815979,-0.7649078369140625,-0.124267578125,-0.0572967529296875
1773063102532741888,13.988165616989136,-0.8140716552734375,-0.03143310546875,0.0904083251953125
1773063102542796544,13.998220443725586,-0.984405517578125,0.0340728759765625,0.0502166748046875
1773063102552852736,14.008276462554932,-1.0301666259765625,0.0094146728515625,0.046356201171875
1773063102562908672,14.018332481384277,-0.983856201171875,-0.086517333984375,0.175384521484375
1773063102572963840,14.028387546539307,-0.9789886474609375,-0.1071014404296875,0.1382293701171875
1773063102583019776,14.038443565368652,-0.93878173828125,-0.0146942138671875,-0.02557373046875
1773063102593075712,14.048499584197998,-0.8271331787109375,0.1184234619140625,-0.1127166748046875
1773063102603130624,14.058554410934448,-0.73388671875,0.0806427001953125,-0.1095428466796875
1773063102613186560,14.068610429763794,-0.7646942138671875,0.0503082275390625,-0.0762939453125
1773063102623242496,14.07866644859314,-0.8696746826171875,0.0558319091796875,-0.01568603515625
1773063102633297664,14.088721513748169,-0.937957763671875,-0.0703887939453125,0.03387451171875
1773063102643353600,14.098777532577515,-0.8874969482421875,-0.0627288818359375,-0.001800537109375
1773063102653408768,14.108832597732544,-0.798004150390625,0.05303955078125,0.02447509765625
1773063102663464704,14.11888861656189,-0.801971435546875,0.195220947265625,0.0501861572265625
1773063102673520896,14.128944635391235,-0.8229522705078125,0.24090576171875,-0.0231170654296875
1773063102683575552,14.138999462127686,-0.812469482421875,0.17535400390625,-0.146881103515625
1773063102693631744,14.149055480957031,-0.8203277587890625,0.1231231689453125,-0.1278533935546875
1773063102703687680,14.159111499786377,-0.8366546630859375,0.029449462890625,-0.014190673828125
1773063102713742848,14.169166564941406,-0.8335418701171875,0.02825927734375,0.0520172119140625
1773063102723798784,14.179222583770752,-0.7875213623046875,0.045623779296875,0.0193939208984375
1773063102733854720,14.189278602600098,-0.765716552734375,0.1280670166015625,-0.0059356689453125
1773063102743909632,14.199333429336548,-0.7911529541015625,0.221649169921875,-0.065887451171875
1773063102753965568,14.209389448165894,-0.79931640625,0.2074432373046875,-0.1469573974609375
1773063102764020736,14.219444513320923,-0.78961181640625,0.11407470703125,-0.06866455078125
1773063102774076672,14.229500532150269,-0.826568603515625,0.04461669921875,0.07635498046875
1773063102784132608,14.239556550979614,-0.8212738037109375,0.0283355712890625,0.0806884765625
1773063102794187776,14.249611616134644,-0.7529296875,0.15435791015625,0.104400634765625
1773063102804243712,14.25966763496399,-0.8045501708984375,0.22259521484375,0.145751953125
1773063102814299648,14.269723415374756,-0.9201507568359375,0.21337890625,0.1120758056640625
1773063102824354560,14.279778480529785,-0.9228057861328125,0.3126220703125,0.0833740234375
1773063102834410752,14.28983449935913,-0.9016265869140625,0.3045806884765625,0.041961669921875
1773063102844465664,14.29988956451416,-0.92523193359375,0.07781982421875,-0.0253753662109375
1773063102854521856,14.309945583343506,-0.8706512451171875,0.10845947265625,0.027435302734375
1773063102864577792,14.320001602172852,-0.8125,0.2064056396484375,0.0594940185546875
1773063102874632704,14.330056428909302,-0.77630615234375,0.2522430419921875,0.019744873046875
1773063102884688640,14.340112447738647,-0.7635040283203125,0.3424224853515625,-0.00018310546875
1773063102894744576,14.350168466567993,-0.8636627197265625,0.373748779296875,0.0261077880859375
1773063102904799744,14.360223531723022,-1.014495849609375,0.2243804931640625,-0.0101470947265625
1773063102914855680,14.370279550552368,-1.0604705810546875,0.036285400390625,-0.0270233154296875
1773063102924911616,14.380335569381714,-0.961822509765625,0.0932159423828125,0.0516815185546875
1773063102934966784,14.390390634536743,-0.9058685302734375,0.185302734375,0.05035400390625
1773063102945022464,14.40044641494751,-0.9152374267578125,0.1580810546875,0.0081787109375
1773063102955077632,14.410501480102539,-0.911346435546875,0.1590118408203125,-0.0181884765625
1773063102965133568,14.420557498931885,-0.9327545166015625,0.196624755859375,-0.0063018798828125
1773063102975189760,14.43061351776123,-1.0364837646484375,0.17315673828125,-0.0294342041015625
1773063102985244672,14.44066858291626,-1.0494384765625,0.139617919921875,-0.0124053955078125
1773063102995300864,14.450724601745605,-0.972564697265625,0.1815032958984375,0.009307861328125
1773063103005356800,14.460780620574951,-0.9295806884765625,0.187469482421875,0.0367889404296875
1773063103015411712,14.470835447311401,-0.93487548828125,0.177764892578125,0.0587158203125
1773063103025467648,14.480891466140747,-0.9469451904296875,0.1884002685546875,0.0597381591796875
1773063103035523584,14.490947484970093,-0.9552764892578125,0.18585205078125,0.05267333984375
1773063103045578752,14.501002550125122,-0.9971771240234375,0.1618804931640625,0.0564117431640625
1773063103055634688,14.511058568954468,-1.045196533203125,0.1005706787109375,0.03338623046875
1773063103065690880,14.521114587783813,-1.027374267578125,0.081817626953125,-0.0243682861328125
1773063103075745536,14.531169414520264,-0.9411468505859375,0.17437744140625,-0.0545806884765625
1773063103085801728,14.54122543334961,-0.9180908203125,0.1979522705078125,-0.0192718505859375
1773063103095856640,14.551280498504639,-0.9658966064453125,0.1617279052734375,-0.0030670166015625
1773063103105912576,14.561336517333984,-0.977783203125,0.16741943359375,-0.0243988037109375
1773063103115968768,14.57139253616333,-1.0051727294921875,0.1774139404296875,-0.02044677734375
1773063103126023680,14.58144760131836,-1.0673065185546875,0.1620635986328125,0.0149078369140625
1773063103136079872,14.591503620147705,-1.0620269775390625,0.172760009765625,0.022247314453125
1773063103146135808,14.60155963897705,-0.9817047119140625,0.204986572265625,-0.0193634033203125
1773063103156190720,14.611614465713501,-0.960235595703125,0.2356109619140625,-0.0237579345703125
1773063103166246656,14.621670484542847,-0.994873046875,0.2320556640625,-0.02203369140625
1773063103176301824,14.631725549697876,-0.9954071044921875,0.226898193359375,-0.012054443359375
1773063103186357760,14.641781568527222,-0.9943084716796875,0.243377685546875,-0.0189208984375
1773063103196413696,14.651837587356567,-0.9958343505859375,0.2403717041015625,-0.0160064697265625
1773063103206468608,14.661892414093018,-0.997772216796875,0.19171142578125,-0.0070953369140625
1773063103216524544,14.671948432922363,-0.9912109375,0.1772613525390625,-0.0195465087890625
1773063103226580736,14.682004451751709,-0.951629638671875,0.1761627197265625,-0.031585693359375
1773063103236635648,14.692059516906738,-0.9143218994140625,0.1558380126953125,-0.0110321044921875
1773063103246691584,14.702115535736084,-0.8969879150390625,0.1331024169921875,-0.0078277587890625
1773063103256747776,14.71217155456543,-0.8798370361328125,0.14031982421875,-0.0211944580078125
1773063103266802688,14.722226619720459,-0.87164306640625,0.1674346923828125,0.0003509521484375
1773063103276858880,14.732282638549805,-0.9017333984375,0.210479736328125,0.0453643798828125
1773063103286913536,14.742337465286255,-0.9201812744140625,0.228363037109375,0.0590057373046875
1773063103296969728,14.7523934841156,-0.88519287109375,0.1866455078125,0.0319366455078125
1773063103307025664,14.762449502944946,-0.83746337890625,0.138671875,0.02410888671875
1773063103317080832,14.772504568099976,-0.812652587890625,0.111785888671875,0.037078857421875
1773063103327136768,14.782560586929321,-0.7962493896484375,0.074981689453125,0.068267822265625
1773063103337192704,14.792616605758667,-0.8448944091796875,0.0472564697265625,0.1532745361328125
1773063103347247616,14.802671432495117,-0.950836181640625,0.1349029541015625,0.0643157958984375
1773063103357303552,14.812727451324463,-0.938629150390625,0.1996612548828125,-0.0674591064453125
1773063103367359488,14.82278323173523,-0.8379364013671875,0.1790771484375,-0.0869903564453125
1773063103377414144,14.83283805847168,-0.753753662109375,0.125396728515625,-0.04534912109375
1773063103387470336,14.842894077301025,-0.732574462890625,0.0892181396484375,0.0269927978515625
1773063103397525248,14.852949142456055,-0.738922119140625,0.0440521240234375,0.19671630859375
1773063103407581440,14.8630051612854,-0.9180145263671875,0.022552490234375,0.25628662109375
1773063103417637376,14.873061180114746,-1.183380126953125,0.3032989501953125,0.0724945068359375
1773063103427692288,14.883116245269775,-1.1544036865234375,0.3519744873046875,0.0248260498046875
1773063103437748480,14.893172264099121,-0.9357757568359375,0.1718597412109375,0.001678466796875
1773063103447804160,14.903228044509888,-0.737274169921875,0.0169677734375,-0.023101806640625
1773063103457859328,14.913283109664917,-0.63885498046875,-0.0704193115234375,0.0044708251953125
1773063103467915264,14.923339128494263,-0.66778564453125,-0.08984375,0.106964111328125
1773063103477971200,14.933395147323608,-0.7866058349609375,-0.0469818115234375,0.122894287109375
1773063103488026368,14.943450212478638,-0.95220947265625,0.04345703125,0.1953887939453125
1773063103498082304,14.953506231307983,-1.0763397216796875,0.21478271484375,0.15643310546875
1773063103508137216,14.963561058044434,-1.0164947509765625,0.123291015625,0.0337982177734375
1773063103518193152,14.97361707687378,-0.84417724609375,-0.015106201171875,-0.070098876953125
1773063103528249344,14.983673095703125,-0.6729583740234375,-0.1305694580078125,-0.0800628662109375
1773063103538304256,14.993728160858154,-0.62261962890625,-0.19287109375,0.0958709716796875
1773063103548360448,15.0037841796875,-0.7579803466796875,-0.09832763671875,0.2332916259765625
1773063103558416384,15.013840198516846,-1.004669189453125,0.0839996337890625,0.269561767578125
1773063103568471552,15.023895263671875,-1.1752166748046875,0.1497344970703125,0.2886962890625
1773063103578527232,15.033951044082642,-1.1559295654296875,-0.00335693359375,0.188262939453125
1773063103588583168,15.044007062911987,-0.960662841796875,-0.0971832275390625,0.0467071533203125
1773063103598638336,15.054062128067017,-0.7288970947265625,-0.1368560791015625,0.0857696533203125
1773063103608694272,15.064118146896362,-0.6137542724609375,-0.108795166015625,0.11187744140625
1773063103618749440,15.074173212051392,-0.6616363525390625,-0.125701904296875,0.0946044921875
1773063103628805376,15.084229230880737,-0.8883209228515625,-0.1036834716796875,0.1426544189453125
1773063103638861312,15.094285249710083,-1.132354736328125,-0.077117919921875,0.1830902099609375
1773063103648916224,15.104340076446533,-1.2287750244140625,-0.0659332275390625,0.139617919921875
1773063103658972160,15.114396095275879,-1.0995635986328125,-0.0360870361328125,0.2447967529296875
1773063103669028352,15.124452114105225,-0.923828125,-0.0984954833984375,0.179107666015625
1773063103679083264,15.134507179260254,-0.79248046875,-0.1598358154296875,0.058441162109375
1773063103689139456,15.1445631980896,-0.7220001220703125,-0.16314697265625,0.2002410888671875
1773063103699195392,15.154619216918945,-0.9213104248046875,-0.0798797607421875,0.278289794921875
1773063103709250304,15.164674043655396,-1.20318603515625,-0.0185394287109375,0.19732666015625
1773063103719306240,15.174730062484741,-1.258941650390625,-0.106781005859375,0.196044921875
1773063103729361408,15.18478512763977,-1.079803466796875,-0.19281005859375,0.1152496337890625
1773063103739417344,15.194841146469116,-0.8465728759765625,-0.25115966796875,0.070220947265625
1773063103749473280,15.204897165298462,-0.738525390625,-0.186553955078125,0.058624267578125
1773063103759528448,15.214952230453491,-0.798309326171875,-0.0882110595703125,0.1952362060546875
1773063103769584384,15.225008249282837,-1.0529327392578125,-0.060028076171875,0.2999114990234375
1773063103779640320,15.235064268112183,-1.29632568359375,-0.062591552734375,0.19366455078125
1773063103789695232,15.245119094848633,-1.234130859375,-0.15753173828125,0.2511138916015625
1773063103799751168,15.255175113677979,-1.044891357421875,-0.2748260498046875,0.1558837890625
1773063103809807360,15.265231132507324,-0.8420867919921875,-0.296142578125,0.0553131103515625
1773063103819862272,15.275286197662354,-0.7265472412109375,-0.1679229736328125,0.048248291015625
1773063103829918464,15.2853422164917,-0.7752838134765625,-0.0790557861328125,0.1504669189453125
1773063103839973120,15.29539704322815,-0.992919921875,-0.0562591552734375,0.3741302490234375
1773063103850029312,15.305453062057495,-1.3502960205078125,-0.0143585205078125,0.3644561767578125
1773063103860085248,15.31550908088684,-1.4041595458984375,-0.1216583251953125,0.249114990234375
1773063103870140416,15.32556414604187,-1.0453033447265625,-0.2223968505859375,0.2177276611328125
1773063103880196352,15.335620164871216,-0.7684478759765625,-0.2490997314453125,0.122772216796875
1773063103890252288,15.345676183700562,-0.7231597900390625,-0.1999359130859375,0.0543670654296875
1773063103900307456,15.35573124885559,-0.843414306640625,-0.0558624267578125,0.1069488525390625
1773063103910363392,15.365787267684937,-1.0291595458984375,-0.0197906494140625,0.2855377197265625
1773063103920418304,15.375842094421387,-1.210296630859375,-0.0649261474609375,0.34393310546875
1773063103930474240,15.385898113250732,-1.22869873046875,-0.157073974609375,0.3089752197265625
1773063103940530176,15.395954132080078,-1.0638427734375,-0.3203277587890625,0.1645355224609375
1773063103950585344,15.406009197235107,-0.87567138671875,-0.3061065673828125,0.0588836669921875
1773063103960641280,15.416065216064453,-0.7978515625,-0.1225738525390625,0.0572357177734375
1773063103970697472,15.426121234893799,-0.84002685546875,-0.0182647705078125,0.105865478515625
1773063103980752128,15.436176061630249,-0.9435577392578125,-0.0169830322265625,0.2340240478515625
1773063103990808320,15.446232080459595,-1.072784423828125,-0.1151123046875,0.295501708984375
1773063104000864256,15.45628809928894,-1.1873931884765625,-0.1804351806640625,0.3206634521484375
1773063104010919424,15.46634316444397,-1.2139739990234375,-0.1728363037109375,0.285980224609375
1773063104020975360,15.476399183273315,-1.082061767578125,-0.2353515625,0.1201629638671875
1773063104031030528,15.486454248428345,-0.8689727783203125,-0.2537078857421875,0.0229949951171875
1773063104041086464,15.49651026725769,-0.7417144775390625,-0.1608123779296875,0.076568603515625
1773063104051142144,15.506566047668457,-0.81878662109375,-0.044219970703125,0.1680908203125
1773063104061197312,15.516621112823486,-1.0055084228515625,-0.0582275390625,0.2481536865234375
1773063104071253248,15.526677131652832,-1.1826934814453125,-0.1244659423828125,0.25909423828125
1773063104081309440,15.536733150482178,-1.199920654296875,-0.160247802734375,0.340362548828125
1773063104091364352,15.546788215637207,-1.096893310546875,-0.1805419921875,0.2576141357421875
1773063104101420288,15.556844234466553,-0.9506988525390625,-0.198577880859375,0.1548309326171875
1773063104111476480,15.566900253295898,-0.8671112060546875,-0.06207275390625,0.164306640625
1773063104121531136,15.576955080032349,-0.907745361328125,0.0087890625,0.1674041748046875
1773063104131587328,15.587011098861694,-0.9775390625,-0.0707244873046875,0.3077239990234375
1773063104141643264,15.59706711769104,-1.095184326171875,-0.096832275390625,0.3131103515625
1773063104151698432,15.60712218284607,-1.131256103515625,-0.1436614990234375,0.314544677734375
1773063104161754368,15.617178201675415,-1.0801849365234375,-0.208160400390625,0.245697021484375
1773063104171809536,15.627233266830444,-1.0100555419921875,-0.2506256103515625,0.0771942138671875
1773063104181865216,15.637289047241211,-0.8968505859375,-0.1542510986328125,0.0854949951171875
1773063104191921152,15.647345066070557,-0.8580322265625,-0.0487060546875,0.0921630859375
1773063104201976320,15.657400131225586,-0.8971405029296875,-0.0631103515625,0.0977630615234375
1773063104212032256,15.667456150054932,-0.9634552001953125,-0.0783538818359375,0.1968841552734375
1773063104222088448,15.677512168884277,-1.049896240234375,-0.1580352783203125,0.3208465576171875
1773063104232143360,15.687567234039307,-1.146240234375,-0.2399444580078125,0.2666778564453125
1773063104242199296,15.697623252868652,-1.104217529296875,-0.238922119140625,0.1546783447265625
1773063104252254208,15.707678079605103,-0.9451751708984375,-0.16387939453125,0.1301422119140625
1773063104262310144,15.717734098434448,-0.8903350830078125,-0.0909423828125,0.1484527587890625
1773063104272366336,15.727790117263794,-0.9417266845703125,-0.078277587890625,0.1310577392578125
1773063104282421248,15.737845182418823,-0.9960479736328125,-0.087677001953125,0.145477294921875
1773063104292477440,15.747901201248169,-1.050048828125,-0.08648681640625,0.280029296875
1773063104302533376,15.757957220077515,-1.147003173828125,-0.1581573486328125,0.2274932861328125
1773063104312588288,15.768012046813965,-1.125244140625,-0.23809814453125,0.1521453857421875
1773063104322644224,15.77806806564331,-1.0179595947265625,-0.197357177734375,0.1226654052734375
1773063104332700160,15.788124084472656,-0.9738311767578125,-0.1678466796875,0.08929443359375
1773063104342755328,15.798179149627686,-0.9956817626953125,-0.1336669921875,0.1132354736328125
1773063104352811264,15.808235168457031,-1.061614990234375,-0.1157684326171875,0.1400146484375
1773063104362867456,15.818291187286377,-1.128021240234375,-0.1795501708984375,0.14813232421875
1773063104372922368,15.828346252441406,-1.17181396484375,-0.2320709228515625,0.1934356689453125
1773063104382978560,15.838402271270752,-1.1991424560546875,-0.2497406005859375,0.14959716796875
1773063104393033472,15.848457336425781,-1.1367034912109375,-0.28662109375,0.0221099853515625
1773063104403089408,15.858513355255127,-1.074127197265625,-0.2335205078125,0.064849853515625
1773063104413145600,15.868569374084473,-1.1025848388671875,-0.163970947265625,0.1024322509765625
1773063104423200256,15.878624200820923,-1.194091796875,-0.1653594970703125,0.11376953125
1773063104433256448,15.888680219650269,-1.276702880859375,-0.2053680419921875,0.11334228515625
1773063104443312384,15.898736238479614,-1.2911529541015625,-0.2265625,0.142059326171875
1773063104453367552,15.908791303634644,-1.2835540771484375,-0.2515716552734375,0.15557861328125
1773063104463423488,15.91884732246399,-1.26226806640625,-0.29168701171875,0.0706024169921875
1773063104473478656,15.928902387619019,-1.2277984619140625,-0.2952728271484375,0.02606201171875
1773063104483534336,15.938958168029785,-1.214385986328125,-0.2670135498046875,-0.01904296875
1773063104493590272,15.94901418685913,-1.20770263671875,-0.2239837646484375,-0.0012054443359375
1773063104503645440,15.95906925201416,-1.23162841796875,-0.2077484130859375,0.0599212646484375
1773063104513701376,15.969125270843506,-1.270050048828125,-0.2401275634765625,0.0623779296875
1773063104523757568,15.979181289672852,-1.292816162109375,-0.3193359375,0.020843505859375
1773063104533812480,15.98923635482788,-1.2579345703125,-0.348907470703125,-0.035736083984375
1773063104543868416,15.999292373657227,-1.2126617431640625,-0.2647247314453125,-0.015899658203125
1773063104553924608,16.009348392486572,-1.1706695556640625,-0.147308349609375,0.0279541015625
1773063104563979264,16.019403219223022,-1.1716766357421875,-0.1679840087890625,0.0221099853515625
1773063104574035456,16.029459238052368,-1.18609619140625,-0.2168731689453125,0.0433807373046875
1773063104584090368,16.039514303207397,-1.2079925537109375,-0.258148193359375,0.082122802734375
1773063104594146560,16.049570322036743,-1.2067413330078125,-0.314544677734375,0.0648193359375
1773063104604202496,16.05962634086609,-1.1737518310546875,-0.308502197265625,0.0684814453125
1773063104614257408,16.06968116760254,-1.1352691650390625,-0.2463226318359375,0.0225677490234375
1773063104624313344,16.079737186431885,-1.1071319580078125,-0.1640167236328125,-0.01446533203125
1773063104634369280,16.08979320526123,-1.115936279296875,-0.1443939208984375,-0.01666259765625
1773063104644424448,16.09984827041626,-1.11883544921875,-0.1868743896484375,-0.065643310546875
1773063104654480384,16.109904289245605,-1.0748748779296875,-0.3014984130859375,-0.0681304931640625
1773063104664536576,16.11996030807495,-1.04400634765625,-0.3181610107421875,0.03436279296875
1773063104674591488,16.13001537322998,-1.0866851806640625,-0.264129638671875,0.0315399169921875
1773063104684647680,16.140071392059326,-1.123809814453125,-0.2789154052734375,-0.0179443359375
1773063104694702336,16.150126218795776,-1.093353271484375,-0.256256103515625,-0.0012664794921875
1773063104704758528,16.160182237625122,-1.06494140625,-0.1852874755859375,0.015167236328125
1773063104714814464,16.170238256454468,-1.0558013916015625,-0.19927978515625,-0.0445556640625
1773063104724869376,16.180293321609497,-1.05291748046875,-0.2390899658203125,-0.041839599609375
1773063104734925568,16.190349340438843,-1.06756591796875,-0.2446746826171875,-0.025054931640625
1773063104744981504,16.20040535926819,-1.062835693359375,-0.2519073486328125,-0.0063018798828125
1773063104755036416,16.21046018600464,-1.0416412353515625,-0.299468994140625,-0.0203704833984375
1773063104765092352,16.220516204833984,-0.992889404296875,-0.316070556640625,0.0233001708984375
1773063104775147520,16.230571269989014,-1.0048370361328125,-0.257171630859375,0.1004638671875
1773063104785203456,16.24062728881836,-1.077301025390625,-0.195648193359375,0.0807952880859375
1773063104795259392,16.250683307647705,-1.11456298828125,-0.2114410400390625,0.0399322509765625
1773063104805314560,16.260738372802734,-1.081085205078125,-0.278076171875,-0.003997802734375
1773063104815370496,16.27079439163208,-0.9881134033203125,-0.234130859375,-0.052337646484375
1773063104825426432,16.280850172042847,-0.909393310546875,-0.165191650390625,0.000762939453125
1773063104835481344,16.290905237197876,-0.931884765625,-0.270904541015625,0.1279144287109375
1773063104845537536,16.30096125602722,-1.0312957763671875,-0.27947998046875,0.18609619140625
1773063104855593472,16.311017274856567,-1.1210174560546875,-0.103302001953125,0.253082275390625
1773063104865648384,16.321072340011597,-1.1198577880859375,-0.1130828857421875,0.2586669921875
1773063104875704576,16.331128358840942,-1.039581298828125,-0.30029296875,0.113739013671875
1773063104885759232,16.341183185577393,-0.964111328125,-0.2520294189453125,0.021514892578125
1773063104895815424,16.35123920440674,-0.861175537109375,-0.1317291259765625,-0.02001953125
1773063104905871360,16.361295223236084,-0.825897216796875,-0.2022857666015625,0.0301513671875
1773063104915926528,16.371350288391113,-0.922149658203125,-0.2626953125,0.148345947265625
1773063104925982464,16.38140630722046,-1.072265625,-0.2020263671875,0.1970977783203125
1773063104936038400,16.391462326049805,-1.1413116455078125,-0.1646575927734375,0.136749267578125
1773063104946093568,16.401517391204834,-1.026275634765625,-0.2608795166015625,0.1065673828125
1773063104956149248,16.4115731716156,-0.9274139404296875,-0.295196533203125,0.0595550537109375
1773063104966205440,16.421629190444946,-0.8370361328125,-0.2060546875,0.03387451171875
1773063104976260352,16.431684255599976,-0.80328369140625,-0.1582183837890625,0.0863189697265625
1773063104986316544,16.44174027442932,-0.9354248046875,-0.12005615234375,0.134796142578125
1773063104996371456,16.45179533958435,-1.0764312744140625,-0.0753021240234375,0.087249755859375
1773063105006427648,16.461851358413696,-1.0798492431640625,-0.200103759765625,0.1204986572265625
1773063105016483584,16.471907377243042,-0.9678955078125,-0.283355712890625,0.1650390625
1773063105026538496,16.481962203979492,-0.9376373291015625,-0.1553802490234375,0.1808929443359375
1773063105036594432,16.492018222808838,-0.9491119384765625,-0.0320587158203125,0.191650390625
1773063105046650368,16.502074241638184,-0.9187469482421875,-0.1367034912109375,0.14569091796875
1773063105056705536,16.512129306793213,-0.9279937744140625,-0.0773468017578125,0.1134033203125
1773063105066761472,16.52218532562256,-0.930328369140625,0.0084381103515625,0.11395263671875
1773063105076817408,16.532241344451904,-0.988677978515625,-0.00048828125,0.042236328125
1773063105086872320,16.542296171188354,-0.96490478515625,-0.07440185546875,0.0352020263671875
1773063105096928256,16.5523521900177,-0.86651611328125,-0.252166748046875,0.11419677734375
1773063105106983424,16.56240725517273,-0.865203857421875,-0.11895751953125,0.1327056884765625
1773063105117039360,16.572463274002075,-0.9253082275390625,0.0553741455078125,0.202484130859375
1773063105127095552,16.58251929283142,-0.9575042724609375,0.0808868408203125,0.2201080322265625
1773063105137150464,16.59257435798645,-0.943115234375,0.1169586181640625,0.0448150634765625
1773063105147206656,16.602630376815796,-0.8480072021484375,0.089935302734375,-0.0196533203125
1773063105157262336,16.612686157226562,-0.8118133544921875,0.0618896484375,-0.0182952880859375
1773063105167317504,16.622741222381592,-0.7680206298828125,-0.0160369873046875,-0.0385284423828125
1773063105177373440,16.632797241210938,-0.73687744140625,-0.1003265380859375,-0.06988525390625
1773063105187429376,16.642853260040283,-0.69964599609375,-0.1159210205078125,-0.076751708984375
1773063105197484544,16.652908325195312,-0.68878173828125,-0.0565185546875,0.013916015625
1773063105207540480,16.662964344024658,-0.7593231201171875,0.0712738037109375,0.03826904296875
1773063105217595392,16.67301917076111,-0.8171844482421875,0.0976715087890625,-0.005645751953125
1773063105227651328,16.683075189590454,-0.867523193359375,0.1214752197265625,-0.1060638427734375
1773063105237707264,16.6931312084198,-0.8308868408203125,0.143035888671875,-0.054534912109375
1773063105247762432,16.70318627357483,-0.7376861572265625,0.0691986083984375,0.077117919921875
1773063105257818368,16.713242292404175,-0.7028656005859375,0.0787506103515625,0.160125732421875
1773063105267874560,16.72329831123352,-0.7637786865234375,0.110504150390625,0.068450927734375
1773063105277929472,16.73335337638855,-0.8210601806640625,0.1910552978515625,0.02435302734375
1773063105287985408,16.743409156799316,-0.801025390625,0.295623779296875,-0.03375244140625
1773063105298040320,16.753464221954346,-0.7676849365234375,0.154876708984375,-0.0333251953125
1773063105308096512,16.76352024078369,-0.7425689697265625,0.0383453369140625,-0.0227203369140625
1773063105318152448,16.773576259613037,-0.6765289306640625,0.0840301513671875,-0.0197906494140625
1773063105328207616,16.783631324768066,-0.7272186279296875,0.1889801025390625,0.089599609375
1773063105338263552,16.793687343597412,-0.8907012939453125,0.170257568359375,0.1153411865234375
1773063105348319488,16.803743362426758,-0.95709228515625,0.2492218017578125,0.08636474609375
1773063105358374400,16.813798189163208,-0.9088287353515625,0.3503265380859375,-0.0123443603515625
1773063105368430592,16.823854446411133,-0.8990936279296875,0.3519439697265625,-0.0119476318359375
1773063105378486528,16.83391046524048,-0.98577880859375,0.2212982177734375,0.0158538818359375
1773063105388541440,16.84396529197693,-0.9700927734375,0.1071929931640625,-0.028228759765625
1773063105398597376,16.854021310806274,-0.834625244140625,0.1344146728515625,-0.043701171875
1773063105408653568,16.86407732963562,-0.802734375,0.164276123046875,-0.073394775390625
1773063105418708480,16.87413239479065,-0.8875579833984375,0.2277374267578125,-0.1548919677734375
1773063105428764672,16.884188413619995,-0.930633544921875,0.2736358642578125,-0.147857666015625
1773063105438819584,16.894243478775024,-0.936248779296875,0.26861572265625,-0.0820465087890625
1773063105448875776,16.90429949760437,-0.9522705078125,0.2027435302734375,-0.0532989501953125
1773063105458931712,16.914355516433716,-0.9681243896484375,0.212890625,0.027862548828125
1773063105468986624,16.924410343170166,-0.9544525146484375,0.2535247802734375,0.071868896484375
1773063105479042560,16.93446636199951,-0.956298828125,0.32305908203125,0.0640106201171875
1773063105489098496,16.944522380828857,-1.0027923583984375,0.4200439453125,0.080078125
1773063105499153664,16.954577445983887,-1.0601806640625,0.4078826904296875,0.1096343994140625
1773063105509209600,16.964633464813232,-1.0751800537109375,0.332275390625,0.0978240966796875
1773063105519264512,16.974688291549683,-1.003143310546875,0.1774749755859375,0.0041351318359375
1773063105529320448,16.98474431037903,-0.87615966796875,0.0863494873046875,-0.032257080078125
1773063105539376384,16.994800329208374,-0.880157470703125,0.100982666015625,0.0140533447265625
1773063105549431552,17.004855394363403,-0.9406280517578125,0.1022186279296875,-0.0139923095703125
1773063105559487488,17.01491141319275,-0.9288330078125,0.1539764404296875,-0.0504913330078125
1773063105569543680,17.024967432022095,-0.916778564453125,0.1996307373046875,0.0064239501953125
1773063105579598592,17.035022497177124,-0.9683685302734375,0.1799163818359375,0.0536956787109375
1773063105589654784,17.04507851600647,-0.9929962158203125,0.13104248046875,0.0339813232421875
1773063105599710464,17.055134296417236,-0.943115234375,0.1700286865234375,0.0461883544921875
1773063105609765632,17.065189361572266,-0.9150848388671875,0.1900787353515625,0.073089599609375
1773063105619821568,17.07524538040161,-0.92559814453125,0.1847991943359375,0.087615966796875
1773063105629876736,17.08530044555664,-0.9412384033203125,0.221466064453125,0.0844268798828125
1773063105639932672,17.095356464385986,-0.950714111328125,0.2319793701171875,0.03564453125
1773063105649988608,17.105412483215332,-0.9514007568359375,0.2056732177734375,0.0440521240234375
1773063105660043520,17.115467309951782,-0.977783203125,0.10845947265625,0.0521087646484375
1773063105670099456,17.125523328781128,-0.975982666015625,0.12347412109375,0.0487060546875
1773063105680155392,17.135579347610474,-0.9682159423828125,0.218505859375,0.055694580078125
1773063105690210560,17.145634412765503,-1.0134429931640625,0.2256927490234375,0.0296630859375
1773063105700266496,17.15569043159485,-1.024017333984375,0.2655792236328125,0.0147247314453125
1773063105710322688,17.165746450424194,-0.9839019775390625,0.2995147705078125,-0.0040435791015625
1773063105720377600,17.175801515579224,-1.0043182373046875,0.307098388671875,-0.010040283203125
1773063105730433536,17.18585729598999,-1.0774688720703125,0.2715301513671875,-0.0176849365234375
1773063105740488448,17.19591236114502,-1.0708465576171875,0.2098846435546875,-0.01690673828125
1773063105750544640,17.205968379974365,-1.003448486328125,0.2266082763671875,0.0166015625
1773063105760600576,17.21602439880371,-0.9776763916015625,0.2457122802734375,0.007781982421875
1773063105770655744,17.22607946395874,-0.98614501953125,0.273345947265625,-0.0242767333984375
1773063105780711680,17.236135482788086,-1.0073089599609375,0.302642822265625,-0.0479888916015625
1773063105790767616,17.24619150161743,-1.0085296630859375,0.3014068603515625,-0.0549774169921875
1773063105800822528,17.256246328353882,-0.990875244140625,0.2897186279296875,-0.0277099609375
1773063105810878464,17.266302347183228,-0.9830780029296875,0.26080322265625,0.017120361328125
1773063105820933632,17.276357412338257,-0.9770050048828125,0.2508544921875,0.03265380859375
1773063105830989568,17.286413431167603,-0.9512176513671875,0.2891693115234375,0.02764892578125
1773063105841045504,17.29646944999695,-0.94189453125,0.305816650390625,-0.0055694580078125
1773063105851100672,17.306524515151978,-0.946075439453125,0.2975616455078125,-0.021392822265625
1773063105861156352,17.316580295562744,-0.925079345703125,0.28497314453125,-0.0119171142578125
1773063105871212544,17.32663631439209,-0.915283203125,0.2781524658203125,0.0048370361328125
1773063105881267456,17.33669137954712,-0.9280242919921875,0.2560882568359375,0.0050048828125
1773063105891323648,17.346747398376465,-0.950469970703125,0.2475738525390625,0.01544189453125
1773063105901379584,17.35680341720581,-0.946563720703125,0.2654876708984375,0.0031280517578125
1773063105911434752,17.36685848236084,-0.9287872314453125,0.2940826416015625,-0.0091705322265625
1773063105921490688,17.376914501190186,-0.91448974609375,0.3112640380859375,0.0089569091796875
1773063105931545600,17.386969327926636,-0.917999267578125,0.3099365234375,0.0277862548828125
1773063105941601536,17.39702534675598,-0.9380950927734375,0.2744293212890625,-0.0122833251953125
1773063105951657472,17.407081365585327,-0.9648895263671875,0.248779296875,-0.0040740966796875
1773063105961712640,17.417136430740356,-0.982879638671875,0.243865966796875,0.0188751220703125
1773063105971768576,17.427192449569702,-0.9548187255859375,0.2712554931640625,0.023651123046875
1773063105981824512,17.437248468399048,-0.9420623779296875,0.2901611328125,0.0240020751953125
1773063105991879424,17.447303295135498,-0.9680938720703125,0.2945709228515625,0.0111236572265625
1773063106001935360,17.457359313964844,-0.965606689453125,0.284637451171875,-0.00665283203125
1773063106011991552,17.46741533279419,-0.956298828125,0.2762451171875,0.003082275390625
1773063106022046464,17.47747039794922,-0.989471435546875,0.2692718505859375,0.00762939453125
1773063106032102656,17.487526416778564,-1.0402679443359375,0.2455902099609375,0.0079803466796875
1773063106042157568,17.497581481933594,-1.01373291015625,0.2589569091796875,0.00360107421875
1773063106052213760,17.50763750076294,-0.965545654296875,0.292877197265625,0.0041046142578125
1773063106062269440,17.517693281173706,-0.959228515625,0.26776123046875,-0.0294647216796875
1773063106072324608,17.527748346328735,-0.961700439453125,0.227081298828125,-0.02044677734375
1773063106082380544,17.53780436515808,-0.97308349609375,0.21124267578125,-0.0147247314453125
1773063106092436480,17.547860383987427,-0.9863128662109375,0.2091217041015625,-0.0480804443359375
1773063106102491648,17.557915449142456,-0.984954833984375,0.2044525146484375,-0.0358428955078125
1773063106112547584,17.5679714679718,-0.9954376220703125,0.2118682861328125,0.00909423828125
1773063106122602496,17.578026294708252,-0.99847412109375,0.22344970703125,0.050140380859375
1773063106132658432,17.588082313537598,-0.9841461181640625,0.2500762939453125,0.051727294921875
1773063106142714624,17.598138332366943,-0.968048095703125,0.2559051513671875,0.037841796875
1773063106152769536,17.608193397521973,-0.974273681640625,0.2452392578125,0.01080322265625
1773063106162825472,17.61824941635132,-0.9647369384765625,0.21478271484375,0.0123138427734375
1773063106172881664,17.628305435180664,-0.9713592529296875,0.21380615234375,0.009613037109375
1773063106182936576,17.638360500335693,-0.9757537841796875,0.2340087890625,0.0382080078125
1773063106192992768,17.64841651916504,-0.9529571533203125,0.2107391357421875,0.0540924072265625
1773063106203048448,17.658472299575806,-0.9117431640625,0.227264404296875,0.0201568603515625
1773063106213103616,17.668527364730835,-0.9112091064453125,0.24334716796875,0.0576324462890625
1773063106223159552,17.67858338356018,-0.957275390625,0.219482421875,0.0596923828125
1773063106233214720,17.68863844871521,-0.9673004150390625,0.189666748046875,0.020233154296875
1773063106243270656,17.698694467544556,-0.950408935546875,0.1806182861328125,-0.0197601318359375
1773063106253326592,17.7087504863739,-0.9332427978515625,0.210113525390625,0.001495361328125
1773063106263381504,17.71880531311035,-0.9365997314453125,0.1708526611328125,-0.039337158203125
1773063106273437440,17.728861331939697,-0.9615631103515625,0.2128753662109375,-0.0274658203125
1773063106283493632,17.738917350769043,-0.92852783203125,0.141326904296875,-0.0133209228515625
1773063106293548544,17.748972415924072,-0.9400177001953125,0.12945556640625,-0.0065765380859375
1773063106303604480,17.759028434753418,-0.96600341796875,0.14337158203125,-0.0139923095703125
1773063106313660672,17.769084453582764,-0.983123779296875,0.162139892578125,0.015869140625
1773063106323715584,17.779139518737793,-1.0033721923828125,0.1903076171875,-0.007904052734375
1773063106333771520,17.78919529914856,-1.0028228759765625,0.20404052734375,-0.019805908203125
1773063106343826432,17.79925036430359,-0.9498748779296875,0.253448486328125,-0.08123779296875
1773063106353882624,17.809306383132935,-0.9309539794921875,0.230072021484375,-0.0460968017578125
1773063106363938816,17.81936264038086,-0.96258544921875,0.145965576171875,-0.0085296630859375
1773063106373993984,17.82941770553589,-0.987091064453125,0.153900146484375,-0.0270538330078125
1773063106384049920,17.839473724365234,-1.0103759765625,0.209228515625,-0.0129241943359375
1773063106394105856,17.84952974319458,-1.02911376953125,0.20452880859375,-0.0084381103515625
1773063106404160768,17.85958456993103,-1.027740478515625,0.177642822265625,0.0188446044921875
1773063106414216704,17.869640588760376,-0.9962005615234375,0.1743316650390625,-0.0142822265625
1773063106424272896,17.87969660758972,-0.9809112548828125,0.1623382568359375,-0.00439453125
1773063106434327808,17.88975167274475,-0.9584197998046875,0.15594482421875,-0.025665283203125
1773063106444383744,17.899807691574097,-0.9452362060546875,0.1792449951171875,-0.0330810546875
1773063106454438912,17.909862756729126,-0.929443359375,0.1704254150390625,-0.0377197265625
1773063106464494592,17.919918537139893,-0.92010498046875,0.1407318115234375,-0.0023040771484375
1773063106474550784,17.92997455596924,-0.9497528076171875,0.138153076171875,0.0288543701171875
1773063106484605696,17.940029621124268,-0.98779296875,0.198150634765625,0.0106353759765625
1773063106494661888,17.950085639953613,-0.9763336181640625,0.2017822265625,0.019989013671875
1773063106504717824,17.96014165878296,-0.9458160400390625,0.1578521728515625,0.0264739990234375
1773063106514772992,17.97019672393799,-0.89495849609375,0.1498870849609375,0.0560455322265625
1773063106524828928,17.980252742767334,-0.86273193359375,0.128936767578125,0.0369110107421875
1773063106534883840,17.990307569503784,-0.8675384521484375,0.05859375,0.0723876953125
1773063106544939776,18.00036358833313,-0.9218902587890625,0.0510711669921875,0.038604736328125
1773063106554995712,18.010419607162476,-0.941253662109375,0.13702392578125,0.0137939453125
1773063106565050880,18.020474672317505,-0.9459991455078125,0.2217864990234375,0.023681640625
1773063106575106816,18.03053069114685,-0.9200897216796875,0.2166900634765625,0.016204833984375
1773063106585162752,18.040586709976196,-0.8498687744140625,0.1127777099609375,0.0482940673828125
1773063106595217664,18.050641536712646,-0.7991485595703125,0.089202880859375,0.0440673828125
1773063106605273600,18.060697555541992,-0.7907257080078125,0.1223602294921875,0.029052734375
1773063106615329792,18.070753574371338,-0.82342529296875,0.0303802490234375,0.1025543212890625
1773063106625384704,18.080808639526367,-0.9785919189453125,-0.0482940673828125,0.070709228515625
1773063106635440896,18.090864658355713,-1.0504913330078125,0.1067047119140625,-0.0121002197265625
1773063106645495808,18.100919723510742,-0.9618072509765625,0.1434783935546875,0.00048828125
1773063106655552000,18.110975742340088,-0.8211212158203125,0.1166229248046875,0.0233612060546875
1773063106665607936,18.121031761169434,-0.7393341064453125,0.044189453125,0.0724334716796875
1773063106675662848,18.131086587905884,-0.6801910400390625,-0.0001678466796875,0.1266021728515625
1773063106685718784,18.14114260673523,-0.7142791748046875,-0.0136260986328125,0.281951904296875
1773063106695774720,18.151198625564575,-1.0023193359375,0.05657958984375,0.238067626953125
1773063106705829888,18.161253690719604,-1.21337890625,0.2295074462890625,0.0240325927734375
1773063106715885824,18.17130970954895,-1.0150146484375,0.21881103515625,0.0080718994140625
1773063106725942016,18.181365728378296,-0.69659423828125,0.0949859619140625,-0.000457763671875
1773063106735996672,18.191420555114746,-0.557952880859375,-0.0781707763671875,-0.044464111328125
1773063106746052864,18.201476573944092,-0.5406341552734375,-0.128387451171875,-0.0339813232421875
1773063106756107776,18.21153163909912,-0.63671875,-0.0680389404296875,0.101898193359375
1773063106766163712,18.221587657928467,-0.8863372802734375,-0.0060577392578125,0.3481292724609375
1773063106776219904,18.231643676757812,-1.2622528076171875,0.0438385009765625,0.1099853515625
1773063106786274816,18.241698741912842,-1.2103729248046875,0.101531982421875,0.0215911865234375
1773063106796331008,18.251754760742188,-0.8201751708984375,0.14892578125,0.08148193359375
1773063106806386688,18.261810541152954,-0.6208953857421875,-0.0087890625,-0.0070953369140625
1773063106816441856,18.271865606307983,-0.5751190185546875,-0.11669921875,-0.1041107177734375
1773063106826497792,18.28192162513733,-0.608673095703125,-0.071197509765625,-0.0978546142578125
1773063106836553728,18.291977643966675,-0.686920166015625,0.018310546875,0.06671142578125
1773063106846608896,18.302032709121704,-0.8972015380859375,-0.0321502685546875,0.254486083984375
1773063106856664832,18.31208872795105,-1.2693023681640625,-0.068603515625,0.1278533935546875
1773063106866719744,18.3221435546875,-1.3683319091796875,0.0030517578125,0.0807952880859375
1773063106876775680,18.332199573516846,-1.01458740234375,0.0682373046875,0.17041015625
1773063106886831872,18.34225559234619,-0.7415924072265625,-0.0038299560546875,0.0328826904296875
1773063106896886784,18.35231065750122,-0.610504150390625,-0.039459228515625,-0.1301422119140625
1773063106906942720,18.362366676330566,-0.5884246826171875,0.0666961669921875,-0.1339569091796875
1773063106916998912,18.372422695159912,-0.7920074462890625,0.0607757568359375,0.0071868896484375
1773063106927053824,18.38247776031494,-1.0947265625,-0.076873779296875,0.1904144287109375
1773063106937109760,18.392533540725708,-1.3864898681640625,-0.131378173828125,0.283599853515625
1773063106947164672,18.402588605880737,-1.3710174560546875,-0.1542205810546875,0.3600311279296875
1773063106957220864,18.412644624710083,-1.0585784912109375,-0.0977630615234375,0.229156494140625
1773063106967276800,18.42270064353943,-0.83984375,-0.1037750244140625,-0.0627288818359375
1773063106977331968,18.432755708694458,-0.7706451416015625,-0.073944091796875,-0.2410888671875
1773063106987387904,18.442811727523804,-0.764068603515625,0.0356292724609375,-0.1383514404296875
1773063106997443840,18.45286774635315,-0.9733734130859375,0.0533294677734375,0.136566162109375
1773063107007498752,18.4629225730896,-1.234100341796875,-0.1629486083984375,0.188446044921875
1773063107017554688,18.472978591918945,-1.27447509765625,-0.330047607421875,0.14080810546875
1773063107027610880,18.48303461074829,-1.0126953125,-0.276763916015625,0.150665283203125
1773063107037665792,18.49308967590332,-0.890899658203125,-0.132659912109375,0.02276611328125
1773063107047721984,18.503145694732666,-0.9055938720703125,-0.0678863525390625,-0.1229095458984375
1773063107057776896,18.513200759887695,-0.960601806640625,0.0601043701171875,-0.0418243408203125
1773063107067832832,18.523256540298462,-1.09112548828125,0.0818634033203125,0.1536407470703125
1773063107077888768,18.533312559127808,-1.1851806640625,-0.194488525390625,0.1483001708984375
1773063107087943680,18.543367624282837,-1.1650390625,-0.3253936767578125,0.1492767333984375
1773063107097999872,18.553423643112183,-1.0436859130859375,-0.24334716796875,0.129669189453125
1773063107108055808,18.56347966194153,-0.905792236328125,-0.1968841552734375,-0.01873779296875
1773063107118110976,18.573534727096558,-0.8496856689453125,-0.11175537109375,-0.0357818603515625
1773063107128166912,18.583590745925903,-0.97637939453125,0.0410308837890625,0.0223236083984375
1773063107138222848,18.59364676475525,-1.148345947265625,-0.0085906982421875,0.12640380859375
1773063107148277760,18.6037015914917,-1.2059478759765625,-0.1746063232421875,0.1440582275390625
1773063107158333696,18.613757610321045,-1.115692138671875,-0.205810546875,0.193603515625
1773063107168388864,18.623812675476074,-1.00579833984375,-0.1895904541015625,0.15216064453125
1773063107178444800,18.63386869430542,-0.9263458251953125,-0.216888427734375,0.0116729736328125
1773063107188500992,18.643924713134766,-0.916961669921875,-0.075653076171875,0.036956787109375
1773063107198555648,18.653979539871216,-1.0664215087890625,0.052947998046875,0.1217803955078125
1773063107208611840,18.66403555870056,-1.2105255126953125,-0.0321044921875,0.146240234375
1773063107218667776,18.674091577529907,-1.1661224365234375,-0.1662445068359375,0.1346435546875
1773063107228722688,18.684146642684937,-1.0235137939453125,-0.20086669921875,0.17254638671875
1773063107238778880,18.694202661514282,-0.9930877685546875,-0.1780548095703125,0.1373748779296875
1773063107248833792,18.70425772666931,-1.0748291015625,-0.1064300537109375,0.02593994140625
1773063107258889984,18.714313745498657,-1.0916290283203125,-0.05218505859375,0.0572967529296875
1773063107268945920,18.724369764328003,-1.08026123046875,-0.0352783203125,0.059417724609375
1773063107279000832,18.734424591064453,-1.056671142578125,-0.039703369140625,0.05255126953125
1773063107289056768,18.7444806098938,-1.0285491943359375,-0.1138153076171875,-0.0139923095703125
1773063107299112704,18.754536628723145,-1.0002899169921875,-0.191009521484375,-0.018951416015625
1773063107309167872,18.764591693878174,-1.0221710205078125,-0.144378662109375,0.1239776611328125
1773063107319223808,18.77464771270752,-1.0906524658203125,-0.1556243896484375,0.0898895263671875
1773063107329280000,18.784703731536865,-1.0716705322265625,-0.16754150390625,0.017913818359375
1773063107339334656,18.794758558273315,-1.022552490234375,-0.0628509521484375,0.0977783203125
1773063107349390848,18.80481457710266,-1.0548095703125,-0.063690185546875,0.007354736328125
1773063107359445760,18.81486964225769,-1.049774169921875,-0.12835693359375,-0.0778045654296875
1773063107369501952,18.824925661087036,-0.9881134033203125,-0.1439208984375,0.0086822509765625
1773063107379557888,18.834981679916382,-0.991851806640625,-0.1800689697265625,0.0014495849609375
1773063107389612800,18.84503674507141,-1.0518341064453125,-0.19805908203125,-0.0207061767578125
1773063107399668992,18.855092763900757,-1.0787811279296875,-0.1678009033203125,0.0160064697265625
1773063107409724928,18.865148782730103,-1.0765380859375,-0.0827484130859375,0.077484130859375
1773063107419779840,18.875203609466553,-1.10125732421875,-0.0716094970703125,0.082489013671875
1773063107429835776,18.8852596282959,-1.1178436279296875,-0.114990234375,0.0574493408203125
1773063107439891712,18.895315647125244,-1.1052398681640625,-0.1432342529296875,-0.0132598876953125
1773063107449946880,18.905370712280273,-1.0342864990234375,-0.16131591796875,-0.099761962890625
1773063107460002816,18.91542673110962,-0.9866790771484375,-0.1192169189453125,-0.094879150390625
1773063107470057984,18.92548179626465,-1.0427703857421875,-0.055999755859375,0.01605224609375
1773063107480113664,18.935537576675415,-1.131378173828125,-0.06829833984375,0.06573486328125
1773063107490169856,18.94559359550476,-1.1754302978515625,-0.1461944580078125,0.064727783203125
1773063107500224768,18.95564866065979,-1.1569061279296875,-0.1633148193359375,0.0632781982421875
1773063107510280960,18.965704679489136,-1.1265869140625,-0.186492919921875,-0.04345703125
1773063107520336896,18.97576069831848,-1.071441650390625,-0.1659698486328125,-0.117462158203125
1773063107530391808,18.98581576347351,-1.031341552734375,-0.11590576171875,-0.0995025634765625
1773063107540448000,18.995871782302856,-1.1051483154296875,-0.102752685546875,-0.0553741455078125
1773063107550502656,19.005926609039307,-1.221221923828125,-0.14825439453125,0.014007568359375
1773063107560558848,19.015982627868652,-1.2872772216796875,-0.208465576171875,0.0650177001953125
1773063107570614784,19.026038646697998,-1.2632904052734375,-0.267913818359375,-0.0377197265625
1773063107580669952,19.036093711853027,-1.1994171142578125,-0.22540283203125,-0.1229705810546875
1773063107590725888,19.046149730682373,-1.220947265625,-0.080322265625,0.0071258544921875
1773063107600781824,19.05620574951172,-1.2989959716796875,-0.0767974853515625,0.0553741455078125
1773063107610836736,19.06626057624817,-1.365936279296875,-0.173614501953125,-0.0077056884765625
1773063107620892672,19.076316595077515,-1.321380615234375,-0.2154541015625,-0.0023040771484375
1773063107630948864,19.08637261390686,-1.3275604248046875,-0.235626220703125,0.060302734375
1773063107641003776,19.09642767906189,-1.383880615234375,-0.2214508056640625,0.1082000732421875
1773063107651059968,19.106483697891235,-1.3843231201171875,-0.2124481201171875,0.13092041015625
1773063107661114880,19.116538763046265,-1.3641204833984375,-0.1438140869140625,0.1492919921875
1773063107671171072,19.12659478187561,-1.354400634765625,-0.1262359619140625,0.1174468994140625
1773063107681227008,19.136650800704956,-1.359100341796875,-0.13800048828125,0.0729522705078125
1773063107691281920,19.146705627441406,-1.3218841552734375,-0.1743011474609375,0.042755126953125
1773063107701337856,19.156761646270752,-1.2585601806640625,-0.2283172607421875,-0.00079345703125
1773063107711393792,19.166817665100098,-1.2028045654296875,-0.2092437744140625,-0.0022430419921875
1773063107721448960,19.176872730255127,-1.1940155029296875,-0.1842193603515625,0.01837158203125
1773063107731504896,19.186928749084473,-1.224945068359375,-0.179443359375,0.0814208984375
1773063107741560832,19.19698476791382,-1.241607666015625,-0.2317352294921875,0.12554931640625
1773063107751615744,19.20703959465027,-1.232696533203125,-0.2406768798828125,0.110015869140625
1773063107761671680,19.217095613479614,-1.1980743408203125,-0.1856842041015625,0.0708770751953125
1773063107771726848,19.227150678634644,-1.137420654296875,-0.183380126953125,0.0215911865234375
1773063107781782784,19.23720669746399,-1.09991455078125,-0.1901702880859375,0.036773681640625
1773063107791838976,19.247262716293335,-1.09735107421875,-0.212005615234375,0.0353240966796875
1773063107801893888,19.257317781448364,-1.08453369140625,-0.2303466796875,0.075653076171875
1773063107811950080,19.26737380027771,-1.091156005859375,-0.19451904296875,0.088531494140625
1773063107822005760,19.277429580688477,-1.099761962890625,-0.206146240234375,0.1005706787109375
1773063107832060928,19.287484645843506,-1.101959228515625,-0.256744384765625,0.058197021484375
1773063107842116864,19.29754066467285,-1.069061279296875,-0.2652435302734375,0.0402984619140625
1773063107852172800,19.307596683502197,-1.0440673828125,-0.1944122314453125,0.0603790283203125
1773063107862227968,19.317651748657227,-1.0449981689453125,-0.1730499267578125,0.0797882080078125
1773063107872283904,19.327707767486572,-1.0445709228515625,-0.2129058837890625,0.0717010498046875
1773063107882338816,19.337762594223022,-1.0308990478515625,-0.2361602783203125,0.104705810546875
1773063107892394752,19.347818613052368,-1.015411376953125,-0.2741241455078125,0.1031036376953125
1773063107902450688,19.357874631881714,-0.9836883544921875,-0.2720794677734375,0.0625762939453125
1773063107912505856,19.367929697036743,-0.956756591796875,-0.1770782470703125,0.0878143310546875
1773063107922561792,19.37798571586609,-0.9541778564453125,-0.142608642578125,0.2025299072265625
1773063107932617984,19.388041734695435,-1.0289306640625,-0.1317291259765625,0.179107666015625
1773063107942672896,19.398096799850464,-1.09320068359375,-0.113494873046875,0.0705108642578125
1773063107952728832,19.40815258026123,-0.985015869140625,-0.2653350830078125,0.0305938720703125
1773063107962783744,19.41820764541626,-0.91009521484375,-0.3878936767578125,0.0770111083984375
1773063107972839936,19.428263664245605,-0.9158935546875,-0.2238616943359375,0.0895843505859375
1773063107982895872,19.43831968307495,-0.88385009765625,-0.1413116455078125,0.1243743896484375
1773063107992951040,19.44837474822998,-0.958099365234375,-0.1859588623046875,0.1962890625
1773063108003006976,19.458430767059326,-1.047607421875,-0.1676177978515625,0.0938568115234375
1773063108013062912,19.468486785888672,-0.9866485595703125,-0.1973724365234375,0.0672454833984375
1773063108023117824,19.478541612625122,-0.9157562255859375,-0.1558074951171875,0.1109619140625
1773063108033173760,19.488597631454468,-0.907318115234375,-0.150482177734375,0.0982666015625
1773063108043229696,19.498653650283813,-0.92333984375,-0.1950225830078125,0.0455322265625
1773063108053284864,19.508708715438843,-0.9296112060546875,-0.2618560791015625,0.057037353515625
1773063108063340800,19.51876473426819,-0.9912872314453125,-0.2259521484375,0.1167755126953125
1773063108073395968,19.528819799423218,-1.0643310546875,-0.0577545166015625,0.045379638671875
1773063108083451648,19.538875579833984,-0.9737091064453125,-0.0279083251953125,0.113983154296875
1773063108093507840,19.54893159866333,-0.9246673583984375,-0.1801300048828125,0.160125732421875
1773063108103562752,19.55898666381836,-0.9940643310546875,-0.156463623046875,0.0595855712890625
1773063108113618944,19.569042682647705,-0.930633544921875,-0.12481689453125,-0.0142059326171875
1773063108123674880,19.57909870147705,-0.8371124267578125,-0.1592559814453125,0.013519287109375
1773063108133730048,19.58915376663208,-0.871551513671875,-0.0766754150390625,0.007568359375
1773063108143785984,19.599209785461426,-0.954254150390625,-0.0321807861328125,-0.043426513671875
1773063108153840896,19.609264612197876,-0.975372314453125,-0.0447845458984375,-0.010772705078125
1773063108163896832,19.61932063102722,-0.9048919677734375,-0.118133544921875,0.0280303955078125
1773063108173952768,19.629376649856567,-0.8462371826171875,-0.1529388427734375,0.1482391357421875
1773063108184007936,19.639431715011597,-0.9273223876953125,-0.0080718994140625,0.1561126708984375
1773063108194063872,19.649487733840942,-0.973175048828125,0.184417724609375,0.167144775390625
1773063108204119808,19.659543752670288,-1.0331573486328125,0.1671905517578125,0.12274169921875
1773063108214174720,19.66959857940674,-0.992462158203125,0.1026763916015625,-0.1330718994140625
1773063108224230656,19.679654598236084,-0.8162384033203125,-0.0966033935546875,-0.2597808837890625
1773063108234286848,19.68971061706543,-0.6994781494140625,-0.1711578369140625,-0.137481689453125
1773063108244341760,19.69976568222046,-0.71917724609375,-0.085906982421875,-0.030181884765625
1773063108254397952,19.709821701049805,-0.8138885498046875,0.0743408203125,-0.093170166015625
1773063108264452864,19.719876766204834,-0.87188720703125,0.078582763671875,-0.10845947265625
1773063108274509056,19.72993278503418,-0.8370513916015625,0.0272674560546875,-0.07763671875
1773063108284564992,19.739988803863525,-0.7595367431640625,0.0816650390625,0.0060882568359375
1773063108294619904,19.750043630599976,-0.815948486328125,0.1849212646484375,-0.0528717041015625
1773063108304675840,19.76009964942932,-0.8834228515625,0.29180908203125,-0.161346435546875
1773063108314731776,19.770155668258667,-0.846954345703125,0.1915435791015625,-0.0695953369140625
1773063108324786944,19.780210733413696,-0.7854156494140625,0.0211334228515625,0.0121002197265625
1773063108334842880,19.790266752243042,-0.7632598876953125,0.0141448974609375,0.04437255859375
1773063108344897792,19.800321578979492,-0.783538818359375,0.15234375,0.1280059814453125
1773063108354953728,19.810377597808838,-0.80291748046875,0.309173583984375,0.0995941162109375
1773063108365010432,19.82043433189392,-0.8007659912109375,0.3936767578125,-0.008697509765625
1773063108375065344,19.83048915863037,-0.7583160400390625,0.3021240234375,-0.072174072265625
1773063108385121280,19.840545177459717,-0.7382049560546875,0.3087921142578125,-0.0279693603515625
1773063108395177472,19.850601196289062,-0.8219757080078125,0.244659423828125,-0.01226806640625
1773063108405232384,19.860656261444092,-0.9243927001953125,0.080810546875,0.03814697265625
1773063108415288576,19.870712280273438,-0.8502197265625,0.138275146484375,0.10198974609375
1773063108425344512,19.880768299102783,-0.749664306640625,0.138275146484375,0.1252899169921875
1773063108435399424,19.890823364257812,-0.7454376220703125,0.00677490234375,-0.0553741455078125
1773063108445455616,19.900879383087158,-0.6878662109375,0.026458740234375,-0.185302734375
1773063108455510272,19.91093420982361,-0.70513916015625,0.079620361328125,-0.1270904541015625
1773063108465566464,19.920990228652954,-0.8502197265625,0.135589599609375,-0.0650177001953125
1773063108475622400,19.9310462474823,-0.944732666015625,0.135498046875,0.014678955078125
1773063108485677568,19.94110131263733,-0.914703369140625,0.2532806396484375,0.1295928955078125
1773063108495733504,19.951157331466675,-0.7965545654296875,0.367279052734375,0.171356201171875
1773063108505789440,19.96121335029602,-0.7438201904296875,0.4370574951171875,0.1942901611328125
1773063108515844352,19.97126817703247,-0.8651275634765625,0.3990936279296875,0.163604736328125
1773063108525900288,19.981324195861816,-0.970458984375,0.2222137451171875,0.0879974365234375
1773063108535956480,19.991380214691162,-0.942657470703125,0.13641357421875,0.046142578125
1773063108546011392,20.00143527984619,-0.8979949951171875,0.0443572998046875,0.081573486328125
1773063108556067584,20.011491298675537,-0.8456268310546875,0.027801513671875,0.03717041015625
1773063108566122496,20.021546363830566,-0.7714691162109375,0.0657196044921875,-0.05279541015625
1773063108576178432,20.031602382659912,-0.8394927978515625,0.08795166015625,-0.0237274169921875
1773063108586234368,20.04165816307068,-0.9752044677734375,0.1369781494140625,-0.01531982421875
1773063108596289280,20.051713228225708,-1.0560302734375,0.2183837890625,0.1074371337890625
1773063108606345472,20.061769247055054,-1.1068572998046875,0.2648468017578125,0.13983154296875
1773063108616401408,20.0718252658844,-1.117950439453125,0.2911376953125,0.1007232666015625
1773063108626456576,20.08188033103943,-1.0919647216796875,0.238067626953125,-0.005126953125
1773063108636512512,20.091936349868774,-1.0092620849609375,0.2188262939453125,-0.0706787109375
1773063108646567424,20.101991176605225,-0.9587249755859375,0.1819915771484375,-0.0038909912109375
1773063108656623360,20.11204719543457,-1.0086212158203125,0.1152191162109375,0.0165557861328125
1773063108666679296,20.122103214263916,-1.04583740234375,0.099578857421875,-0.019927978515625
1773063108676734464,20.132158279418945,-1.056121826171875,0.1440277099609375,-0.0762481689453125
1773063108686790400,20.14221429824829,-1.048736572265625,0.19610595703125,-0.0520172119140625
1773063108696846592,20.152270317077637,-1.0196990966796875,0.220672607421875,-0.0355224609375
1773063108706901504,20.162325382232666,-1.0041351318359375,0.2430419921875,-0.0138092041015625
1773063108716957440,20.172381162643433,-1.01275634765625,0.2602996826171875,0.0175933837890625
1773063108727013376,20.18243718147278,-1.012847900390625,0.2389678955078125,0.022308349609375
1773063108737068288,20.192492246627808,-1.0200042724609375,0.2388763427734375,0.0417022705078125
1773063108747124480,20.202548265457153,-1.0390167236328125,0.2715606689453125,0.0529937744140625
1773063108757179392,20.212603330612183,-1.03363037109375,0.2682647705078125,0.0495452880859375
1773063108767235584,20.22265934944153,-0.975006103515625,0.237335205078125,-0.050018310546875
1773063108777291520,20.232715368270874,-0.892059326171875,0.2516021728515625,-0.0984344482421875
1773063108787346432,20.242770195007324,-0.932861328125,0.2286834716796875,-0.052978515625
1773063108797402368,20.25282621383667,-0.9857635498046875,0.2100677490234375,-0.0071868896484375
1773063108807458304,20.262882232666016,-0.97222900390625,0.2307281494140625,0.03094482421875
1773063108817513472,20.272937297821045,-0.9483795166015625,0.214324951171875,0.0169219970703125
1773063108827569408,20.28299331665039,-0.944732666015625,0.2188568115234375,-0.010589599609375
1773063108837624576,20.29304838180542,-0.9608612060546875,0.2476959228515625,-0.048553466796875
1773063108847680256,20.303104162216187,-0.961090087890625,0.2965087890625,-0.0494384765625
1773063108857736448,20.313160181045532,-0.956329345703125,0.3085784912109375,-0.0230865478515625
1773063108867791360,20.32321524620056,-0.975830078125,0.310882568359375,0.007476806640625
1773063108877847552,20.333271265029907,-0.9738922119140625,0.3091583251953125,-0.0012969970703125
1773063108887903488,20.343327283859253,-0.941009521484375,0.2703094482421875,-0.0071563720703125
1773063108897958400,20.353382349014282,-0.94464111328125,0.2358551025390625,-0.0083465576171875
1773063108908014592,20.363438367843628,-0.9799346923828125,0.2081298828125,-0.0371551513671875
1773063108918070528,20.373494386672974,-0.9652252197265625,0.1975555419921875,-0.093170166015625
1773063108928125440,20.383549213409424,-0.9245758056640625,0.1730194091796875,-0.0867156982421875
1773063108938181376,20.39360523223877,-0.934112548828125,0.1591949462890625,-0.055633544921875
1773063108948236544,20.4036602973938,-0.95037841796875,0.1909332275390625,-0.0457763671875
1773063108958292480,20.413716316223145,-0.9508819580078125,0.2213287353515625,-0.03839111328125
1773063108968348416,20.42377233505249,-0.9738616943359375,0.2356414794921875,-0.0365753173828125
1773063108978403328,20.43382716178894,-0.979827880859375,0.2358551025390625,-0.0621795654296875
1773063108988459264,20.443883180618286,-0.9382781982421875,0.226776123046875,-0.082855224609375
1773063108998515456,20.453939199447632,-0.9295501708984375,0.216156005859375,-0.03680419921875
1773063109008570368,20.46399426460266,-0.98309326171875,0.2038116455078125,-0.008026123046875
1773063109018626560,20.474050283432007,-1.003814697265625,0.1930999755859375,-0.002716064453125
1773063109028682496,20.484106302261353,-0.99017333984375,0.2120361328125,-0.009429931640625
1773063109038737408,20.494161367416382,-1.0105743408203125,0.1963653564453125,-0.02056884765625
1773063109048793600,20.504217386245728,-1.018035888671875,0.180908203125,-0.0615386962890625
1773063109058848256,20.514272212982178,-0.965667724609375,0.1864166259765625,-0.1002349853515625
1773063109068904448,20.524328231811523,-0.930389404296875,0.17742919921875,-0.1046600341796875
1773063109078960384,20.53438425064087,-0.935516357421875,0.16680908203125,-0.085601806640625
1773063109089015552,20.5444393157959,-0.95831298828125,0.183380126953125,-0.0619354248046875
1773063109099071488,20.554495334625244,-1.0065765380859375,0.207763671875,-0.0442047119140625
1773063109109127424,20.56455135345459,-1.0478973388671875,0.204925537109375,-0.0233154296875
1773063109119182336,20.57460618019104,-1.0229949951171875,0.1899261474609375,-0.023895263671875
1773063109129238272,20.584662199020386,-0.9613189697265625,0.1775665283203125,-0.0261688232421875
1773063109139294464,20.59471821784973,-0.95343017578125,0.1648406982421875,-0.0412445068359375
1773063109149349376,20.60477328300476,-0.99072265625,0.16107177734375,-0.070953369140625
1773063109159405568,20.614829301834106,-0.9929046630859375,0.1729736328125,-0.0544281005859375
1773063109169460480,20.624884366989136,-0.9796295166015625,0.1841278076171875,-0.0283050537109375
1773063109179516672,20.63494038581848,-0.995574951171875,0.1802978515625,-0.0308685302734375
1773063109189572352,20.644996166229248,-1.007354736328125,0.1830596923828125,-0.04638671875
1773063109199627520,20.655051231384277,-0.9853973388671875,0.1559906005859375,-0.056182861328125
1773063109209683456,20.665107250213623,-0.959930419921875,0.1341552734375,-0.0455322265625
1773063109219739392,20.67516326904297,-0.9423828125,0.1180572509765625,-0.0435638427734375
1773063109229794560,20.685218334197998,-0.9218597412109375,0.1069183349609375,-0.0536956787109375
1773063109239850496,20.695274353027344,-0.9069976806640625,0.105255126953125,-0.052337646484375
1773063109249905408,20.705329179763794,-0.9088897705078125,0.100250244140625,-0.0347747802734375
1773063109259961344,20.71538519859314,-0.9077301025390625,0.1235504150390625,-0.037109375
1773063109270017280,20.725441217422485,-0.8794708251953125,0.1451873779296875,-0.00732421875
1773063109280072448,20.735496282577515,-0.8409271240234375,0.1250457763671875,0.03240966796875
1773063109290128384,20.74555230140686,-0.8115081787109375,0.1021270751953125,0.039886474609375
1773063109300184576,20.755608320236206,-0.7832183837890625,0.078857421875,0.0435028076171875
1773063109310239488,20.765663385391235,-0.803497314453125,0.0699005126953125,0.081817626953125
1773063109320295424,20.775719165802002,-0.871856689453125,0.0946197509765625,0.02105712890625
1773063109330351360,20.785775184631348,-0.9206695556640625,0.1360626220703125,-0.1064453125
1773063109340406528,20.795830249786377,-0.8621063232421875,0.1336212158203125,-0.1534576416015625
1773063109350462464,20.805886268615723,-0.725616455078125,0.0885467529296875,-0.07525634765625
1773063109360517376,20.815941333770752,-0.6320037841796875,0.038604736328125,0.0264739990234375
1773063109370573056,20.82599687576294,-0.595550537109375,-0.022369384765625,0.0718841552734375
1773063109380628736,20.836052656173706,-0.647491455078125,-0.10333251953125,0.20098876953125
1773063109390683904,20.846107721328735,-0.8844146728515625,-0.06866455078125,0.2112884521484375
1773063109400739840,20.85616374015808,-1.13995361328125,0.2300567626953125,-0.0554962158203125
1773063109410796032,20.866219758987427,-1.1117401123046875,0.363128662109375,-0.1008453369140625
1773063109420850944,20.876274824142456,-0.864959716796875,0.2079010009765625,-0.0438690185546875
1773063109430907136,20.8863308429718,-0.587371826171875,-0.0088043212890625,-0.0278472900390625
1773063109440961792,20.896385669708252,-0.42437744140625,-0.165771484375,0.0025177001953125
1773063109451017984,20.906441688537598,-0.520538330078125,-0.18280029296875,0.1713409423828125
1773063109461073920,20.916497707366943,-0.9059600830078125,-0.1020660400390625,0.314361572265625
1773063109471128832,20.926552772521973,-1.3608856201171875,0.1730499267578125,0.0448760986328125
1773063109481185024,20.93660879135132,-1.32086181640625,0.288360595703125,-0.0336761474609375
1773063109491240960,20.946664810180664,-0.8674468994140625,0.09844970703125,0.00030517578125
1773063109501296128,20.956719875335693,-0.5236968994140625,-0.1322174072265625,-0.1133880615234375
1773063109511352064,20.96677589416504,-0.4257965087890625,-0.2530670166015625,-0.1387176513671875
1773063109521407744,20.976831674575806,-0.63079833984375,-0.1717071533203125,0.1615447998046875
1773063109531462912,20.986886739730835,-1.035736083984375,0.015045166015625,0.3023223876953125
1773063109541518848,20.99694275856018,-1.4148101806640625,0.1215057373046875,0.09185791015625
1773063109551574016,21.00699782371521,-1.2540435791015625,0.0504302978515625,-0.0274200439453125
1773063109561629952,21.017053842544556,-0.835357666015625,-0.0697479248046875,0.0354156494140625
1773063109571686144,21.0271098613739,-0.6621246337890625,-0.17523193359375,-0.046234130859375
1773063109581740800,21.03716468811035,-0.6916656494140625,-0.12286376953125,-0.0573577880859375
1773063109591796992,21.047220706939697,-0.8339996337890625,-0.0440521240234375,0.218994140625
1773063109601852928,21.057276725769043,-1.1478271484375,-0.004608154296875,0.2276458740234375
1773063109611907840,21.067331790924072,-1.3322296142578125,-0.024200439453125,0.121795654296875
1773063109621964032,21.077387809753418,-1.1400604248046875,-0.07977294921875,0.1868133544921875
1773063109632018944,21.087442874908447,-0.9846649169921875,-0.1312255859375,0.0656280517578125
1773063109642075136,21.097498893737793,-0.8318634033203125,-0.1391448974609375,0.0203857421875
1773063109652130816,21.10755467414856,-0.7617645263671875,-0.0545654296875,0.0316009521484375
1773063109662185984,21.11760973930359,-0.8381805419921875,-0.0571136474609375,0.2049102783203125
1773063109672241920,21.127665758132935,-1.0986175537109375,-0.1053314208984375,0.150665283203125
1773063109682297856,21.13772177696228,-1.1904754638671875,-0.2157745361328125,0.1304931640625
1773063109692353024,21.14777684211731,-1.106353759765625,-0.1807708740234375,0.193939208984375
1773063109702408960,21.157832860946655,-1.072906494140625,-0.1540374755859375,0.0618896484375
1773063109712465152,21.167888879776,-0.9422454833984375,-0.168121337890625,-0.0508880615234375
1773063109722519808,21.17794370651245,-0.77734375,-0.0828857421875,-0.0306396484375
1773063109732576000,21.187999725341797,-0.7864837646484375,-0.0525970458984375,0.143218994140625
1773063109742630912,21.198054790496826,-1.04345703125,-0.114471435546875,0.1835174560546875
1773063109752687104,21.208110809326172,-1.281005859375,-0.179840087890625,0.132598876953125
1773063109762743040,21.218166828155518,-1.2033538818359375,-0.2446746826171875,0.1647186279296875
1773063109772797952,21.228221893310547,-1.0334625244140625,-0.2126922607421875,0.1288299560546875
1773063109782853888,21.238277673721313,-0.9125823974609375,-0.227935791015625,-0.0088043212890625
1773063109792909824,21.24833369255066,-0.808441162109375,-0.1710052490234375,-0.0537567138671875
1773063109802964992,21.25838875770569,-0.831573486328125,-0.048614501953125,0.088134765625
1773063109813020928,21.268444776535034,-1.049407958984375,-0.07061767578125,0.2489166259765625
1773063109823076864,21.27850079536438,-1.3289794921875,-0.2034759521484375,0.1610260009765625
1773063109833132032,21.28855586051941,-1.3034210205078125,-0.2373046875,0.1472320556640625
1773063109843187968,21.298611879348755,-1.061981201171875,-0.234466552734375,0.0322265625
1773063109853242880,21.308666706085205,-0.83721923828125,-0.2144317626953125,-0.048675537109375
1773063109863298816,21.31872272491455,-0.777374267578125,-0.1286163330078125,-0.08868408203125
1773063109873355008,21.328778743743896,-0.904144287109375,-0.0649566650390625,-0.0398406982421875
1773063109883409920,21.338833808898926,-1.06793212890625,-0.0899658203125,0.0792083740234375
1773063109893466112,21.34888982772827,-1.18585205078125,-0.2042236328125,0.15374755859375
1773063109903522048,21.358945846557617,-1.24029541015625,-0.2543182373046875,0.1573028564453125
1773063109913576960,21.369000673294067,-1.170623779296875,-0.2672576904296875,0.03228759765625
1773063109923632896,21.379056692123413,-1.0089263916015625,-0.2015838623046875,-0.0547943115234375
1773063109933687808,21.389111757278442,-0.887420654296875,-0.1098480224609375,-0.052093505859375
1773063109943744000,21.399167776107788,-0.9330291748046875,-0.0925445556640625,-0.00762939453125
1773063109953799936,21.409223794937134,-1.0704498291015625,-0.105438232421875,0.0508575439453125
1773063109963855104,21.419278860092163,-1.1637115478515625,-0.15972900390625,0.058380126953125
1773063109973911040,21.42933487892151,-1.1678466796875,-0.256561279296875,0.0748748779296875
1773063109983966720,21.439390659332275,-1.125946044921875,-0.347900390625,-0.04833984375
1773063109994021888,21.449445724487305,-1.005859375,-0.2679443359375,-0.1275787353515625
1773063110004077824,21.45950174331665,-0.922454833984375,-0.08197021484375,-0.103973388671875
1773063110014134016,21.469557762145996,-0.9715728759765625,-0.057373046875,-0.13763427734375
1773063110024188928,21.479612827301025,-1.051116943359375,-0.118408203125,-0.094757080078125
1773063110034245120,21.48966884613037,-1.052886962890625,-0.1509857177734375,0.0155181884765625
1773063110044299776,21.49972367286682,-1.065582275390625,-0.1825103759765625,0.0547332763671875
1773063110054355968,21.509779691696167,-1.0980224609375,-0.2272796630859375,0.014129638671875
1773063110064411904,21.519835710525513,-1.0785064697265625,-0.2223358154296875,-0.0525970458984375
1773063110074466816,21.529890775680542,-1.035186767578125,-0.1494903564453125,-0.0753631591796875
1773063110084523008,21.539946794509888,-1.04937744140625,-0.080718994140625,-0.0203399658203125
1773063110094578944,21.550002813339233,-1.0790252685546875,-0.0771942138671875,-0.0166473388671875
1773063110104634112,21.560057878494263,-1.0435638427734375,-0.1055450439453125,-0.0246734619140625
1773063110114689792,21.57011365890503,-1.0108795166015625,-0.1365203857421875,0.004913330078125
1773063110124744960,21.58016872406006,-1.051239013671875,-0.1868743896484375,0.01861572265625
1773063110134800896,21.590224742889404,-1.111358642578125,-0.2336273193359375,-0.061126708984375
1773063110144856832,21.60028076171875,-1.09722900390625,-0.226348876953125,-0.10614013671875
1773063110154912000,21.61033582687378,-1.031951904296875,-0.159515380859375,-0.08636474609375
1773063110164967936,21.620391845703125,-1.0582275390625,-0.10406494140625,-0.0779266357421875
1773063110175024128,21.63044786453247,-1.09600830078125,-0.0853424072265625,-0.134124755859375
1773063110185078784,21.64050269126892,-1.1051177978515625,-0.1828460693359375,-0.100738525390625
1773063110195134976,21.650558710098267,-1.151702880859375,-0.224517822265625,-0.042816162109375
1773063110205190912,21.660614728927612,-1.19512939453125,-0.275726318359375,-0.08612060546875
1773063110215246080,21.67066979408264,-1.207916259765625,-0.2950897216796875,-0.08221435546875
1773063110225302016,21.680725812911987,-1.2321319580078125,-0.20819091796875,-0.0510406494140625
1773063110235356928,21.690780878067017,-1.264923095703125,-0.203033447265625,-0.0204925537109375
1773063110245412864,21.700836658477783,-1.274322509765625,-0.2251739501953125,-0.1015625
1773063110255468800,21.71089267730713,-1.23260498046875,-0.2208099365234375,-0.126068115234375
1773063110265523968,21.720947742462158,-1.2189178466796875,-0.2035980224609375,-0.0916748046875
1773063110275579904,21.731003761291504,-1.27874755859375,-0.2234039306640625,-0.051605224609375
1773063110285635840,21.74105978012085,-1.3549041748046875,-0.27069091796875,-0.0746307373046875
1773063110295691008,21.75111484527588,-1.324615478515625,-0.2940673828125,-0.099090576171875
1773063110305746944,21.761170864105225,-1.2679595947265625,-0.307464599609375,-0.058807373046875
1773063110315801856,21.771225690841675,-1.2607421875,-0.2756195068359375,-0.0730133056640625
1773063110325857792,21.78128170967102,-1.2779388427734375,-0.2641754150390625,-0.1001434326171875
1773063110335913984,21.791337728500366,-1.26629638671875,-0.27545166015625,-0.0404205322265625
1773063110345968896,21.801392793655396,-1.2767333984375,-0.2996978759765625,0.0044708251953125
1773063110356025088,21.81144881248474,-1.265960693359375,-0.288482666015625,-0.0530242919921875
1773063110366081024,21.821504831314087,-1.19976806640625,-0.297882080078125,0.012481689453125
1773063110376136192,21.831559896469116,-1.2292022705078125,-0.297637939453125,0.035675048828125
1773063110386192128,21.841615915298462,-1.231964111328125,-0.2470550537109375,-0.0768585205078125
1773063110396248064,21.851671934127808,-1.1815338134765625,-0.25677490234375,-0.048980712890625
1773063110406302976,21.861726760864258,-1.176544189453125,-0.274993896484375,-0.029571533203125
1773063110416358912,21.871782779693604,-1.1431427001953125,-0.2706146240234375,-0.021270751953125
1773063110426414080,21.881837844848633,-1.1451568603515625,-0.270050048828125,0.06390380859375
1773063110436470016,21.89189386367798,-1.1967620849609375,-0.2666168212890625,0.034393310546875
1773063110446525952,21.901949882507324,-1.1952056884765625,-0.2875823974609375,-0.0297393798828125
1773063110456580864,21.912004709243774,-1.1358184814453125,-0.3318939208984375,-0.0301971435546875
1773063110466636800,21.92206072807312,-1.0799713134765625,-0.278900146484375,-0.013214111328125
1773063110476692992,21.932116746902466,-1.071380615234375,-0.2309112548828125,-0.01446533203125
1773063110486747904,21.942171812057495,-1.077362060546875,-0.2207183837890625,-0.0100555419921875
1773063110496804096,21.95222783088684,-1.0855255126953125,-0.2298583984375,-0.0086822509765625
1773063110506859008,21.96228289604187,-1.093353271484375,-0.260833740234375,0.02740478515625
1773063110516915200,21.972338914871216,-1.10443115234375,-0.267669677734375,0.033172607421875
1773063110526971136,21.98239493370056,-1.0837249755859375,-0.257110595703125,0.0325775146484375
1773063110537026048,21.99244976043701,-1.05828857421875,-0.2393035888671875,0.038055419921875
1773063110547081984,22.002505779266357,-1.04705810546875,-0.229156494140625,0.00909423828125
1773063110557137920,22.012561798095703,-1.0195770263671875,-0.250274658203125,-0.021728515625
1773063110567193088,22.022616863250732,-0.9869384765625,-0.27947998046875,0.030181884765625
1773063110577249024,22.032672882080078,-1.0,-0.24090576171875,0.0827484130859375
1773063110587304960,22.042728900909424,-1.0571746826171875,-0.1541900634765625,0.0306549072265625
1773063110597359872,22.052783727645874,-1.049560546875,-0.14892578125,0.0014495849609375
1773063110607415808,22.06283974647522,-0.98492431640625,-0.2321014404296875,0.0539398193359375
1773063110617470976,22.07289481163025,-0.9956207275390625,-0.2050323486328125,0.1078948974609375
1773063110627526912,22.082950830459595,-1.0503387451171875,-0.1625518798828125,0.1053619384765625
1773063110637583104,22.09300684928894,-1.0702667236328125,-0.187835693359375,0.0578155517578125
1773063110647638016,22.10306191444397,-1.035858154296875,-0.1728515625,0.0663299560546875
1773063110657694208,22.113117933273315,-0.986907958984375,-0.1696014404296875,-0.0035400390625
1773063110667749888,22.123173713684082,-0.9319610595703125,-0.159515380859375,0.0654296875
1773063110677805056,22.13322877883911,-0.9595794677734375,-0.1439056396484375,0.1281280517578125
1773063110687860992,22.143284797668457,-0.99920654296875,-0.2079620361328125,0.06353759765625
1773063110697915904,22.153339862823486,-1.0001220703125,-0.2231903076171875,0.0725860595703125
1773063110707972096,22.163395881652832,-1.0346832275390625,-0.1163482666015625,0.10833740234375
1773063110718028032,22.173451900482178,-1.0369873046875,-0.1563873291015625,0.0443878173828125
1773063110728082944,22.183506727218628,-0.99188232421875,-0.0927581787109375,0.02764892578125
1773063110738138880,22.193562746047974,-0.9255523681640625,-0.0619049072265625,0.0775146484375
1773063110748194816,22.20361876487732,-0.948516845703125,-0.1528167724609375,0.1006317138671875
1773063110758249984,22.21367383003235,-0.995819091796875,-0.2255096435546875,0.025665283203125
1773063110768305920,22.223729848861694,-0.9402923583984375,-0.1145172119140625,0.0086212158203125
1773063110778362112,22.23378586769104,-0.9146270751953125,0.015960693359375,0.029327392578125
1773063110788417024,22.24384093284607,-0.952301025390625,-0.026214599609375,0.0883636474609375
1773063110798472960,22.253896713256836,-1.00311279296875,-0.0494232177734375,0.09564208984375
1773063110808527872,22.263951778411865,-1.0013275146484375,-0.0099639892578125,0.0474090576171875
1773063110818584064,22.27400779724121,-0.9681549072265625,0.0222015380859375,0.108062744140625
1773063110828640000,22.284063816070557,-1.021881103515625,0.053741455078125,0.0214080810546875
1773063110838695168,22.294118881225586,-0.9383697509765625,-0.0110931396484375,-0.0631866455078125
1773063110848751104,22.30417490005493,-0.8727264404296875,-0.071258544921875,-0.1637725830078125
1773063110858807040,22.314230918884277,-0.7696990966796875,-0.08990478515625,-0.1786041259765625
1773063110868861952,22.324285745620728,-0.7263336181640625,-0.038726806640625,-0.14703369140625
1773063110878917888,22.334341764450073,-0.74981689453125,0.03973388671875,-0.0556793212890625
1773063110888973056,22.344396829605103,-0.790863037109375,0.0411529541015625,0.088043212890625
1773063110899028992,22.35445284843445,-0.9384918212890625,0.2270355224609375,0.02960205078125
1773063110909084928,22.364508867263794,-0.9818878173828125,0.377349853515625,-0.00689697265625
1773063110919140096,22.374563932418823,-0.9432830810546875,0.1450042724609375,-0.0118255615234375
1773063110929195776,22.38461971282959,-0.8632354736328125,-0.0459442138671875,-0.0977325439453125
1773063110939251968,22.394675731658936,-0.722930908203125,0.041015625,-0.027191162109375
1773063110949306880,22.404730796813965,-0.644744873046875,0.1810302734375,-0.0819244384765625
1773063110959363072,22.41478681564331,-0.6467742919921875,0.228759765625,-0.112213134765625
1773063110969417984,22.42484188079834,-0.69305419921875,0.1615753173828125,-0.1724090576171875
1773063110979474176,22.434897899627686,-0.6767120361328125,0.11993408203125,-0.19305419921875
1773063110989530112,22.44495391845703,-0.648040771484375,0.1305084228515625,-0.1178131103515625
1773063110999585024,22.45500874519348,-0.7009735107421875,0.0576324462890625,-0.0498809814453125
1773063111009640960,22.465064764022827,-0.7463226318359375,0.08319091796875,-0.0057220458984375
1773063111019696896,22.475120782852173,-0.7224578857421875,0.170501708984375,0.0664825439453125
1773063111029752064,22.485175848007202,-0.725555419921875,0.170135498046875,0.1185760498046875
1773063111039808000,22.495231866836548,-0.79913330078125,0.0997314453125,0.1085968017578125
1773063111049863936,22.505287885665894,-0.9154205322265625,0.1338653564453125,0.0125885009765625
1773063111059918848,22.515342712402344,-0.8292236328125,0.2719573974609375,-0.141571044921875
1773063111069974784,22.52539873123169,-0.5934295654296875,0.3221282958984375,-0.109771728515625
1773063111080029952,22.53545379638672,-0.5986480712890625,0.2216796875,-0.01007080078125
1773063111090085888,22.545509815216064,-0.7826080322265625,0.0993804931640625,0.027496337890625
1773063111100142080,22.55556583404541,-0.815155029296875,0.1551971435546875,0.0501861572265625
1773063111110196992,22.56562089920044,-0.7851104736328125,0.2503814697265625,0.03399658203125
1773063111120253184,22.575676918029785,-0.8823699951171875,0.278564453125,-0.026123046875
1773063111130308864,22.58573269844055,-0.92144775390625,0.21307373046875,-0.0414276123046875
1773063111140364032,22.59578776359558,-0.792724609375,0.1915740966796875,0.0519256591796875
1773063111150419968,22.605843782424927,-0.7403564453125,0.1790008544921875,0.046173095703125
1773063111160475904,22.615899801254272,-0.90643310546875,0.1864776611328125,0.026397705078125
1773063111170531072,22.6259548664093,-0.98724365234375,0.183197021484375,-0.0321502685546875
1773063111180587008,22.636010885238647,-0.8493194580078125,0.2695770263671875,-0.122314453125
1773063111190641920,22.646065711975098,-0.8397369384765625,0.212066650390625,-0.102020263671875
1773063111200697856,22.656121730804443,-0.8953399658203125,0.162353515625,-0.0396270751953125
1773063111210753792,22.66617774963379,-0.9254913330078125,0.121917724609375,0.031402587890625
1773063111220808960,22.67623281478882,-0.9843597412109375,0.1344451904296875,0.047332763671875
1773063111230864896,22.686288833618164,-1.1298675537109375,0.1816864013671875,-0.0036163330078125
1773063111240921088,22.69634485244751,-1.185821533203125,0.1595916748046875,-0.0137939453125
1773063111250976000,22.70639991760254,-1.055938720703125,0.1692962646484375,-0.027435302734375
1773063111261031936,22.716455698013306,-0.93328857421875,0.12237548828125,-0.08544921875
1773063111271086848,22.726510763168335,-0.9450531005859375,0.0950469970703125,-0.0906219482421875
1773063111281143040,22.73656678199768,-0.96453857421875,0.143798828125,-0.0820770263671875
1773063111291198976,22.746622800827026,-0.9559783935546875,0.2241973876953125,-0.0476837158203125
1773063111301254144,22.756677865982056,-1.032379150390625,0.2725372314453125,0.0169677734375
1773063111311310080,22.7667338848114,-1.13372802734375,0.29345703125,0.0730438232421875
1773063111321366016,22.776789903640747,-1.1036376953125,0.2565460205078125,0.060150146484375
1773063111331420928,22.786844730377197,-0.9965667724609375,0.2149658203125,0.0323028564453125
1773063111341476864,22.796900749206543,-0.966583251953125,0.1745758056640625,-0.011383056640625
1773063111351533056,22.80695676803589,-0.9650726318359375,0.1956634521484375,-0.002899169921875
1773063111361587968,22.817011833190918,-0.962249755859375,0.2639007568359375,0.02099609375
1773063111371643392,22.827067136764526,-0.9495086669921875,0.2800750732421875,-0.021484375
1773063111381698048,22.837121963500977,-0.983184814453125,0.23602294921875,-0.0092315673828125
1773063111391754240,22.847177982330322,-0.9996185302734375,0.269287109375,0.0415802001953125
1773063111401810176,22.857234001159668,-0.989837646484375,0.3096466064453125,0.063446044921875
1773063111411865344,22.867289066314697,-0.974609375,0.323272705078125,0.06884765625
1773063111421921280,22.877345085144043,-0.9496002197265625,0.2993316650390625,0.04718017578125
1773063111431977216,22.88740110397339,-0.92254638671875,0.278167724609375,0.0141754150390625
1773063111442032384,22.897456169128418,-0.9471588134765625,0.261016845703125,-0.0007171630859375
1773063111452088064,22.907511949539185,-1.0069732666015625,0.213104248046875,0.0501556396484375
1773063111462143232,22.917567014694214,-0.981109619140625,0.2441253662109375,0.0850372314453125
1773063111472199168,22.92762303352356,-0.933868408203125,0.3139190673828125,0.08013916015625
1773063111482255104,22.937679052352905,-0.9458770751953125,0.3098602294921875,0.0093994140625
1773063111492310272,22.947734117507935,-0.9265899658203125,0.289581298828125,-0.02056884765625
1773063111502366208,22.95779013633728,-0.8723907470703125,0.3009185791015625,-0.00555419921875
1773063111512422400,22.967846155166626,-0.90472412109375,0.3334197998046875,0.0225982666015625
1773063111522477056,22.977900981903076,-1.035400390625,0.3108978271484375,0.0492706298828125
1773063111532533248,22.987957000732422,-1.0821075439453125,0.29461669921875,0.0640106201171875
1773063111542588160,22.99801206588745,-0.9903564453125,0.2842254638671875,0.078521728515625
1773063111552644352,23.008068084716797,-0.9351043701171875,0.269622802734375,0.0667724609375
1773063111562700288,23.018124103546143,-0.9417266845703125,0.284088134765625,-0.0006866455078125
1773063111572755456,23.028179168701172,-0.9512939453125,0.27947998046875,-0.0336761474609375
1773063111582811136,23.03823494911194,-0.941650390625,0.2643585205078125,-0.0438690185546875
1773063111592867072,23.048290967941284,-0.9449310302734375,0.2584991455078125,-0.036590576171875
1773063111602922240,23.058346033096313,-0.9996795654296875,0.232177734375,0.0500335693359375
1773063111612978176,23.06840205192566,-0.9913177490234375,0.273895263671875,0.077117919921875
1773063111623034112,23.078458070755005,-0.9474029541015625,0.296478271484375,0.060638427734375
1773063111633089280,23.088513135910034,-0.95013427734375,0.2612152099609375,0.0402374267578125
1773063111643145216,23.09856915473938,-0.947845458984375,0.269317626953125,0.0325927734375
1773063111653200128,23.10862398147583,-0.9565277099609375,0.28131103515625,0.0160064697265625
1773063111663256064,23.118680000305176,-0.9635467529296875,0.290008544921875,0.006927490234375
1773063111673312256,23.12873601913452,-0.9701995849609375,0.2686767578125,0.0211029052734375
1773063111683367168,23.13879108428955,-1.008209228515625,0.2273101806640625,0.0220947265625
1773063111693423360,23.148847103118896,-1.0137176513671875,0.240692138671875,0.0455474853515625
1773063111703479296,23.158903121948242,-0.96661376953125,0.2675628662109375,0.0439605712890625
1773063111713534208,23.168957948684692,-0.9175567626953125,0.2883758544921875,0.0241241455078125
1773063111723590144,23.179013967514038,-0.965118408203125,0.3128509521484375,0.0068817138671875
1773063111733645312,23.189069032669067,-0.9996337890625,0.2804718017578125,-0.0257568359375
1773063111743701248,23.199125051498413,-0.9922332763671875,0.2543487548828125,-0.039215087890625
1773063111753757184,23.20918107032776,-0.973175048828125,0.2157745361328125,-0.0117034912109375
1773063111763812352,23.219236135482788,-0.931854248046875,0.2376861572265625,0.026123046875
1773063111773868288,23.229292154312134,-0.9344940185546875,0.243743896484375,0.033111572265625
1773063111783924224,23.23934817314148,-0.9560394287109375,0.2487030029296875,-0.0095367431640625
1773063111793979136,23.24940299987793,-0.9572601318359375,0.2628326416015625,-0.015716552734375
1773063111804035072,23.259459018707275,-0.95953369140625,0.2499237060546875,0.01458740234375
1773063111814090240,23.269514083862305,-0.977783203125,0.243743896484375,0.0365447998046875
1773063111824146176,23.27957010269165,-1.012847900390625,0.24481201171875,0.0491790771484375
1773063111834202368,23.289626121520996,-1.0060272216796875,0.2551727294921875,0.0244140625
1773063111844257024,23.299680948257446,-0.9630126953125,0.2429656982421875,0.0109405517578125
1773063111854313216,23.309736967086792,-0.94525146484375,0.2215576171875,0.0030517578125
1773063111864369152,23.319792985916138,-0.941253662109375,0.240203857421875,0.00933837890625
1773063111874424320,23.329848051071167,-0.963958740234375,0.2663726806640625,0.0087890625
1773063111884480256,23.339904069900513,-1.0013275146484375,0.26959228515625,-0.0094146728515625
1773063111894536192,23.34996008872986,-1.04071044921875,0.2358856201171875,-0.0095062255859375
1773063111904591360,23.360015153884888,-1.0036163330078125,0.22918701171875,-0.011016845703125
1773063111914647296,23.370071172714233,-0.94281005859375,0.2192535400390625,0.0146942138671875
1773063111924702208,23.380125999450684,-0.9593353271484375,0.1959686279296875,0.026947021484375
1773063111934758144,23.39018201828003,-0.9482421875,0.1963958740234375,-0.0105133056640625
1773063111944814080,23.400238037109375,-0.9391937255859375,0.204925537109375,-0.038055419921875
1773063111954869248,23.410293102264404,-0.9747314453125,0.2065887451171875,-0.029296875
1773063111964925184,23.42034912109375,-1.0013427734375,0.2092742919921875,-0.0024871826171875
1773063111974981376,23.430405139923096,-0.9998779296875,0.2115325927734375,0.0187225341796875
1773063111985036032,23.440459966659546,-0.9648284912109375,0.23138427734375,0.01019287109375
1773063111995092224,23.45051598548889,-0.956878662109375,0.2069091796875,0.011444091796875
1773063112005147136,23.46057105064392,-0.9537811279296875,0.217071533203125,0.0036468505859375
1773063112015203328,23.470627069473267,-0.954833984375,0.2595977783203125,0.0077667236328125
1773063112025259264,23.480683088302612,-0.984954833984375,0.2617034912109375,0.027099609375
1773063112035314432,23.49073815345764,-1.0129852294921875,0.2323150634765625,0.0152130126953125
1773063112045370368,23.500794172286987,-0.9930572509765625,0.219635009765625,-0.0134429931640625
1773063112055426048,23.510849952697754,-0.95428466796875,0.20709228515625,-0.0110015869140625
1773063112065481216,23.520905017852783,-0.94378662109375,0.1938629150390625,-0.0016021728515625
1773063112075537152,23.53096103668213,-0.939117431640625,0.19427490234375,0.003875732421875
1773063112085593344,23.541017055511475,-0.9459686279296875,0.2184906005859375,0.00238037109375
1773063112095648256,23.551072120666504,-0.9752960205078125,0.2437286376953125,-0.01226806640625
1773063112105704192,23.56112813949585,-0.9830474853515625,0.2478485107421875,-0.0080718994140625
1773063112115759104,23.5711829662323,-0.990203857421875,0.2391357421875,0.0305633544921875
1773063112125815040,23.581238985061646,-0.998809814453125,0.2280120849609375,0.0464019775390625
1773063112135871232,23.59129500389099,-0.9811248779296875,0.2284393310546875,0.0306854248046875
1773063112145926144,23.60135006904602,-0.967376708984375,0.21258544921875,0.02056884765625
1773063112155982336,23.611406087875366,-0.95135498046875,0.19805908203125,0.001007080078125
1773063112166038272,23.621462106704712,-0.9430389404296875,0.2193756103515625,-0.016021728515625
1773063112176093440,23.63151717185974,-0.9678497314453125,0.2439422607421875,-0.009246826171875
1773063112186149120,23.641572952270508,-0.9853363037109375,0.2274932861328125,0.0022125244140625
1773063112196204288,23.651628017425537,-0.978118896484375,0.2044677734375,-0.010650634765625
1773063112206260224,23.661684036254883,-0.9670257568359375,0.197479248046875,-0.0072021484375
1773063112216316160,23.67174005508423,-0.9536590576171875,0.1989288330078125,0.0269622802734375
1773063112226371328,23.681795120239258,-0.949798583984375,0.1987152099609375,0.04522705078125
1773063112236427264,23.691851139068604,-0.954254150390625,0.2137451171875,0.02423095703125
1773063112246483200,23.70190715789795,-0.9593353271484375,0.2298583984375,0.01055908203125
1773063112256538112,23.7119619846344,-0.9545135498046875,0.216156005859375,-0.0003204345703125
1773063112266594048,23.722018003463745,-0.9340362548828125,0.1971435546875,0.021148681640625
1773063112276650240,23.73207402229309,-0.9471588134765625,0.1750946044921875,0.0521240234375
1773063112286705152,23.74212908744812,-0.9479827880859375,0.1654205322265625,0.061187744140625
1773063112296761344,23.752185106277466,-0.9253997802734375,0.170166015625,0.0478515625
1773063112306816256,23.762240171432495,-0.9257659912109375,0.1643829345703125,0.036407470703125
1773063112316872192,23.77229595184326,-0.9275970458984375,0.1631927490234375,0.052276611328125
1773063112326928128,23.782351970672607,-0.9098052978515625,0.1741485595703125,0.0650787353515625
1773063112336983296,23.792407035827637,-0.9188995361328125,0.1881103515625,0.0685577392578125
1773063112347039232,23.802463054656982,-0.9450531005859375,0.1701202392578125,0.013916015625
1773063112357095168,23.812519073486328,-0.8922271728515625,0.177001953125,0.0363922119140625
1773063112367151360,23.822575092315674,-0.876190185546875,0.1719970703125,0.0516815185546875
1773063112377207296,23.83263111114502,-0.8704833984375,0.157806396484375,0.0418701171875
1773063112387262464,23.84268617630005,-0.8312835693359375,0.163665771484375,0.0330810546875
1773063112397318144,23.852741956710815,-0.8036041259765625,0.134124755859375,0.039337158203125
1773063112407374080,23.86279797554016,-0.81231689453125,0.057464599609375,0.1290283203125
1773063112417429248,23.87285304069519,-0.8917388916015625,0.1281280517578125,0.0965576171875
1773063112427485184,23.882909059524536,-0.946441650390625,0.276824951171875,0.046356201171875
1773063112437541120,23.892965078353882,-0.9409637451171875,0.2389678955078125,0.0630950927734375
1773063112447596288,23.90302014350891,-0.8699951171875,0.0900726318359375,0.0308837890625
1773063112457652224,23.913076162338257,-0.7661895751953125,0.0386505126953125,0.0397796630859375
1773063112467707136,23.923130989074707,-0.70782470703125,0.071746826171875,0.07000732421875
1773063112477763072,23.933187007904053,-0.7115020751953125,0.0432586669921875,0.1135711669921875
1773063112487819264,23.9432430267334,-0.80059814453125,0.0166778564453125,0.2005767822265625
1773063112497874176,23.953298091888428,-0.9949493408203125,0.1465301513671875,0.118988037109375
1773063112507930368,23.963354110717773,-1.097503662109375,0.30047607421875,0.064971923828125
1773063112517986304,23.97341012954712,-1.030548095703125,0.240325927734375,0.0778656005859375
1773063112528041216,23.98346495628357,-0.9007568359375,0.1068115234375,0.053558349609375
1773063112538097152,23.993520975112915,-0.749603271484375,0.0104827880859375,0.0249176025390625
1773063112548153088,24.00357699394226,-0.6868133544921875,-0.0217742919921875,0.0600128173828125
1773063112558208256,24.01363205909729,-0.7810211181640625,0.0077056884765625,0.1077880859375
1773063112568264192,24.023688077926636,-0.9591522216796875,0.0269622802734375,0.1487579345703125
1773063112578319360,24.033743143081665,-1.1052093505859375,0.0702056884765625,0.17620849609375
1773063112588375296,24.04379916191101,-1.1402740478515625,0.1834869384765625,0.10198974609375
1773063112598431232,24.053855180740356,-1.029449462890625,0.1732940673828125,0.0529022216796875
1773063112608486144,24.063910007476807,-0.871917724609375,0.02294921875,0.020721435546875
1773063112618542080,24.073966026306152,-0.76495361328125,-0.0554351806640625,0.0229644775390625
1773063112628598272,24.084022045135498,-0.740509033203125,-0.0202178955078125,0.097259521484375
1773063112638653184,24.094077110290527,-0.84271240234375,0.0396270751953125,0.1356964111328125
1773063112648709376,24.104133129119873,-0.996429443359375,0.0285186767578125,0.193206787109375
1773063112658764032,24.114187955856323,-1.1488189697265625,0.0349273681640625,0.1210174560546875
1773063112668820224,24.12424397468567,-1.1275482177734375,0.0780029296875,0.1191253662109375
1773063112678876160,24.134299993515015,-1.002838134765625,0.089447021484375,0.132537841796875
1773063112688931328,24.144355058670044,-0.88092041015625,0.023956298828125,0.1277313232421875
1773063112698987264,24.15441107749939,-0.7749176025390625,-0.045745849609375,0.0862274169921875
1773063112709043200,24.164467096328735,-0.74444580078125,-0.028076171875,0.0938568115234375
1773063112719098368,24.174522161483765,-0.8318939208984375,0.0419464111328125,0.125274658203125
1773063112729154304,24.18457818031311,-1.010467529296875,0.071380615234375,0.1671600341796875
1773063112739209216,24.19463300704956,-1.1551055908203125,0.0980682373046875,0.1412811279296875
1773063112749265152,24.204689025878906,-1.088470458984375,0.0475006103515625,0.112823486328125
1773063112759321088,24.214745044708252,-0.915985107421875,-0.0302734375,0.14727783203125
1773063112769376256,24.22480010986328,-0.8083343505859375,-0.0727691650390625,0.1147918701171875
1773063112779432192,24.234856128692627,-0.781585693359375,-0.0489959716796875,0.072845458984375
1773063112789488384,24.244912147521973,-0.8182220458984375,-0.015716552734375,0.1191864013671875
1773063112799543040,24.254966974258423,-0.9589996337890625,-0.0023651123046875,0.162994384765625
1773063112809599232,24.26502299308777,-1.102569580078125,-0.0175323486328125,0.1533050537109375
1773063112819655168,24.275079011917114,-1.0735931396484375,-0.0426025390625,0.1689453125
1773063112829710336,24.285134077072144,-0.9642791748046875,-0.0329742431640625,0.2365875244140625
1773063112839766272,24.29519009590149,-0.8897552490234375,-0.025970458984375,0.1826171875
1773063112849821440,24.30524516105652,-0.8806304931640625,0.029937744140625,0.1796875
1773063112859877376,24.315301179885864,-0.9975128173828125,0.0254058837890625,0.1800689697265625
1773063112869933056,24.32535696029663,-1.12615966796875,-0.036102294921875,0.1016998291015625
1773063112879988224,24.33541202545166,-1.1438446044921875,-0.03277587890625,0.132965087890625
1773063112890044160,24.345468044281006,-1.037567138671875,-0.1538848876953125,0.1155242919921875
1773063112900100352,24.35552406311035,-0.903656005859375,-0.1896820068359375,0.1065521240234375
1773063112910155264,24.36557912826538,-0.861358642578125,-0.1380157470703125,0.1118316650390625
1773063112920211200,24.375635147094727,-0.9553070068359375,-0.0572357177734375,0.1267242431640625
1773063112930266112,24.385689973831177,-1.0891571044921875,-0.0032958984375,0.1548004150390625
1773063112940322048,24.395745992660522,-1.1334991455078125,-0.063629150390625,0.17431640625
1773063112950378240,24.405802011489868,-1.0977630615234375,-0.12689208984375,0.19207763671875
1773063112960433152,24.415857076644897,-1.0770111083984375,-0.12579345703125,0.22625732421875
1773063112970489344,24.425913095474243,-1.058319091796875,-0.1431427001953125,0.164703369140625
1773063112980545280,24.43596911430359,-1.004486083984375,-0.13006591796875,0.1015625
1773063112990600448,24.446024179458618,-0.9798126220703125,-0.0774078369140625,0.0716400146484375
1773063113000656128,24.456079959869385,-0.9971466064453125,-0.030181884765625,0.0446929931640625
1773063113010711296,24.466135025024414,-1.0043487548828125,-0.04052734375,0.1020050048828125
1773063113020767232,24.47619104385376,-1.0909271240234375,-0.1123504638671875,0.2154693603515625
1773063113030823168,24.486247062683105,-1.2173614501953125,-0.261566162109375,0.1251068115234375
1773063113040878336,24.496302127838135,-1.097198486328125,-0.258758544921875,0.0925750732421875
1773063113050934272,24.50635814666748,-0.9127655029296875,-0.141448974609375,0.1078948974609375
1773063113060990208,24.516414165496826,-0.8973236083984375,-0.084259033203125,0.0302886962890625
1773063113071045120,24.526468992233276,-0.9629058837890625,-0.0510711669921875,0.0569915771484375
1773063113081101056,24.536525011062622,-1.0648040771484375,-0.0132293701171875,0.13641357421875
1773063113091157248,24.546581029891968,-1.117218017578125,-0.1105194091796875,0.1156158447265625
1773063113101212160,24.556636095046997,-1.0847320556640625,-0.1994171142578125,0.129791259765625
1773063113111268352,24.566692113876343,-1.058197021484375,-0.14544677734375,0.2096710205078125
1773063113121323264,24.576747179031372,-1.026275634765625,-0.1262664794921875,0.1680755615234375
1773063113131379200,24.58680295944214,-0.9813995361328125,-0.078033447265625,0.121185302734375
1773063113141435136,24.596858978271484,-0.9944305419921875,-0.002105712890625,0.1365966796875
1773063113151490304,24.606914043426514,-1.0671234130859375,0.0367889404296875,0.1211090087890625
1773063113161546240,24.61697006225586,-1.06085205078125,0.009521484375,0.087158203125
1773063113171602176,24.627026081085205,-1.025543212890625,-0.0245819091796875,0.0803680419921875
1773063113181657344,24.637081146240234,-1.0164794921875,-0.1294403076171875,0.05364990234375
1773063113191713280,24.64713716506958,-1.012664794921875,-0.154052734375,0.1069793701171875
1773063113201769472,24.657193183898926,-1.0214080810546875,-0.11370849609375,0.16680908203125
1773063113211824128,24.667248010635376,-1.053497314453125,-0.064208984375,0.13720703125
1773063113221880320,24.67730402946472,-1.0674591064453125,-0.025543212890625,0.1101837158203125
1773063113231935232,24.68735909461975,-1.058502197265625,-0.0083160400390625,0.086334228515625
1773063113241991168,24.697415113449097,-1.0417938232421875,-0.0118255615234375,0.11358642578125
1773063113252047360,24.707471132278442,-1.0768585205078125,-0.07452392578125,0.082794189453125
1773063113262102016,24.717525959014893,-1.0720062255859375,-0.149810791015625,0.00714111328125
1773063113272158208,24.72758197784424,-1.0175018310546875,-0.11004638671875,0.1064453125
1773063113282214144,24.737637996673584,-1.018585205078125,-0.0823974609375,0.13140869140625
1773063113292269312,24.747693061828613,-1.002777099609375,-0.076385498046875,0.06402587890625
1773063113302325248,24.75774908065796,-1.00274658203125,-0.010040283203125,0.1108245849609375
1773063113312380416,24.76780414581299,-1.063201904296875,0.0225830078125,0.139129638671875
1773063113322436352,24.777860164642334,-1.0960845947265625,-0.0880584716796875,0.070953369140625
1773063113332492288,24.78791618347168,-1.0366058349609375,-0.0961456298828125,0.071441650390625
1773063113342547200,24.79797101020813,-0.977783203125,-0.064361572265625,0.072967529296875
1773063113352603136,24.808027029037476,-0.981781005859375,-0.0510711669921875,0.1235504150390625
1773063113362659328,24.81808304786682,-1.0445098876953125,-0.0418548583984375,0.2025146484375
1773063113372713216,24.828137159347534,-1.13311767578125,-0.0372467041015625,0.2171783447265625
1773063113382769408,24.83819317817688,-1.1380157470703125,-0.1077880859375,0.0896148681640625
1773063113392824320,24.84824824333191,-0.997772216796875,-0.158050537109375,-0.0210113525390625
1773063113402880512,24.858304262161255,-0.9422760009765625,-0.0949249267578125,0.0436553955078125
1773063113412936192,24.86836004257202,-1.035980224609375,-0.062347412109375,0.065826416015625
1773063113422991360,24.87841510772705,-1.122833251953125,-0.107177734375,0.0855712890625
1773063113433047296,24.888471126556396,-1.1666412353515625,-0.1238250732421875,0.14569091796875
1773063113443103232,24.898527145385742,-1.186981201171875,-0.184967041015625,0.167877197265625
1773063113453158400,24.90858221054077,-1.2055816650390625,-0.2344818115234375,0.0771942138671875
1773063113463214336,24.918638229370117,-1.2099761962890625,-0.2570037841796875,0.0571746826171875
1773063113473269248,24.928693056106567,-1.205169677734375,-0.184478759765625,0.0594329833984375
1773063113483325184,24.938749074935913,-1.2260284423828125,-0.1338348388671875,0.0390625
1773063113493381376,24.94880509376526,-1.247039794921875,-0.1597137451171875,0.090972900390625
1773063113503436288,24.958860158920288,-1.311248779296875,-0.138092041015625,0.170684814453125
1773063113513492224,24.968916177749634,-1.4068450927734375,-0.22802734375,0.1536407470703125
1773063113523548416,24.97897219657898,-1.4118194580078125,-0.2863006591796875,0.116729736328125
1773063113533603328,24.98902726173401,-1.34429931640625,-0.2631988525390625,0.114105224609375
1773063113543659264,24.999083042144775,-1.2916717529296875,-0.2957611083984375,0.0166168212890625
1773063113553714176,25.009138107299805,-1.2378082275390625,-0.2686614990234375,0.0053558349609375
1773063113563770368,25.01919412612915,-1.257904052734375,-0.1593170166015625,0.1112060546875
1773063113573826304,25.029250144958496,-1.3461151123046875,-0.1670074462890625,0.11492919921875
1773063113583881472,25.039305210113525,-1.377044677734375,-0.20257568359375,0.08392333984375
1773063113593937408,25.04936122894287,-1.3044586181640625,-0.24237060546875,0.1126861572265625
1773063113603993344,25.059417247772217,-1.2574310302734375,-0.292999267578125,0.071624755859375
1773063113614048256,25.069472074508667,-1.2264251708984375,-0.3220672607421875,0.0090484619140625
1773063113624104192,25.079528093338013,-1.1772003173828125,-0.3097381591796875,-0.0036468505859375
1773063113634160384,25.08958411216736,-1.1360931396484375,-0.2324066162109375,-0.0068359375
1773063113644215296,25.099639177322388,-1.1406707763671875,-0.19061279296875,-0.00384521484375
1773063113654271488,25.109695196151733,-1.1468505859375,-0.19842529296875,0.0612030029296875
1773063113664326400,25.119750261306763,-1.1767730712890625,-0.2031097412109375,0.1004638671875
1773063113674382336,25.12980604171753,-1.2163848876953125,-0.228057861328125,0.105804443359375
1773063113684438272,25.139862060546875,-1.1716156005859375,-0.269317626953125,0.074371337890625
1773063113694493184,25.149917125701904,-1.10467529296875,-0.282501220703125,0.0314483642578125
1773063113704549376,25.15997314453125,-1.0555419921875,-0.2670135498046875,0.0227813720703125
1773063113714605312,25.170029163360596,-1.01416015625,-0.205291748046875,0.0061492919921875
1773063113724660480,25.180084228515625,-1.0386810302734375,-0.1613311767578125,0.0156707763671875
1773063113734716416,25.19014024734497,-1.1024627685546875,-0.1034393310546875,0.089141845703125
1773063113744771328,25.20019507408142,-1.1396484375,-0.1716766357421875,0.103668212890625
1773063113754827264,25.210251092910767,-1.0954132080078125,-0.264984130859375,0.0697784423828125
1773063113764883200,25.220307111740112,-0.997833251953125,-0.22979736328125,0.0836181640625
1773063113774938368,25.23036217689514,-0.9649505615234375,-0.1894073486328125,0.0841827392578125
1773063113784994304,25.240418195724487,-0.9801788330078125,-0.152679443359375,0.039154052734375
1773063113795050496,25.250474214553833,-0.990264892578125,-0.1191253662109375,0.051849365234375
1773063113805105152,25.260529041290283,-1.0134429931640625,-0.10882568359375,0.0504913330078125
1773063113815161344,25.27058506011963,-1.030120849609375,-0.1531982421875,0.06781005859375
1773063113825216256,25.280640125274658,-1.0600738525390625,-0.2047271728515625,0.101654052734375
1773063113835272192,25.290696144104004,-1.0772705078125,-0.162628173828125,0.1245880126953125
1773063113845328384,25.30075216293335,-1.0634918212890625,-0.149688720703125,0.0908050537109375
1773063113855383296,25.31080722808838,-0.9662017822265625,-0.1390228271484375,0.09918212890625
1773063113865439488,25.320863246917725,-0.9235687255859375,-0.079803466796875,0.1329498291015625
1773063113875495424,25.33091926574707,-1.032470703125,-0.096710205078125,0.0959930419921875
1773063113885550336,25.34097409248352,-1.10504150390625,-0.039581298828125,0.0030364990234375
1773063113895606272,25.351030111312866,-1.044525146484375,-0.1277008056640625,-0.0396881103515625
1773063113905662208,25.361086130142212,-0.96337890625,-0.313812255859375,-0.0556488037109375
1773063113915717376,25.37114119529724,-0.943328857421875,-0.2147369384765625,0.0277557373046875
1773063113925773312,25.381197214126587,-0.9736480712890625,-0.001434326171875,0.1493377685546875
1773063113935828224,25.391252040863037,-1.032379150390625,0.0114288330078125,0.250396728515625
1773063113945884160,25.401308059692383,-1.136322021484375,0.0689697265625,0.243621826171875
1773063113955940352,25.41136407852173,-1.140533447265625,0.040924072265625,0.1851348876953125
1773063113965995264,25.421419143676758,-1.0865631103515625,-0.047149658203125,0.12542724609375
1773063113976051456,25.431475162506104,-1.07135009765625,0.0033111572265625,0.023284912109375
1773063113986107392,25.44153118133545,-1.0098114013671875,0.03228759765625,-0.0140533447265625
1773063113996162304,25.45158624649048,-0.8916168212890625,-0.04498291015625,-0.0356292724609375
1773063114006218496,25.461642265319824,-0.783294677734375,-0.0706787109375,-0.0141448974609375
1773063114016273152,25.471697092056274,-0.7874755859375,0.0813446044921875,0.02655029296875
1773063114026329344,25.48175311088562,-0.8497161865234375,0.0845184326171875,0.04730224609375
1773063114036385280,25.491809129714966,-0.9441680908203125,0.0408477783203125,0.048004150390625
1773063114046440448,25.501864194869995,-0.9562225341796875,0.1344451904296875,-0.0767364501953125
1773063114056496384,25.51192021369934,-0.8221435546875,0.134246826171875,-0.117279052734375
1773063114066552320,25.521976232528687,-0.7394256591796875,-0.0650177001953125,-0.1563720703125
1773063114076607232,25.532031059265137,-0.6748199462890625,-0.13006591796875,-0.09844970703125
1773063114086663168,25.542087078094482,-0.6554718017578125,0.0695648193359375,0.0199432373046875
1773063114096719360,25.552143096923828,-0.7066650390625,0.2809600830078125,-0.00482177734375
1773063114106774272,25.562198162078857,-0.741546630859375,0.327117919921875,-0.081146240234375
1773063114116830464,25.572254180908203,-0.73016357421875,0.2479248046875,-0.08135986328125
1773063114126885376,25.582309246063232,-0.6568145751953125,0.11981201171875,-0.0761260986328125
1773063114136941312,25.592365264892578,-0.5810699462890625,0.055419921875,-0.0737762451171875
1773063114146997248,25.602421045303345,-0.592315673828125,0.0306854248046875,-0.045196533203125
1773063114157052160,25.612476110458374,-0.6924285888671875,0.1455230712890625,0.058807373046875
1773063114167108352,25.62253212928772,-0.782470703125,0.2032623291015625,0.10101318359375
1773063114177164288,25.632588148117065,-0.7336273193359375,0.1252288818359375,-0.045928955078125
1773063114187219456,25.642643213272095,-0.567230224609375,0.0681915283203125,-0.04034423828125
1773063114197275392,25.65269923210144,-0.5219573974609375,0.0047760009765625,0.0079803466796875
1773063114207330304,25.66275405883789,-0.6266632080078125,0.04144287109375,0.0408172607421875
1773063114217386240,25.672810077667236,-0.7561798095703125,0.1505584716796875,0.0296173095703125
1773063114227442176,25.682866096496582,-0.8202362060546875,0.2220001220703125,0.0272064208984375
1773063114237497344,25.69292116165161,-0.80926513671875,0.2614593505859375,-0.0272064208984375
1773063114247553280,25.702977180480957,-0.7484588623046875,0.298187255859375,-0.0083465576171875
1773063114257609472,25.713033199310303,-0.7688446044921875,0.21380615234375,0.09368896484375
1773063114267664384,25.723088264465332,-0.8630218505859375,0.03533935546875,0.1376190185546875
1773063114277720320,25.7331440448761,-0.862457275390625,-0.0401153564453125,0.0770111083984375
1773063114287775232,25.743199110031128,-0.7555999755859375,0.1059112548828125,0.01885986328125
1773063114297831424,25.753255128860474,-0.668426513671875,0.29254150390625,-0.0909423828125
1773063114307887360,25.76331114768982,-0.6548614501953125,0.234832763671875,-0.166290283203125
1773063114317942272,25.77336621284485,-0.786865234375,0.153106689453125,-0.1118927001953125
1773063114327998464,25.783422231674194,-0.992095947265625,0.16424560546875,-0.0343170166015625
1773063114338054400,25.79347825050354,-1.1569976806640625,0.2165679931640625,-0.0096588134765625
1773063114348109312,25.80353307723999,-1.197418212890625,0.2255859375,-0.001312255859375
1773063114358165248,25.813589096069336,-1.1181793212890625,0.2056884765625,-0.01739501953125
1773063114368220416,25.823644161224365,-1.0756988525390625,0.2288055419921875,-0.0622406005859375
1773063114378276608,25.83370041847229,-1.0936431884765625,0.2391357421875,-0.1068267822265625
1773063114388332288,25.843756198883057,-1.0816802978515625,0.21337890625,-0.1008453369140625
1773063114398387456,25.853811264038086,-1.0681915283203125,0.19927978515625,-0.1004638671875
1773063114408443392,25.86386728286743,-1.113189697265625,0.220306396484375,-0.083251953125
1773063114418499584,25.873923301696777,-1.1246490478515625,0.200042724609375,-0.084686279296875
1773063114428554496,25.883978366851807,-1.0493316650390625,0.1874847412109375,-0.0743865966796875
1773063114438610432,25.894034385681152,-1.03033447265625,0.1615142822265625,-0.059173583984375
1773063114448665344,25.904089212417603,-1.0557861328125,0.13153076171875,-0.0359649658203125
1773063114458721280,25.91414523124695,-1.0311126708984375,0.150604248046875,-0.04840087890625
1773063114468777472,25.924201250076294,-0.9917755126953125,0.14361572265625,-0.05133056640625
1773063114478832384,25.934256315231323,-0.9769439697265625,0.1441650390625,-0.030426025390625
1773063114488888576,25.94431233406067,-0.9993133544921875,0.1705780029296875,-0.00982666015625
1773063114498944512,25.954368352890015,-1.0121002197265625,0.185394287109375,0.009796142578125
1773063114508999680,25.964423418045044,-0.9723968505859375,0.239105224609375,0.006256103515625
1773063114519055360,25.97447919845581,-0.9255218505859375,0.2773284912109375,-0.01715087890625
1773063114529111296,25.984535217285156,-0.9381256103515625,0.24395751953125,0.0004119873046875
1773063114539166464,25.994590282440186,-0.94598388671875,0.16925048828125,-0.009033203125
1773063114549222400,26.00464630126953,-0.9264068603515625,0.1611480712890625,0.0161590576171875
1773063114559277568,26.01470136642456,-0.9705963134765625,0.161102294921875,0.0036773681640625
1773063114569333504,26.024757385253906,-0.992706298828125,0.14892578125,0.00311279296875
1773063114579389696,26.034813404083252,-0.9641265869140625,0.1621246337890625,-0.00665283203125
1773063114589444352,26.044868230819702,-0.940765380859375,0.19244384765625,-0.0630340576171875
1773063114599500544,26.054924249649048,-0.9183349609375,0.20513916015625,-0.0766754150390625
1773063114609556480,26.064980268478394,-0.9390411376953125,0.190460205078125,-0.0402679443359375
1773063114619611392,26.075035333633423,-0.96826171875,0.1947479248046875,-0.02972412109375
1773063114629667584,26.08509135246277,-0.9901580810546875,0.2277984619140625,-0.0089263916015625
1773063114639722496,26.095146417617798,-1.035003662109375,0.2384490966796875,-0.007171630859375
1773063114649778432,26.105202198028564,-1.0146026611328125,0.21124267578125,-0.0189666748046875
1773063114659834368,26.11525821685791,-0.938995361328125,0.1843109130859375,-0.0379638671875
1773063114669889536,26.12531328201294,-0.9395294189453125,0.1797027587890625,-0.0391387939453125
1773063114679945472,26.135369300842285,-0.9758453369140625,0.1927947998046875,-0.04071044921875
1773063114690001408,26.14542531967163,-0.9626312255859375,0.19158935546875,-0.0277557373046875
1773063114700056576,26.15548038482666,-0.989776611328125,0.2024688720703125,-0.02850341796875
1773063114710112512,26.165536403656006,-1.0467376708984375,0.2122955322265625,-0.03253173828125
1773063114720167424,26.175591230392456,-1.0257110595703125,0.201934814453125,-0.0308685302734375
1773063114730223360,26.1856472492218,-0.9487152099609375,0.1867828369140625,-0.0034637451171875
1773063114740279552,26.195703268051147,-0.9410858154296875,0.1610870361328125,-0.016448974609375
1773063114750334464,26.205758333206177,-0.9509124755859375,0.1616363525390625,-0.0416259765625
1773063114760390400,26.215814352035522,-0.928955078125,0.167266845703125,-0.0460357666015625
1773063114770446592,26.225870370864868,-0.9472808837890625,0.17626953125,-0.0350799560546875
1773063114780501248,26.23592519760132,-0.977203369140625,0.208984375,-0.0175323486328125
1773063114790557440,26.245981216430664,-0.979522705078125,0.201904296875,0.0117645263671875
1773063114800613376,26.25603723526001,-0.955596923828125,0.1576690673828125,0.0042266845703125
1773063114810668544,26.26609230041504,-0.921478271484375,0.13616943359375,0.0007476806640625
1773063114820724480,26.276148319244385,-0.9287261962890625,0.1259918212890625,-0.00482177734375
1773063114830779648,26.286203384399414,-0.9203643798828125,0.12713623046875,-0.0261688232421875
1773063114840835584,26.29625940322876,-0.8995513916015625,0.133026123046875,-0.0499267578125
1773063114850891520,26.306315422058105,-0.9060821533203125,0.1160430908203125,-0.063568115234375
1773063114860946432,26.316370248794556,-0.9119415283203125,0.0855712890625,-0.0502471923828125
1773063114871002368,26.3264262676239,-0.8927001953125,0.0589447021484375,0.001556396484375
1773063114881058560,26.336482286453247,-0.8887176513671875,0.1041107177734375,0.00909423828125
1773063114891113472,26.346537351608276,-0.92095947265625,0.1613006591796875,-0.0192108154296875
1773063114901169664,26.356593370437622,-0.9370880126953125,0.1614532470703125,-0.0337371826171875
1773063114911224576,26.36664843559265,-0.8869781494140625,0.13189697265625,-0.0483551025390625
1773063114921280512,26.376704216003418,-0.839263916015625,0.1170654296875,-0.0328216552734375
1773063114931336448,26.386760234832764,-0.846649169921875,0.1352691650390625,0.0321197509765625
1773063114941391360,26.396815299987793,-0.8975830078125,0.136199951171875,0.095733642578125
1773063114951447552,26.40687131881714,-0.9403076171875,0.0897369384765625,0.11102294921875
1773063114961503488,26.416927337646484,-0.9600372314453125,0.149932861328125,0.048797607421875
1773063114971558656,26.426982402801514,-0.957305908203125,0.1987457275390625,-0.015167236328125
1773063114981614592,26.43703842163086,-0.886260986328125,0.1241302490234375,-0.079864501953125
1773063114991669504,26.44709324836731,-0.748992919921875,0.011199951171875,-0.0931549072265625
1773063115001725440,26.457149267196655,-0.6685943603515625,-0.060821533203125,-0.0484619140625
1773063115011781376,26.467205286026,-0.721710205078125,-0.0863494873046875,-7.62939453125e-05
1773063115021836544,26.47726035118103,-0.8533172607421875,-0.0420379638671875,0.053955078125
1773063115031892480,26.487316370010376,-0.99713134765625,0.11102294921875,0.0990447998046875
1773063115041948672,26.49737238883972,-1.1045989990234375,0.2205047607421875,0.1305999755859375
1773063115052003328,26.507427215576172,-1.080078125,0.1648406982421875,0.06231689453125
1773063115062059520,26.517483234405518,-0.8736114501953125,0.0387115478515625,-0.0584259033203125
1773063115072114432,26.527538299560547,-0.663787841796875,-0.059173583984375,-0.10748291015625
1773063115082170368,26.537594318389893,-0.6358642578125,-0.05303955078125,-0.085113525390625
1773063115092226560,26.54765033721924,-0.7404937744140625,-0.0815277099609375,0.009002685546875
1773063115102281472,26.557705402374268,-0.9019927978515625,-0.1925811767578125,0.212677001953125
1773063115112337664,26.567761421203613,-1.1821136474609375,0.0887603759765625,0.1432037353515625
1773063115122393344,26.57781720161438,-1.19384765625,0.2624359130859375,0.041717529296875
1773063115132448512,26.58787226676941,-0.9459991455078125,0.0645294189453125,0.0107421875
1773063115142504448,26.597928285598755,-0.7425994873046875,-0.056976318359375,-0.02197265625
1773063115152559616,26.607983350753784,-0.6168365478515625,-0.1006927490234375,-0.019989013671875
1773063115162615552,26.61803936958313,-0.6285247802734375,-0.1723175048828125,0.0612030029296875
1773063115172671488,26.628095388412476,-0.7857666015625,-0.2130584716796875,0.225860595703125
1773063115182726400,26.638150215148926,-1.1361236572265625,0.0614776611328125,0.1074066162109375
1773063115192782336,26.64820623397827,-1.25115966796875,0.248016357421875,0.1524200439453125
1773063115202838528,26.658262252807617,-1.0206298828125,-0.00506591796875,0.0736236572265625
1773063115212893440,26.668317317962646,-0.74456787109375,-0.20599365234375,-0.0532684326171875
1773063115222949632,26.678373336791992,-0.5929412841796875,-0.1953277587890625,-0.106475830078125
1773063115233005568,26.688429355621338,-0.586639404296875,-0.1322021484375,-0.0733184814453125
1773063115243060480,26.698484420776367,-0.6839599609375,-0.1415863037109375,0.072113037109375
1773063115253116416,26.708540201187134,-0.9037322998046875,-0.131317138671875,0.272064208984375
1773063115263171328,26.718595266342163,-1.2217864990234375,-0.0139007568359375,0.160430908203125
1773063115273227520,26.72865128517151,-1.2411956787109375,0.0124359130859375,0.18585205078125
1773063115283283456,26.738707304000854,-1.03753662109375,-0.063720703125,0.2122344970703125
1773063115293338624,26.748762369155884,-0.930419921875,-0.1482086181640625,0.0710906982421875
1773063115303394560,26.75881838798523,-0.8326568603515625,-0.1348114013671875,-0.02862548828125
1773063115313450496,26.768874406814575,-0.7317962646484375,-0.082061767578125,-0.01458740234375
1773063115323505408,26.778929233551025,-0.7317047119140625,-0.1031951904296875,0.06170654296875
1773063115333561344,26.78898525238037,-0.8766021728515625,-0.14141845703125,0.2056732177734375
1773063115343616512,26.7990403175354,-1.1296539306640625,-0.167144775390625,0.2093963623046875
1773063115353672448,26.809096336364746,-1.235382080078125,-0.1687774658203125,0.12591552734375
1773063115363728640,26.819152355194092,-1.0800933837890625,-0.2367706298828125,0.1461334228515625
1773063115373784320,26.82920813560486,-0.936981201171875,-0.2244720458984375,0.05462646484375
1773063115383840000,26.839263916015625,-0.8107452392578125,-0.17523193359375,-0.0648040771484375
1773063115393896192,26.84931993484497,-0.7720947265625,-0.1006927490234375,0.036712646484375
1773063115403951104,26.859375,-0.9647064208984375,-0.0726470947265625,0.151275634765625
1773063115414007296,26.869431018829346,-1.1699676513671875,-0.156402587890625,0.2061309814453125
1773063115424062208,26.879486083984375,-1.2378082275390625,-0.20306396484375,0.250396728515625
1773063115434118144,26.88954210281372,-1.1385345458984375,-0.2180938720703125,0.11480712890625
1773063115444174336,26.899598121643066,-0.940216064453125,-0.232147216796875,-0.0265350341796875
1773063115454228992,26.909652948379517,-0.804290771484375,-0.1903533935546875,-0.03619384765625
1773063115464285184,26.919708967208862,-0.79168701171875,-0.124053955078125,-0.0016326904296875
1773063115474341120,26.929764986038208,-0.9573822021484375,-0.0693206787109375,0.1293182373046875
1773063115484396288,26.939820051193237,-1.197845458984375,-0.062255859375,0.2574005126953125
1773063115494452224,26.949876070022583,-1.336883544921875,-0.214752197265625,0.1470794677734375
1773063115504508160,26.95993208885193,-1.17193603515625,-0.2793731689453125,0.0565032958984375
1773063115514563072,26.96998691558838,-0.942047119140625,-0.2158355712890625,0.01910400390625
1773063115524619008,26.980042934417725,-0.855560302734375,-0.1322174072265625,-0.005340576171875
1773063115534674176,26.990097999572754,-0.9083709716796875,-0.112579345703125,0.04620361328125
1773063115544730112,27.0001540184021,-1.0557708740234375,-0.0997467041015625,0.1268768310546875
1773063115554786304,27.010210037231445,-1.192779541015625,-0.1090545654296875,0.1266326904296875
1773063115564841216,27.020265102386475,-1.2110595703125,-0.192230224609375,0.130615234375
1773063115574897408,27.03032112121582,-1.181976318359375,-0.2543487548828125,0.1542816162109375
1773063115584953344,27.040377140045166,-1.1375885009765625,-0.2486572265625,-0.037567138671875
1773063115595008256,27.050431966781616,-0.98138427734375,-0.172576904296875,-0.1221466064453125
1773063115605064192,27.060487985610962,-0.91839599609375,-0.1100311279296875,-0.050750732421875
1773063115615119104,27.07054305076599,-1.03228759765625,-0.102508544921875,0.0394439697265625
1773063115625175296,27.080599069595337,-1.175079345703125,-0.1442718505859375,0.110137939453125
1773063115635231232,27.090655088424683,-1.2417144775390625,-0.1657257080078125,0.1284332275390625
1773063115645286144,27.100709915161133,-1.1934661865234375,-0.2122650146484375,0.019561767578125
1773063115655342080,27.11076593399048,-1.0756378173828125,-0.2186431884765625,-0.0148773193359375
1773063115665398016,27.120821952819824,-1.0182037353515625,-0.1910552978515625,-0.001068115234375
1773063115675453184,27.130877017974854,-1.0287017822265625,-0.158416748046875,-0.00897216796875
1773063115685509120,27.1409330368042,-1.058807373046875,-0.086029052734375,0.0257720947265625
1773063115695564288,27.15098810195923,-1.07769775390625,-0.0645751953125,0.0487213134765625
1773063115705620224,27.161044120788574,-1.1102294921875,-0.0975494384765625,0.0995941162109375
1773063115715676416,27.17110013961792,-1.164825439453125,-0.193115234375,0.01336669921875
1773063115725731072,27.18115496635437,-1.09063720703125,-0.2710113525390625,-0.11676025390625
1773063115735787264,27.191210985183716,-0.9698028564453125,-0.1935882568359375,-0.0822906494140625
1773063115745843200,27.20126700401306,-0.9473419189453125,-0.107177734375,-0.0663299560546875
1773063115755898112,27.21132206916809,-1.0017242431640625,-0.0952606201171875,-0.0197296142578125
1773063115765954304,27.221378087997437,-1.0672607421875,-0.110595703125,0.025238037109375
1773063115776008960,27.231432914733887,-1.1180419921875,-0.1268463134765625,0.0366058349609375
1773063115786065152,27.241488933563232,-1.116973876953125,-0.2074127197265625,-0.0640411376953125
1773063115796121088,27.251544952392578,-1.0008697509765625,-0.2460174560546875,-0.1128082275390625
1773063115806176256,27.261600017547607,-0.93975830078125,-0.1893310546875,-0.040802001953125
1773063115816232192,27.271656036376953,-0.9922637939453125,-0.11151123046875,-0.03759765625
1773063115826288128,27.2817120552063,-1.0450286865234375,-0.0941619873046875,-0.0155181884765625
1773063115836343296,27.291767120361328,-1.0644683837890625,-0.1059112548828125,0.0067901611328125
1773063115846399232,27.301823139190674,-1.0760955810546875,-0.13360595703125,-0.0004730224609375
1773063115856455168,27.31187891960144,-1.0887451171875,-0.1423797607421875,-0.0108795166015625
1773063115866510080,27.32193398475647,-1.0554046630859375,-0.13153076171875,-0.0528106689453125
1773063115876566272,27.331990003585815,-1.0224151611328125,-0.1409912109375,-0.02056884765625
1773063115886621184,27.342045068740845,-1.0499267578125,-0.14837646484375,0.0037689208984375
1773063115896677376,27.35210108757019,-1.1014862060546875,-0.148101806640625,0.0035858154296875
1773063115906733312,27.362157106399536,-1.13800048828125,-0.19488525390625,0.0028533935546875
1773063115916788224,27.372211933135986,-1.1362762451171875,-0.2158966064453125,-0.06658935546875
1773063115926844160,27.382267951965332,-1.093170166015625,-0.1983489990234375,-0.1491851806640625
1773063115936900096,27.392323970794678,-1.0395050048828125,-0.1425628662109375,-0.124786376953125
1773063115946955264,27.402379035949707,-1.0953826904296875,-0.110809326171875,-0.038848876953125
1773063115957011200,27.412435054779053,-1.2219085693359375,-0.1549224853515625,0.027923583984375
1773063115967066368,27.422490119934082,-1.30987548828125,-0.2476043701171875,0.037384033203125
1773063115977122304,27.432546138763428,-1.30426025390625,-0.3179168701171875,-0.0908203125
1773063115987177984,27.442601919174194,-1.2086334228515625,-0.279327392578125,-0.1040496826171875
1773063115997233152,27.452656984329224,-1.1565093994140625,-0.1935272216796875,-0.0582427978515625
1773063116007289088,27.46271300315857,-1.1787567138671875,-0.1519012451171875,-0.1014404296875
1773063116017345280,27.472769021987915,-1.2298583984375,-0.1412200927734375,-0.02105712890625
1773063116027400192,27.482824087142944,-1.298431396484375,-0.1792144775390625,0.0168609619140625
1773063116037456384,27.49288010597229,-1.3422088623046875,-0.2322235107421875,-0.02093505859375
1773063116047511040,27.50293493270874,-1.30780029296875,-0.2270965576171875,-0.0291900634765625
1773063116057567232,27.512990951538086,-1.2528228759765625,-0.2319183349609375,-0.027435302734375
1773063116067623168,27.52304697036743,-1.213836669921875,-0.240570068359375,0.0369873046875
1773063116077678080,27.53310203552246,-1.2171478271484375,-0.2126312255859375,0.032257080078125
1773063116087734272,27.543158054351807,-1.2242584228515625,-0.17535400390625,-0.0144805908203125
1773063116097790208,27.553214073181152,-1.2246551513671875,-0.144927978515625,0.0221710205078125
1773063116107845376,27.56326913833618,-1.2264862060546875,-0.198699951171875,0.004852294921875
1773063116117901056,27.57332491874695,-1.2037353515625,-0.2419281005859375,-0.0296478271484375
1773063116127956224,27.583379983901978,-1.1456756591796875,-0.2218475341796875,-0.0396575927734375
1773063116138012160,27.593436002731323,-1.108245849609375,-0.217010498046875,-0.037139892578125
1773063116148068096,27.60349202156067,-1.1208038330078125,-0.2218170166015625,-0.0009918212890625
1773063116158123264,27.6135470867157,-1.1278228759765625,-0.2088470458984375,0.0284423828125
1773063116168179200,27.623603105545044,-1.1133575439453125,-0.215087890625,0.034027099609375
1773063116178235392,27.63365912437439,-1.1064910888671875,-0.2148284912109375,-0.0126495361328125
1773063116188290048,27.64371395111084,-1.096771240234375,-0.2031707763671875,0.0018463134765625
1773063116198346240,27.653769969940186,-1.1141815185546875,-0.215362548828125,-0.0145416259765625
1773063116208401152,27.663825035095215,-1.0919342041015625,-0.209381103515625,-0.0688018798828125
1773063116218457344,27.67388105392456,-1.01971435546875,-0.1732177734375,-0.075836181640625
1773063116228513280,27.683937072753906,-0.97119140625,-0.141845703125,-0.064453125
1773063116238568192,27.693992137908936,-0.9931640625,-0.16107177734375,0.0126190185546875
1773063116248624128,27.704047918319702,-1.0822601318359375,-0.2329864501953125,0.12359619140625
1773063116258680064,27.714103937149048,-1.15911865234375,-0.268768310546875,0.1425933837890625
1773063116268735232,27.724159002304077,-1.137237548828125,-0.252349853515625,0.09002685546875
1773063116278791168,27.734215021133423,-1.0520782470703125,-0.22613525390625,0.037567138671875
1773063116288847104,27.74427103996277,-1.0003204345703125,-0.167266845703125,-0.0301666259765625
1773063116298902272,27.754326105117798,-0.973175048828125,-0.102691650390625,-0.08074951171875
1773063116308958208,27.764382123947144,-0.9554290771484375,-0.1150970458984375,-0.05615234375
1773063116319013120,27.774436950683594,-0.97955322265625,-0.160614013671875,0.1018218994140625
1773063116329069056,27.78449296951294,-1.069488525390625,-0.2466278076171875,0.1427154541015625
1773063116339125248,27.794548988342285,-1.1028900146484375,-0.2617034912109375,0.0947265625
1773063116349180160,27.804604053497314,-1.0471649169921875,-0.2351837158203125,0.1259613037109375
1773063116359236352,27.81466007232666,-1.011932373046875,-0.1808013916015625,0.09747314453125
1773063116369292288,27.824716091156006,-1.00445556640625,-0.097900390625,0.0225982666015625
1773063116379346944,27.834770679473877,-0.9450225830078125,-0.12994384765625,0.0433807373046875
1773063116389402880,27.844826698303223,-0.9365234375,-0.1324310302734375,0.128875732421875
1773063116399458048,27.854881763458252,-0.99530029296875,-0.1728057861328125,0.17047119140625
1773063116409513984,27.864937782287598,-1.0771942138671875,-0.1492462158203125,0.181304931640625
1773063116419569920,27.874993801116943,-1.1441650390625,-0.1161346435546875,0.1400299072265625
1773063116429625088,27.885048866271973,-1.053436279296875,-0.1765899658203125,0.0320892333984375
1773063116439681024,27.89510488510132,-0.894622802734375,-0.2716064453125,-0.05987548828125
1773063116449736960,27.905160665512085,-0.8021240234375,-0.228607177734375,-0.1083831787109375
1773063116459791872,27.915215730667114,-0.806732177734375,-0.1941986083984375,-0.0312957763671875
1773063116469847808,27.92527174949646,-0.915802001953125,-0.2379608154296875,0.056915283203125
1773063116479902976,27.93532681465149,-1.013031005859375,-0.2922515869140625,0.10247802734375
1773063116489958912,27.945382833480835,-1.046875,-0.12615966796875,0.1538848876953125
1773063116500015104,27.95543885231018,-1.071136474609375,-0.0318603515625,0.21441650390625
1773063116510069760,27.96549367904663,-1.0620269775390625,-0.0446624755859375,0.1512451171875
1773063116520125952,27.975549697875977,-1.0045623779296875,-0.0889434814453125,0.0859375
1773063116530181888,27.985605716705322,-0.9100341796875,-0.14605712890625,0.045745849609375
1773063116540237056,27.99566078186035,-0.8932342529296875,-0.172760009765625,-0.03790283203125
1773063116550292992,28.005716800689697,-0.9088134765625,-0.1707611083984375,-0.053741455078125
1773063116560348928,28.015772819519043,-0.8995361328125,-0.1125640869140625,0.0652313232421875
1773063116570404096,28.025827884674072,-0.9450836181640625,-0.1208953857421875,0.272613525390625
1773063116580459776,28.03588366508484,-1.098602294921875,0.0055694580078125,0.3617095947265625
1773063116590514944,28.045938730239868,-1.2131805419921875,0.078765869140625,0.2772216796875
1773063116600570880,28.055994749069214,-1.1523895263671875,0.066192626953125,0.09503173828125
1773063116610626816,28.06605076789856,-1.0073394775390625,-0.00177001953125,-0.037322998046875
1773063116620681984,28.07610583305359,-0.840179443359375,-0.1801300048828125,-0.082550048828125
1773063116630737920,28.086161851882935,-0.753875732421875,-0.2138824462890625,-0.028228759765625
1773063116640794112,28.09621787071228,-0.808502197265625,-0.0018157958984375,0.045379638671875
1773063116650848768,28.10627269744873,-0.9304656982421875,0.0722503662109375,0.1641693115234375
1773063116660904960,28.116328716278076,-1.0728912353515625,-0.0208892822265625,0.1778717041015625
1773063116670959872,28.126383781433105,-1.1379241943359375,0.136199951171875,0.190673828125
1773063116681016064,28.13643980026245,-1.0981292724609375,0.2715301513671875,0.2094573974609375
1773063116691072000,28.146495819091797,-1.0005035400390625,0.17083740234375,0.05853271484375
1773063116701127168,28.156550884246826,-0.8340911865234375,0.01434326171875,-0.0298004150390625
1773063116711182848,28.166606664657593,-0.752197265625,-0.0244598388671875,-0.0345306396484375
1773063116721238784,28.17666268348694,-0.8369293212890625,0.086334228515625,-0.0613250732421875
1773063116731293952,28.186717748641968,-0.9213409423828125,0.1603851318359375,-0.038604736328125
1773063116741349888,28.196773767471313,-0.8721466064453125,0.1461181640625,-0.0622711181640625
1773063116751405056,28.206828832626343,-0.7819671630859375,0.103363037109375,-0.0244140625
1773063116761460992,28.21688485145569,-0.7684326171875,0.1361083984375,0.0125579833984375
1773063116771516928,28.226940870285034,-0.778839111328125,0.1661529541015625,0.0772552490234375
1773063116781571840,28.236995697021484,-0.8433380126953125,0.290618896484375,0.1523590087890625
1773063116791627776,28.24705171585083,-0.982757568359375,0.3117523193359375,0.0264129638671875
1773063116801683968,28.257107734680176,-0.9078521728515625,0.21820068359375,-0.0334930419921875
1773063116811738880,28.267162799835205,-0.837249755859375,0.1737518310546875,-0.0726776123046875
1773063116821795072,28.27721881866455,-0.78167724609375,0.1279296875,-0.06634521484375
1773063116831849984,28.28727388381958,-0.631317138671875,0.1771697998046875,-0.013580322265625
1773063116841905920,28.297329664230347,-0.55206298828125,0.3020782470703125,0.048492431640625
1773063116851961856,28.307385683059692,-0.68865966796875,0.2585296630859375,0.1612701416015625
1773063116862017024,28.31744074821472,-0.8235015869140625,0.0655670166015625,0.015716552734375
1773063116872072960,28.327496767044067,-0.7615203857421875,0.039398193359375,-0.1385040283203125
1773063116882128896,28.337552785873413,-0.7327117919921875,0.144012451171875,-0.147552490234375
1773063116892184064,28.347607851028442,-0.8055267333984375,0.1104888916015625,-0.0933074951171875
1773063116902240000,28.357663869857788,-0.7790985107421875,0.11798095703125,-0.0348968505859375
1773063116912294912,28.36771869659424,-0.6849212646484375,0.220672607421875,0.0073699951171875
1773063116922350848,28.377774715423584,-0.80267333984375,0.3128662109375,0.0353546142578125
1773063116932406784,28.38783073425293,-0.9459381103515625,0.356658935546875,0.004974365234375
1773063116942461952,28.39788579940796,-0.8490753173828125,0.3606719970703125,0.054473876953125
1773063116952517888,28.407941818237305,-0.7851715087890625,0.272552490234375,0.029632568359375
1773063116962574080,28.41799783706665,-0.83544921875,0.0998992919921875,-0.0294647216796875
1773063116972628736,28.4280526638031,-0.783599853515625,0.11993408203125,-0.006866455078125
1773063116982684928,28.438108682632446,-0.793701171875,0.1521148681640625,0.0162200927734375
1773063116992739840,28.448163747787476,-0.8668212890625,0.1459197998046875,-0.0360260009765625
1773063117002796032,28.45821976661682,-0.816864013671875,0.204803466796875,-0.0954437255859375
1773063117012851968,28.468275785446167,-0.7925262451171875,0.2043914794921875,-0.07537841796875
1773063117022907136,28.478330850601196,-0.954193115234375,0.1696624755859375,-0.003204345703125
1773063117032963072,28.488386869430542,-1.0733489990234375,0.118927001953125,0.0521697998046875
1773063117043019008,28.498442888259888,-0.9750823974609375,0.104888916015625,0.0841064453125
1773063117053073920,28.508497714996338,-0.90350341796875,0.12799072265625,0.118194580078125
1773063117063129856,28.518553733825684,-0.94818115234375,0.0927581787109375,0.107818603515625
1773063117073186048,28.52860975265503,-0.9702911376953125,0.108917236328125,0.0144195556640625
1773063117083240960,28.53866481781006,-1.0133514404296875,0.23492431640625,-0.0026092529296875
1773063117093296896,28.548720836639404,-1.123199462890625,0.1652679443359375,-0.014434814453125
1773063117103351808,28.558775663375854,-1.0628662109375,0.0599365234375,-0.0572357177734375
1773063117113407744,28.5688316822052,-0.957489013671875,0.07403564453125,-0.012481689453125
1773063117123463936,28.578887701034546,-1.0042877197265625,0.10369873046875,0.0349884033203125
1773063117133518848,28.588942766189575,-1.065765380859375,0.1600799560546875,0.0304107666015625
1773063117143575040,28.59899878501892,-1.0827789306640625,0.2188568115234375,-0.0241241455078125
1773063117153629952,28.60905385017395,-1.0977325439453125,0.24566650390625,-0.0377349853515625
1773063117163686144,28.619109869003296,-1.0618133544921875,0.232391357421875,0.0039520263671875
1773063117173742080,28.62916588783264,-1.0264434814453125,0.20367431640625,0.0413665771484375
1773063117183796992,28.639220714569092,-1.023529052734375,0.2393951416015625,0.0670166015625
1773063117193852928,28.649276733398438,-1.002716064453125,0.3313140869140625,0.0992431640625
1773063117203908864,28.659332752227783,-1.0276947021484375,0.38079833984375,0.080841064453125
1773063117213964032,28.669387817382812,-1.0541229248046875,0.3282623291015625,0.0204315185546875
1773063117224019968,28.679443836212158,-0.988555908203125,0.2765655517578125,-0.0032958984375
1773063117234075904,28.689499855041504,-0.938995361328125,0.228729248046875,0.01922607421875
1773063117244130816,28.699554681777954,-0.933990478515625,0.13916015625,0.0430908203125
1773063117254186752,28.7096107006073,-0.9054107666015625,0.1747283935546875,0.0864410400390625
1773063117264241920,28.71966576576233,-0.888641357421875,0.3191680908203125,0.1251373291015625
1773063117274297856,28.729721784591675,-0.9603729248046875,0.41925048828125,0.109405517578125
1773063117284354048,28.73977780342102,-1.0464630126953125,0.40484619140625,0.079986572265625
1773063117294408960,28.74983286857605,-0.989654541015625,0.352325439453125,0.0604095458984375
1773063117304465152,28.759888887405396,-0.847930908203125,0.332763671875,0.07745361328125
1773063117314520832,28.769944667816162,-0.859222412109375,0.2982025146484375,0.106048583984375
1773063117324576000,28.77999973297119,-0.9203033447265625,0.2730560302734375,0.1407318115234375
1773063117334631936,28.790055751800537,-0.9051666259765625,0.377105712890625,0.1379241943359375
1773063117344687104,28.800110816955566,-0.9528961181640625,0.4441070556640625,0.114593505859375
1773063117354743040,28.810166835784912,-1.0047454833984375,0.39520263671875,0.09100341796875
1773063117364798976,28.820222854614258,-0.9417724609375,0.344146728515625,0.0436859130859375
1773063117374853376,28.83027720451355,-0.890472412109375,0.2638397216796875,0.057373046875
1773063117384909312,28.840333223342896,-0.9256439208984375,0.221405029296875,0.1143341064453125
1773063117394965504,28.85038924217224,-0.935882568359375,0.195587158203125,0.166839599609375
1773063117405020160,28.86044406890869,-0.920623779296875,0.255645751953125,0.1648406982421875
1773063117415076352,28.870500087738037,-0.923370361328125,0.2688140869140625,0.150299072265625
1773063117425131264,28.880555152893066,-0.93896484375,0.2756805419921875,0.110687255859375
1773063117435187456,28.890611171722412,-0.8903961181640625,0.3431549072265625,0.141326904296875
1773063117445243392,28.900667190551758,-0.9207763671875,0.418182373046875,0.18878173828125
1773063117455298304,28.910722255706787,-1.0176544189453125,0.3752288818359375,0.2246551513671875
1773063117465354240,28.920778036117554,-1.0206146240234375,0.334686279296875,0.2553863525390625
1773063117475410176,28.9308340549469,-0.970367431640625,0.3274993896484375,0.22882080078125
1773063117485465344,28.94088912010193,-0.997314453125,0.308563232421875,0.17816162109375
1773063117495521280,28.950945138931274,-0.9889678955078125,0.21771240234375,0.0633544921875
1773063117505576448,28.961000204086304,-0.88934326171875,0.1788482666015625,-0.021881103515625
1773063117515632384,28.97105622291565,-0.87677001953125,0.2100830078125,0.018768310546875
1773063117525688320,28.981112241744995,-0.9553070068359375,0.1731414794921875,0.09185791015625
1773063117535743232,28.991167068481445,-0.988037109375,0.1593780517578125,0.172576904296875
1773063117545799168,29.00122308731079,-0.99859619140625,0.2175445556640625,0.2003021240234375
1773063117555855360,29.011279106140137,-1.043121337890625,0.3183746337890625,0.19573974609375
1773063117565910272,29.021334171295166,-1.0368804931640625,0.2991943359375,0.14483642578125
1773063117575966464,29.03139019012451,-0.959442138671875,0.2587432861328125,0.106964111328125
1773063117586021376,29.04144525527954,-0.9439239501953125,0.250823974609375,0.112396240234375
1773063117596077312,29.051501035690308,-0.9963226318359375,0.195343017578125,0.1288604736328125
1773063117606133248,29.061557054519653,-1.0074615478515625,0.14581298828125,0.1431427001953125
1773063117616188160,29.071612119674683,-0.9694671630859375,0.1137847900390625,0.171112060546875
1773063117626244352,29.08166813850403,-1.0089569091796875,0.222442626953125,0.141693115234375
1773063117636300288,29.091724157333374,-1.0609283447265625,0.2770843505859375,0.0919189453125
1773063117646355456,29.101779222488403,-1.012481689453125,0.23199462890625,0.0522918701171875
1773063117656411392,29.11183524131775,-0.9612274169921875,0.1989593505859375,0.04949951171875
1773063117666467328,29.121891260147095,-0.960052490234375,0.183990478515625,0.046478271484375
1773063117676522240,29.131946086883545,-0.94024658203125,0.1802978515625,0.0351715087890625
1773063117686578176,29.14200210571289,-0.9262237548828125,0.1444854736328125,0.061981201171875
1773063117696633344,29.15205717086792,-0.92706298828125,0.1737518310546875,0.08673095703125
1773063117706689280,29.162113189697266,-0.9288177490234375,0.1786346435546875,0.071075439453125
1773063117716745472,29.17216920852661,-0.9299774169921875,0.201324462890625,0.0236663818359375
1773063117726800128,29.18222403526306,-0.9950103759765625,0.2910614013671875,0.032684326171875
1773063117736856320,29.192280054092407,-1.0504302978515625,0.2479095458984375,0.0576171875
1773063117746912256,29.202336072921753,-0.9908447265625,0.1766204833984375,0.060516357421875
1773063117756967424,29.212391138076782,-0.908782958984375,0.152374267578125,0.05548095703125
1773063117767023360,29.222447156906128,-0.884368896484375,0.1646728515625,0.0252532958984375
1773063117777078272,29.232502222061157,-0.9029693603515625,0.1996612548828125,-0.041900634765625
1773063117787134464,29.242558240890503,-0.9721527099609375,0.1947784423828125,-0.05340576171875
1773063117797190400,29.25261425971985,-0.993499755859375,0.2003173828125,0.0006866455078125
1773063117807245312,29.2626690864563,-0.9737091064453125,0.2944183349609375,-0.00543212890625
1773063117817301248,29.272725105285645,-1.024383544921875,0.2687530517578125,-0.0008087158203125
1773063117827357184,29.28278112411499,-1.066650390625,0.13958740234375,0.0027923583984375
1773063117837412352,29.29283618927002,-1.003326416015625,0.09210205078125,-0.0133056640625
1773063117847468288,29.302892208099365,-0.9425201416015625,0.138580322265625,-0.0223541259765625
1773063117857523200,29.312947034835815,-0.918701171875,0.1532440185546875,-0.0151824951171875
1773063117867579136,29.32300305366516,-0.892059326171875,0.10760498046875,-0.00799560546875
1773063117877635328,29.333059072494507,-0.91705322265625,0.1351776123046875,-0.01849365234375
1773063117887690240,29.343114137649536,-1.0038604736328125,0.1947784423828125,-0.0295562744140625
1773063117897746432,29.353170156478882,-1.02099609375,0.20025634765625,-0.00213623046875
1773063117907802368,29.363226175308228,-0.93829345703125,0.1598663330078125,0.043609619140625
1773063117917857536,29.373281240463257,-0.9219970703125,0.120025634765625,0.081573486328125
1773063117927913472,29.383337259292603,-0.9513092041015625,0.129241943359375,0.01275634765625
1773063117937969152,29.39339303970337,-0.9301605224609375,0.105072021484375,-0.054351806640625
1773063117948024320,29.4034481048584,-0.943145751953125,0.075897216796875,-0.04327392578125
1773063117958080256,29.413504123687744,-0.9894256591796875,0.077423095703125,-0.01458740234375
1773063117968135424,29.423559188842773,-1.002716064453125,0.119384765625,-0.001953125
1773063117978191360,29.43361520767212,-0.98046875,0.0999603271484375,-0.008148193359375
1773063117988247296,29.443671226501465,-0.93804931640625,0.0782318115234375,-0.0587310791015625
1773063117998302208,29.453726053237915,-0.9105987548828125,0.0880584716796875,-0.071075439453125
1773063118008358144,29.46378207206726,-0.9561614990234375,0.1327667236328125,-0.0133209228515625
1773063118018414336,29.473838090896606,-0.996063232421875,0.1387176513671875,0.0094451904296875
1773063118028469248,29.483893156051636,-0.99591064453125,0.1546478271484375,-0.0029296875
1773063118038525440,29.49394917488098,-1.03173828125,0.1217193603515625,-0.0074462890625
1773063118048580352,29.50400424003601,-1.0673675537109375,0.0706787109375,-0.0340118408203125
1773063118058636544,29.514060258865356,-1.0137176513671875,0.0985107421875,-0.055389404296875
1773063118068692224,29.524116039276123,-0.9615478515625,0.1184844970703125,-0.04022216796875
1773063118078747392,29.534171104431152,-0.9711151123046875,0.100189208984375,-0.013458251953125
1773063118088803328,29.544227123260498,-0.982208251953125,0.0959625244140625,-0.00390625
1773063118098859264,29.554283142089844,-1.018096923828125,0.183929443359375,-0.0053253173828125
1773063118108914432,29.564338207244873,-1.070709228515625,0.21624755859375,-0.0219268798828125
1773063118118970368,29.57439422607422,-1.0537872314453125,0.1645965576171875,-0.0108489990234375
1773063118129025280,29.58444905281067,-1.019134521484375,0.08441162109375,0.0192718505859375
1773063118139081216,29.594505071640015,-1.00469970703125,0.0574951171875,0.003021240234375
1773063118149137152,29.60456109046936,-0.97174072265625,0.08880615234375,-0.019134521484375
1773063118159192320,29.61461615562439,-0.9750213623046875,0.0672454833984375,-0.0244293212890625
1773063118169248256,29.624672174453735,-0.9832916259765625,0.072113037109375,-0.024169921875
1773063118179304448,29.63472819328308,-0.96844482421875,0.0931396484375,-0.0262603759765625
1773063118189359360,29.64478325843811,-0.9680938720703125,0.1164703369140625,-0.00665283203125
1773063118199415296,29.654839038848877,-0.98382568359375,0.14154052734375,0.0066070556640625
1773063118209470208,29.664894104003906,-0.9748077392578125,0.1640167236328125,0.0364227294921875
1773063118219526400,29.674950122833252,-0.947723388671875,0.1883697509765625,0.039825439453125
1773063118229582336,29.685006141662598,-0.9282073974609375,0.1633758544921875,0.0440826416015625
1773063118239637248,29.695061206817627,-0.9588775634765625,0.052520751953125,0.055572509765625
1773063118249693440,29.705117225646973,-0.966827392578125,0.027374267578125,0.049407958984375
1773063118259749376,29.71517324447632,-0.92193603515625,0.0932464599609375,0.04193115234375
1773063118269804288,29.72522807121277,-0.9149627685546875,0.114105224609375,0.057220458984375
1773063118279860224,29.735284090042114,-0.929656982421875,0.10125732421875,0.075531005859375
1773063118289915392,29.745339155197144,-0.91143798828125,0.1072845458984375,0.036407470703125
1773063118299971328,29.75539517402649,-0.897979736328125,0.1209869384765625,0.014495849609375
1773063118310027264,29.765451192855835,-0.9337615966796875,0.12518310546875,0.0346221923828125
1773063118320082432,29.775506258010864,-0.967620849609375,0.1038818359375,0.0335540771484375
1773063118330138112,29.78556203842163,-0.9400787353515625,0.1315460205078125,0.0451812744140625
1773063118340194304,29.795618057250977,-0.906341552734375,0.1661529541015625,0.070831298828125
1773063118350249216,29.805673122406006,-0.894317626953125,0.1145782470703125,0.070159912109375
1773063118360305408,29.81572914123535,-0.883880615234375,0.0433349609375,0.099822998046875
1773063118370360320,29.82578420639038,-0.9380645751953125,0.1083984375,0.1378631591796875
1773063118380416512,29.835840463638306,-1.037384033203125,0.2655181884765625,0.1123504638671875
1773063118390472704,29.84589648246765,-1.0573577880859375,0.3111419677734375,0.0591278076171875
1773063118400527360,29.8559513092041,-0.980682373046875,0.1697235107421875,0.0038909912109375
1773063118410583552,29.866007328033447,-0.8991851806640625,0.05340576171875,0.0260467529296875
1773063118420639488,29.876063346862793,-0.8883056640625,0.0352630615234375,0.0634918212890625
1773063118430694656,29.886118412017822,-0.9108123779296875,0.0770721435546875,0.070159912109375
1773063118440750592,29.896174430847168,-0.915924072265625,0.075347900390625,0.04168701171875
1773063118450805760,29.906229496002197,-0.89276123046875,0.01007080078125,0.0661773681640625
1773063118460861696,29.916285514831543,-0.96221923828125,0.005218505859375,0.099578857421875
1773063118470917376,29.92634129524231,-1.0701904296875,0.197265625,0.0390472412109375
1773063118480972544,29.93639636039734,-1.0137481689453125,0.2248077392578125,0.0247039794921875
1773063118491028480,29.946452379226685,-0.92095947265625,0.08868408203125,-0.0089111328125
1773063118501084672,29.95650839805603,-0.8308868408203125,-0.00128173828125,0.0157470703125
1773063118511139584,29.96656346321106,-0.7919464111328125,-0.032196044921875,0.039031982421875
1773063118521195776,29.976619482040405,-0.7965240478515625,-0.0244293212890625,0.1255950927734375
1773063118531251712,29.98667550086975,-0.9493408203125,0.0068511962890625,0.2482452392578125
1773063118541306368,29.9967303276062,-1.185791015625,0.2479248046875,0.1455841064453125
1773063118551362560,30.006786346435547,-1.1667633056640625,0.28973388671875,0.150604248046875
1773063118561417472,30.016841411590576,-1.0262298583984375,0.176666259765625,0.07745361328125
1773063118571473664,30.026897430419922,-0.8569183349609375,0.0199432373046875,0.0308074951171875
1773063118581529600,30.036953449249268,-0.7200164794921875,-0.067230224609375,0.0658721923828125
1773063118591584768,30.047008514404297,-0.7270355224609375,-0.0771026611328125,0.069793701171875
1773063118601640448,30.057064294815063,-0.815185546875,-0.0802764892578125,0.0825042724609375
1773063118611696384,30.06712031364441,-0.96661376953125,-0.057464599609375,0.14971923828125
1773063118621751552,30.07717537879944,-1.1103973388671875,0.0541534423828125,0.1539459228515625
1773063118631807488,30.087231397628784,-1.1010284423828125,0.13525390625,0.1240997314453125
1773063118641862656,30.097286462783813,-0.973480224609375,0.1272735595703125,0.0724945068359375
1773063118651918592,30.10734248161316,-0.8361968994140625,-0.0222320556640625,0.029998779296875
1773063118661974784,30.117398500442505,-0.759979248046875,-0.1043853759765625,0.0126953125
1773063118672029440,30.127453327178955,-0.763519287109375,-0.0694122314453125,0.0592193603515625
1773063118682085632,30.1375093460083,-0.875152587890625,-0.0114288330078125,0.2220458984375
1773063118692141568,30.147565364837646,-1.1523590087890625,0.0406036376953125,0.1784820556640625
1773063118702196480,30.157620429992676,-1.207672119140625,0.0269622802734375,0.054351806640625
1773063118712252672,30.16767644882202,-1.0074310302734375,-0.019012451171875,0.0984649658203125
1773063118722308608,30.177732467651367,-0.909942626953125,0.0053253173828125,0.0925140380859375
1773063118732363520,30.187787294387817,-0.88055419921875,-0.027557373046875,0.0366363525390625
1773063118742419456,30.197843313217163,-0.8543243408203125,-0.00213623046875,0.0609588623046875
1773063118752474624,30.207898378372192,-0.9130706787109375,0.0353851318359375,0.0567626953125
1773063118762530560,30.217954397201538,-1.0084075927734375,0.01190185546875,0.052276611328125
1773063118772586496,30.228010416030884,-1.066650390625,-0.04425048828125,0.118438720703125
1773063118782641664,30.238065481185913,-1.0703277587890625,-0.0654296875,0.1033935546875
1773063118792697600,30.24812150001526,-0.992095947265625,-0.0635986328125,0.078765869140625
1773063118802753792,30.258177518844604,-0.9251861572265625,-0.0330810546875,0.0835113525390625
1773063118812808448,30.268232345581055,-0.9281158447265625,-0.0125274658203125,0.04278564453125
1773063118822864640,30.2782883644104,-0.949127197265625,0.0050811767578125,0.00457763671875
1773063118832919552,30.28834342956543,-0.9058837890625,-0.009368896484375,-0.0124359130859375
1773063118842975744,30.298399448394775,-0.882598876953125,0.0110015869140625,0.094635009765625
1773063118853031680,30.30845546722412,-1.0157928466796875,-0.0312652587890625,0.0306854248046875
1773063118863086336,30.31851029396057,-1.0684051513671875,-0.114501953125,0.0135955810546875
1773063118873142528,30.328566312789917,-1.021026611328125,-0.0996246337890625,0.178009033203125
1773063118883198464,30.338622331619263,-1.04327392578125,0.0389862060546875,0.1206512451171875
1773063118893253632,30.348677396774292,-0.958282470703125,0.1197052001953125,0.154815673828125
1773063118903309568,30.358733415603638,-0.8784637451171875,0.079681396484375,0.1181488037109375
1773063118913364736,30.368788480758667,-0.910186767578125,0.0061492919921875,-0.0091705322265625
1773063118923420672,30.378844499588013,-0.9556121826171875,-0.029571533203125,-0.0663909912109375
1773063118933476608,30.38890051841736,-0.9920501708984375,-0.0423126220703125,0.09161376953125
1773063118943531520,30.39895534515381,-1.09783935546875,-0.09033203125,0.086578369140625
1773063118953587456,30.409011363983154,-1.0642547607421875,-0.1239166259765625,0.075103759765625
1773063118963643648,30.4190673828125,-0.930023193359375,-0.10577392578125,0.0950775146484375
1773063118973698560,30.42912244796753,-0.9040069580078125,-0.058837890625,0.05816650390625
1773063118983754752,30.439178466796875,-0.9804229736328125,0.0018310546875,-0.0132904052734375
1773063118993809408,30.449233293533325,-1.0121612548828125,0.0093841552734375,-0.036376953125
1773063119003865600,30.45928931236267,-0.972900390625,-0.0382232666015625,0.045806884765625
1773063119013921536,30.469345331192017,-0.9784393310546875,-0.1201019287109375,0.0889739990234375
1773063119023976448,30.479400396347046,-1.0111083984375,-0.1529998779296875,0.0379638671875
1773063119034032640,30.48945641517639,-0.9579315185546875,-0.1071014404296875,0.078033447265625
1773063119044088576,30.499512434005737,-0.9465179443359375,0.007659912109375,0.13128662109375
1773063119054143744,30.509567499160767,-1.0457305908203125,0.04754638671875,0.0582275390625
1773063119064199680,30.519623517990112,-1.0495758056640625,-0.0213470458984375,-0.063079833984375
1773063119074254592,30.529678344726562,-0.9331512451171875,-0.0550537109375,0.0011138916015625
1773063119084310528,30.539734363555908,-0.919158935546875,-0.1262664794921875,0.0283050537109375
1773063119094366464,30.549790382385254,-0.9718780517578125,-0.1650238037109375,-0.0172882080078125
1773063119104421632,30.559845447540283,-0.9593048095703125,-0.1058349609375,0.0802764892578125
1773063119114477568,30.56990146636963,-0.9824066162109375,-0.07000732421875,0.16876220703125
1773063119124533760,30.579957485198975,-1.0659637451171875,-0.103363037109375,0.0385589599609375
1773063119134588416,30.590012311935425,-1.025787353515625,-0.0891876220703125,-0.0550079345703125
1773063119144644608,30.60006833076477,-0.913482666015625,-0.0597991943359375,0.00445556640625
1773063119154700544,30.610124349594116,-0.93304443359375,-0.1053619384765625,0.0279541015625
1773063119164755456,30.620179414749146,-0.9530181884765625,-0.138397216796875,0.0096435546875
1773063119174811648,30.63023543357849,-0.913604736328125,-0.12908935546875,0.0959930419921875
1773063119184866560,30.64029049873352,-0.95037841796875,-0.11236572265625,0.130584716796875
1773063119194922752,30.650346517562866,-1.0519256591796875,-0.0979766845703125,0.14501953125
1773063119204978432,30.660402297973633,-1.1314239501953125,-0.0968170166015625,0.0803375244140625
1773063119215033600,30.670457363128662,-1.068511962890625,-0.1720428466796875,-0.086395263671875
1773063119225089536,30.680513381958008,-0.867340087890625,-0.2082061767578125,-0.1198883056640625
1773063119235145472,30.690569400787354,-0.7652435302734375,-0.1128997802734375,-0.030120849609375
1773063119245200640,30.700624465942383,-0.8621826171875,-0.079254150390625,0.0913543701171875
1773063119255256576,30.71068048477173,-1.069915771484375,-0.1223602294921875,0.253692626953125
1773063119265311488,30.72073531150818,-1.25860595703125,-0.1745147705078125,0.2270965576171875
1773063119275367424,30.730791330337524,-1.2414093017578125,-0.2027130126953125,0.1405029296875
1773063119285423616,30.74084734916687,-1.09033203125,-0.175018310546875,0.057159423828125
1773063119295478528,30.7509024143219,-0.9448699951171875,-0.192626953125,-0.08599853515625
1773063119305534720,30.760958433151245,-0.8443603515625,-0.1411895751953125,-0.0996246337890625
1773063119315590656,30.77101445198059,-0.8998870849609375,-0.0832672119140625,0.0362701416015625
1773063119325645568,30.78106951713562,-1.060089111328125,-0.131500244140625,0.154815673828125
1773063119335701504,30.791125297546387,-1.192169189453125,-0.20703125,0.252471923828125
1773063119345756416,30.801180362701416,-1.22314453125,-0.27606201171875,0.121063232421875
1773063119355812608,30.81123638153076,-1.0990447998046875,-0.2097015380859375,0.033599853515625
1773063119365868544,30.821292400360107,-0.9848175048828125,-0.122039794921875,0.0267486572265625
1773063119375924480,30.831348419189453,-0.95245361328125,-0.142303466796875,-0.0679473876953125
1773063119385980672,30.8414044380188,-0.939788818359375,-0.1699676513671875,-0.042572021484375
1773063119396036608,30.851460456848145,-0.976348876953125,-0.1729888916015625,0.028656005859375
1773063119406091776,30.861515522003174,-1.0604705810546875,-0.2021942138671875,0.072998046875
1773063119416147712,30.87157154083252,-1.1195831298828125,-0.223480224609375,0.099517822265625
1773063119426202880,30.88162660598755,-1.11529541015625,-0.186614990234375,0.0945587158203125
1773063119436258816,30.891682624816895,-1.0762176513671875,-0.2188873291015625,-0.001708984375
1773063119446314752,30.90173864364624,-0.9984893798828125,-0.268218994140625,-0.0945587158203125
1773063119456369664,30.91179347038269,-0.94903564453125,-0.179931640625,0.0052032470703125
1773063119466425600,30.921849489212036,-1.0014190673828125,-0.11871337890625,0.056396484375
1773063119476481792,30.931905508041382,-1.075347900390625,-0.11138916015625,0.1085357666015625
1773063119486536704,30.94196057319641,-1.1335296630859375,-0.144317626953125,0.1138916015625
1773063119496592640,30.952016592025757,-1.1531219482421875,-0.174957275390625,0.0528564453125
1773063119506647552,30.962071418762207,-1.1217041015625,-0.1865081787109375,-0.0422515869140625
1773063119516703488,30.972127437591553,-1.004913330078125,-0.226470947265625,-0.175537109375
1773063119526759680,30.9821834564209,-0.890625,-0.2008209228515625,-0.1658935546875
1773063119536814592,30.992238521575928,-0.9115753173828125,-0.1633453369140625,-0.1269073486328125
1773063119546870784,31.002294540405273,-1.0059356689453125,-0.1816558837890625,-0.084930419921875
1773063119556926720,31.01235055923462,-1.097259521484375,-0.199005126953125,-0.0025634765625
1773063119566981888,31.02240562438965,-1.12689208984375,-0.2438201904296875,0.0583343505859375
1773063119577037824,31.032461643218994,-1.10821533203125,-0.2165679931640625,0.076171875
1773063119587092736,31.042516469955444,-1.081573486328125,-0.1825103759765625,-0.0408782958984375
1773063119597148672,31.05257248878479,-1.03717041015625,-0.17822265625,-0.1673126220703125
1773063119607204608,31.062628507614136,-0.9989013671875,-0.1194610595703125,-0.1626739501953125
1773063119617259776,31.072683572769165,-1.0023193359375,-0.0766448974609375,-0.1420135498046875
1773063119627315712,31.08273959159851,-1.028045654296875,-0.068389892578125,-0.11102294921875
1773063119637371904,31.092795610427856,-1.06134033203125,-0.1178741455078125,-0.0244903564453125
1773063119647426560,31.102850437164307,-1.122802734375,-0.16815185546875,0.0217132568359375
1773063119657482752,31.112906455993652,-1.16925048828125,-0.133270263671875,0.017333984375
1773063119667538688,31.122962474822998,-1.1438751220703125,-0.161773681640625,-0.033203125
1773063119677593600,31.133017539978027,-1.1031646728515625,-0.1839447021484375,-0.0188446044921875
1773063119687649792,31.143073558807373,-1.104278564453125,-0.143402099609375,-0.03515625
1773063119697704704,31.153128623962402,-1.1157379150390625,-0.024658203125,-0.1043243408203125
1773063119707760896,31.163184642791748,-1.0867767333984375,-0.0264892578125,-0.1533050537109375
1773063119717816576,31.173240423202515,-1.0869140625,-0.0460662841796875,-0.02264404296875
1773063119727871744,31.183295488357544,-1.2059478759765625,-0.1008453369140625,0.090362548828125
1773063119737927680,31.19335150718689,-1.298187255859375,-0.2368011474609375,0.0092620849609375
1773063119747983616,31.203407526016235,-1.233551025390625,-0.1977386474609375,0.0123748779296875
1773063119758038784,31.213462591171265,-1.17486572265625,-0.082916259765625,0.0442352294921875
1773063119768094720,31.22351861000061,-1.2020721435546875,-0.1330413818359375,-0.0352325439453125
1773063119778149632,31.23357343673706,-1.173614501953125,-0.10662841796875,-0.1022186279296875
1773063119788205568,31.243629455566406,-1.1456146240234375,-0.0171356201171875,-0.0522918701171875
1773063119798261760,31.253685474395752,-1.200164794921875,-0.051055908203125,0.0111236572265625
1773063119808316672,31.26374053955078,-1.2501220703125,-0.1504364013671875,0.0829010009765625
1773063119818372608,31.273796558380127,-1.25238037109375,-0.21343994140625,0.0765533447265625
1773063119828428800,31.283852577209473,-1.1921234130859375,-0.238189697265625,0.0192718505859375
1773063119838483712,31.293907642364502,-1.1366729736328125,-0.17132568359375,0.0577850341796875
1773063119848539648,31.30396342277527,-1.1796417236328125,-0.091217041015625,0.0708770751953125
1773063119858594560,31.314018487930298,-1.2248077392578125,-0.0904693603515625,0.013427734375
1773063119868650752,31.324074506759644,-1.1860198974609375,-0.1810150146484375,-0.027130126953125
1773063119878706688,31.33413052558899,-1.1234130859375,-0.268035888671875,0.0088043212890625
1773063119888761856,31.34418559074402,-1.1087188720703125,-0.2276458740234375,-0.0031280517578125
1773063119898817792,31.354241609573364,-1.12713623046875,-0.1619415283203125,-0.0325775146484375
1773063119908873728,31.36429762840271,-1.13153076171875,-0.18896484375,0.0146942138671875
1773063119918928640,31.37435245513916,-1.1317901611328125,-0.2069854736328125,0.0634765625
1773063119928984576,31.384408473968506,-1.1390533447265625,-0.2710113525390625,0.02001953125
1773063119939039744,31.394463539123535,-1.111328125,-0.2779083251953125,0.0138397216796875
1773063119949095680,31.40451955795288,-1.0805206298828125,-0.224761962890625,0.06072998046875
1773063119959151872,31.414575576782227,-1.0923309326171875,-0.17694091796875,0.037139892578125
1773063119969206784,31.424630641937256,-1.091339111328125,-0.160919189453125,0.024322509765625
1773063119979262464,31.434686422348022,-1.0679168701171875,-0.187042236328125,0.052276611328125
1773063119989318656,31.444742441177368,-1.071685791015625,-0.27777099609375,0.020599365234375
1773063119999373568,31.454797506332397,-1.0622100830078125,-0.2839202880859375,0.0103759765625
1773063120009429760,31.464853525161743,-1.0448150634765625,-0.22833251953125,0.0341339111328125
1773063120019485696,31.47490954399109,-1.040374755859375,-0.25592041015625,0.0139617919921875
1773063120029540864,31.484964609146118,-1.017486572265625,-0.2649688720703125,0.0098724365234375
1773063120039596800,31.495020627975464,-1.024200439453125,-0.1829833984375,0.03570556640625
1773063120049651712,31.505075454711914,-1.060943603515625,-0.1960601806640625,0.0149993896484375
1773063120059707648,31.51513147354126,-1.0529937744140625,-0.2593841552734375,0.0312652587890625
1773063120069763584,31.525187492370605,-1.0239105224609375,-0.2666015625,0.0604400634765625
1773063120079818752,31.535242557525635,-1.009796142578125,-0.251617431640625,0.063079833984375
1773063120089874688,31.54529857635498,-0.9989013671875,-0.28790283203125,0.0033416748046875
1773063120099930880,31.555354595184326,-0.98046875,-0.2960968017578125,-0.0294647216796875
1773063120109985536,31.565409421920776,-0.97607421875,-0.1991119384765625,0.0110931396484375
1773063120120041728,31.575465440750122,-1.007110595703125,-0.1400909423828125,0.01922607421875
1773063120130096640,31.58552050590515,-1.0226593017578125,-0.1872406005859375,0.0752410888671875
1773063120140152576,31.595576524734497,-1.0421905517578125,-0.2119140625,0.1162109375
1773063120150208768,31.605632543563843,-1.068267822265625,-0.2520294189453125,0.0724029541015625
1773063120160263680,31.615687608718872,-1.0319976806640625,-0.2636260986328125,0.070526123046875
1773063120170319872,31.625743627548218,-0.9739532470703125,-0.2569427490234375,0.08544921875
1773063120180375552,31.635799407958984,-0.9514312744140625,-0.262298583984375,0.04638671875
1773063120190430720,31.645854473114014,-0.9279632568359375,-0.23736572265625,-0.0013275146484375
1773063120200486656,31.65591049194336,-0.955413818359375,-0.239501953125,0.054931640625
1773063120210541824,31.66596555709839,-1.050048828125,-0.245391845703125,0.0483856201171875
1773063120220597760,31.676021575927734,-1.0919952392578125,-0.2552642822265625,0.003753662109375
1773063120230653696,31.68607759475708,-1.0374603271484375,-0.2161865234375,0.0326080322265625
1773063120240708608,31.69613242149353,-0.99609375,-0.2042236328125,0.0418548583984375
1773063120250764544,31.706188440322876,-0.994140625,-0.1715850830078125,0.05328369140625
1773063120260820736,31.71624445915222,-1.0147705078125,-0.17864990234375,0.00909423828125
1773063120270875648,31.72629952430725,-0.997344970703125,-0.2526702880859375,0.063140869140625
1773063120280931584,31.736355543136597,-0.9537506103515625,-0.28662109375,0.0797271728515625
1773063120290986752,31.746410608291626,-0.9324951171875,-0.1883392333984375,0.110626220703125
1773063120301042688,31.75646662712097,-0.9602203369140625,-0.1251068115234375,0.1598663330078125
1773063120311098624,31.76652240753174,-0.9955291748046875,-0.245086669921875,0.141387939453125
1773063120321153536,31.776577472686768,-1.030975341796875,-0.146636962890625,0.149749755859375
1773063120331209728,31.786633491516113,-1.0399322509765625,-0.0345916748046875,-0.0135650634765625
1773063120341265664,31.79668951034546,-0.959747314453125,-0.1698760986328125,-0.0745086669921875
1773063120351320832,31.80674457550049,-0.9201812744140625,-0.2376556396484375,-0.0468597412109375
1773063120361376768,31.816800594329834,-0.9210205078125,-0.0803375244140625,-0.03179931640625
1773063120371431680,31.826855421066284,-0.9017181396484375,-0.0977783203125,0.0817413330078125
1773063120381486336,31.836910247802734,-0.9605865478515625,-0.2198486328125,0.2288970947265625
1773063120391542528,31.84696626663208,-1.0801544189453125,-0.2314910888671875,0.2423858642578125
1773063120401597440,31.85702133178711,-1.1477813720703125,-0.151153564453125,0.11798095703125
1773063120411653632,31.867077350616455,-1.0639495849609375,-0.061492919921875,0.07293701171875
1773063120421709568,31.8771333694458,-0.966888427734375,-0.02001953125,-0.0413360595703125
1773063120431764480,31.88718843460083,-0.8631134033203125,-0.1339111328125,-0.146575927734375
1773063120441820416,31.897244215011597,-0.781768798828125,-0.194000244140625,-0.12646484375
1773063120451875328,31.907299280166626,-0.79296875,-0.2064056396484375,-0.041290283203125
1773063120461931520,31.91735529899597,-0.8953704833984375,-0.147247314453125,0.0342559814453125
1773063120471987456,31.927411317825317,-1.001190185546875,-0.0445098876953125,0.086273193359375
1773063120482042624,31.937466382980347,-1.065216064453125,0.0217437744140625,0.090118408203125
1773063120492098560,31.947522401809692,-1.052032470703125,0.0868988037109375,-0.026947021484375
1773063120502154496,31.957578420639038,-0.9381256103515625,-0.011627197265625,-0.10980224609375
1773063120512209408,31.96763324737549,-0.8136749267578125,-0.2423553466796875,-0.1008758544921875
1773063120522265344,31.977689266204834,-0.7304840087890625,-0.183837890625,-0.0328521728515625
1773063120532320512,31.987744331359863,-0.729949951171875,0.0736236572265625,0.0697784423828125
1773063120542376448,31.99780035018921,-0.8731842041015625,0.1382904052734375,0.1097869873046875
1773063120552432640,32.007856369018555,-0.9947967529296875,0.0852203369140625,-0.0576629638671875
1773063120562487552,32.017911434173584,-0.892913818359375,-0.0252685546875,-0.1450653076171875
1773063120572543488,32.02796721458435,-0.7669219970703125,-0.1861572265625,-0.1291656494140625
1773063120582599424,32.038023233413696,-0.6454010009765625,-0.1994476318359375,-0.0657806396484375
1773063120592654592,32.048078298568726,-0.631256103515625,0.045166015625,0.099212646484375
1773063120602710528,32.05813431739807,-0.7969818115234375,0.0732879638671875,0.0850982666015625
1773063120612765440,32.0681893825531,-0.957916259765625,0.1258392333984375,-0.043853759765625
1773063120622821632,32.078245401382446,-0.947601318359375,0.2011871337890625,-0.139984130859375
1773063120632877568,32.08830142021179,-0.830291748046875,0.1159820556640625,-0.093292236328125
1773063120642932480,32.09835624694824,-0.75701904296875,0.001983642578125,-0.071929931640625
1773063120652988416,32.10841226577759,-0.72503662109375,0.0279541015625,-0.04278564453125
1773063120663044352,32.118468284606934,-0.719635009765625,0.22503662109375,0.0368804931640625
1773063120673099520,32.12852334976196,-0.80084228515625,0.256500244140625,0.089935302734375
1773063120683155456,32.13857936859131,-0.8601531982421875,0.1207427978515625,0.0531005859375
1773063120693210624,32.14863443374634,-0.8301544189453125,0.1481475830078125,-0.0121917724609375
1773063120703266304,32.158690214157104,-0.876678466796875,0.2418060302734375,-0.0424652099609375
1773063120713322496,32.16874623298645,-0.9657440185546875,0.049652099609375,-0.1368865966796875
1773063120723377408,32.17880129814148,-0.8688201904296875,-0.007171630859375,-0.08734130859375
1773063120733433600,32.188857316970825,-0.76177978515625,0.26861572265625,0.0605010986328125
1773063120743489536,32.19891333580017,-0.88690185546875,0.459075927734375,0.0816192626953125
1773063120753544448,32.2089684009552,-1.0193023681640625,0.5017852783203125,-0.0342559814453125
1773063120763600640,32.219024419784546,-0.9246978759765625,0.39385986328125,-0.1450042724609375
1773063120773655296,32.229079246520996,-0.8925628662109375,0.291046142578125,-0.1484375
1773063120783711488,32.23913526535034,-0.973785400390625,-0.06304931640625,-0.176788330078125
1773063120793767424,32.24919128417969,-0.843963623046875,-0.140045166015625,-0.110260009765625
1773063120803822592,32.25924634933472,-0.7552490234375,0.029876708984375,-0.013702392578125
1773063120813878528,32.26930236816406,-0.9075164794921875,0.0850677490234375,0.0872650146484375
1773063120823934464,32.27935838699341,-0.9656219482421875,0.2704925537109375,0.128570556640625
1773063120833989376,32.28941321372986,-0.9844818115234375,0.41180419921875,0.03009033203125
1773063120844045312,32.299469232559204,-1.0398406982421875,0.3659820556640625,0.021209716796875
1773063120854100480,32.30952429771423,-0.9901885986328125,0.293212890625,0.080169677734375
1773063120864156416,32.31958031654358,-0.9636993408203125,0.2149658203125,0.056549072265625
1773063120874212608,32.329636335372925,-0.9674072265625,0.232330322265625,0.068389892578125
1773063120884267520,32.339691400527954,-0.9271087646484375,0.1511993408203125,0.0566864013671875
1773063120894323712,32.3497474193573,-0.8274078369140625,0.0380859375,0.0794677734375
1773063120904379392,32.359803199768066,-0.88153076171875,0.1043243408203125,0.1015625
1773063120914434560,32.369858264923096,-1.0144805908203125,0.085357666015625,0.0694427490234375
1773063120924490496,32.37991428375244,-0.9760284423828125,0.103118896484375,0.0676422119140625
1773063120934545408,32.38996934890747,-0.8928070068359375,0.146697998046875,0.040557861328125
1773063120944601600,32.400025367736816,-0.919586181640625,0.19940185546875,0.109954833984375
1773063120954657536,32.41008138656616,-0.9538116455078125,0.20068359375,0.1423492431640625
1773063120964712448,32.42013621330261,-0.95892333984375,0.1422882080078125,0.19012451171875
1773063120974768384,32.43019223213196,-0.95068359375,0.1406707763671875,0.1605682373046875
1773063120984824320,32.440248250961304,-0.9137420654296875,0.09661865234375,0.15966796875
1773063120994879488,32.45030331611633,-0.9483184814453125,0.102294921875,0.1371307373046875
1773063121004935424,32.46035933494568,-0.9988555908203125,0.0142364501953125,0.113372802734375
1773063121014991616,32.470415353775024,-0.9191741943359375,0.0563201904296875,0.1149749755859375
1773063121025046528,32.480470418930054,-0.880615234375,0.1347503662109375,0.1129150390625
1773063121035102464,32.49052619934082,-0.93914794921875,0.097320556640625,0.1324005126953125
1773063121045157376,32.50058126449585,-0.9390716552734375,0.1040496826171875,0.1146697998046875
1773063121055213568,32.510637283325195,-0.913787841796875,0.1369781494140625,0.1375885009765625
1773063121065269504,32.52069330215454,-0.9333343505859375,0.1685028076171875,0.2017059326171875
1773063121075324416,32.53074836730957,-0.9622650146484375,0.1541595458984375,0.227935791015625
1773063121085380608,32.540804386138916,-0.98504638671875,0.1566009521484375,0.2473602294921875
1773063121095436544,32.55086040496826,-1.0308685302734375,0.193389892578125,0.2368316650390625
1773063121105491456,32.56091523170471,-1.057373046875,0.2761688232421875,0.1465911865234375
1773063121115547392,32.57097125053406,-0.9567108154296875,0.245452880859375,-0.00799560546875
1773063121125602560,32.58102631568909,-0.8638916015625,0.18939208984375,-0.0102691650390625
1773063121135658496,32.59108233451843,-0.936614990234375,0.2082366943359375,0.0566253662109375
1773063121145714432,32.60113835334778,-1.01605224609375,0.1424560546875,0.102691650390625
1773063121155769600,32.61119341850281,-1.00701904296875,0.10345458984375,0.114105224609375
1773063121165825280,32.621249198913574,-0.9966888427734375,0.16033935546875,0.1432342529296875
1773063121175881472,32.63130521774292,-1.0218353271484375,0.2078399658203125,0.20672607421875
1773063121185936384,32.64136028289795,-1.0134735107421875,0.205047607421875,0.21258544921875
1773063121195992576,32.651416301727295,-0.9886322021484375,0.2628936767578125,0.1422882080078125
1773063121206047488,32.661471366882324,-1.01995849609375,0.324951171875,0.099456787109375
1773063121216103680,32.67152738571167,-0.99444580078125,0.319671630859375,0.0549468994140625
1773063121226159616,32.681583404541016,-0.884246826171875,0.2758026123046875,0.0570831298828125
1773063121236214272,32.691638231277466,-0.84747314453125,0.25640869140625,0.1054840087890625
1773063121246270464,32.70169425010681,-0.8946533203125,0.2623748779296875,0.1728057861328125
1773063121256326400,32.71175026893616,-0.9661407470703125,0.3056640625,0.057220458984375
1773063121266381568,32.72180533409119,-0.718780517578125,0.692474365234375,1.342559814453125
1773063121276437504,32.73186135292053,-0.945892333984375,1.2904815673828125,-0.4340972900390625
1773063121286492672,32.74191641807556,-0.9452667236328125,-0.8672943115234375,-0.8707733154296875
1773063121296548352,32.75197219848633,-0.975006103515625,0.5042572021484375,1.84478759765625
1773063121306604288,32.762028217315674,-1.2575225830078125,0.5181732177734375,0.394378662109375
1773063121316659456,32.7720832824707,-0.7305145263671875,0.772064208984375,-0.2547760009765625
1773063121326715392,32.78213930130005,-0.6992645263671875,-0.070587158203125,-0.7112579345703125
1773063121336771584,32.792195320129395,-0.96685791015625,-0.3923187255859375,-0.023590087890625
1773063121346826496,32.802250385284424,-1.00823974609375,0.1437835693359375,1.0150299072265625
1773063121356882688,32.81230640411377,-1.1808013916015625,0.958770751953125,0.6974029541015625
1773063121366937344,32.82236123085022,-1.0865936279296875,0.7467498779296875,-0.0714874267578125
1773063121376994304,32.83241820335388,-0.69378662109375,0.0727691650390625,-0.7536163330078125
1773063121387050496,32.84247422218323,-0.6783447265625,-0.442840576171875,0.062652587890625
1773063121397105152,32.85252904891968,-0.9622039794921875,-0.024200439453125,0.6134185791015625
1773063121407161344,32.86258506774902,-1.103240966796875,0.733673095703125,0.87603759765625
1773063121417217280,32.87264108657837,-1.1550140380859375,0.6616668701171875,-0.0947265625
1773063121427272192,32.8826961517334,-0.757049560546875,0.1253204345703125,-0.40252685546875
1773063121437328384,32.892752170562744,-0.7498016357421875,-0.3914642333984375,-0.1253662109375
1773063121447383296,32.90280723571777,-0.8791961669921875,-0.018768310546875,0.711517333984375
1773063121457439488,32.91286325454712,-1.1425933837890625,0.59735107421875,0.696533203125
1773063121467495168,32.922919034957886,-1.1894989013671875,0.7290191650390625,0.0715789794921875
1773063121477550336,32.932974100112915,-0.9273681640625,0.150421142578125,-0.4976043701171875
1773063121487606272,32.94303011894226,-0.7372283935546875,-0.2261505126953125,-0.13970947265625
1773063121497662208,32.953086137771606,-0.8814239501953125,-0.083465576171875,0.4852447509765625
1773063121507717376,32.963141202926636,-1.069183349609375,0.492156982421875,0.6247711181640625
1773063121517773312,32.97319722175598,-1.1025848388671875,0.63641357421875,0.142730712890625
1773063121527828224,32.98325204849243,-0.9157867431640625,0.217559814453125,-0.3520965576171875
1773063121537884160,32.99330806732178,-0.82281494140625,-0.1920318603515625,-0.1756744384765625
1773063121547940352,33.00336408615112,-0.9188995361328125,-0.06414794921875,0.37249755859375
1773063121557995264,33.01341915130615,-1.1002044677734375,0.487884521484375,0.6192779541015625
1773063121568051456,33.0234751701355,-1.147918701171875,0.6071014404296875,0.2642669677734375
1773063121578107392,33.033531188964844,-0.9033355712890625,0.216949462890625,-0.22113037109375
1773063121588162304,33.04358625411987,-0.757720947265625,-0.1573028564453125,-0.1937713623046875
1773063121598218240,33.05364203453064,-0.8655853271484375,-0.086212158203125,0.2451324462890625
1773063121608274176,33.063698053359985,-1.05712890625,0.43231201171875,0.5003509521484375
1773063121618329344,33.073753118515015,-1.09893798828125,0.6897430419921875,0.2538604736328125
1773063121628385280,33.08380913734436,-0.8827362060546875,0.39459228515625,-0.1557159423828125
1773063121638440448,33.09386420249939,-0.761383056640625,0.00347900390625,-0.155426025390625
1773063121648496384,33.103920221328735,-0.905914306640625,-0.022216796875,0.25860595703125
1773063121658552320,33.11397624015808,-1.080963134765625,0.365692138671875,0.5821075439453125
1773063121668607232,33.12403106689453,-1.108184814453125,0.637420654296875,0.3913421630859375
1773063121678663168,33.13408708572388,-0.9103851318359375,0.407867431640625,-0.031280517578125
1773063121688718336,33.144142150878906,-0.7421417236328125,0.0339508056640625,-0.170318603515625
1773063121698774272,33.15419816970825,-0.7978057861328125,-0.0639801025390625,0.0427398681640625
1773063121708830464,33.1642541885376,-0.930328369140625,0.321502685546875,0.354217529296875
1773063121718885376,33.17430925369263,-1.0193023681640625,0.6722412109375,0.336822509765625
1773063121728941312,33.184365034103394,-0.904937744140625,0.5296783447265625,0.062896728515625
1773063121738997248,33.19442105293274,-0.7498321533203125,0.1579742431640625,-0.0316009521484375
1773063121749052160,33.20447611808777,-0.8275146484375,-0.0131683349609375,0.1863555908203125
1773063121759108352,33.214532136917114,-1.016998291015625,0.2656097412109375,0.4967193603515625
1773063121769163264,33.224587202072144,-1.1016693115234375,0.6002197265625,0.4205169677734375
1773063121779219456,33.23464322090149,-0.9328765869140625,0.5385284423828125,0.0212554931640625
1773063121789275392,33.244699239730835,-0.6691131591796875,0.225921630859375,-0.14019775390625
1773063121799330304,33.254754066467285,-0.7292327880859375,0.029510498046875,0.06524658203125
1773063121809386240,33.26481008529663,-0.9242401123046875,0.20654296875,0.40582275390625
1773063121819442176,33.27486610412598,-1.0504302978515625,0.5506744384765625,0.4599609375
1773063121829497344,33.284921169281006,-0.9974822998046875,0.5410003662109375,0.1393280029296875
1773063121839553280,33.29497718811035,-0.8076934814453125,0.2499542236328125,-0.0609283447265625
1773063121849608448,33.30503225326538,-0.7542572021484375,0.003692626953125,0.040313720703125
1773063121859664128,33.31508803367615,-0.857879638671875,0.1600341796875,0.331268310546875
1773063121869720320,33.32514405250549,-0.991180419921875,0.46868896484375,0.36724853515625
1773063121879775232,33.33519911766052,-0.9644775390625,0.5189056396484375,0.1486358642578125
1773063121889831424,33.34525513648987,-0.8313446044921875,0.28607177734375,0.0078125
1773063121899887360,33.355311155319214,-0.8656463623046875,0.1134796142578125,0.1057281494140625
1773063121909942272,33.36536622047424,-0.997467041015625,0.24688720703125,0.37689208984375
1773063121919998464,33.37542223930359,-1.0637359619140625,0.5072021484375,0.460723876953125
1773063121930053120,33.38547706604004,-0.970062255859375,0.4806976318359375,0.198150634765625
1773063121940109312,33.395533084869385,-0.78179931640625,0.2440338134765625,-0.003021240234375
1773063121950165248,33.40558910369873,-0.7601318359375,0.0419158935546875,0.0305633544921875
1773063121960220416,33.41564416885376,-0.8865509033203125,0.149169921875,0.3387298583984375
1773063121970276352,33.425700187683105,-1.0781402587890625,0.4856719970703125,0.6462554931640625
1773063121980332288,33.43575620651245,-1.115020751953125,0.9865875244140625,0.732940673828125
1773063121990387200,33.4458110332489,-0.9256134033203125,0.33660888671875,-0.0180816650390625
1773063122000443136,33.45586705207825,-0.8221588134765625,0.3204803466796875,0.2447509765625
1773063122010498304,33.465922117233276,-0.9234466552734375,-0.1378021240234375,0.248321533203125
1773063122020554240,33.47597813606262,-0.9113006591796875,0.6326751708984375,0.63720703125
1773063122030610432,33.48603415489197,-0.92559814453125,0.370574951171875,0.2350311279296875
1773063122040665344,33.496089220047,-0.8636932373046875,0.3150482177734375,-0.113372802734375
1773063122050721280,33.50614523887634,-0.6990203857421875,0.0781707763671875,0.4793243408203125
1773063122060777472,33.51620125770569,-0.8187103271484375,0.6169891357421875,0.4824676513671875
1773063122070832128,33.52625608444214,-1.09014892578125,-0.0899658203125,-0.1948089599609375
1773063122080888320,33.536312103271484,-0.9848175048828125,0.7966156005859375,1.0343017578125
1773063122090943232,33.546367168426514,-1.148040771484375,0.326416015625,0.0067138671875
1773063122100999424,33.55642318725586,-0.6092529296875,0.238861083984375,-0.0229034423828125
1773063122111055360,33.566479206085205,-0.72479248046875,0.0159759521484375,0.0098876953125
1773063122121110272,33.576534032821655,-1.013946533203125,0.2325439453125,0.4542388916015625
1773063122131166208,33.586590051651,-1.1411590576171875,0.369293212890625,0.541168212890625
1773063122141222144,33.59664607048035,-0.92767333984375,0.5669403076171875,0.36212158203125
1773063122151277312,33.606701135635376,-0.8056488037109375,0.2427978515625,0.0119781494140625
1773063122161333248,33.61675715446472,-0.882598876953125,0.089385986328125,0.044403076171875
1773063122171388416,33.62681221961975,-1.06536865234375,0.1588592529296875,0.234161376953125
1773063122181444352,33.6368682384491,-1.0763397216796875,0.4201812744140625,0.346923828125
1773063122191500544,33.64692425727844,-0.9515838623046875,0.3994903564453125,-0.0473480224609375
1773063122201555200,33.65697908401489,-1.25469970703125,0.4246978759765625,-0.2003631591796875
1773063122211611392,33.66703510284424,-1.4384765625,0.4920501708984375,0.2180328369140625
1773063122221667328,33.677091121673584,-1.31280517578125,-0.02459716796875,0.2795562744140625
1773063122231722240,33.68714618682861,-0.7367401123046875,0.5641021728515625,0.466552734375
1773063122241778432,33.69720220565796,-0.96527099609375,0.516448974609375,0.4825286865234375
1773063122251834368,33.707258224487305,-1.0892791748046875,0.34649658203125,0.08819580078125
1773063122261889280,33.717313051223755,-0.725616455078125,0.14697265625,0.11041259765625
1773063122271945216,33.7273690700531,-0.4730377197265625,0.096343994140625,0.23504638671875
1773063122282000384,33.73742413520813,-0.7015380859375,0.2693023681640625,0.4684906005859375
1773063122292056320,33.747480154037476,-1.128631591796875,0.4029693603515625,0.2844390869140625
1773063122302112256,33.75753617286682,-1.121673583984375,0.37152099609375,-0.03265380859375
1773063122312167424,33.76759123802185,-0.831939697265625,0.1707916259765625,-0.0062408447265625
1773063122322223360,33.777647256851196,-0.6275634765625,0.03326416015625,0.105865478515625
1773063122332279296,33.78770303726196,-0.7220458984375,0.140167236328125,0.3423309326171875
1773063122342334208,33.79775810241699,-0.7405548095703125,0.566986083984375,0.6622772216796875
1773063122352390400,33.80781412124634,-1.045013427734375,0.5029754638671875,-0.3850860595703125
1773063122362445312,33.81786918640137,-0.758880615234375,-0.144866943359375,0.1859893798828125
1773063122372501248,33.82792520523071,-0.918609619140625,0.64984130859375,0.5200958251953125
1773063122382558208,33.837981939315796,-1.5193634033203125,0.69415283203125,0.640045166015625
1773063122392613120,33.848037004470825,-1.5251007080078125,0.901519775390625,0.05126953125
1773063122402669312,33.85809302330017,-0.88555908203125,0.047760009765625,-0.111175537109375
1773063122412725248,33.86814904212952,-0.34783935546875,0.1607818603515625,0.0535430908203125
1773063122422780160,33.87820386886597,-0.6796417236328125,0.102447509765625,0.6686553955078125
1773063122432836096,33.88825988769531,-1.1042327880859375,0.4227752685546875,0.528900146484375
1773063122442891008,33.89831495285034,-0.984130859375,0.3567352294921875,0.1416015625
1773063122452947200,33.90837097167969,-0.6842803955078125,0.4137420654296875,0.0697021484375
1773063122463003136,33.91842699050903,-0.9140472412109375,0.1922149658203125,0.1782379150390625
1773063122473058304,33.92848205566406,-1.1711273193359375,0.1277923583984375,0.266754150390625
1773063122483113984,33.93853783607483,-0.9064178466796875,0.366607666015625,0.3217315673828125
1773063122493169920,33.948593854904175,-0.73516845703125,0.3860626220703125,0.4318084716796875
1773063122503225088,33.958648920059204,-0.805084228515625,0.286865234375,0.15234375
1773063122513281024,33.96870493888855,-0.830780029296875,0.046051025390625,0.009735107421875
1773063122523336192,33.97876000404358,-1.00286865234375,0.363800048828125,0.419769287109375
1773063122533392128,33.988816022872925,-1.347137451171875,0.432373046875,0.40216064453125
1773063122543448320,33.99887204170227,-1.013702392578125,0.4491729736328125,0.289459228515625
1773063122553502976,34.00892686843872,-0.6448822021484375,0.3424530029296875,0.2371063232421875
1773063122563559168,34.018982887268066,-0.738250732421875,0.2688446044921875,0.01318359375
1773063122573615104,34.02903890609741,-0.904205322265625,0.0878753662109375,0.3587646484375
1773063122583670016,34.03909397125244,-0.9827117919921875,0.296142578125,0.2084808349609375
1773063122593726208,34.04914999008179,-0.9226226806640625,0.1319732666015625,0.241058349609375
1773063122603781120,34.059205055236816,-0.9943084716796875,0.561065673828125,0.4797821044921875
1773063122613837056,34.06926083564758,-1.1324005126953125,0.346160888671875,0.169403076171875
1773063122623892992,34.07931685447693,-0.848052978515625,0.2591400146484375,0.057891845703125
1773063122633948160,34.08937191963196,-0.784637451171875,0.168426513671875,0.2397918701171875
1773063122644004096,34.099427938461304,-0.9071044921875,0.320037841796875,0.4798126220703125
1773063122654060032,34.10948395729065,-1.013763427734375,0.1630401611328125,0.0845947265625
1773063122664115200,34.11953902244568,-0.750732421875,0.4296112060546875,0.42742919921875
1773063122674171136,34.129595041275024,-1.03204345703125,0.4071197509765625,0.1049652099609375
1773063122684226048,34.139649868011475,-1.00714111328125,0.0909271240234375,0.24993896484375
1773063122694281984,34.14970588684082,-0.9468841552734375,0.238372802734375,0.1691436767578125
1773063122704338176,34.159761905670166,-0.91021728515625,0.3731231689453125,0.5306243896484375
1773063122714393088,34.169816970825195,-1.0448760986328125,0.3440399169921875,0.1962738037109375
1773063122724449280,34.17987298965454,-0.8809814453125,0.184967041015625,0.112518310546875
1773063122734505216,34.18992900848389,-0.8386383056640625,0.2926177978515625,0.2646331787109375
1773063122744560128,34.19998383522034,-1.095977783203125,0.1817169189453125,0.083892822265625
1773063122754616064,34.21003985404968,-0.91656494140625,0.2620849609375,0.5101318359375
1773063122764670976,34.22009491920471,-0.8623199462890625,0.4743804931640625,0.311981201171875
1773063122774727168,34.23015093803406,-0.791839599609375,0.184722900390625,0.2254180908203125
1773063122784783104,34.2402069568634,-0.93072509765625,0.264190673828125,0.12042236328125
1773063122794838272,34.25026202201843,-1.0675811767578125,0.26800537109375,0.314666748046875
1773063122804894208,34.26031804084778,-1.0618896484375,0.3661651611328125,0.329925537109375
1773063122814950144,34.270374059677124,-0.8611297607421875,0.319183349609375,0.1967620849609375
1773063122825005056,34.280428886413574,-0.6885223388671875,0.2373504638671875,0.2163238525390625
1773063122835060992,34.29048490524292,-0.8303375244140625,0.1404876708984375,0.2066802978515625
1773063122845117184,34.300540924072266,-1.0100555419921875,0.260528564453125,0.2601470947265625
1773063122855172096,34.310595989227295,-0.9955902099609375,0.343414306640625,0.3253326416015625
1773063122865228288,34.32065200805664,-0.8876495361328125,0.3017120361328125,0.2652130126953125
1773063122875282944,34.33070683479309,-0.8035888671875,0.2532806396484375,0.220123291015625
1773063122885339136,34.34076285362244,-0.82122802734375,0.23944091796875,0.26934814453125
1773063122895395072,34.35081887245178,-0.902191162109375,0.2432098388671875,0.28216552734375
1773063122905449984,34.36087393760681,-0.9359893798828125,0.2747039794921875,0.2884368896484375
1773063122915506176,34.37092995643616,-0.921661376953125,0.300872802734375,0.3419342041015625
1773063122925561088,34.38098502159119,-0.941680908203125,0.314849853515625,0.3019256591796875
1773063122935617280,34.39104104042053,-0.9334259033203125,0.3290557861328125,0.257537841796875
1773063122945673216,34.40109705924988,-0.9219207763671875,0.309783935546875,0.2535552978515625
1773063122955728128,34.41115188598633,-0.9388580322265625,0.296295166015625,0.285186767578125
1773063122965784064,34.421207904815674,-0.9476165771484375,0.3004302978515625,0.3047332763671875
1773063122975840000,34.43126392364502,-0.9150848388671875,0.2943878173828125,0.3052520751953125
1773063122985895168,34.44131898880005,-0.8611907958984375,0.2721710205078125,0.2687225341796875
1773063122995951104,34.451375007629395,-0.819671630859375,0.255096435546875,0.2481231689453125
1773063123006006016,34.461429834365845,-0.8040771484375,0.27191162109375,0.296875
1773063123016061952,34.47148585319519,-0.826446533203125,0.2907867431640625,0.3379974365234375
1773063123026118144,34.481541872024536,-0.8503265380859375,0.2943878173828125,0.299407958984375
1773063123036173056,34.491596937179565,-0.8361968994140625,0.2882843017578125,0.2654571533203125
1773063123046229248,34.50165295600891,-0.8024749755859375,0.2770233154296875,0.296478271484375
1773063123056285184,34.51170897483826,-0.792236328125,0.2785186767578125,0.3226165771484375
1773063123066340096,34.521764039993286,-0.8006744384765625,0.2828826904296875,0.3490753173828125
1773063123076396288,34.53182005882263,-0.7760009765625,0.2767486572265625,0.45465087890625
1773063123086450944,34.54187488555908,-0.7364654541015625,0.34600830078125,0.87664794921875
1773063123096507136,34.55193090438843,-0.84039306640625,0.5734710693359375,0.4040679931640625
1773063123106563072,34.56198692321777,-0.805572509765625,0.3226470947265625,0.0849761962890625
1773063123116618240,34.5720419883728,-0.75091552734375,0.273040771484375,0.234619140625
1773063123126674176,34.58209800720215,-0.7774505615234375,0.376617431640625,0.2602386474609375
1773063123136730112,34.592154026031494,-0.8014373779296875,0.3470458984375,0.359344482421875
1773063123146785024,34.602208852767944,-0.819427490234375,0.3355865478515625,0.576385498046875
1773063123156840960,34.61226487159729,-0.8120574951171875,0.2667388916015625,0.34722900390625
1773063123166897152,34.622320890426636,-0.666107177734375,0.16925048828125,0.49578857421875
1773063123176952064,34.632375955581665,-0.6800689697265625,0.2420501708984375,0.794525146484375
1773063123187008256,34.64243197441101,-0.79296875,0.26629638671875,0.7026824951171875
1773063123197063168,34.65248703956604,-0.8623504638671875,0.2267608642578125,0.6479034423828125
1773063123207119104,34.662543058395386,-0.8470458984375,0.2212982177734375,0.6658782958984375
1773063123217175040,34.67259883880615,-0.7665863037109375,0.10845947265625,0.92242431640625
1773063123227229952,34.68265390396118,-0.6525726318359375,0.195556640625,0.7852630615234375
1773063123237286144,34.69270992279053,-0.594573974609375,0.397857666015625,0.680633544921875
1773063123247341056,34.70276498794556,-0.60845947265625,0.3593597412109375,0.7205657958984375
1773063123257397248,34.7128210067749,-0.64727783203125,0.3955841064453125,0.6300201416015625
1773063123267453184,34.72287702560425,-0.66534423828125,0.4445343017578125,0.5789947509765625
1773063123277508096,34.7329318523407,-0.715789794921875,0.42041015625,0.492401123046875
1773063123287564032,34.742987871170044,-0.719573974609375,0.4225616455078125,0.4066314697265625
1773063123297619968,34.75304388999939,-0.7178192138671875,0.3706817626953125,0.3628082275390625
1773063123307675136,34.76309895515442,-0.7317352294921875,0.241546630859375,0.3832244873046875
1773063123317731072,34.773154973983765,-0.839752197265625,0.20526123046875,0.5845947265625
1773063123327787264,34.78321099281311,-0.7501983642578125,0.189117431640625,0.5230560302734375
1773063123337842176,34.79326605796814,-0.67022705078125,0.1445159912109375,0.656005859375
1773063123347898112,34.803321838378906,-0.734344482421875,0.1047210693359375,0.64288330078125
1773063123357953024,34.813376903533936,-0.8177337646484375,0.1667633056640625,0.7336578369140625
1773063123368009216,34.82343292236328,-0.89031982421875,0.237884521484375,0.6960296630859375
1773063123378064640,34.83348846435547,-0.9290008544921875,0.2913970947265625,0.62261962890625
1773063123388119552,34.84354329109192,-0.8969573974609375,0.2848968505859375,0.5485992431640625
1773063123398175488,34.853599309921265,-0.832672119140625,0.269622802734375,0.44732666015625
1773063123408231424,34.86365532875061,-0.7929840087890625,0.239288330078125,0.378936767578125
1773063123418286592,34.87371039390564,-0.78509521484375,0.1983795166015625,0.3398895263671875
1773063123428342528,34.883766412734985,-0.776275634765625,0.1776275634765625,0.30364990234375
1773063123438397696,34.893821477890015,-0.7594757080078125,0.16693115234375,0.242095947265625
1773063123448453632,34.90387749671936,-0.765869140625,0.1353302001953125,0.2663116455078125
1773063123458509568,34.913933515548706,-0.76519775390625,0.1100311279296875,0.4572601318359375
1773063123468564480,34.923988342285156,-0.71502685546875,0.1085052490234375,0.5258331298828125
1773063123478620416,34.9340443611145,-0.6507720947265625,0.1439971923828125,0.4726104736328125
1773063123488676608,34.94410037994385,-0.583282470703125,0.198211669921875,0.2980194091796875
1773063123498731520,34.95415544509888,-0.51702880859375,0.1917877197265625,0.10650634765625
1773063123508787712,34.96421146392822,-0.468536376953125,0.1461944580078125,-0.013519287109375
1773063123518842368,34.97426629066467,-0.4327392578125,0.093475341796875,-0.089080810546875
1773063123528898560,34.98432230949402,-0.4267730712890625,0.0422210693359375,-0.1258087158203125
1773063123538954496,34.994378328323364,-0.4486236572265625,-0.0265655517578125,-0.1484375
1773063123549009664,35.004433393478394,-0.4950714111328125,-0.13818359375,-0.1350860595703125
1773063123559065600,35.01448941230774,-0.5470123291015625,-0.239837646484375,-0.0995635986328125
1773063123569121536,35.024545431137085,-0.5988616943359375,-0.2722930908203125,-0.124237060546875
1773063123579176704,35.034600496292114,-0.6428680419921875,-0.258392333984375,-0.11895751953125
1773063123589232640,35.04465651512146,-0.6669769287109375,-0.2328033447265625,-0.0955352783203125
1773063123599287552,35.05471134185791,-0.6514892578125,-0.2020416259765625,-0.0985565185546875
1773063123609343488,35.064767360687256,-0.643035888671875,-0.169921875,-0.2023162841796875
1773063123619399424,35.0748233795166,-0.64764404296875,-0.1710662841796875,-0.4039459228515625
1773063123629454592,35.08487844467163,-0.64349365234375,-0.2506103515625,-0.6740570068359375
1773063123639510528,35.09493446350098,-0.6476593017578125,-0.404449462890625,-0.8882598876953125
1773063123649566720,35.10499048233032,-0.681640625,-0.54962158203125,-0.97869873046875
1773063123659621376,35.11504530906677,-0.77484130859375,-0.6690521240234375,-0.9033966064453125
1773063123669677568,35.12510132789612,-0.879241943359375,-0.6883544921875,-0.758331298828125
1773063123679732480,35.13515639305115,-0.948150634765625,-0.5678558349609375,-0.66729736328125
1773063123689788672,35.14521241188049,-0.94305419921875,-0.383087158203125,-0.6909637451171875
1773063123699844608,35.15526843070984,-0.865692138671875,-0.2403411865234375,-0.834442138671875
1773063123709899776,35.16532349586487,-0.7509002685546875,-0.2064208984375,-1.05792236328125
1773063123719955712,35.175379514694214,-0.6568145751953125,-0.2737274169921875,-1.2503204345703125
1773063123730011392,35.18543529510498,-0.610443115234375,-0.35699462890625,-1.313995361328125
1773063123740066560,35.19549036026001,-0.657318115234375,-0.38153076171875,-1.3139190673828125
1773063123750122496,35.205546379089355,-0.72088623046875,-0.35906982421875,-1.2621612548828125
1773063123760177664,35.215601444244385,-0.6805419921875,-0.3287353515625,-1.197296142578125
1773063123770233600,35.22565746307373,-0.599609375,-0.3558807373046875,-1.2124481201171875
1773063123780289536,35.235713481903076,-0.524322509765625,-0.4526824951171875,-1.2425994873046875
1773063123790344448,35.245768308639526,-0.46551513671875,-0.531463623046875,-1.29052734375
1773063123800400384,35.25582432746887,-0.448333740234375,-0.5530548095703125,-1.2879638671875
1773063123810456576,35.26588034629822,-0.4899139404296875,-0.5286102294921875,-1.2798309326171875
1773063123820511488,35.27593541145325,-0.5543975830078125,-0.4626617431640625,-1.3179779052734375
1773063123830567680,35.28599143028259,-0.6017913818359375,-0.4063262939453125,-1.334136962890625
1773063123840622592,35.29604649543762,-0.5798492431640625,-0.3928985595703125,-1.3614044189453125
1773063123850678784,35.30610251426697,-0.501129150390625,-0.42266845703125,-1.446685791015625
1773063123860734464,35.316158294677734,-0.40478515625,-0.512298583984375,-1.505126953125
1773063123870789632,35.326213359832764,-0.2984161376953125,-0.61798095703125,-1.5296173095703125
1773063123880845568,35.33626937866211,-0.208465576171875,-0.6410980224609375,-1.5077056884765625
1773063123890901504,35.346325397491455,-0.183441162109375,-0.56121826171875,-1.3726654052734375
1773063123900956672,35.356380462646484,-0.256591796875,-0.462799072265625,-1.2242889404296875
1773063123911012608,35.36643648147583,-0.377227783203125,-0.440093994140625,-1.194000244140625
1773063123921067520,35.37649130821228,-0.40814208984375,-0.387664794921875,-1.1219482421875
1773063123931123456,35.386547327041626,-0.4005279541015625,-0.316314697265625,-1.012786865234375
1773063123941179392,35.39660334587097,-0.388702392578125,-0.3153839111328125,-0.9016876220703125
1773063123951234560,35.406658411026,-0.3734893798828125,-0.3284759521484375,-0.806488037109375
1773063123961290496,35.41671442985535,-0.35394287109375,-0.2979583740234375,-0.7376708984375
1773063123971346688,35.42677044868469,-0.3455047607421875,-0.2576904296875,-0.68499755859375
1773063123981401600,35.43682551383972,-0.360809326171875,-0.2432708740234375,-0.6579132080078125
1773063123991457536,35.44688129425049,-0.370513916015625,-0.2552947998046875,-0.6508636474609375
1773063124001512448,35.45693635940552,-0.3654327392578125,-0.260009765625,-0.6508331298828125
1773063124011568640,35.46699237823486,-0.365264892578125,-0.3112640380859375,-0.67822265625
1773063124021624576,35.47704839706421,-0.3812408447265625,-0.369140625,-0.7185821533203125
1773063124031679744,35.48710346221924,-0.3721466064453125,-0.372528076171875,-0.7832794189453125
1773063124041735680,35.497159481048584,-0.37689208984375,-0.336761474609375,-0.8753509521484375
1773063124051791616,35.50721549987793,-0.3955841064453125,-0.3243560791015625,-0.9370880126953125
1773063124061846528,35.51727032661438,-0.4219207763671875,-0.337799072265625,-1.0303802490234375
1773063124071902464,35.527326345443726,-0.448486328125,-0.356353759765625,-1.1206207275390625
1773063124081957632,35.537381410598755,-0.44512939453125,-0.335968017578125,-1.142547607421875
1773063124092013568,35.5474374294281,-0.4110260009765625,-0.3413848876953125,-1.1263427734375
1773063124102069504,35.557493448257446,-0.3767852783203125,-0.3867034912109375,-1.0770111083984375
1773063124112124672,35.567548513412476,-0.346954345703125,-0.41278076171875,-1.03143310546875
1773063124122180352,35.57760429382324,-0.325958251953125,-0.3937835693359375,-1.0046539306640625
1773063124132236544,35.58766031265259,-0.290679931640625,-0.34661865234375,-1.0018157958984375
1773063124142291456,35.59771537780762,-0.245330810546875,-0.286773681640625,-1.0171356201171875
1773063124152347648,35.60777139663696,-0.2216644287109375,-0.2518768310546875,-0.9903717041015625
1773063124162402560,35.61782646179199,-0.2374114990234375,-0.2531280517578125,-0.9579315185546875
1773063124172458752,35.62788248062134,-0.26202392578125,-0.2168121337890625,-0.932769775390625
1773063124182514688,35.637938499450684,-0.2916259765625,-0.1857452392578125,-0.909881591796875
1773063124192569600,35.647993326187134,-0.32452392578125,-0.184051513671875,-0.881866455078125
1773063124202625536,35.65804934501648,-0.3568572998046875,-0.1921234130859375,-0.89532470703125
1773063124212681472,35.668105363845825,-0.3747100830078125,-0.1911468505859375,-0.9155120849609375
1773063124222736640,35.678160429000854,-0.3808441162109375,-0.1778717041015625,-0.8972930908203125
1773063124232792576,35.6882164478302,-0.4082183837890625,-0.1701202392578125,-0.8473968505859375
1773063124242847744,35.69827151298523,-0.4707183837890625,-0.1908721923828125,-0.77734375
1773063124252903424,35.708327293395996,-0.542388916015625,-0.2276763916015625,-0.7535552978515625
1773063124262959360,35.71838331222534,-0.61834716796875,-0.2191925048828125,-0.7854156494140625
1773063124273014528,35.72843837738037,-0.660614013671875,-0.1551361083984375,-0.8248291015625
1773063124283070464,35.73849439620972,-0.6823883056640625,-0.1060943603515625,-0.8932037353515625
1773063124293125632,35.748549461364746,-0.654754638671875,-0.09332275390625,-0.970611572265625
1773063124303181568,35.75860548019409,-0.5718841552734375,-0.110687255859375,-0.9894256591796875
1773063124313237760,35.76866149902344,-0.5016632080078125,-0.1729888916015625,-0.9901885986328125
1773063124323292416,35.77871632575989,-0.477020263671875,-0.2227630615234375,-0.9327850341796875
1773063124333348608,35.78877234458923,-0.4691925048828125,-0.22906494140625,-0.87908935546875
1773063124343404544,35.79882836341858,-0.43975830078125,-0.2287445068359375,-0.8491058349609375
1773063124353459712,35.80888342857361,-0.4006195068359375,-0.2425384521484375,-0.8510589599609375
1773063124363515648,35.818939447402954,-0.3825836181640625,-0.2709808349609375,-0.877105712890625
1773063124373570560,35.82899451255798,-0.3890533447265625,-0.310089111328125,-0.9301300048828125
1773063124383626496,35.83905029296875,-0.4083099365234375,-0.3435821533203125,-0.9514923095703125
1773063124393682432,35.849106311798096,-0.4056549072265625,-0.340789794921875,-0.9626007080078125
1773063124403737600,35.859161376953125,-0.3886260986328125,-0.334136962890625,-0.959136962890625
1773063124413793280,35.86921715736389,-0.3544158935546875,-0.3256072998046875,-0.950592041015625
1773063124423849472,35.87927317619324,-0.32440185546875,-0.3226776123046875,-0.9461212158203125
1773063124433904384,35.88932824134827,-0.3217315673828125,-0.333984375,-0.9248809814453125
1773063124443960320,35.89938426017761,-0.3456878662109375,-0.336273193359375,-0.8970947265625
1773063124454015488,35.90943932533264,-0.3866119384765625,-0.3516998291015625,-0.9044342041015625
1773063124464071424,35.91949534416199,-0.423004150390625,-0.3849945068359375,-0.9014739990234375
1773063124474127616,35.92955136299133,-0.406341552734375,-0.38421630859375,-0.88140869140625
1773063124484182272,35.93960618972778,-0.3632049560546875,-0.395843505859375,-0.87713623046875
1773063124494238464,35.94966220855713,-0.3077545166015625,-0.386749267578125,-0.8455810546875
1773063124504294400,35.959718227386475,-0.2956695556640625,-0.3735809326171875,-0.827392578125
1773063124514349568,35.969773292541504,-0.3211669921875,-0.3472137451171875,-0.8439483642578125
1773063124524405504,35.97982931137085,-0.3454742431640625,-0.33465576171875,-0.883148193359375
1773063124534460672,35.98988437652588,-0.35040283203125,-0.3599700927734375,-0.895355224609375
1773063124544516352,35.999940156936646,-0.3244781494140625,-0.3998565673828125,-0.8687744140625
1773063124554572288,36.00999617576599,-0.276336669921875,-0.4411163330078125,-0.830657958984375
1773063124564627456,36.02005124092102,-0.219024658203125,-0.487945556640625,-0.7687225341796875
1773063124574683392,36.030107259750366,-0.166015625,-0.5456695556640625,-0.71185302734375
1773063124584739328,36.04016327857971,-0.1402740478515625,-0.583038330078125,-0.66058349609375
1773063124594794496,36.05021834373474,-0.1459503173828125,-0.5780792236328125,-0.6493988037109375
1773063124604850432,36.06027436256409,-0.14801025390625,-0.56488037109375,-0.645263671875
1773063124614905344,36.07032918930054,-0.1377410888671875,-0.5439910888671875,-0.639434814453125
1773063124624961280,36.08038520812988,-0.143798828125,-0.5350189208984375,-0.623077392578125
1773063124635017472,36.09044122695923,-0.1516265869140625,-0.540618896484375,-0.616607666015625
1773063124645072384,36.10049629211426,-0.1487884521484375,-0.543975830078125,-0.6117706298828125
1773063124655128576,36.1105523109436,-0.1384429931640625,-0.5543975830078125,-0.6049652099609375
1773063124665184512,36.12060832977295,-0.132720947265625,-0.5859832763671875,-0.60443115234375
1773063124675239424,36.1306631565094,-0.131500244140625,-0.6286773681640625,-0.5965423583984375
1773063124685295360,36.140719175338745,-0.1283416748046875,-0.6531829833984375,-0.6070556640625
1773063124695351296,36.15077519416809,-0.1275177001953125,-0.6757965087890625,-0.60601806640625
1773063124705406464,36.16083025932312,-0.1220703125,-0.67254638671875,-0.5887603759765625
1773063124715462400,36.170886278152466,-0.13153076171875,-0.6464080810546875,-0.6119842529296875
1773063124725517568,36.180941343307495,-0.158294677734375,-0.62615966796875,-0.65283203125
1773063124735573504,36.19099736213684,-0.173675537109375,-0.630950927734375,-0.702056884765625
1773063124745629440,36.20105338096619,-0.1733551025390625,-0.6308746337890625,-0.763671875
1773063124755684352,36.21110820770264,-0.171295166015625,-0.61651611328125,-0.8209228515625
1773063124765740288,36.22116422653198,-0.1619415283203125,-0.614593505859375,-0.8874359130859375
1773063124775795456,36.23121929168701,-0.170684814453125,-0.615386962890625,-0.9138641357421875
1773063124785851392,36.24127531051636,-0.17388916015625,-0.6006927490234375,-0.91668701171875
1773063124795907584,36.2513313293457,-0.1906280517578125,-0.5959320068359375,-0.9206085205078125
1773063124805962240,36.26138615608215,-0.207855224609375,-0.61895751953125,-0.90692138671875
1773063124816018432,36.2714421749115,-0.1934814453125,-0.6634979248046875,-0.9127197265625
1773063124826074368,36.281498193740845,-0.186920166015625,-0.7002716064453125,-0.9129638671875
1773063124836129536,36.291553258895874,-0.1872711181640625,-0.693695068359375,-0.909271240234375
1773063124846185472,36.30160927772522,-0.1854400634765625,-0.6612701416015625,-0.9045257568359375
1773063124856241408,36.311665296554565,-0.1884002685546875,-0.6150970458984375,-0.8973236083984375
1773063124866296576,36.321720361709595,-0.1911468505859375,-0.5402679443359375,-0.85491943359375
1773063124876352512,36.33177638053894,-0.2072296142578125,-0.5097503662109375,-0.8638153076171875
1773063124886407424,36.34183120727539,-0.2344512939453125,-0.51702880859375,-0.8309173583984375
1773063124896463360,36.351887226104736,-0.2281341552734375,-0.5223846435546875,-0.820770263671875
1773063124906519296,36.36194324493408,-0.2220306396484375,-0.53570556640625,-0.7970733642578125
1773063124916574464,36.37199831008911,-0.2210693359375,-0.562164306640625,-0.7665252685546875
1773063124926630400,36.38205432891846,-0.221038818359375,-0.6072540283203125,-0.7224884033203125
1773063124936686592,36.3921103477478,-0.21612548828125,-0.64715576171875,-0.6886749267578125
1773063124946741248,36.40216517448425,-0.1990509033203125,-0.63958740234375,-0.672698974609375
1773063124956797440,36.4122211933136,-0.184967041015625,-0.6321258544921875,-0.6582489013671875
1773063124966852352,36.42227625846863,-0.1884918212890625,-0.633575439453125,-0.668792724609375
1773063124976908544,36.432332277297974,-0.1974639892578125,-0.6389617919921875,-0.688934326171875
1773063124986964480,36.44238829612732,-0.1942596435546875,-0.6525115966796875,-0.694000244140625
1773063124997019648,36.45244336128235,-0.17803955078125,-0.669158935546875,-0.6813812255859375
1773063125007075584,36.462499380111694,-0.1586761474609375,-0.6797637939453125,-0.67498779296875
1773063125017131264,36.47255516052246,-0.1461944580078125,-0.68328857421875,-0.6661529541015625
1773063125027186432,36.48261022567749,-0.1464385986328125,-0.6822357177734375,-0.6509246826171875
1773063125037242368,36.492666244506836,-0.15631103515625,-0.689971923828125,-0.64093017578125
1773063125047297536,36.502721309661865,-0.1528778076171875,-0.6896209716796875,-0.64910888671875
1773063125057353472,36.51277732849121,-0.141754150390625,-0.655426025390625,-0.6670074462890625
1773063125067409408,36.52283334732056,-0.1483001708984375,-0.6199188232421875,-0.6893157958984375
1773063125077464320,36.53288817405701,-0.1590576171875,-0.5935821533203125,-0.7158355712890625
1773063125087520256,36.54294419288635,-0.162445068359375,-0.602874755859375,-0.7149200439453125
1773063125097576448,36.5530002117157,-0.14117431640625,-0.6104278564453125,-0.7283935546875
1773063125107631360,36.56305527687073,-0.1272735595703125,-0.6318817138671875,-0.7395782470703125
1773063125117687552,36.57311129570007,-0.1149444580078125,-0.648712158203125,-0.7451629638671875
1773063125127742464,36.5831663608551,-0.0999908447265625,-0.6366424560546875,-0.721649169921875
1773063125137798656,36.59322237968445,-0.0989837646484375,-0.62554931640625,-0.7041168212890625
1773063125147854336,36.603278160095215,-0.1046600341796875,-0.6290740966796875,-0.7010650634765625
1773063125157909504,36.613333225250244,-0.121246337890625,-0.654876708984375,-0.7110748291015625
1773063125167965440,36.62338924407959,-0.133819580078125,-0.6935272216796875,-0.7252655029296875
1773063125178021376,36.633445262908936,-0.1211090087890625,-0.728790283203125,-0.74127197265625
1773063125188076544,36.643500328063965,-0.1024322509765625,-0.73828125,-0.755645751953125
1773063125198132480,36.65355634689331,-0.09539794921875,-0.7203826904296875,-0.74481201171875
1773063125208187392,36.66361117362976,-0.098236083984375,-0.71185302734375,-0.7392730712890625
1773063125218243328,36.673667192459106,-0.1051025390625,-0.7354583740234375,-0.742919921875
1773063125228299264,36.68372321128845,-0.11614990234375,-0.7775421142578125,-0.741943359375
1773063125238354432,36.69377827644348,-0.1273193359375,-0.795501708984375,-0.7382659912109375
1773063125248410368,36.70383429527283,-0.1356048583984375,-0.7751007080078125,-0.7393035888671875
1773063125258465536,36.713889360427856,-0.134613037109375,-0.73388671875,-0.7427520751953125
1773063125268521472,36.7239453792572,-0.13189697265625,-0.6915283203125,-0.742095947265625
1773063125278577408,36.73400115966797,-0.1367645263671875,-0.6671142578125,-0.744415283203125
1773063125288632320,36.744056224823,-0.1394500732421875,-0.6768341064453125,-0.7510833740234375
1773063125298688512,36.754112243652344,-0.1388397216796875,-0.709686279296875,-0.7489471435546875
1773063125308744448,36.76416826248169,-0.1402740478515625,-0.701080322265625,-0.7597808837890625
1773063125318799616,36.77422332763672,-0.1625213623046875,-0.672027587890625,-0.7845306396484375
1773063125328855552,36.784279346466064,-0.17535400390625,-0.6610107421875,-0.8156890869140625
1773063125338911488,36.79433536529541,-0.1562652587890625,-0.5662841796875,-0.827545166015625
1773063125348966400,36.80439019203186,-0.158905029296875,-0.426483154296875,-0.76092529296875
1773063125359022336,36.814446210861206,-0.150665283203125,-0.447784423828125,-0.8028717041015625
1773063125369077504,36.824501276016235,-0.1466522216796875,-0.601959228515625,-0.79949951171875
1773063125379132672,36.834556579589844,-0.121337890625,-0.7570953369140625,-0.7033538818359375
1773063125389188864,36.84461259841919,-0.083831787109375,-0.7462921142578125,-0.68701171875
1773063125399243520,36.85466742515564,-0.090362548828125,-0.57525634765625,-0.74774169921875
1773063125409299712,36.864723443984985,-0.1235198974609375,-0.46160888671875,-0.816314697265625
1773063125419355648,36.87477946281433,-0.1708984375,-0.51849365234375,-0.8145751953125
1773063125429410816,36.88483452796936,-0.173858642578125,-0.643646240234375,-0.8000030517578125
1773063125439466752,36.894890546798706,-0.1596527099609375,-0.7103118896484375,-0.7889251708984375
1773063125449521664,36.904945611953735,-0.1691436767578125,-0.7325592041015625,-0.7643890380859375
1773063125459577856,36.91500163078308,-0.1814422607421875,-0.73443603515625,-0.721038818359375
1773063125469633536,36.92505741119385,-0.1782684326171875,-0.7251129150390625,-0.656341552734375
1773063125479688704,36.93511247634888,-0.177490234375,-0.7267303466796875,-0.6151885986328125
1773063125489744640,36.94516849517822,-0.184814453125,-0.7378997802734375,-0.6471405029296875
1773063125499800576,36.95522451400757,-0.1751708984375,-0.7308349609375,-0.64825439453125
1773063125509855744,36.9652795791626,-0.1737213134765625,-0.72320556640625,-0.6627197265625
1773063125519911680,36.97533559799194,-0.1826019287109375,-0.7022247314453125,-0.6545867919921875
1773063125529966592,36.985390424728394,-0.170867919921875,-0.6907501220703125,-0.5911407470703125
1773063125540022528,36.99544644355774,-0.1434783935546875,-0.700592041015625,-0.593780517578125
1773063125550078720,37.005502462387085,-0.14642333984375,-0.69378662109375,-0.6204833984375
1773063125560133632,37.015557527542114,-0.164154052734375,-0.660003662109375,-0.6356353759765625
1773063125570189824,37.02561354637146,-0.1603546142578125,-0.6231536865234375,-0.6892242431640625
1773063125580245760,37.035669565200806,-0.1776123046875,-0.6048126220703125,-0.76104736328125
1773063125590300672,37.045724630355835,-0.188507080078125,-0.6151123046875,-0.7745513916015625
1773063125600356608,37.0557804107666,-0.1934814453125,-0.6228790283203125,-0.770233154296875
1773063125610411520,37.06583547592163,-0.1668243408203125,-0.6231231689453125,-0.7443084716796875
1773063125620467712,37.07589149475098,-0.1531524658203125,-0.599609375,-0.8098297119140625
1773063125630523648,37.08594751358032,-0.1922454833984375,-0.572662353515625,-0.8802947998046875
1773063125640578816,37.09600257873535,-0.22686767578125,-0.541961669921875,-0.897491455078125
1773063125650634752,37.1060585975647,-0.22161865234375,-0.5175628662109375,-0.8839111328125
1773063125660690688,37.11611461639404,-0.2276611328125,-0.50604248046875,-0.914215087890625
1773063125670745600,37.12616944313049,-0.22381591796875,-0.543487548828125,-0.8875732421875
1773063125680801536,37.13622546195984,-0.193115234375,-0.609283447265625,-0.833099365234375
1773063125690856704,37.14628052711487,-0.1764068603515625,-0.637969970703125,-0.7590484619140625
1773063125700912640,37.156336545944214,-0.1434173583984375,-0.613861083984375,-0.7190704345703125
1773063125710968832,37.16639256477356,-0.1609649658203125,-0.5813140869140625,-0.730712890625
1773063125721023744,37.17644762992859,-0.1660614013671875,-0.6059112548828125,-0.7592315673828125
1773063125731079680,37.186503410339355,-0.1510467529296875,-0.619659423828125,-0.776641845703125
1773063125741135616,37.1965594291687,-0.1222991943359375,-0.588836669921875,-0.7951202392578125
1773063125751190784,37.20661449432373,-0.1057586669921875,-0.5963897705078125,-0.7994842529296875
1773063125761246720,37.216670513153076,-0.091400146484375,-0.636444091796875,-0.785797119140625
1773063125771301632,37.226725578308105,-0.0706939697265625,-0.673828125,-0.7586822509765625
1773063125781357824,37.23678159713745,-0.073486328125,-0.66796875,-0.73724365234375
1773063125791413760,37.2468376159668,-0.0925140380859375,-0.6300048828125,-0.7155914306640625
1773063125801468672,37.25689244270325,-0.0976715087890625,-0.632476806640625,-0.68560791015625
1773063125811524608,37.26694846153259,-0.08258056640625,-0.6872406005859375,-0.671905517578125
1773063125821579776,37.27700352668762,-0.078399658203125,-0.7324066162109375,-0.662200927734375
1773063125831635712,37.28705954551697,-0.0770263671875,-0.7706451416015625,-0.6603546142578125
1773063125841691648,37.29711556434631,-0.0933074951171875,-0.78753662109375,-0.6754150390625
1773063125851746816,37.30717062950134,-0.123291015625,-0.7866973876953125,-0.6756134033203125
1773063125861802496,37.31722640991211,-0.12939453125,-0.7664642333984375,-0.6812591552734375
1773063125871858688,37.327282428741455,-0.140167236328125,-0.76593017578125,-0.691192626953125
1773063125881913600,37.337337493896484,-0.138641357421875,-0.7528839111328125,-0.6968994140625
1773063125891969792,37.34739351272583,-0.1433563232421875,-0.73297119140625,-0.697265625
1773063125902024704,37.35744857788086,-0.1477813720703125,-0.746673583984375,-0.6805419921875
1773063125912080640,37.367504596710205,-0.1260986328125,-0.7749481201171875,-0.66119384765625
1773063125922136832,37.37756061553955,-0.1488800048828125,-0.75201416015625,-0.5945587158203125
1773063125932191488,37.387615442276,-0.1573944091796875,-0.7595977783203125,-0.5506134033203125
1773063125942247680,37.39767146110535,-0.1512298583984375,-0.7861785888671875,-0.538421630859375
1773063125952303616,37.40772747993469,-0.137451171875,-0.8073883056640625,-0.50531005859375
1773063125962358784,37.41778254508972,-0.1343994140625,-0.8051605224609375,-0.4930267333984375
1773063125972414720,37.42783856391907,-0.1475982666015625,-0.7690887451171875,-0.5325775146484375
1773063125982469888,37.4378936290741,-0.14520263671875,-0.738739013671875,-0.5645599365234375
1773063125992525568,37.44794940948486,-0.1294403076171875,-0.7486724853515625,-0.5699462890625
1773063126002581504,37.45800542831421,-0.1441650390625,-0.7348480224609375,-0.5146942138671875
1773063126012636672,37.46806049346924,-0.060272216796875,-0.755340576171875,-0.5367584228515625
1773063126022692608,37.478116512298584,-0.0327606201171875,-0.767425537109375,-0.657867431640625
1773063126032748800,37.48817253112793,0.040771484375,-0.863128662109375,-0.7700653076171875
1773063126042803712,37.49822759628296,0.011993408203125,-0.8201446533203125,-0.952362060546875
1773063126052859904,37.508283615112305,-0.073760986328125,-0.6366729736328125,-1.0472259521484375
1773063126062914560,37.518338441848755,-0.1206512451171875,-0.61590576171875,-1.050079345703125
1773063126072970752,37.5283944606781,-0.1708221435546875,-0.69580078125,-0.945404052734375
1773063126083026688,37.538450479507446,-0.116729736328125,-0.7127532958984375,-0.7149658203125
1773063126093081600,37.548505544662476,-0.1206512451171875,-0.84521484375,-0.5264892578125
1773063126103137792,37.55856156349182,-0.074676513671875,-0.9004669189453125,-0.4290924072265625
1773063126113193728,37.56861758232117,-0.0090789794921875,-0.8923492431640625,-0.439788818359375
1773063126123248640,37.57867240905762,0.0432891845703125,-0.8435516357421875,-0.53326416015625
1773063126133304576,37.58872842788696,0.10943603515625,-0.7418365478515625,-0.6522064208984375
1773063126143359744,37.59878349304199,0.1107635498046875,-0.56854248046875,-0.78082275390625
1773063126153415680,37.60883951187134,-0.014190673828125,-0.4764251708984375,-0.9013671875
1773063126163471616,37.618895530700684,-0.0802154541015625,-0.394561767578125,-0.8828887939453125
1773063126173526784,37.62895059585571,-0.0688934326171875,-0.3317718505859375,-0.8832244873046875
1773063126183582720,37.63900661468506,-0.057281494140625,-0.339630126953125,-0.843353271484375
1773063126193638912,37.649062633514404,-0.0258026123046875,-0.41131591796875,-0.83441162109375
1773063126203693568,37.659117460250854,0.04107666015625,-0.4612884521484375,-0.8672332763671875
1773063126213749760,37.6691734790802,0.09527587890625,-0.4779815673828125,-0.8885955810546875
1773063126223804672,37.67922854423523,0.1173095703125,-0.468841552734375,-0.9697265625
1773063126233860608,37.689284563064575,0.0988616943359375,-0.4310455322265625,-1.0308990478515625
1773063126243916800,37.69934058189392,0.0526123046875,-0.391815185546875,-1.0000457763671875
1773063126253971456,37.70939540863037,0.040802001953125,-0.3480072021484375,-0.9337005615234375
1773063126264027648,37.71945142745972,0.08001708984375,-0.2935638427734375,-0.8854217529296875
1773063126274083584,37.72950744628906,0.1222686767578125,-0.2597808837890625,-0.863800048828125
1773063126284138752,37.73956251144409,0.1527862548828125,-0.22125244140625,-0.89013671875
1773063126294194688,37.74961853027344,0.1673583984375,-0.150909423828125,-0.881317138671875
1773063126304249856,37.75967359542847,0.1860198974609375,-0.0557098388671875,-0.8623199462890625
1773063126314305792,37.76972961425781,0.198394775390625,0.040740966796875,-0.883331298828125
1773063126324361728,37.77978563308716,0.134674072265625,0.0582122802734375,-0.9079437255859375
1773063126334416640,37.78984045982361,0.1102142333984375,0.06036376953125,-0.905548095703125
1773063126344472576,37.799896478652954,0.12939453125,0.04010009765625,-0.8909759521484375
1773063126354528768,37.8099524974823,0.121063232421875,-0.0512542724609375,-0.83721923828125
1773063126364583680,37.82000756263733,0.04730224609375,-0.1268157958984375,-0.7783050537109375
1773063126374639872,37.830063581466675,-0.033447265625,-0.1519317626953125,-0.695770263671875
1773063126384695040,37.84011888504028,0.0330810546875,0.0207977294921875,-0.59918212890625
1773063126394750976,37.85017490386963,0.088836669921875,0.17584228515625,-0.5418548583984375
1773063126404807168,37.860230922698975,0.0225067138671875,0.2043609619140625,-0.6016082763671875
1773063126414862080,37.870285987854004,-0.0659332275390625,0.2720489501953125,-0.6983642578125
1773063126424918272,37.88034200668335,-0.157196044921875,0.3206939697265625,-0.79266357421875
1773063126434973952,37.890397787094116,-0.1949615478515625,0.3579864501953125,-0.9380950927734375
1773063126445029120,37.900452852249146,-0.173736572265625,0.374786376953125,-1.047821044921875
1773063126455085056,37.91050887107849,-0.091888427734375,0.410125732421875,-1.109649658203125
1773063126465140224,37.92056393623352,-0.045196533203125,0.44647216796875,-1.20233154296875
1773063126475196160,37.930619955062866,-0.0850067138671875,0.43157958984375,-1.2890777587890625
1773063126485252096,37.94067597389221,-0.1547698974609375,0.4322357177734375,-1.3368377685546875
1773063126495307008,37.95073080062866,-0.175201416015625,0.4852142333984375,-1.3252410888671875
1773063126505362944,37.96078681945801,-0.172515869140625,0.5907745361328125,-1.19970703125
1773063126515418880,37.97084283828735,-0.19110107421875,0.68341064453125,-1.0752716064453125
1773063126525474048,37.98089790344238,-0.2161102294921875,0.7569122314453125,-1.00347900390625
1773063126535529984,37.99095392227173,-0.27288818359375,0.8074493408203125,-0.897430419921875
1773063126545585152,38.00100898742676,-0.361480712890625,0.8132171630859375,-0.850372314453125
1773063126555641088,38.0110650062561,-0.2111053466796875,0.772125244140625,-0.8832855224609375
1773063126565697024,38.02112078666687,-0.2258148193359375,0.5988311767578125,-0.7989044189453125
1773063126575751936,38.0311758518219,-0.2649993896484375,0.409576416015625,-0.7207489013671875
1773063126585808128,38.041231870651245,-0.293304443359375,0.3153076171875,-0.7442779541015625
1773063126595864064,38.05128788948059,-0.265228271484375,0.293365478515625,-0.8035125732421875
1773063126605919232,38.06134295463562,-0.2044525146484375,0.2769775390625,-0.804290771484375
1773063126615975168,38.071398973464966,-0.14813232421875,0.2890167236328125,-0.8386688232421875
1773063126626030080,38.081453800201416,-0.1033935546875,0.3495635986328125,-0.866546630859375
1773063126636086016,38.09150981903076,-0.0570068359375,0.4342803955078125,-0.8765869140625
1773063126646141952,38.10156583786011,-0.04412841796875,0.4862823486328125,-0.8787994384765625
1773063126656197120,38.11162090301514,-0.0652923583984375,0.4800262451171875,-0.9063720703125
1773063126666253056,38.12167692184448,-0.0783843994140625,0.4622955322265625,-0.9168243408203125
1773063126676308992,38.13173294067383,-0.0777587890625,0.4635009765625,-0.9009246826171875
1773063126686364160,38.14178800582886,-0.078155517578125,0.51251220703125,-0.8909759521484375
1773063126696419840,38.151843786239624,-0.0745697021484375,0.544189453125,-0.849578857421875
1773063126706475008,38.16189885139465,-0.09161376953125,0.5128173828125,-0.7790374755859375
1773063126716530944,38.171954870224,-0.1273040771484375,0.5089111328125,-0.745849609375
1773063126726587136,38.182010889053345,-0.1541900634765625,0.5695343017578125,-0.7373046875
1773063126736642048,38.192065954208374,-0.1633148193359375,0.6431427001953125,-0.7664642333984375
1773063126746698240,38.20212197303772,-0.145477294921875,0.6723175048828125,-0.7842864990234375
1773063126756754176,38.212177991867065,-0.1367950439453125,0.6531524658203125,-0.7783050537109375
1773063126766809088,38.222232818603516,-0.1590576171875,0.6049041748046875,-0.8063201904296875
1773063126776865024,38.23228883743286,-0.1907958984375,0.5542755126953125,-0.876861572265625
1773063126786920192,38.24234390258789,-0.214263916015625,0.5446319580078125,-0.821624755859375
1773063126796976128,38.252399921417236,-0.2200469970703125,0.6248626708984375,-0.7442474365234375
1773063126807032064,38.26245594024658,-0.2264556884765625,0.72308349609375,-0.68743896484375
1773063126817087232,38.27251100540161,-0.275909423828125,0.7326812744140625,-0.731781005859375
1773063126827142912,38.28256678581238,-0.3177490234375,0.6790618896484375,-0.7876739501953125
1773063126837198848,38.292622804641724,-0.2895660400390625,0.6280364990234375,-0.8255157470703125
1773063126847254016,38.30267786979675,-0.2091522216796875,0.6250457763671875,-0.8379364013671875
1773063126857309952,38.3127338886261,-0.1618499755859375,0.6080474853515625,-0.8808441162109375
1773063126867365120,38.32278895378113,-0.2340850830078125,0.6042022705078125,-0.780029296875
1773063126877421056,38.332844972610474,-0.267852783203125,0.6551055908203125,-0.6521148681640625
1773063126887477248,38.34290099143982,-0.2329254150390625,0.681640625,-0.587615966796875
1773063126897531904,38.35295581817627,-0.2435760498046875,0.6231536865234375,-0.5435791015625
1773063126907588096,38.363011837005615,-0.244293212890625,0.571533203125,-0.5770263671875
1773063126917644032,38.37306785583496,-0.1938323974609375,0.5977020263671875,-0.621124267578125
1773063126927699200,38.38312292098999,-0.1351165771484375,0.663177490234375,-0.667144775390625
1773063126937755136,38.393178939819336,-0.1194610595703125,0.7034454345703125,-0.6875762939453125
1773063126947810048,38.403234004974365,-0.1800689697265625,0.6295013427734375,-0.6138153076171875
1773063126957865984,38.41328978538513,-0.253143310546875,0.496978759765625,-0.5171661376953125
1773063126967921920,38.42334580421448,-0.231658935546875,0.529296875,-0.4998626708984375
1773063126977977088,38.43340086936951,-0.2274627685546875,0.7287139892578125,-0.432220458984375
1773063126988033024,38.44345688819885,-0.2687530517578125,1.1169586181640625,-0.41802978515625
1773063126998088960,38.4535129070282,-0.337371826171875,1.2861328125,-0.422882080078125
1773063127008144128,38.46356797218323,-0.314453125,1.102813720703125,-0.3739013671875
1773063127018200064,38.47362399101257,-0.1985931396484375,0.9558563232421875,-0.3996734619140625
1773063127028254976,38.48367881774902,-0.1612701416015625,0.82647705078125,-0.455902099609375
1773063127038310912,38.49373483657837,-0.262420654296875,0.731689453125,-0.3975830078125
1773063127048367104,38.503790855407715,-0.2078399658203125,0.7837677001953125,-0.53369140625
1773063127058422016,38.513845920562744,-0.134613037109375,0.768402099609375,-0.57501220703125
1773063127068478208,38.52390193939209,-0.1393890380859375,0.7783660888671875,-0.50628662109375
1773063127078534144,38.533957958221436,-0.1372833251953125,0.8314361572265625,-0.4374542236328125
1773063127088589056,38.544012784957886,-0.1558380126953125,0.8344268798828125,-0.3519134521484375
1773063127098644992,38.55406880378723,-0.185699462890625,0.8402099609375,-0.2778167724609375
1773063127108700160,38.56412386894226,-0.21331787109375,0.8179931640625,-0.2227630615234375
1773063127118756096,38.574179887771606,-0.2513427734375,0.762939453125,-0.1808624267578125
1773063127128812032,38.58423590660095,-0.240814208984375,0.8254852294921875,-0.236724853515625
1773063127138867200,38.59429097175598,-0.18756103515625,0.93780517578125,-0.28082275390625
1773063127148923136,38.60434699058533,-0.1908721923828125,0.97161865234375,-0.2889404296875
1773063127158979072,38.61440300941467,-0.1945953369140625,1.0304107666015625,-0.3101959228515625
1773063127169033984,38.62445783615112,-0.1839752197265625,1.042236328125,-0.282196044921875
1773063127179089920,38.63451385498047,-0.17840576171875,1.0273284912109375,-0.2719879150390625
1773063127189145088,38.6445689201355,-0.186126708984375,1.0465240478515625,-0.239471435546875
1773063127199201024,38.654624938964844,-0.18292236328125,1.1231536865234375,-0.24542236328125
1773063127209257216,38.66468095779419,-0.2086944580078125,1.1331024169921875,-0.2348480224609375
1773063127219311872,38.67473578453064,-0.256103515625,1.095428466796875,-0.21234130859375
1773063127229368064,38.684791803359985,-0.2545928955078125,1.077789306640625,-0.2176361083984375
1773063127239424000,38.69484782218933,-0.2208709716796875,1.0766754150390625,-0.2237548828125
1773063127249479168,38.70490288734436,-0.2013092041015625,1.073028564453125,-0.1960601806640625
1773063127259535104,38.714958906173706,-0.2085723876953125,1.0304107666015625,-0.209228515625
1773063127269590016,38.725013971328735,-0.218780517578125,0.96343994140625,-0.22216796875
1773063127279646208,38.73506999015808,-0.237518310546875,0.906951904296875,-0.215087890625
1773063127289702144,38.74512600898743,-0.26458740234375,0.8914642333984375,-0.2260894775390625
1773063127299757056,38.75518083572388,-0.2801666259765625,0.8976898193359375,-0.2459259033203125
1773063127309812992,38.76523685455322,-0.28143310546875,0.8919525146484375,-0.2338714599609375
1773063127319868928,38.77529287338257,-0.270477294921875,0.884063720703125,-0.235931396484375
1773063127329924096,38.7853479385376,-0.2642974853515625,0.8660430908203125,-0.2464141845703125
1773063127339980032,38.79540395736694,-0.267242431640625,0.848907470703125,-0.23577880859375
1773063127350034944,38.805458784103394,-0.2635498046875,0.8718414306640625,-0.2513275146484375
1773063127360090880,38.81551480293274,-0.2524261474609375,0.91363525390625,-0.2625579833984375
1773063127370147072,38.825570821762085,-0.2540740966796875,0.9181976318359375,-0.2672882080078125
1773063127380201984,38.835625886917114,-0.2557373046875,0.9066009521484375,-0.29351806640625
1773063127390257920,38.84568166732788,-0.2404632568359375,0.9385528564453125,-0.332366943359375
1773063127400313856,38.85573768615723,-0.244110107421875,0.96600341796875,-0.3316802978515625
1773063127410369024,38.865792751312256,-0.272918701171875,0.943878173828125,-0.3093109130859375
1773063127420424960,38.8758487701416,-0.2973785400390625,0.90216064453125,-0.2736053466796875
1773063127430480128,38.88590383529663,-0.2982177734375,0.86798095703125,-0.269500732421875
1773063127440536064,38.89595985412598,-0.2744293212890625,0.873016357421875,-0.29949951171875
1773063127450592000,38.90601587295532,-0.2271270751953125,0.9170989990234375,-0.355621337890625
1773063127460646912,38.91607069969177,-0.217559814453125,0.9331817626953125,-0.365631103515625
1773063127470702848,38.92612671852112,-0.2355194091796875,0.9311370849609375,-0.3717803955078125
1773063127480758784,38.936182737350464,-0.245880126953125,0.918853759765625,-0.376220703125
1773063127490813952,38.94623780250549,-0.2421112060546875,0.904296875,-0.3840484619140625
1773063127500869888,38.95629382133484,-0.2469940185546875,0.8820953369140625,-0.3797454833984375
1773063127510925056,38.96634888648987,-0.2555999755859375,0.8732452392578125,-0.385772705078125
1773063127520980736,38.976404666900635,-0.2719268798828125,0.874969482421875,-0.394378662109375
1773063127531036928,38.98646068572998,-0.2729339599609375,0.898040771484375,-0.4039459228515625
1773063127541091840,38.99651575088501,-0.2861328125,0.8999786376953125,-0.3896331787109375
1773063127551148032,39.006571769714355,-0.3007354736328125,0.90301513671875,-0.4024810791015625
1773063127561203968,39.0166277885437,-0.29278564453125,0.930694580078125,-0.404876708984375
1773063127571259136,39.02668285369873,-0.3166046142578125,0.9255218505859375,-0.3837432861328125
1773063127581315072,39.036738872528076,-0.30230712890625,0.955291748046875,-0.4160614013671875
1773063127591369984,39.046793699264526,-0.2859649658203125,0.9204559326171875,-0.3899383544921875
1773063127601425920,39.05684971809387,-0.3265838623046875,0.8173370361328125,-0.3404083251953125
1773063127611481856,39.06690573692322,-0.34307861328125,0.82989501953125,-0.388671875
1773063127621537024,39.07696080207825,-0.328765869140625,0.8949737548828125,-0.4079742431640625
1773063127631592960,39.08701682090759,-0.3014984130859375,0.9272003173828125,-0.42205810546875
1773063127641648896,39.09707283973694,-0.2725067138671875,0.93182373046875,-0.44366455078125
1773063127651703808,39.10712766647339,-0.2579498291015625,0.9241790771484375,-0.455352783203125
1773063127661759744,39.117183685302734,-0.2497711181640625,0.940155029296875,-0.4857177734375
1773063127671814912,39.127238750457764,-0.2663726806640625,0.899444580078125,-0.44110107421875
1773063127681870848,39.13729476928711,-0.3048095703125,0.8057861328125,-0.41412353515625
1773063127691927040,39.147350788116455,-0.3247222900390625,0.771331787109375,-0.428070068359375
1773063127701981952,39.157405853271484,-0.31982421875,0.7926788330078125,-0.4441375732421875
1773063127712038144,39.16746187210083,-0.3208160400390625,0.804168701171875,-0.451812744140625
1773063127722094080,39.177517890930176,-0.3192901611328125,0.8082275390625,-0.4638519287109375
1773063127732148992,39.187572717666626,-0.3338470458984375,0.7915191650390625,-0.4437713623046875
1773063127742204928,39.19762873649597,-0.3387603759765625,0.7752838134765625,-0.4438323974609375
1773063127752260096,39.207683801651,-0.3333892822265625,0.7773895263671875,-0.4481658935546875
1773063127762316032,39.21773982048035,-0.3287506103515625,0.7854461669921875,-0.4483489990234375
1773063127772371968,39.22779583930969,-0.3582916259765625,0.74932861328125,-0.4248046875
1773063127782426880,39.23785066604614,-0.3869781494140625,0.7242889404296875,-0.4158477783203125
1773063127792482816,39.24790668487549,-0.3911590576171875,0.7479095458984375,-0.4247589111328125
1773063127802538752,39.257962703704834,-0.3757171630859375,0.793914794921875,-0.4545135498046875
1773063127812593920,39.26801776885986,-0.3731231689453125,0.80767822265625,-0.4594573974609375
1773063127822649856,39.27807378768921,-0.407867431640625,0.772216796875,-0.4417572021484375
1773063127832706048,39.288129806518555,-0.4253997802734375,0.7631988525390625,-0.452484130859375
1773063127842760960,39.298184871673584,-0.4122467041015625,0.7914886474609375,-0.478485107421875
1773063127852817152,39.30824089050293,-0.3931732177734375,0.807281494140625,-0.4828643798828125
1773063127862871808,39.31829571723938,-0.3818206787109375,0.80224609375,-0.487518310546875
1773063127872928000,39.328351736068726,-0.3751373291015625,0.7873382568359375,-0.488525390625
1773063127882983936,39.33840775489807,-0.3674468994140625,0.7778167724609375,-0.4843902587890625
1773063127893039104,39.3484628200531,-0.3589324951171875,0.775177001953125,-0.481414794921875
1773063127903095040,39.358518838882446,-0.34942626953125,0.7738800048828125,-0.4776611328125
1773063127913150976,39.36857485771179,-0.3398284912109375,0.77691650390625,-0.4738006591796875
1773063127923205888,39.37862968444824,-0.3326568603515625,0.7926483154296875,-0.46875
1773063127933261824,39.38868570327759,-0.328399658203125,0.81854248046875,-0.469207763671875
1773063127943316992,39.39874076843262,-0.32794189453125,0.8326568603515625,-0.4719390869140625
1773063127953372928,39.40879678726196,-0.3265838623046875,0.832122802734375,-0.4677581787109375
1773063127963428864,39.41885280609131,-0.324066162109375,0.826141357421875,-0.465576171875
1773063127973484032,39.42890787124634,-0.3223724365234375,0.82080078125,-0.460662841796875
1773063127983539968,39.438963890075684,-0.3241729736328125,0.814727783203125,-0.45843505859375
1773063127993595904,39.44901967048645,-0.3276824951171875,0.8081207275390625,-0.4597625732421875
1773063128003650816,39.45907473564148,-0.3307952880859375,0.8025665283203125,-0.4624786376953125
1773063128013707008,39.469130754470825,-0.3335418701171875,0.7998809814453125,-0.46795654296875
1773063128023761920,39.479185819625854,-0.3356475830078125,0.80206298828125,-0.476287841796875
1773063128033818112,39.4892418384552,-0.335784912109375,0.8065643310546875,-0.4785308837890625
1773063128043874048,39.499297857284546,-0.338134765625,0.8069000244140625,-0.4774322509765625
1773063128053928960,39.509352684020996,-0.339447021484375,0.803924560546875,-0.47979736328125
1773063128063984896,39.51940870285034,-0.3419189453125,0.8033599853515625,-0.483795166015625
1773063128074040832,39.52946472167969,-0.3386383056640625,0.8032684326171875,-0.487060546875
1773063128084096000,39.53951978683472,-0.3353271484375,0.804168701171875,-0.490020751953125
1773063128094151936,39.54957580566406,-0.3337554931640625,0.79998779296875,-0.491241455078125
1773063128104207104,39.55963087081909,-0.3325042724609375,0.792694091796875,-0.49176025390625
1773063128114263040,39.56968688964844,-0.333709716796875,0.7903900146484375,-0.492034912109375
1773063128124318720,39.579742670059204,-0.3335723876953125,0.79425048828125,-0.492279052734375
1773063128134373888,39.58979773521423,-0.3328399658203125,0.800628662109375,-0.4924163818359375
1773063128144429824,39.59985375404358,-0.330352783203125,0.80255126953125,-0.4900360107421875
1773063128154486016,39.609909772872925,-0.327239990234375,0.80218505859375,-0.4858245849609375
1773063128164540928,39.619964838027954,-0.3272705078125,0.80194091796875,-0.480621337890625
1773063128174597120,39.6300208568573,-0.33056640625,0.8084564208984375,-0.4748992919921875
1773063128184651776,39.64007568359375,-0.33251953125,0.8173370361328125,-0.4753265380859375
1773063128194707968,39.650131702423096,-0.33062744140625,0.821136474609375,-0.477447509765625
1773063128204763904,39.66018772125244,-0.331298828125,0.8176116943359375,-0.476654052734375
1773063128214819072,39.67024278640747,-0.337860107421875,0.80609130859375,-0.4761962890625
1773063128224875008,39.680298805236816,-0.3401031494140625,0.7932891845703125,-0.4737548828125
1773063128234930944,39.69035482406616,-0.3425750732421875,0.78411865234375,-0.4735260009765625
1773063128244986112,39.70040988922119,-0.349945068359375,0.7773895263671875,-0.4734039306640625
1773063128255041792,39.71046566963196,-0.352508544921875,0.7844390869140625,-0.48333740234375
1773063128265096960,39.72052073478699,-0.35455322265625,0.7932891845703125,-0.48779296875
1773063128275152896,39.73057675361633,-0.3545989990234375,0.8040771484375,-0.4928741455078125
1773063128285208832,39.74063277244568,-0.3520355224609375,0.81048583984375,-0.494964599609375
1773063128295264000,39.75068783760071,-0.3486328125,0.80859375,-0.49041748046875
1773063128305319936,39.760743856430054,-0.343231201171875,0.8034515380859375,-0.4866485595703125
1773063128315376128,39.7707998752594,-0.319580078125,0.82586669921875,-0.5051422119140625
1773063128325430784,39.78085470199585,-0.3055877685546875,0.82012939453125,-0.480712890625
1773063128335486976,39.790910720825195,-0.3358306884765625,0.75909423828125,-0.439727783203125
1773063128345542912,39.80096673965454,-0.3912200927734375,0.722747802734375,-0.4345550537109375
1773063128355598080,39.81102180480957,-0.387237548828125,0.76959228515625,-0.452239990234375
1773063128365654016,39.821077823638916,-0.360321044921875,0.812652587890625,-0.457122802734375
1773063128375709184,39.831132888793945,-0.345703125,0.822235107421875,-0.460693359375
1773063128385764864,39.84118866920471,-0.3504180908203125,0.817901611328125,-0.473876953125
1773063128395820800,39.85124468803406,-0.35272216796875,0.821502685546875,-0.4835968017578125
1773063128405875968,39.86129975318909,-0.3424530029296875,0.8389739990234375,-0.4920806884765625
1773063128415931904,39.87135577201843,-0.3334808349609375,0.8540802001953125,-0.495361328125
1773063128425987840,39.88141179084778,-0.3290557861328125,0.85858154296875,-0.496185302734375
1773063128436043008,39.89146685600281,-0.32891845703125,0.8555755615234375,-0.498443603515625
1773063128446098944,39.90152287483215,-0.336151123046875,0.8333282470703125,-0.4877471923828125
1773063128456153856,39.9115777015686,-0.3454437255859375,0.8007354736328125,-0.470428466796875
1773063128466209792,39.92163372039795,-0.3509674072265625,0.7735748291015625,-0.455902099609375
1773063128476265984,39.931689739227295,-0.3515472412109375,0.7633514404296875,-0.4490966796875
1773063128486320896,39.941744804382324,-0.353759765625,0.76641845703125,-0.445465087890625
1773063128496377088,39.95180082321167,-0.3591156005859375,0.7693634033203125,-0.43963623046875
1773063128506433024,39.961856842041016,-0.361114501953125,0.780242919921875,-0.438690185546875
1773063128516487936,39.971911668777466,-0.3565826416015625,0.7982330322265625,-0.4427032470703125
1773063128526543872,39.98196768760681,-0.348114013671875,0.8200836181640625,-0.4540863037109375
1773063128536599040,39.99202275276184,-0.3405609130859375,0.8344268798828125,-0.4672698974609375
1773063128546654976,40.00207877159119,-0.333343505859375,0.83880615234375,-0.4750213623046875
1773063128556710912,40.01213479042053,-0.3251953125,0.8342132568359375,-0.482635498046875
1773063128566766080,40.02218985557556,-0.3214569091796875,0.8240203857421875,-0.49090576171875
1773063128576822016,40.03224587440491,-0.3223876953125,0.8182525634765625,-0.4955596923828125
1773063128586877952,40.04230189323425,-0.3223114013671875,0.8139190673828125,-0.499420166015625
1773063128596932864,40.0523567199707,-0.31988525390625,0.81121826171875,-0.4990386962890625
1773063128606988800,40.06241273880005,-0.3154449462890625,0.8062286376953125,-0.4962158203125
1773063128617043968,40.07246780395508,-0.3110198974609375,0.8007049560546875,-0.4930877685546875
1773063128627099904,40.082523822784424,-0.3087615966796875,0.794921875,-0.4866943359375
1773063128637156096,40.09257984161377,-0.3073883056640625,0.7927703857421875,-0.4828033447265625
1773063128647210752,40.10263466835022,-0.306427001953125,0.7916412353515625,-0.481842041015625
1773063128657266944,40.112690687179565,-0.3079071044921875,0.79705810546875,-0.483367919921875
1773063128667322880,40.12274670600891,-0.3086700439453125,0.803955078125,-0.494171142578125
1773063128677378048,40.13280177116394,-0.3117523193359375,0.7983551025390625,-0.500885009765625
1773063128687433984,40.142857789993286,-0.3127899169921875,0.7903900146484375,-0.502166748046875
1773063128697489920,40.15291380882263,-0.31549072265625,0.7845458984375,-0.50146484375
1773063128707545088,40.16296887397766,-0.3199310302734375,0.7867279052734375,-0.5011749267578125
1773063128717601024,40.17302489280701,-0.3291168212890625,0.789337158203125,-0.4988861083984375
1773063128727655936,40.18307971954346,-0.3355560302734375,0.7937774658203125,-0.4951324462890625
1773063128737711872,40.1931357383728,-0.340789794921875,0.794952392578125,-0.4903717041015625
1773063128747767808,40.20319175720215,-0.3448486328125,0.793975830078125,-0.4832305908203125
1773063128757822976,40.21324682235718,-0.350799560546875,0.7944793701171875,-0.4748382568359375
1773063128767878912,40.22330284118652,-0.35675048828125,0.7954254150390625,-0.46539306640625
1773063128777935104,40.23335886001587,-0.360870361328125,0.8015899658203125,-0.458831787109375
1773063128787989760,40.24341368675232,-0.365264892578125,0.805694580078125,-0.455902099609375
1773063128798045952,40.253469705581665,-0.3690948486328125,0.8070068359375,-0.454071044921875
1773063128808100864,40.263524770736694,-0.3729705810546875,0.8038482666015625,-0.452667236328125
1773063128818157056,40.27358078956604,-0.3727874755859375,0.799530029296875,-0.45257568359375
1773063128828212992,40.283636808395386,-0.3739013671875,0.8007049560546875,-0.4532928466796875
1773063128838268160,40.293691873550415,-0.37750244140625,0.80242919921875,-0.4537506103515625
1773063128848324096,40.30374789237976,-0.372406005859375,0.8113250732421875,-0.4564208984375
1773063128858379776,40.31380367279053,-0.3716888427734375,0.8132171630859375,-0.4550018310546875
1773063128868434944,40.32385873794556,-0.370330810546875,0.8087158203125,-0.4546966552734375
1773063128878490880,40.3339147567749,-0.3704376220703125,0.801055908203125,-0.4529876708984375
1773063128888546048,40.34396982192993,-0.370361328125,0.7944488525390625,-0.45257568359375
1773063128898601984,40.35402584075928,-0.36822509765625,0.7972259521484375,-0.452301025390625
1773063128908657920,40.36408185958862,-0.360137939453125,0.81689453125,-0.460113525390625
1773063128918712832,40.37413668632507,-0.348846435546875,0.84356689453125,-0.466400146484375
1773063128928768768,40.38419270515442,-0.3368682861328125,0.8618927001953125,-0.470245361328125
1773063128938824960,40.394248723983765,-0.3287811279296875,0.8668975830078125,-0.47894287109375
1773063128948879872,40.404303789138794,-0.3222808837890625,0.8560791015625,-0.4833984375
1773063128958936064,40.41435980796814,-0.316925048828125,0.8347320556640625,-0.4887847900390625
1773063128968990976,40.42441487312317,-0.311004638671875,0.818450927734375,-0.49285888671875
1773063128979047168,40.434470891952515,-0.303070068359375,0.8083648681640625,-0.496246337890625
1773063128989102848,40.44452667236328,-0.29998779296875,0.7993011474609375,-0.495697021484375
1773063128999158016,40.45458173751831,-0.303558349609375,0.789581298828125,-0.492950439453125
1773063129009213952,40.464637756347656,-0.308837890625,0.783538818359375,-0.4872283935546875
1773063129019269888,40.474693775177,-0.31207275390625,0.7858734130859375,-0.4815521240234375
1773063129029325056,40.48474884033203,-0.3159942626953125,0.7867431640625,-0.474761962890625
1773063129039380992,40.49480485916138,-0.3165130615234375,0.7919921875,-0.479248046875
1773063129049436928,40.50486087799072,-0.3194580078125,0.7948760986328125,-0.4771575927734375
1773063129059491840,40.51491570472717,-0.327362060546875,0.7944183349609375,-0.4739990234375
1773063129069547776,40.52497172355652,-0.3377685546875,0.7996978759765625,-0.4799652099609375
1773063129079602944,40.53502678871155,-0.3244476318359375,0.825042724609375,-0.4633331298828125
1773063129089658880,40.545082807540894,-0.3181915283203125,0.849395751953125,-0.4630889892578125
1773063129099715072,40.55513882637024,-0.3330078125,0.859039306640625,-0.48370361328125
1773063129109769984,40.56519389152527,-0.3483123779296875,0.83184814453125,-0.4927825927734375
1773063129119825920,40.575249671936035,-0.3517913818359375,0.785614013671875,-0.50054931640625
1773063129129881856,40.58530569076538,-0.350067138671875,0.7528076171875,-0.49993896484375
1773063129139937024,40.59536075592041,-0.348876953125,0.7502593994140625,-0.49761962890625
1773063129149992960,40.605416774749756,-0.35546875,0.75677490234375,-0.499847412109375
1773063129160048128,40.615471839904785,-0.363525390625,0.7541046142578125,-0.5052337646484375
1773063129170104064,40.62552785873413,-0.3685302734375,0.7447509765625,-0.507476806640625
1773063129180160000,40.63558387756348,-0.3615875244140625,0.7422027587890625,-0.5041656494140625
1773063129190214912,40.64563870429993,-0.3441162109375,0.7584686279296875,-0.50604248046875
1773063129200270848,40.65569472312927,-0.3609466552734375,0.751617431640625,-0.4998626708984375
1773063129210326784,40.66575074195862,-0.367706298828125,0.7572174072265625,-0.4919891357421875
1773063129220381952,40.67580580711365,-0.3524322509765625,0.7902069091796875,-0.4885406494140625
1773063129230437888,40.68586182594299,-0.3508758544921875,0.8070831298828125,-0.48321533203125
1773063129240493056,40.69591689109802,-0.3372344970703125,0.829986572265625,-0.4804229736328125
1773063129250548736,40.70597267150879,-0.3472442626953125,0.81610107421875,-0.4648895263671875
1773063129260604928,40.716028690338135,-0.3707733154296875,0.7908172607421875,-0.4472503662109375
1773063129270659840,40.726083755493164,-0.3692169189453125,0.806854248046875,-0.4467620849609375
1773063129280716032,40.73613977432251,-0.36627197265625,0.8237762451171875,-0.44268798828125
1773063129290771968,40.746195793151855,-0.3714141845703125,0.835693359375,-0.4488372802734375
1773063129300827136,40.756250858306885,-0.3679962158203125,0.8555755615234375,-0.4629058837890625
1773063129310883072,40.76630687713623,-0.345062255859375,0.8845062255859375,-0.4837188720703125
1773063129320937984,40.77636170387268,-0.325775146484375,0.8840179443359375,-0.4948272705078125
1773063129330993920,40.786417722702026,-0.3180084228515625,0.84857177734375,-0.502349853515625
1773063129341049856,40.79647374153137,-0.31536865234375,0.805267333984375,-0.5055389404296875
1773063129351105024,40.8065288066864,-0.3142852783203125,0.776947021484375,-0.505035400390625
1773063129361160960,40.81658482551575,-0.3126678466796875,0.7633514404296875,-0.50567626953125
1773063129371216896,40.82664084434509,-0.318206787109375,0.75689697265625,-0.5069427490234375
1773063129381271808,40.83669567108154,-0.324127197265625,0.750640869140625,-0.501800537109375
1773063129391327488,40.84675121307373,-0.3339691162109375,0.7493438720703125,-0.501708984375
1773063129401383424,40.856807231903076,-0.3405914306640625,0.7545623779296875,-0.49847412109375
1773063129411438592,40.866862297058105,-0.34539794921875,0.7625732421875,-0.486236572265625
1773063129421494272,40.87691807746887,-0.3473663330078125,0.7702178955078125,-0.47235107421875
1773063129431549184,40.8869731426239,-0.34991455078125,0.781219482421875,-0.46453857421875
1773063129441605376,40.89702916145325,-0.354583740234375,0.795867919921875,-0.4627227783203125
1773063129451661312,40.90708518028259,-0.3572540283203125,0.813018798828125,-0.4662933349609375
1773063129461716480,40.91714024543762,-0.3550262451171875,0.827423095703125,-0.4669952392578125
1773063129471772416,40.92719626426697,-0.3529205322265625,0.834869384765625,-0.4700775146484375
1773063129481828352,40.93725228309631,-0.34716796875,0.8441314697265625,-0.4776611328125
1773063129491883264,40.947307109832764,-0.3382568359375,0.8482666015625,-0.4873504638671875
1773063129501939200,40.95736312866211,-0.3290252685546875,0.837982177734375,-0.497833251953125
1773063129511994368,40.96741819381714,-0.32366943359375,0.81500244140625,-0.503509521484375
1773063129522050304,40.977474212646484,-0.3203582763671875,0.78680419921875,-0.5068359375
1773063129532106496,40.98753023147583,-0.3180999755859375,0.76580810546875,-0.5074462890625
1773063129542161408,40.99758529663086,-0.3173828125,0.7552642822265625,-0.5074615478515625
1773063129552217344,41.007641077041626,-0.3198089599609375,0.753753662109375,-0.504608154296875
1773063129562273280,41.01769709587097,-0.3250274658203125,0.7591400146484375,-0.4990386962890625
1773063129572328448,41.027752161026,-0.3309173583984375,0.7701416015625,-0.494232177734375
1773063129582384384,41.03780817985535,-0.338470458984375,0.7825927734375,-0.4889373779296875
1773063129592439296,41.047863245010376,-0.3444976806640625,0.7934722900390625,-0.48321533203125
1773063129602495488,41.05791926383972,-0.345703125,0.798309326171875,-0.4770355224609375
1773063129612551424,41.06797528266907,-0.3463287353515625,0.80743408203125,-0.46917724609375
1773063129622606336,41.07803010940552,-0.3496551513671875,0.8169097900390625,-0.460235595703125
1773063129632662272,41.08808612823486,-0.3536529541015625,0.8282318115234375,-0.459320068359375
1773063129642718208,41.09814214706421,-0.355743408203125,0.8401336669921875,-0.46246337890625
1773063129652773376,41.10819721221924,-0.350372314453125,0.85040283203125,-0.4653472900390625
1773063129662829312,41.118253231048584,-0.344635009765625,0.847564697265625,-0.47039794921875
1773063129672884480,41.12830829620361,-0.335113525390625,0.83526611328125,-0.4782257080078125
1773063129682940160,41.13836407661438,-0.326873779296875,0.819061279296875,-0.4889373779296875
1773063129692996352,41.148420095443726,-0.3213653564453125,0.802703857421875,-0.4975433349609375
1773063129703051264,41.158475160598755,-0.3189849853515625,0.7861480712890625,-0.501861572265625
1773063129713107456,41.1685311794281,-0.3184967041015625,0.770263671875,-0.5069427490234375
1773063129723163392,41.178587198257446,-0.31768798828125,0.7602996826171875,-0.507476806640625
1773063129733218304,41.188642263412476,-0.32330322265625,0.7566375732421875,-0.5025177001953125
1773063129743274496,41.19869828224182,-0.3341522216796875,0.7513275146484375,-0.494781494140625
1773063129753330432,41.20875430107117,-0.34832763671875,0.7550811767578125,-0.486236572265625
1773063129763385344,41.21880912780762,-0.3599395751953125,0.771148681640625,-0.4725799560546875
1773063129773441280,41.22886514663696,-0.368438720703125,0.7900543212890625,-0.462554931640625
1773063129783496448,41.23892021179199,-0.3778076171875,0.8031463623046875,-0.452880859375
1773063129793552384,41.24897623062134,-0.3838958740234375,0.8168792724609375,-0.4483795166015625
1773063129803608320,41.259032249450684,-0.3886871337890625,0.828643798828125,-0.4471588134765625
1773063129813663232,41.269087076187134,-0.3865203857421875,0.8395843505859375,-0.448699951171875
1773063129823719168,41.27914309501648,-0.377349853515625,0.8496856689453125,-0.4470672607421875
1773063129833775360,41.289199113845825,-0.3708343505859375,0.8382568359375,-0.4498291015625
1773063129843830272,41.299254179000854,-0.37103271484375,0.818115234375,-0.455535888671875
1773063129853886464,41.3093101978302,-0.371490478515625,0.80810546875,-0.458709716796875
1773063129863941376,41.31936526298523,-0.3678436279296875,0.8046722412109375,-0.4611968994140625
1773063129873997568,41.329421281814575,-0.364654541015625,0.7970428466796875,-0.4632720947265625
1773063129884053504,41.33947730064392,-0.3670806884765625,0.78857421875,-0.4610137939453125
1773063129894108416,41.34953212738037,-0.36767578125,0.7934112548828125,-0.4608306884765625
1773063129904164352,41.35958814620972,-0.3567352294921875,0.8212432861328125,-0.471099853515625
1773063129914220288,41.36964416503906,-0.3421630859375,0.856170654296875,-0.4864501953125
1773063129924275456,41.37969923019409,-0.32891845703125,0.8668365478515625,-0.498992919921875
1773063129934331392,41.38975524902344,-0.320953369140625,0.851593017578125,-0.5070343017578125
1773063129944387328,41.39981126785278,-0.3170166015625,0.8222503662109375,-0.508941650390625
1773063129954442240,41.40986609458923,-0.3147430419921875,0.7918701171875,-0.50732421875
1773063129964498176,41.41992211341858,-0.3126220703125,0.774383544921875,-0.5074310302734375
1773063129974553344,41.42997717857361,-0.311187744140625,0.766326904296875,-0.5087127685546875
1773063129984609280,41.440033197402954,-0.3145599365234375,0.7598114013671875,-0.5082244873046875
1773063129994665472,41.4500892162323,-0.317901611328125,0.750762939453125,-0.499755859375
1773063130004720384,41.46014428138733,-0.3179931640625,0.7557373046875,-0.4918975830078125
1773063130014776576,41.470200300216675,-0.316314697265625,0.773162841796875,-0.4873046875
1773063130024832256,41.48025608062744,-0.3139190673828125,0.78900146484375,-0.481597900390625
1773063130034887424,41.49031114578247,-0.3111724853515625,0.8048858642578125,-0.485931396484375
1773063130044943360,41.500367164611816,-0.3058624267578125,0.81884765625,-0.4910430908203125
1773063130054998272,41.510422229766846,-0.300872802734375,0.8235321044921875,-0.4971466064453125
1773063130065054464,41.52047824859619,-0.2971343994140625,0.818634033203125,-0.4985809326171875
1773063130075110400,41.53053426742554,-0.2936553955078125,0.8115997314453125,-0.50347900390625
1773063130085165312,41.54058909416199,-0.2938995361328125,0.8110198974609375,-0.502105712890625
1773063130095221248,41.55064511299133,-0.294677734375,0.80859375,-0.50555419921875
1773063130105277184,41.56070113182068,-0.3003387451171875,0.7957000732421875,-0.5087432861328125
1773063130115332352,41.57075619697571,-0.307098388671875,0.7769622802734375,-0.51031494140625
1773063130125388288,41.580812215805054,-0.3113861083984375,0.763336181640625,-0.510833740234375
1773063130135443456,41.59086728096008,-0.3156890869140625,0.75689697265625,-0.5133514404296875
1773063130145499392,41.60092329978943,-0.32342529296875,0.75579833984375,-0.5105743408203125
1773063130155555328,41.610979080200195,-0.3336639404296875,0.7546539306640625,-0.5041046142578125
1773063130165610240,41.621034145355225,-0.3469085693359375,0.7563323974609375,-0.495849609375
1773063130175666432,41.63109016418457,-0.36053466796875,0.7644500732421875,-0.4870147705078125
1773063130185722368,41.641146183013916,-0.37066650390625,0.7762908935546875,-0.4764862060546875
1773063130195777536,41.651201248168945,-0.3804168701171875,0.7865447998046875,-0.46746826171875
1773063130205833472,41.66125726699829,-0.3868865966796875,0.7974700927734375,-0.457550048828125
1773063130215889408,41.67131328582764,-0.392578125,0.8110198974609375,-0.4499969482421875
1773063130225944320,41.68136811256409,-0.394378662109375,0.8231048583984375,-0.4471893310546875
1773063130236000256,41.69142413139343,-0.3949432373046875,0.8285980224609375,-0.444854736328125
1773063130246055424,41.70147919654846,-0.3924560546875,0.829620361328125,-0.4467315673828125
1773063130256111360,41.71153521537781,-0.389556884765625,0.8314361572265625,-0.4518585205078125
1773063130266167296,41.72159123420715,-0.3863677978515625,0.83282470703125,-0.454498291015625
1773063130276222464,41.73164629936218,-0.381561279296875,0.82684326171875,-0.4531707763671875
1773063130286278144,41.74170207977295,-0.379058837890625,0.8117218017578125,-0.4461517333984375
1773063130296334336,41.751758098602295,-0.3773345947265625,0.80975341796875,-0.4441375732421875
1773063130306389248,41.761813163757324,-0.36761474609375,0.833343505859375,-0.448883056640625
1773063130316445440,41.77186918258667,-0.351226806640625,0.8715057373046875,-0.4687347412109375
1773063130326500352,41.7819242477417,-0.3350067138671875,0.891998291015625,-0.48431396484375
1773063130336556544,41.791980266571045,-0.323333740234375,0.872711181640625,-0.496246337890625
1773063130346612480,41.80203628540039,-0.317779541015625,0.829498291015625,-0.4999237060546875
1773063130356667392,41.81209111213684,-0.3156890869140625,0.793701171875,-0.50030517578125
1773063130366723328,41.82214713096619,-0.3128814697265625,0.7818450927734375,-0.503662109375
1773063130376779264,41.83220314979553,-0.3100128173828125,0.7828216552734375,-0.509307861328125
1773063130386835456,41.84225916862488,-0.3121185302734375,0.777191162109375,-0.508575439453125
1773063130396891392,41.852315187454224,-0.315826416015625,0.763458251953125,-0.505126953125
1773063130406946304,41.86237025260925,-0.318115234375,0.7540740966796875,-0.4979705810546875
1773063130417002496,41.8724262714386,-0.320281982421875,0.7583465576171875,-0.488677978515625
1773063130427058432,41.882482290267944,-0.320404052734375,0.772613525390625,-0.4848785400390625
1773063130437113600,41.892537355422974,-0.3186798095703125,0.7876739501953125,-0.4817047119140625
1773063130447169536,41.90259337425232,-0.317779541015625,0.7961578369140625,-0.4832916259765625
1773063130457225472,41.912649393081665,-0.3161163330078125,0.7991790771484375,-0.4870758056640625
1773063130467280384,41.922704219818115,-0.3143768310546875,0.7978668212890625,-0.490966796875
1773063130477336320,41.93276023864746,-0.315673828125,0.7951812744140625,-0.4947967529296875
1773063130487392512,41.94281625747681,-0.319183349609375,0.79443359375,-0.4989776611328125
1773063130497447424,41.952871322631836,-0.324432373046875,0.7945098876953125,-0.49945068359375
1773063130507503616,41.96292734146118,-0.329833984375,0.7924346923828125,-0.501983642578125
1773063130517558272,41.97298216819763,-0.3319854736328125,0.7851715087890625,-0.500579833984375
1773063130527614464,41.98303818702698,-0.33685302734375,0.7757415771484375,-0.499603271484375
1773063130537670400,41.99309420585632,-0.339202880859375,0.76849365234375,-0.498565673828125
1773063130547725312,42.00314927101135,-0.3442535400390625,0.7669677734375,-0.4978790283203125
1773063130557781504,42.0132052898407,-0.3466949462890625,0.770263671875,-0.4986419677734375
1773063130567837440,42.023261308670044,-0.3476715087890625,0.777740478515625,-0.4969940185546875
1773063130577892608,42.03331637382507,-0.348480224609375,0.7912750244140625,-0.4912872314453125
1773063130587948544,42.04337239265442,-0.3488006591796875,0.8094940185546875,-0.4852752685546875
1773063130598003456,42.05342721939087,-0.3450469970703125,0.8285369873046875,-0.4813079833984375
1773063130608059392,42.063483238220215,-0.3430633544921875,0.8428497314453125,-0.4783477783203125
1773063130618115328,42.07353925704956,-0.337921142578125,0.8439483642578125,-0.4765472412109375
1773063130628170496,42.08359432220459,-0.3323822021484375,0.8358001708984375,-0.4762115478515625
1773063130638226432,42.093650341033936,-0.3301544189453125,0.821136474609375,-0.4768829345703125
1773063130648282624,42.10370635986328,-0.328948974609375,0.8069305419921875,-0.478485107421875
1773063130658337280,42.11376118659973,-0.329925537109375,0.797882080078125,-0.478179931640625
1773063130668393472,42.12381720542908,-0.332977294921875,0.7936248779296875,-0.481048583984375
1773063130678448384,42.133872270584106,-0.3393096923828125,0.7886199951171875,-0.4817352294921875
1773063130688504576,42.14392828941345,-0.346038818359375,0.7839813232421875,-0.47979736328125
1773063130698560512,42.1539843082428,-0.35260009765625,0.7837677001953125,-0.4770965576171875
1773063130708615424,42.16403937339783,-0.35955810546875,0.7864837646484375,-0.4726409912109375
1773063130718671616,42.17409539222717,-0.365631103515625,0.7917022705078125,-0.4683990478515625
1773063130728727296,42.18415117263794,-0.3681640625,0.797943115234375,-0.4657440185546875
1773063130738782464,42.19420623779297,-0.3691253662109375,0.8038787841796875,-0.462860107421875
1773063130748838400,42.204262256622314,-0.370513916015625,0.8109283447265625,-0.46746826171875
1773063130758894336,42.21431827545166,-0.3690948486328125,0.814971923828125,-0.4716796875
1773063130768949504,42.22437334060669,-0.3671875,0.81494140625,-0.47265625
1773063130779005440,42.234429359436035,-0.3656768798828125,0.8088836669921875,-0.4752655029296875
1773063130789060352,42.244484186172485,-0.36383056640625,0.7991790771484375,-0.4713287353515625
1773063130799116288,42.25454020500183,-0.3610076904296875,0.8000335693359375,-0.4703216552734375
1773063130809172480,42.26459622383118,-0.3502655029296875,0.8249969482421875,-0.475921630859375
1773063130819227392,42.274651288986206,-0.333770751953125,0.8544769287109375,-0.48876953125
1773063130829283584,42.28470730781555,-0.3191070556640625,0.86297607421875,-0.49957275390625
1773063130839339520,42.2947633266449,-0.308441162109375,0.8358917236328125,-0.5052642822265625
1773063130849394432,42.30481839179993,-0.30389404296875,0.79449462890625,-0.5075225830078125
1773063130859450368,42.31487417221069,-0.301055908203125,0.76605224609375,-0.5094757080078125
1773063130869505280,42.32492923736572,-0.2978668212890625,0.75830078125,-0.513092041015625
1773063130879561472,42.33498525619507,-0.2991943359375,0.76031494140625,-0.5140228271484375
1773063130889617408,42.345041275024414,-0.3047027587890625,0.7637939453125,-0.5131378173828125
1773063130899672576,42.35509634017944,-0.3138885498046875,0.7638702392578125,-0.5044708251953125
1773063130909728512,42.36515235900879,-0.3236541748046875,0.7637481689453125,-0.49395751953125
1773063130919784448,42.375208377838135,-0.332855224609375,0.767791748046875,-0.481170654296875
1773063130929839360,42.385263204574585,-0.338134765625,0.776702880859375,-0.472869873046875
1773063130939895296,42.39531922340393,-0.3409576416015625,0.790924072265625,-0.4727783203125
1773063130949950464,42.40537428855896,-0.3452606201171875,0.8014678955078125,-0.4698486328125
1773063130960006400,42.415430307388306,-0.348388671875,0.8060760498046875,-0.4730682373046875
1773063130970062592,42.42548632621765,-0.351470947265625,0.809295654296875,-0.476776123046875
1773063130980117504,42.43554139137268,-0.3567657470703125,0.81298828125,-0.48016357421875
1773063130990173440,42.44559717178345,-0.359222412109375,0.8129730224609375,-0.477691650390625
1773063131000229376,42.45565319061279,-0.3576202392578125,0.8156890869140625,-0.4752655029296875
1773063131010284544,42.46570825576782,-0.3512725830078125,0.8288116455078125,-0.47821044921875
1773063131020340480,42.47576427459717,-0.33929443359375,0.851043701171875,-0.48907470703125
1773063131030396416,42.485820293426514,-0.3251190185546875,0.854705810546875,-0.5001220703125
1773063131040451584,42.49587535858154,-0.3175201416015625,0.82745361328125,-0.50738525390625
1773063131050507520,42.50593137741089,-0.3164520263671875,0.7860870361328125,-0.5091400146484375
1773063131060562432,42.51598620414734,-0.316436767578125,0.7576446533203125,-0.5063323974609375
1773063131070618368,42.526042222976685,-0.3170166015625,0.750091552734375,-0.5089263916015625
1773063131080674304,42.53609824180603,-0.321197509765625,0.75897216796875,-0.5075531005859375
1773063131090729472,42.54615330696106,-0.3286895751953125,0.772430419921875,-0.502227783203125
1773063131100785408,42.556209325790405,-0.3391571044921875,0.780914306640625,-0.4953155517578125
1773063131110841600,42.56626534461975,-0.3492431640625,0.7856292724609375,-0.48358154296875
1773063131120896256,42.5763201713562,-0.3581390380859375,0.7883758544921875,-0.469207763671875
1773063131130952448,42.58637619018555,-0.3621063232421875,0.7954864501953125,-0.461639404296875
1773063131141007360,42.596431255340576,-0.365631103515625,0.8082275390625,-0.456573486328125
1773063131151063552,42.60648727416992,-0.368438720703125,0.8186492919921875,-0.4583282470703125
1773063131161119488,42.61654329299927,-0.368438720703125,0.82098388671875,-0.459503173828125
1773063131171174400,42.6265983581543,-0.3680877685546875,0.81591796875,-0.4590301513671875
1773063131181230592,42.63665437698364,-0.3722991943359375,0.80859375,-0.460601806640625
1773063131191286272,42.64671015739441,-0.3740081787109375,0.810455322265625,-0.4670562744140625
1773063131201341440,42.65676522254944,-0.3638916015625,0.8200531005859375,-0.4698486328125
1773063131211397376,42.666821241378784,-0.34222412109375,0.820098876953125,-0.472930908203125
1773063131221453312,42.67687726020813,-0.3159942626953125,0.809112548828125,-0.47137451171875
1773063131231508480,42.68693232536316,-0.301666259765625,0.791839599609375,-0.4727630615234375
1773063131241564416,42.696988344192505,-0.3040008544921875,0.7856903076171875,-0.472808837890625
1773063131251619328,42.707043170928955,-0.310455322265625,0.801055908203125,-0.4772186279296875
1773063131261675264,42.7170991897583,-0.3159637451171875,0.8314056396484375,-0.4873046875
1773063131271731456,42.72715520858765,-0.3313751220703125,0.85272216796875,-0.49761962890625
1773063131281786368,42.737210273742676,-0.34783935546875,0.8569183349609375,-0.5068206787109375
1773063131291842560,42.74726629257202,-0.3547515869140625,0.840789794921875,-0.507171630859375
1773063131301898496,42.75732231140137,-0.3547821044921875,0.815887451171875,-0.511993408203125
1773063131311953664,42.7673773765564,-0.33953857421875,0.7987823486328125,-0.5254974365234375
1773063131322009344,42.77743315696716,-0.3220367431640625,0.77435302734375,-0.5213470458984375
1773063131332064512,42.78748822212219,-0.3169708251953125,0.7558135986328125,-0.5091552734375
1773063131342120448,42.79754424095154,-0.322021484375,0.776763916015625,-0.5006561279296875
1773063131352176384,42.807600259780884,-0.32879638671875,0.815826416015625,-0.5116119384765625
1773063131362231552,42.81765532493591,-0.32470703125,0.8166046142578125,-0.5297698974609375
1773063131372287488,42.82771134376526,-0.3037872314453125,0.781890869140625,-0.528076171875
1773063131382343424,42.837767362594604,-0.2838592529296875,0.7668914794921875,-0.5330657958984375
1773063131392398080,42.847821950912476,-0.2744140625,0.77593994140625,-0.553192138671875
1773063131402454016,42.85787796974182,-0.2824859619140625,0.7894134521484375,-0.5615386962890625
1773063131412508928,42.86793279647827,-0.2886505126953125,0.8063201904296875,-0.5615692138671875
1773063131422564864,42.87798881530762,-0.28314208984375,0.8060150146484375,-0.56549072265625
1773063131432621056,42.88804483413696,-0.2829742431640625,0.78717041015625,-0.567535400390625
1773063131442675968,42.89809989929199,-0.2865142822265625,0.762298583984375,-0.5762481689453125
1773063131452732160,42.90815591812134,-0.284210205078125,0.742218017578125,-0.5882720947265625
1773063131462788096,42.918211936950684,-0.2804718017578125,0.72265625,-0.603363037109375
1773063131472843264,42.92826700210571,-0.2830963134765625,0.700653076171875,-0.6051177978515625
1773063131482898944,42.93832278251648,-0.291015625,0.682464599609375,-0.6202850341796875
1773063131492954112,42.94837784767151,-0.29522705078125,0.6724090576171875,-0.6258697509765625
1773063131503010048,42.958433866500854,-0.2944488525390625,0.6760406494140625,-0.62542724609375
1773063131513065984,42.9684898853302,-0.2944183349609375,0.6800994873046875,-0.63330078125
1773063131523121152,42.97854495048523,-0.2954864501953125,0.68414306640625,-0.6340789794921875
1773063131533177088,42.988600969314575,-0.299072265625,0.69647216796875,-0.6365966796875
1773063131543233280,42.99865698814392,-0.30816650390625,0.703277587890625,-0.6468505859375
1773063131553287936,43.00871181488037,-0.30902099609375,0.6972503662109375,-0.642730712890625
1773063131563344128,43.01876783370972,-0.3041229248046875,0.703460693359375,-0.6391754150390625
1773063131573400064,43.02882385253906,-0.311248779296875,0.720672607421875,-0.64495849609375
1773063131583454976,43.03887891769409,-0.32293701171875,0.7286376953125,-0.654296875
1773063131593511168,43.04893493652344,-0.3289947509765625,0.723480224609375,-0.6605224609375
1773063131603566080,43.05899000167847,-0.3225555419921875,0.7020263671875,-0.6691741943359375
1773063131613622016,43.06904578208923,-0.305511474609375,0.670806884765625,-0.6812286376953125
1773063131623677952,43.07910180091858,-0.292755126953125,0.6409454345703125,-0.68914794921875
1773063131633733120,43.08915686607361,-0.2919158935546875,0.6314239501953125,-0.68756103515625
1773063131643789056,43.099212884902954,-0.3038787841796875,0.6301422119140625,-0.6866912841796875
1773063131653844992,43.1092689037323,-0.315704345703125,0.6189117431640625,-0.7083587646484375
1773063131663900160,43.11932396888733,-0.3107147216796875,0.616455078125,-0.7086181640625
1773063131673956096,43.129379987716675,-0.293609619140625,0.6411895751953125,-0.707000732421875
1773063131684012288,43.13943600654602,-0.2916412353515625,0.6702117919921875,-0.698974609375
1773063131694066944,43.14949083328247,-0.3032073974609375,0.6611175537109375,-0.7228851318359375
1773063131704123136,43.159546852111816,-0.309112548828125,0.6262359619140625,-0.73931884765625
1773063131714178048,43.169601917266846,-0.2945098876953125,0.5888519287109375,-0.7518310546875
1773063131724233984,43.17965793609619,-0.27044677734375,0.5762786865234375,-0.7619476318359375
1773063131734290176,43.18971395492554,-0.2688751220703125,0.5601806640625,-0.758270263671875
1773063131744344832,43.19976878166199,-0.2946014404296875,0.49212646484375,-0.7537841796875
1773063131754401024,43.20982480049133,-0.290496826171875,0.48284912109375,-0.75848388671875
1773063131764456960,43.21988081932068,-0.2695159912109375,0.504974365234375,-0.766693115234375
1773063131774512128,43.22993588447571,-0.2482452392578125,0.4922332763671875,-0.766021728515625
1773063131784568064,43.239991903305054,-0.3401947021484375,0.49285888671875,-0.810577392578125
1773063131794623232,43.25004696846008,-0.2797698974609375,0.5148162841796875,-0.7834930419921875
1773063131804679168,43.26010298728943,-0.279632568359375,0.5340118408203125,-0.7891387939453125
1773063131814735104,43.270159006118774,-0.2814178466796875,0.5505828857421875,-0.7841033935546875
1773063131824790016,43.280213832855225,-0.2850189208984375,0.54815673828125,-0.7967071533203125
1773063131834845952,43.29026985168457,-0.2674713134765625,0.5604095458984375,-0.8014068603515625
1773063131844902144,43.300325870513916,-0.2680511474609375,0.6093597412109375,-0.738861083984375
1773063131854957056,43.310380935668945,-0.2800750732421875,0.655670166015625,-0.7534942626953125
1773063131865013248,43.32043695449829,-0.29827880859375,0.6542205810546875,-0.7877197265625
1773063131875067904,43.33049178123474,-0.3302764892578125,0.593292236328125,-0.782501220703125
1773063131885124096,43.34054780006409,-0.3350372314453125,0.543426513671875,-0.79266357421875
1773063131895180032,43.35060381889343,-0.3045501708984375,0.5391693115234375,-0.818878173828125
1773063131905234944,43.36065888404846,-0.2810516357421875,0.5474853515625,-0.8001861572265625
1773063131915291136,43.37071490287781,-0.2978363037109375,0.54296875,-0.8311614990234375
1773063131925347072,43.38077092170715,-0.322235107421875,0.5552520751953125,-0.8309173583984375
1773063131935402240,43.39082598686218,-0.335723876953125,0.56988525390625,-0.8152618408203125
1773063131945458176,43.40088200569153,-0.35809326171875,0.4907684326171875,-0.8362579345703125
1773063131955513088,43.41093683242798,-0.3831939697265625,0.3775787353515625,-0.835693359375
1773063131965569024,43.420992851257324,-0.394256591796875,0.3094329833984375,-0.82647705078125
1773063131975624960,43.43104887008667,-0.37890625,0.2857666015625,-0.837615966796875
1773063131985680128,43.4411039352417,-0.3426055908203125,0.278961181640625,-0.86663818359375
1773063131995736064,43.451159954071045,-0.3352203369140625,0.297698974609375,-0.8770294189453125
1773063132005792256,43.46121597290039,-0.3560638427734375,0.3115234375,-0.8750457763671875
1773063132015846912,43.47127079963684,-0.3741302490234375,0.3115234375,-0.8810882568359375
1773063132025903104,43.48132681846619,-0.3794403076171875,0.302001953125,-0.8760833740234375
1773063132035959040,43.49138283729553,-0.3527374267578125,0.289337158203125,-0.8882904052734375
1773063132046013952,43.50143790245056,-0.323699951171875,0.263458251953125,-0.906585693359375
1773063132056070144,43.51149392127991,-0.363006591796875,0.1925201416015625,-0.901519775390625
1773063132066125056,43.52154898643494,-0.3869781494140625,0.1908416748046875,-0.865631103515625
1773063132076181248,43.53160500526428,-0.35205078125,0.2681427001953125,-0.863189697265625
1773063132086236928,43.54166078567505,-0.3397674560546875,0.2841796875,-0.891021728515625
1773063132096292096,43.55171585083008,-0.3703765869140625,0.2200469970703125,-0.91058349609375
1773063132106348032,43.561771869659424,-0.3862762451171875,0.149566650390625,-0.9172515869140625
1773063132116403968,43.57182788848877,-0.362274169921875,0.1199493408203125,-0.9196014404296875
1773063132126459136,43.5818829536438,-0.3154754638671875,0.1397705078125,-0.9235687255859375
1773063132136515072,43.591938972473145,-0.33026123046875,0.1229705810546875,-0.9176483154296875
1773063132146569984,43.601993799209595,-0.3892974853515625,0.039886474609375,-0.903900146484375
1773063132156625920,43.61204981803894,-0.35479736328125,0.07611083984375,-0.9018402099609375
1773063132166682112,43.622105836868286,-0.3142242431640625,0.1682586669921875,-0.875091552734375
1773063132176737024,43.632160902023315,-0.351318359375,0.1571044921875,-0.9104766845703125
1773063132186793216,43.64221692085266,-0.3807525634765625,0.1215667724609375,-0.9175567626953125
1773063132196849152,43.65227293968201,-0.3706817626953125,0.0665130615234375,-0.92108154296875
1773063132206904064,43.662328004837036,-0.356292724609375,0.007110595703125,-0.9206695556640625
1773063132216960000,43.6723837852478,-0.359954833984375,-0.0178070068359375,-0.9076080322265625
1773063132227015936,43.68243980407715,-0.3656005859375,-0.0367279052734375,-0.914764404296875
1773063132237071104,43.69249486923218,-0.3618621826171875,0.00958251953125,-0.9064788818359375
1773063132247127040,43.70255088806152,-0.3613128662109375,0.0752716064453125,-0.91778564453125
1773063132257182208,43.71260595321655,-0.4203033447265625,-0.0116424560546875,-0.9302825927734375
1773063132267238144,43.7226619720459,-0.3912811279296875,-0.0412750244140625,-0.937652587890625
1773063132277294080,43.732717990875244,-0.30853271484375,0.0399322509765625,-0.9761962890625
1773063132287348992,43.742772817611694,-0.317352294921875,0.0852508544921875,-0.9685516357421875
1773063132297404928,43.75282883644104,-0.3559722900390625,-0.0049285888671875,-0.939605712890625
1773063132307461120,43.762884855270386,-0.3719482421875,-0.115997314453125,-0.945159912109375
1773063132317516032,43.772939920425415,-0.4164886474609375,-0.1728057861328125,-0.895538330078125
1773063132327572224,43.78299593925476,-0.4171600341796875,-0.1831207275390625,-0.8520050048828125
1773063132337628160,43.793051958084106,-0.35467529296875,-0.158599853515625,-0.8331756591796875
1773063132347683072,43.80310678482056,-0.3037261962890625,-0.09417724609375,-0.859832763671875
1773063132357739008,43.8131628036499,-0.3202362060546875,0.02099609375,-0.90338134765625
1773063132367793920,43.82321786880493,-0.382659912109375,0.059844970703125,-0.869659423828125
1773063132377850112,43.83327388763428,-0.38134765625,-0.005096435546875,-0.8754425048828125
1773063132387905792,43.843329668045044,-0.3276214599609375,-0.1054534912109375,-0.9192352294921875
1773063132397960960,43.85338473320007,-0.2991790771484375,-0.0915679931640625,-0.9550323486328125
1773063132408016896,43.86344075202942,-0.3323516845703125,0.02825927734375,-1.009796142578125
1773063132418072576,43.873496532440186,-0.365570068359375,0.0710906982421875,-1.0186309814453125
1773063132428127744,43.883551597595215,-0.30352783203125,0.0064544677734375,-1.0607452392578125
1773063132438183680,43.89360761642456,-0.2432403564453125,-0.0083465576171875,-1.052276611328125
1773063132448238848,43.90366268157959,-0.253448486328125,0.0012969970703125,-1.0439300537109375
1773063132458294784,43.913718700408936,-0.2575225830078125,-0.059478759765625,-1.0193023681640625
1773063132468350976,43.92377471923828,-0.269012451171875,-0.1383819580078125,-0.955078125
1773063132478405632,43.93382954597473,-0.26495361328125,-0.213165283203125,-0.8723602294921875
1773063132488461824,43.94388556480408,-0.22216796875,-0.2274627685546875,-0.897705078125
1773063132498517760,43.95394158363342,-0.2156982421875,-0.152008056640625,-0.914337158203125
1773063132508572928,43.96399664878845,-0.24237060546875,-0.1050262451171875,-0.9354705810546875
1773063132518628864,43.9740526676178,-0.2699432373046875,-0.127716064453125,-0.9422760009765625
1773063132528683776,43.98410773277283,-0.2908935546875,-0.1539459228515625,-0.9292144775390625
1773063132538739968,43.99416375160217,-0.2957000732421875,-0.1632843017578125,-0.915863037109375
1773063132548795648,44.00421953201294,-0.2979278564453125,-0.183990478515625,-0.9228973388671875
1773063132558850816,44.01427459716797,-0.2970733642578125,-0.227783203125,-0.9224395751953125
1773063132568906752,44.024330615997314,-0.30804443359375,-0.2481231689453125,-0.9496307373046875
1773063132578962688,44.03438663482666,-0.3145751953125,-0.2385101318359375,-0.9685211181640625
1773063132589017856,44.04444169998169,-0.3100738525390625,-0.2205352783203125,-0.9796295166015625
1773063132599073792,44.054497718811035,-0.3123931884765625,-0.1805419921875,-0.9804229736328125
1773063132609129984,44.06455373764038,-0.313201904296875,-0.1446380615234375,-0.96759033203125
1773063132619184640,44.07460856437683,-0.30621337890625,-0.12432861328125,-0.9631195068359375
1773063132629240832,44.08466458320618,-0.2969512939453125,-0.14178466796875,-0.955322265625
1773063132639295744,44.094719648361206,-0.282562255859375,-0.203887939453125,-0.9673004150390625
1773063132649351936,44.10477566719055,-0.2674713134765625,-0.2424468994140625,-0.9676513671875
1773063132659407872,44.1148316860199,-0.264373779296875,-0.265625,-0.9613800048828125
1773063132669463040,44.12488675117493,-0.2440338134765625,-0.287933349609375,-0.9419403076171875
1773063132679518720,44.13494253158569,-0.2165679931640625,-0.2906036376953125,-0.9321441650390625
1773063132689574656,44.14499855041504,-0.2065277099609375,-0.285064697265625,-0.9136199951171875
1773063132699629824,44.15505361557007,-0.199798583984375,-0.27996826171875,-0.8982086181640625
1773063132709685760,44.165109634399414,-0.1905517578125,-0.2540740966796875,-0.89910888671875
1773063132719740928,44.17516469955444,-0.188079833984375,-0.22882080078125,-0.9091796875
1773063132729796864,44.18522071838379,-0.1787261962890625,-0.207061767578125,-0.9146575927734375
1773063132739852800,44.195276737213135,-0.17578125,-0.214630126953125,-0.911376953125
1773063132749907712,44.205331563949585,-0.1807708740234375,-0.2507171630859375,-0.87994384765625
1773063132759963648,44.21538758277893,-0.1685943603515625,-0.295196533203125,-0.8546295166015625
1773063132770019840,44.225443601608276,-0.17108154296875,-0.3504791259765625,-0.8686981201171875
1773063132780074752,44.235498666763306,-0.1848907470703125,-0.381988525390625,-0.9059906005859375
1773063132790130944,44.24555468559265,-0.1960906982421875,-0.38226318359375,-0.93402099609375
1773063132800186880,44.255610704422,-0.1969451904296875,-0.35552978515625,-0.9517669677734375
1773063132810241792,44.26566553115845,-0.20098876953125,-0.3199005126953125,-0.98980712890625
1773063132820297728,44.27572154998779,-0.210784912109375,-0.2889862060546875,-1.0022430419921875
1773063132830352896,44.28577661514282,-0.2151031494140625,-0.2834930419921875,-0.9993896484375
1773063132840408832,44.29583263397217,-0.2218017578125,-0.2799224853515625,-0.99786376953125
1773063132850464768,44.305888652801514,-0.2443389892578125,-0.288970947265625,-0.9949951171875
1773063132860519936,44.31594371795654,-0.2610931396484375,-0.310516357421875,-0.990997314453125
1773063132870575872,44.32599973678589,-0.253814697265625,-0.3406829833984375,-0.969940185546875
1773063132880631808,44.336055755615234,-0.2327728271484375,-0.3639068603515625,-0.946533203125
1773063132890686720,44.346110582351685,-0.2046966552734375,-0.3760223388671875,-0.9222412109375
1773063132900742656,44.35616660118103,-0.18780517578125,-0.400390625,-0.876129150390625
1773063132910797824,44.36622166633606,-0.1924591064453125,-0.41986083984375,-0.8099212646484375
1773063132920853760,44.376277685165405,-0.139892578125,-0.4647216796875,-0.6030120849609375
1773063132930909952,44.38633370399475,-0.0984649658203125,-0.594085693359375,-0.7350616455078125
1773063132940964864,44.39638876914978,-0.3101043701171875,-0.47076416015625,-0.806365966796875
1773063132951020800,44.40644454956055,-0.1287078857421875,-0.3676910400390625,-0.7845001220703125
1773063132961076736,44.41650056838989,-0.0658721923828125,-0.4262542724609375,-0.88983154296875
1773063132971131904,44.42655563354492,-0.1492767333984375,-0.43743896484375,-0.89324951171875
1773063132981187840,44.43661165237427,-0.1787872314453125,-0.41412353515625,-0.897003173828125
1773063132991243776,44.44666767120361,-0.1387939453125,-0.355072021484375,-0.91351318359375
1773063133001298944,44.45672273635864,-0.0475311279296875,-0.3055419921875,-0.9066009521484375
1773063133011354880,44.46677875518799,0.0013275146484375,-0.319244384765625,-0.8960113525390625
1773063133021409792,44.47683358192444,-0.153778076171875,-0.4741058349609375,-0.8759307861328125
1773063133031465728,44.486889600753784,-0.2663116455078125,-0.5577545166015625,-0.8133087158203125
1773063133041521664,44.49694561958313,-0.11456298828125,-0.49383544921875,-0.798858642578125
1773063133051576832,44.50700068473816,-0.0339508056640625,-0.4617462158203125,-0.8368988037109375
1773063133061632768,44.517056703567505,-0.098876953125,-0.4577178955078125,-0.8587799072265625
1773063133071688960,44.52711272239685,-0.1467132568359375,-0.4413604736328125,-0.865631103515625
1773063133081743616,44.5371675491333,-0.1230926513671875,-0.4111480712890625,-0.866058349609375
1773063133091799808,44.54722356796265,-0.1366119384765625,-0.4286346435546875,-0.8675689697265625
1773063133101854720,44.557278633117676,-0.152252197265625,-0.4578704833984375,-0.8673858642578125
1773063133111910912,44.56733465194702,-0.16583251953125,-0.4576263427734375,-0.8695220947265625
1773063133121966848,44.57739067077637,-0.16632080078125,-0.439849853515625,-0.890625
1773063133132022016,44.5874457359314,-0.2172088623046875,-0.456024169921875,-0.9125518798828125
1773063133142077952,44.59750175476074,-0.16082763671875,-0.4188385009765625,-0.9557647705078125
1773063133152133632,44.60755753517151,-0.16314697265625,-0.32574462890625,-0.96441650390625
1773063133162188800,44.61761260032654,-0.2825927734375,-0.3718414306640625,-0.96612548828125
1773063133172244736,44.627668619155884,-0.243438720703125,-0.3768768310546875,-0.939178466796875
1773063133182300928,44.63772463798523,-0.2179718017578125,-0.3529510498046875,-0.958984375
1773063133192355840,44.64777970314026,-0.2366943359375,-0.3590087890625,-0.978790283203125
1773063133202411776,44.657835721969604,-0.242706298828125,-0.360595703125,-0.9636993408203125
1773063133212466688,44.667890548706055,-0.2231903076171875,-0.4127349853515625,-0.93145751953125
1773063133222522624,44.6779465675354,-0.19879150390625,-0.4668121337890625,-0.8976287841796875
1773063133232578816,44.688002586364746,-0.173431396484375,-0.471160888671875,-0.8873443603515625
1773063133242633728,44.698057651519775,-0.13330078125,-0.431121826171875,-0.8931121826171875
1773063133252689920,44.70811367034912,-0.133636474609375,-0.414764404296875,-0.910125732421875
1773063133262745856,44.71816968917847,-0.1631622314453125,-0.422882080078125,-0.92095947265625
1773063133272801024,44.728224754333496,-0.212493896484375,-0.447967529296875,-0.9368438720703125
1773063133282856704,44.73828053474426,-0.2026214599609375,-0.384246826171875,-0.9396820068359375
1773063133292911872,44.74833559989929,-0.1860198974609375,-0.382354736328125,-0.9189300537109375
1773063133302967808,44.75839161872864,-0.171844482421875,-0.445892333984375,-0.888824462890625
1773063133313023744,44.76844763755798,-0.150054931640625,-0.4849700927734375,-0.87127685546875
1773063133323078912,44.77850270271301,-0.1431427001953125,-0.494293212890625,-0.8482513427734375
1773063133333134848,44.78855872154236,-0.148956298828125,-0.4573516845703125,-0.8370361328125
1773063133343190784,44.798614740371704,-0.1689910888671875,-0.41796875,-0.812286376953125
1773063133353245696,44.808669567108154,-0.1869354248046875,-0.443023681640625,-0.7888946533203125
1773063133363301632,44.8187255859375,-0.14739990234375,-0.510650634765625,-0.7640533447265625
1773063133373357824,44.828781604766846,-0.09454345703125,-0.552215576171875,-0.7606658935546875
1773063133383412736,44.838836669921875,-0.0321197509765625,-0.5337371826171875,-0.811859130859375
1773063133393469184,44.8488929271698,0.0189361572265625,-0.385650634765625,-0.8515167236328125
1773063133403524096,44.85894799232483,-0.04803466796875,-0.264678955078125,-0.8355712890625
1773063133413580288,44.869004011154175,-0.083892822265625,-0.2583770751953125,-0.8724365234375
1773063133423635968,44.87905979156494,-0.0469512939453125,-0.299041748046875,-0.816253662109375
1773063133433691136,44.88911485671997,-0.0153656005859375,-0.3865203857421875,-0.8171234130859375
1773063133443747072,44.899170875549316,-0.0364227294921875,-0.458953857421875,-0.8324737548828125
1773063133453803008,44.90922689437866,-0.0479583740234375,-0.475799560546875,-0.8371124267578125
1773063133463858176,44.91928195953369,-0.0260772705078125,-0.4418792724609375,-0.8423919677734375
1773063133473914112,44.92933797836304,-0.05999755859375,-0.4180450439453125,-0.865142822265625
1773063133483969024,44.93939280509949,-0.130828857421875,-0.4468536376953125,-0.8965606689453125
1773063133494024960,44.94944882392883,-0.174530029296875,-0.4641876220703125,-0.9166107177734375
1773063133504080896,44.95950484275818,-0.1000518798828125,-0.40869140625,-0.9177398681640625
1773063133514136064,44.96955990791321,-0.0752410888671875,-0.416748046875,-0.9250335693359375
1773063133524192000,44.979615926742554,-0.1422119140625,-0.460418701171875,-0.9556121826171875
1773063133534248192,44.9896719455719,-0.1220245361328125,-0.433197021484375,-0.966400146484375
1773063133544303104,44.99972701072693,-0.1267852783203125,-0.3881072998046875,-0.978240966796875
1773063133554359040,45.009782791137695,-0.149932861328125,-0.340362548828125,-0.9872589111328125
1773063133564414976,45.01983880996704,-0.1690521240234375,-0.3218994140625,-0.980316162109375
1773063133574470144,45.02989387512207,-0.1971435546875,-0.36029052734375,-0.9700927734375
1773063133584526080,45.039949893951416,-0.246307373046875,-0.4215240478515625,-0.9558258056640625
1773063133594581248,45.050004959106445,-0.22930908203125,-0.4212799072265625,-0.91754150390625
1773063133604637184,45.06006097793579,-0.164581298828125,-0.3739166259765625,-0.8777313232421875
1773063133614693120,45.07011699676514,-0.176177978515625,-0.3983154296875,-0.8590850830078125
1773063133624748032,45.08017182350159,-0.252410888671875,-0.4880523681640625,-0.8326568603515625
1773063133634803968,45.09022784233093,-0.0374755859375,-0.3414764404296875,-0.80023193359375
1773063133644859904,45.10028386116028,-0.095184326171875,-0.3697662353515625,-0.89276123046875
1773063133654915072,45.11033892631531,-0.2208404541015625,-0.4450836181640625,-0.9087677001953125
1773063133664971008,45.12039494514465,-0.1946563720703125,-0.443267822265625,-0.8681793212890625
1773063133675026176,45.13045001029968,-0.1699676513671875,-0.4385223388671875,-0.841949462890625
1773063133685081856,45.14050579071045,-0.115142822265625,-0.3321685791015625,-0.8514404296875
1773063133695138048,45.150561809539795,-0.1056365966796875,-0.209808349609375,-0.8908538818359375
1773063133705192960,45.160616874694824,-0.181549072265625,-0.2534637451171875,-0.913055419921875
1773063133715249152,45.17067289352417,-0.179595947265625,-0.3851165771484375,-0.922149658203125
1773063133725305088,45.180728912353516,-0.09912109375,-0.4028778076171875,-0.968353271484375
1773063133735360256,45.190783977508545,-0.103973388671875,-0.29547119140625,-1.00390625
1773063133745416192,45.20083999633789,-0.0926513671875,-0.2195587158203125,-0.997100830078125
1773063133755471104,45.21089482307434,-0.0929107666015625,-0.2337646484375,-1.004608154296875
1773063133765527040,45.22095084190369,-0.0973052978515625,-0.29296875,-0.9933929443359375
1773063133775582976,45.23100686073303,-0.0876922607421875,-0.3195343017578125,-0.9788665771484375
1773063133785638144,45.24106192588806,-0.097412109375,-0.3163299560546875,-0.9812774658203125
1773063133795694080,45.25111794471741,-0.1180419921875,-0.317352294921875,-0.9618988037109375
1773063133805750016,45.26117396354675,-0.133270263671875,-0.3172149658203125,-0.9422149658203125
1773063133815804928,45.2712287902832,-0.1431884765625,-0.301910400390625,-0.9333038330078125
1773063133825860864,45.28128480911255,-0.1540069580078125,-0.289276123046875,-0.9292144775390625
1773063133835917056,45.291340827941895,-0.154388427734375,-0.2631988525390625,-0.929901123046875
1773063133845971968,45.301395893096924,-0.1798858642578125,-0.2481689453125,-0.9403839111328125
1773063133856028160,45.31145191192627,-0.206939697265625,-0.26129150390625,-0.9244232177734375
1773063133866083072,45.3215069770813,-0.208038330078125,-0.2972564697265625,-0.9310302734375
1773063133876139264,45.331562995910645,-0.2209014892578125,-0.3230133056640625,-0.94256591796875
1773063133886195200,45.34161901473999,-0.224334716796875,-0.3302154541015625,-0.9482269287109375
1773063133896250112,45.35167384147644,-0.218414306640625,-0.3341522216796875,-0.95526123046875
1773063133906306048,45.361729860305786,-0.2110748291015625,-0.338958740234375,-0.95135498046875
1773063133916361984,45.37178587913513,-0.20220947265625,-0.3510589599609375,-0.938385009765625
1773063133926417152,45.38184094429016,-0.1985626220703125,-0.3845672607421875,-0.9299468994140625
1773063133936473088,45.39189696311951,-0.1984710693359375,-0.4043121337890625,-0.9043731689453125
1773063133946528000,45.40195178985596,-0.2038116455078125,-0.4064483642578125,-0.893463134765625
1773063133956583936,45.4120078086853,-0.2102203369140625,-0.395721435546875,-0.8883514404296875
1773063133966639872,45.42206382751465,-0.21307373046875,-0.378814697265625,-0.879547119140625
1773063133976695040,45.43211889266968,-0.21258544921875,-0.3896484375,-0.876617431640625
1773063133986750976,45.44217491149902,-0.2001953125,-0.4119415283203125,-0.8617706298828125
1773063133996807168,45.45223093032837,-0.1931304931640625,-0.4432373046875,-0.84844970703125
1773063134006862080,45.4622859954834,-0.1953582763671875,-0.462677001953125,-0.8509063720703125
1773063134016918272,45.472342014312744,-0.2137451171875,-0.4159393310546875,-0.8738861083984375
1773063134026973952,45.48239779472351,-0.215362548828125,-0.3021392822265625,-0.9200897216796875
1773063134037029120,45.49245285987854,-0.206878662109375,-0.2281341552734375,-0.9426116943359375
1773063134047085056,45.502508878707886,-0.2165069580078125,-0.279693603515625,-0.936126708984375
1773063134057140224,45.512563943862915,-0.217620849609375,-0.3800811767578125,-0.910919189453125
1773063134067196160,45.52261996269226,-0.2116546630859375,-0.4370880126953125,-0.8936614990234375
1773063134077252096,45.532675981521606,-0.2205047607421875,-0.4564056396484375,-0.8804779052734375
1773063134087307008,45.54273080825806,-0.2347412109375,-0.4560699462890625,-0.872650146484375
1773063134097362944,45.5527868270874,-0.2357025146484375,-0.4411163330078125,-0.87860107421875
1773063134107419136,45.56284284591675,-0.236328125,-0.410736083984375,-0.892608642578125
1773063134117474048,45.57289791107178,-0.2437286376953125,-0.390167236328125,-0.9010009765625
1773063134127529984,45.58295392990112,-0.2511749267578125,-0.3875579833984375,-0.882080078125
1773063134137585152,45.59300899505615,-0.2534027099609375,-0.4009552001953125,-0.8649444580078125
1773063134147641088,45.6030650138855,-0.253814697265625,-0.4377899169921875,-0.851043701171875
1773063134157697024,45.613120794296265,-0.2548980712890625,-0.4676513671875,-0.8398284912109375
1773063134167751936,45.623175859451294,-0.2580413818359375,-0.4693450927734375,-0.83465576171875
1773063134177808128,45.63323187828064,-0.266357421875,-0.4451141357421875,-0.835906982421875
1773063134187864064,45.643287897109985,-0.272430419921875,-0.4417266845703125,-0.8409423828125
1773063134197919232,45.653342962265015,-0.27490234375,-0.4500274658203125,-0.84478759765625
1773063134207975168,45.66339898109436,-0.27734375,-0.452606201171875,-0.8484344482421875
1773063134218031104,45.673454999923706,-0.2775421142578125,-0.4484405517578125,-0.8497161865234375
1773063134228086016,45.683509826660156,-0.27801513671875,-0.4435272216796875,-0.8538360595703125
1773063134238141952,45.6935658454895,-0.2777862548828125,-0.4426727294921875,-0.85748291015625
1773063134248197120,45.70362091064453,-0.2763824462890625,-0.43438720703125,-0.8675079345703125
1773063134258253056,45.71367692947388,-0.273284912109375,-0.406219482421875,-0.8748931884765625
1773063134268308992,45.72373294830322,-0.26904296875,-0.400543212890625,-0.87872314453125
1773063134278364160,45.73378801345825,-0.2616119384765625,-0.4124603271484375,-0.8792572021484375
1773063134288419840,45.74384379386902,-0.2534332275390625,-0.4098052978515625,-0.8770751953125
1773063134298476032,45.753899812698364,-0.246368408203125,-0.4155120849609375,-0.8763275146484375
1773063134308530944,45.763954877853394,-0.2430572509765625,-0.4171905517578125,-0.8778228759765625
1773063134318587136,45.77401089668274,-0.2444915771484375,-0.408966064453125,-0.8726348876953125
1773063134328642048,45.78406596183777,-0.24298095703125,-0.4007568359375,-0.87042236328125
1773063134338698240,45.794121980667114,-0.2411956787109375,-0.405914306640625,-0.8722381591796875
1773063134348754176,45.80417799949646,-0.237518310546875,-0.417510986328125,-0.8700103759765625
1773063134358809088,45.81423282623291,-0.2407684326171875,-0.422119140625,-0.8665771484375
1773063134368865024,45.824288845062256,-0.244140625,-0.4228515625,-0.8651580810546875
1773063134378920960,45.8343448638916,-0.2438507080078125,-0.4210052490234375,-0.8669891357421875
1773063134388975872,45.84439969062805,-0.24493408203125,-0.4252166748046875,-0.87005615234375
1773063134399031808,45.8544557094574,-0.24310302734375,-0.4226226806640625,-0.8679351806640625
1773063134409088000,45.86451172828674,-0.24462890625,-0.4219207763671875,-0.866119384765625
1773063134419142912,45.87456679344177,-0.245208740234375,-0.424652099609375,-0.861602783203125
1773063134429198848,45.88462257385254,-0.251190185546875,-0.4266815185546875,-0.8630828857421875
1773063134439253760,45.89467763900757,-0.25445556640625,-0.43212890625,-0.8619384765625
1773063134449309952,45.904733657836914,-0.25604248046875,-0.4347076416015625,-0.8643341064453125
1773063134459365888,45.91478967666626,-0.258331298828125,-0.4324188232421875,-0.86761474609375
1773063134469420800,45.92484474182129,-0.258453369140625,-0.4266510009765625,-0.8696746826171875
1773063134479476992,45.934900760650635,-0.2577972412109375,-0.4325408935546875,-0.865997314453125
1773063134489532928,45.94495677947998,-0.2552642822265625,-0.4382781982421875,-0.859039306640625
1773063134499587840,45.95501160621643,-0.2519989013671875,-0.433258056640625,-0.858734130859375
1773063134509643776,45.965067625045776,-0.2484283447265625,-0.4204254150390625,-0.855926513671875
1773063134519698944,45.975122690200806,-0.2475128173828125,-0.4214935302734375,-0.8572540283203125
1773063134529754880,45.98517870903015,-0.2490081787109375,-0.4254913330078125,-0.8581695556640625
1773063134539810816,45.9952347278595,-0.2521209716796875,-0.432037353515625,-0.8607025146484375
1773063134549865984,46.005289793014526,-0.2497711181640625,-0.430999755859375,-0.86346435546875
1773063134559921664,46.01534557342529,-0.25103759765625,-0.4280242919921875,-0.8668060302734375
1773063134569977856,46.02540159225464,-0.25360107421875,-0.42706298828125,-0.864471435546875
1773063134580032768,46.03545665740967,-0.25604248046875,-0.4348297119140625,-0.8629608154296875
1773063134590088960,46.045512676239014,-0.2601470947265625,-0.4428863525390625,-0.8594970703125
1773063134600144896,46.05556869506836,-0.262237548828125,-0.438995361328125,-0.859039306640625
1773063134610199808,46.06562376022339,-0.2635040283203125,-0.429351806640625,-0.8596954345703125
1773063134620256000,46.075679779052734,-0.2652740478515625,-0.421234130859375,-0.8609771728515625
1773063134630310656,46.085734605789185,-0.2642822265625,-0.4216766357421875,-0.864776611328125
1773063134640366848,46.09579062461853,-0.2628021240234375,-0.43145751953125,-0.8652191162109375
1773063134650422784,46.105846643447876,-0.26177978515625,-0.430633544921875,-0.8621673583984375
1773063134660477952,46.115901708602905,-0.26202392578125,-0.4255218505859375,-0.86572265625
1773063134670533888,46.12595772743225,-0.263824462890625,-0.4261932373046875,-0.86395263671875
1773063134680589824,46.1360137462616,-0.2629852294921875,-0.4249267578125,-0.8659210205078125
1773063134690644736,46.14606857299805,-0.2618255615234375,-0.4236297607421875,-0.86627197265625
1773063134700700672,46.15612459182739,-0.2615203857421875,-0.4278106689453125,-0.8607025146484375
1773063134710755840,46.16617965698242,-0.2598419189453125,-0.4349212646484375,-0.85748291015625
1773063134720811776,46.17623567581177,-0.2577362060546875,-0.434478759765625,-0.85833740234375
1773063134730867968,46.18629169464111,-0.2598724365234375,-0.4305572509765625,-0.856964111328125
1773063134740922880,46.19634675979614,-0.2595367431640625,-0.4258270263671875,-0.8589935302734375
1773063134750979072,46.20640277862549,-0.2616119384765625,-0.4266357421875,-0.8646392822265625
1773063134761035008,46.216458797454834,-0.2625732421875,-0.4321746826171875,-0.867828369140625
1773063134771089920,46.226513624191284,-0.2586822509765625,-0.434173583984375,-0.8631744384765625
1773063134781145856,46.23656964302063,-0.2547149658203125,-0.4346923828125,-0.8547821044921875
1773063134791201792,46.246625661849976,-0.2559814453125,-0.4376068115234375,-0.852020263671875
1773063134801256960,46.256680727005005,-0.257049560546875,-0.444549560546875,-0.851806640625
1773063134811312896,46.26673674583435,-0.2561492919921875,-0.439910888671875,-0.855987548828125
1773063134821368064,46.27679181098938,-0.257415771484375,-0.4277801513671875,-0.8575897216796875
1773063134831423744,46.28684759140015,-0.256500244140625,-0.422271728515625,-0.8667144775390625
1773063134841479680,46.29690361022949,-0.25738525390625,-0.41943359375,-0.8701019287109375
1773063134851534848,46.30695867538452,-0.2557830810546875,-0.4132232666015625,-0.871063232421875
1773063134861590784,46.31701469421387,-0.2572174072265625,-0.41339111328125,-0.8697967529296875
1773063134871646976,46.32707071304321,-0.255523681640625,-0.4214935302734375,-0.867279052734375
1773063134881701888,46.33712577819824,-0.2581634521484375,-0.423004150390625,-0.8684844970703125
1773063134891758080,46.34718179702759,-0.258514404296875,-0.41961669921875,-0.8722381591796875
1773063134901813760,46.357237577438354,-0.25714111328125,-0.4190216064453125,-0.8683624267578125
1773063134911868928,46.367292642593384,-0.25701904296875,-0.4246063232421875,-0.8665618896484375
1773063134921924864,46.37734866142273,-0.2563934326171875,-0.427154541015625,-0.87158203125
1773063134931979776,46.38740372657776,-0.258544921875,-0.4188079833984375,-0.87615966796875
1773063134942035968,46.397459745407104,-0.2579803466796875,-0.4127044677734375,-0.8791961669921875
1773063134952091904,46.40751576423645,-0.2574310302734375,-0.40576171875,-0.8773040771484375
1773063134962146816,46.4175705909729,-0.257965087890625,-0.4081878662109375,-0.866241455078125
1773063134972202752,46.427626609802246,-0.259002685546875,-0.429107666015625,-0.8574981689453125
1773063134982258688,46.43768262863159,-0.260101318359375,-0.447845458984375,-0.8495635986328125
1773063134992313856,46.44773769378662,-0.2628173828125,-0.4497833251953125,-0.8490447998046875
1773063135002369792,46.45779371261597,-0.2666015625,-0.4460601806640625,-0.849884033203125
1773063135012424960,46.467848777770996,-0.2664337158203125,-0.44952392578125,-0.8443603515625
1773063135022480896,46.47790479660034,-0.2649688720703125,-0.4596405029296875,-0.8349456787109375
1773063135032536832,46.48796057701111,-0.26519775390625,-0.4724273681640625,-0.8241424560546875
1773063135042591744,46.49801564216614,-0.26531982421875,-0.47711181640625,-0.8216552734375
1773063135052647936,46.50807166099548,-0.2646484375,-0.4721832275390625,-0.82891845703125
1773063135062703872,46.51812767982483,-0.2650604248046875,-0.45513916015625,-0.8344268798828125
1773063135072759040,46.52818274497986,-0.26678466796875,-0.44525146484375,-0.8410797119140625
1773063135082814976,46.538238763809204,-0.2671661376953125,-0.439605712890625,-0.8424224853515625
1773063135092870912,46.54829478263855,-0.2657623291015625,-0.4413299560546875,-0.8473052978515625
1773063135102925824,46.558349609375,-0.2677764892578125,-0.443450927734375,-0.85211181640625
1773063135112981760,46.568405628204346,-0.271240234375,-0.440826416015625,-0.85833740234375
1773063135123036928,46.578460693359375,-0.27392578125,-0.443206787109375,-0.8671722412109375
1773063135133092864,46.58851671218872,-0.276092529296875,-0.4351654052734375,-0.8722076416015625
1773063135143148800,46.598572731018066,-0.278533935546875,-0.422607421875,-0.86724853515625
1773063135153203968,46.608627796173096,-0.2740020751953125,-0.4263916015625,-0.8585357666015625
1773063135163259648,46.61868357658386,-0.2701416015625,-0.4349822998046875,-0.8519439697265625
1773063135173315840,46.62873959541321,-0.2668914794921875,-0.438751220703125,-0.8441009521484375
1773063135183370752,46.63879466056824,-0.265533447265625,-0.449981689453125,-0.844573974609375
1773063135193426944,46.64885067939758,-0.26531982421875,-0.4564666748046875,-0.8476715087890625
1773063135203481856,46.65890574455261,-0.2650299072265625,-0.4576568603515625,-0.8464813232421875
1773063135213538048,46.66896176338196,-0.2635040283203125,-0.4571380615234375,-0.845123291015625
1773063135223593984,46.679017782211304,-0.263763427734375,-0.4591217041015625,-0.8427734375
1773063135233648896,46.689072608947754,-0.26409912109375,-0.459808349609375,-0.8399200439453125
1773063135243704832,46.6991286277771,-0.263641357421875,-0.451690673828125,-0.842041015625
1773063135253760768,46.709184646606445,-0.2665863037109375,-0.4411468505859375,-0.8494110107421875
1773063135263815936,46.719239711761475,-0.2689208984375,-0.445037841796875,-0.8561248779296875
1773063135273871872,46.72929573059082,-0.27117919921875,-0.44757080078125,-0.8609161376953125
1773063135283927808,46.739351749420166,-0.272674560546875,-0.442535400390625,-0.85675048828125
1773063135293982720,46.749406576156616,-0.2786407470703125,-0.44696044921875,-0.8520660400390625
1773063135304038656,46.75946259498596,-0.2774200439453125,-0.454254150390625,-0.8468170166015625
1773063135314093824,46.76951766014099,-0.2747039794921875,-0.45269775390625,-0.844512939453125
1773063135324149760,46.77957367897034,-0.274566650390625,-0.4498291015625,-0.8431549072265625
1773063135334205952,46.78962969779968,-0.271820068359375,-0.4472808837890625,-0.8439178466796875
1773063135344260864,46.79968476295471,-0.27191162109375,-0.4460906982421875,-0.840911865234375
1773063135354317056,46.80974078178406,-0.271484375,-0.4510040283203125,-0.842498779296875
1773063135364372992,46.8197968006134,-0.270721435546875,-0.455322265625,-0.84515380859375
1773063135374427904,46.82985162734985,-0.26953125,-0.4572601318359375,-0.8465728759765625
1773063135384483840,46.8399076461792,-0.269622802734375,-0.4537811279296875,-0.848785400390625
1773063135394538752,46.84996271133423,-0.268280029296875,-0.4464263916015625,-0.8490142822265625
1773063135404594944,46.860018730163574,-0.2659149169921875,-0.44873046875,-0.85345458984375
1773063135414650880,46.87007474899292,-0.2634429931640625,-0.449737548828125,-0.855499267578125
1773063135424705792,46.88012957572937,-0.2629241943359375,-0.4461822509765625,-0.8531951904296875
1773063135434761728,46.890185594558716,-0.2639312744140625,-0.4417724609375,-0.85198974609375
1773063135444817664,46.90024161338806,-0.2670745849609375,-0.4398956298828125,-0.851409912109375
1773063135454872832,46.91029667854309,-0.2667083740234375,-0.444183349609375,-0.8501129150390625
1773063135464928768,46.92035269737244,-0.2683563232421875,-0.44024658203125,-0.8486175537109375
1773063135474984960,46.93040871620178,-0.2672271728515625,-0.43975830078125,-0.849456787109375
1773063135485039616,46.94046354293823,-0.2671661376953125,-0.4413299560546875,-0.851104736328125
1773063135495095808,46.95051956176758,-0.268157958984375,-0.4394073486328125,-0.8525390625
1773063135505150720,46.96057462692261,-0.2704620361328125,-0.43890380859375,-0.85675048828125
1773063135515206912,46.97063064575195,-0.270843505859375,-0.43511962890625,-0.85491943359375
1773063135525262848,46.9806866645813,-0.271026611328125,-0.4398345947265625,-0.855682373046875
1773063135535318016,46.99074172973633,-0.2722625732421875,-0.443084716796875,-0.853729248046875
1773063135545373952,47.000797748565674,-0.272705078125,-0.43829345703125,-0.85260009765625
1773063135555429888,47.01085376739502,-0.274566650390625,-0.4382171630859375,-0.851104736328125
1773063135565484800,47.02090859413147,-0.2747039794921875,-0.4425048828125,-0.8523712158203125
1773063135575540736,47.030964612960815,-0.27392578125,-0.4392852783203125,-0.8552093505859375
1773063135585596672,47.04102063179016,-0.27557373046875,-0.43048095703125,-0.855010986328125
1773063135595651840,47.05107569694519,-0.2757720947265625,-0.4318695068359375,-0.855926513671875
1773063135605707776,47.061131715774536,-0.2765655517578125,-0.435302734375,-0.852020263671875
1773063135615762688,47.071186542510986,-0.2767486572265625,-0.441680908203125,-0.8500518798828125
1773063135625818624,47.08124256134033,-0.2778167724609375,-0.443634033203125,-0.85052490234375
1773063135635874816,47.09129858016968,-0.277496337890625,-0.4442596435546875,-0.8502960205078125
1773063135645929728,47.10135364532471,-0.278350830078125,-0.443023681640625,-0.849884033203125
1773063135655985920,47.11140966415405,-0.279205322265625,-0.4398040771484375,-0.852691650390625
1773063135666041856,47.1214656829834,-0.279815673828125,-0.4302520751953125,-0.858001708984375
1773063135676097024,47.13152074813843,-0.2811126708984375,-0.41497802734375,-0.8591461181640625
1773063135686152960,47.14157676696777,-0.2775115966796875,-0.41961669921875,-0.85894775390625
1773063135696207872,47.151631593704224,-0.2717742919921875,-0.431640625,-0.8537139892578125
1773063135706263808,47.16168761253357,-0.2689361572265625,-0.4398345947265625,-0.8512725830078125
1773063135716319744,47.171743631362915,-0.270904541015625,-0.446441650390625,-0.850433349609375
1773063135726374912,47.181798696517944,-0.271514892578125,-0.4460906982421875,-0.849639892578125
1773063135736430848,47.19185471534729,-0.27197265625,-0.43994140625,-0.8480224609375
1773063135746486784,47.201910734176636,-0.272705078125,-0.4358673095703125,-0.8492431640625
1773063135756541696,47.211965560913086,-0.273773193359375,-0.4320526123046875,-0.8552703857421875
1773063135766597632,47.22202157974243,-0.275604248046875,-0.425628662109375,-0.8574371337890625
1773063135776653824,47.23207759857178,-0.2746124267578125,-0.427947998046875,-0.8578948974609375
1773063135786708736,47.24213266372681,-0.2726898193359375,-0.4356689453125,-0.8560791015625
1773063135796764928,47.25218868255615,-0.2691802978515625,-0.4463653564453125,-0.8509521484375
1773063135806819840,47.26224374771118,-0.26531982421875,-0.450531005859375,-0.8448333740234375
1773063135816876032,47.27229976654053,-0.2645263671875,-0.454620361328125,-0.8372650146484375
1773063135826931712,47.282355546951294,-0.2633819580078125,-0.458587646484375,-0.83636474609375
1773063135836986880,47.29241061210632,-0.258697509765625,-0.4579620361328125,-0.8464202880859375
1773063135847042816,47.30246663093567,-0.2631072998046875,-0.45489501953125,-0.85552978515625
1773063135857098752,47.312522649765015,-0.2653350830078125,-0.4597015380859375,-0.8751983642578125
1773063135867153920,47.322577714920044,-0.269775390625,-0.466461181640625,-0.885772705078125
1773063135877209856,47.33263373374939,-0.269287109375,-0.4560546875,-0.874267578125
1773063135887264768,47.34268856048584,-0.21868896484375,-0.4709930419921875,-0.8551025390625
1773063135897320704,47.352744579315186,-0.2803955078125,-0.7125244140625,-0.796356201171875
1773063135907376640,47.36280059814453,-0.18115234375,-0.5471038818359375,-0.8949432373046875
1773063135917431808,47.37285566329956,0.0055084228515625,-0.350494384765625,-0.9034423828125
1773063135927487744,47.382911682128906,-0.2266693115234375,-0.601654052734375,-0.8588409423828125
1773063135937543936,47.39296770095825,-0.1716156005859375,-0.512420654296875,-1.003326416015625
1773063135947598848,47.40302276611328,-0.2077484130859375,-0.47705078125,-1.04156494140625
1773063135957654784,47.41307854652405,-0.2598724365234375,-0.448486328125,-1.038421630859375
1773063135967710720,47.423134565353394,-0.2254638671875,-0.3966217041015625,-1.0352630615234375
1773063135977765888,47.43318963050842,-0.2081756591796875,-0.40771484375,-1.057342529296875
1773063135987821824,47.44324564933777,-0.189208984375,-0.449462890625,-1.0619049072265625
1773063135997876992,47.4533007144928,-0.1423797607421875,-0.5243682861328125,-1.0936737060546875
1773063136007932928,47.463356733322144,-0.0031280517578125,-0.4669036865234375,-0.9237823486328125
1773063136017988864,47.47341275215149,0.01361083984375,-0.3747100830078125,-0.9691314697265625
1773063136028043776,47.48346757888794,-0.1903533935546875,-0.2007598876953125,-1.1083526611328125
1773063136038099712,47.493523597717285,-0.3298797607421875,-0.1569061279296875,-1.0709075927734375
1773063136048155904,47.50357961654663,-0.3436431884765625,-0.1160125732421875,-1.1357421875
1773063136058210816,47.51363468170166,-0.3277435302734375,-0.116790771484375,-1.160888671875
1773063136068266752,47.523690700531006,-0.3186187744140625,-0.176116943359375,-1.1810150146484375
1773063136078321920,47.533745765686035,-0.3030853271484375,-0.2308807373046875,-1.1798858642578125
1773063136088377600,47.5438015460968,-0.3206329345703125,-0.292205810546875,-1.1479644775390625
1773063136098433792,47.55385756492615,-0.3571624755859375,-0.3435821533203125,-1.144317626953125
1773063136108488704,47.56391263008118,-0.4030914306640625,-0.346099853515625,-1.1596527099609375
1773063136118544896,47.57396864891052,-0.459808349609375,-0.33453369140625,-1.1850128173828125
1773063136128600832,47.58402466773987,-0.506072998046875,-0.3500213623046875,-1.190155029296875
1773063136138656000,47.5940797328949,-0.5252227783203125,-0.3843231201171875,-1.1607513427734375
1773063136148711936,47.60413575172424,-0.53857421875,-0.41168212890625,-1.1200408935546875
1773063136158767616,47.61419153213501,-0.558837890625,-0.427001953125,-1.076324462890625
1773063136168822784,47.62424659729004,-0.58599853515625,-0.4491424560546875,-1.0368804931640625
1773063136178878720,47.634302616119385,-0.61041259765625,-0.4641571044921875,-1.00457763671875
1773063136188933888,47.644357681274414,-0.6322784423828125,-0.462493896484375,-0.972198486328125
1773063136198989824,47.65441370010376,-0.64398193359375,-0.451324462890625,-0.9413604736328125
1773063136209045760,47.664469718933105,-0.6489105224609375,-0.4541015625,-0.8936004638671875
1773063136219100672,47.674524545669556,-0.6445465087890625,-0.458251953125,-0.856781005859375
1773063136229156608,47.6845805644989,-0.6414031982421875,-0.477020263671875,-0.796966552734375
1773063136239212800,47.69463658332825,-0.6444854736328125,-0.5101470947265625,-0.72821044921875
1773063136249267712,47.704691648483276,-0.6471099853515625,-0.5316314697265625,-0.6740570068359375
1773063136259323904,47.71474766731262,-0.6523284912109375,-0.535186767578125,-0.6412811279296875
1773063136269378816,47.72480273246765,-0.6506500244140625,-0.52532958984375,-0.6010589599609375
1773063136279435008,47.734858751297,-0.6659698486328125,-0.542938232421875,-0.54241943359375
1773063136289490688,47.744914531707764,-0.6624755859375,-0.562042236328125,-0.5429840087890625
1773063136299545856,47.75496959686279,-0.6614990234375,-0.5277862548828125,-0.496551513671875
1773063136309601792,47.76502561569214,-0.6565399169921875,-0.523895263671875,-0.4493255615234375
1773063136319657728,47.775081634521484,-0.656707763671875,-0.5289764404296875,-0.4011077880859375
1773063136329712896,47.785136699676514,-0.64556884765625,-0.5091705322265625,-0.3704681396484375
1773063136339768832,47.79519271850586,-0.688018798828125,-0.533447265625,-0.371429443359375
1773063136349825024,47.805248737335205,-0.6033172607421875,-0.624114990234375,-0.321044921875
1773063136359879680,47.815303564071655,-0.6992034912109375,-0.4321441650390625,-0.266937255859375
1773063136369935872,47.825359582901,-0.863677978515625,-0.439788818359375,-0.2350921630859375
1773063136379990784,47.83541464805603,-0.7491302490234375,-0.530426025390625,-0.200927734375
1773063136390046720,47.845470666885376,-0.7146759033203125,-0.536865234375,-0.1507568359375
1773063136400102912,47.85552668571472,-0.7847442626953125,-0.4925079345703125,-0.1306915283203125
1773063136410157824,47.86558175086975,-0.7991790771484375,-0.48394775390625,-0.10137939453125
1773063136420213760,47.87563753128052,-0.8142547607421875,-0.4933929443359375,-0.05816650390625
1773063136430269696,47.88569355010986,-0.8358612060546875,-0.4920654296875,-0.0225982666015625
1773063136440324864,47.89574861526489,-0.8494873046875,-0.4751129150390625,-0.0064849853515625
1773063136450380800,47.90580463409424,-0.8618927001953125,-0.4596710205078125,0.0389862060546875
1773063136460435968,47.91585969924927,-0.884063720703125,-0.448577880859375,0.0537261962890625
1773063136470491904,47.92591571807861,-0.9056549072265625,-0.4337005615234375,0.0673675537109375
1773063136480547840,47.93597173690796,-0.9175262451171875,-0.422210693359375,0.064422607421875
1773063136490602752,47.94602656364441,-0.921234130859375,-0.4376678466796875,0.023681640625
1773063136500658688,47.956082582473755,-0.9374542236328125,-0.4377899169921875,-0.0526275634765625
1773063136510714880,47.9661386013031,-0.957916259765625,-0.440155029296875,-0.1631317138671875
1773063136520769792,47.97619366645813,-0.9654388427734375,-0.4765625,-0.240447998046875
1773063136530825728,47.986249685287476,-0.9125518798828125,-0.4951934814453125,-0.2563934326171875
1773063136540881920,47.99630570411682,-0.8155364990234375,-0.443572998046875,-0.24267578125
1773063136550936832,48.00636076927185,-0.7222442626953125,-0.2777862548828125,-0.207611083984375
1773063136560992768,48.01641654968262,-0.7346343994140625,-0.077880859375,-0.1945648193359375
1773063136571047680,48.02647161483765,-0.842987060546875,0.106964111328125,-0.1488189697265625
1773063136581103872,48.03652763366699,-0.9387054443359375,0.1892242431640625,-0.02178955078125
1773063136591159808,48.04658365249634,-0.942718505859375,0.143463134765625,0.1436614990234375
1773063136601214976,48.05663871765137,-0.90228271484375,0.0580596923828125,0.2704620361328125
1773063136611270912,48.06669473648071,-0.8016815185546875,-0.0146484375,0.355987548828125
1773063136621326848,48.07675075531006,-0.882781982421875,-0.109100341796875,0.2566375732421875
1773063136631381760,48.08680558204651,-1.1714324951171875,-0.087646484375,0.31951904296875
1773063136641437696,48.096861600875854,-0.734527587890625,0.131195068359375,0.300079345703125
1773063136651492864,48.106916666030884,-0.7552032470703125,0.1939544677734375,0.3761749267578125
1773063136661548800,48.11697268486023,-0.8732757568359375,0.14239501953125,0.352020263671875
1773063136671604992,48.127028703689575,-0.816192626953125,0.2307281494140625,0.417755126953125
1773063136681659904,48.137083768844604,-0.80303955078125,0.3141632080078125,0.49462890625
1773063136691715840,48.14713954925537,-0.8404388427734375,0.29229736328125,0.543304443359375
1773063136701771776,48.15719556808472,-0.885406494140625,0.243194580078125,0.5675048828125
1773063136711826688,48.167250633239746,-0.8941802978515625,0.251373291015625,0.6317138671875
1773063136721882880,48.17730665206909,-0.8812103271484375,0.282318115234375,0.670745849609375
1773063136731938816,48.18736267089844,-0.860504150390625,0.274627685546875,0.6554718017578125
1773063136741993984,48.19741773605347,-0.815673828125,0.2929840087890625,0.636199951171875
1773063136752049920,48.20747375488281,-0.771026611328125,0.32147216796875,0.6210174560546875
1773063136762104832,48.21752858161926,-0.7297821044921875,0.3422088623046875,0.6191864013671875
1773063136772160768,48.22758460044861,-0.703948974609375,0.34051513671875,0.608428955078125
1773063136782216704,48.237640619277954,-0.717071533203125,0.3226165771484375,0.61041259765625
1773063136792271872,48.24769568443298,-0.7396697998046875,0.3183441162109375,0.6719970703125
1773063136802327808,48.25775170326233,-0.762725830078125,0.2982177734375,0.6994781494140625
1773063136812384000,48.267807722091675,-0.793243408203125,0.25994873046875,0.6839752197265625
1773063136822438656,48.277862548828125,-0.78729248046875,0.2151336669921875,0.6495208740234375
1773063136832494848,48.28791856765747,-0.744232177734375,0.2098541259765625,0.62432861328125
1773063136842550784,48.297974586486816,-0.7365875244140625,0.1880035400390625,0.57110595703125
1773063136852605696,48.308029651641846,-0.749786376953125,0.1480712890625,0.516876220703125
1773063136862661888,48.31808567047119,-0.75640869140625,0.1089324951171875,0.485382080078125
1773063136872716800,48.32814073562622,-0.757354736328125,0.0787353515625,0.647857666015625
1773063136882772992,48.338196754455566,-0.8095703125,0.1825714111328125,0.8038787841796875
1773063136892828672,48.34825253486633,-0.8541717529296875,0.1170501708984375,0.4848175048828125
1773063136902883840,48.35830760002136,-0.72869873046875,-0.228302001953125,0.3033905029296875
1773063136912939776,48.36836361885071,-0.6538543701171875,-0.16998291015625,0.1185455322265625
1773063136922995712,48.378419637680054,-0.6550140380859375,-0.0391387939453125,0.1146240234375
1773063136933050880,48.38847470283508,-0.64739990234375,0.045135498046875,0.033416748046875
1773063136943106816,48.39853072166443,-0.7540283203125,0.04754638671875,0.0815582275390625
1773063136953161728,48.40858554840088,-0.872039794921875,-0.0643463134765625,0.1550750732421875
1773063136963217664,48.418641567230225,-0.8495941162109375,-0.1662750244140625,0.236602783203125
1773063136973273856,48.42869758605957,-0.8091278076171875,-0.162200927734375,0.3433380126953125
1773063136983328768,48.4387526512146,-0.8036956787109375,-0.1260223388671875,0.4143218994140625
1773063136993384960,48.448808670043945,-0.782562255859375,-0.0844268798828125,0.417999267578125
1773063137003440896,48.45886468887329,-0.75250244140625,-0.028564453125,0.3913421630859375
1773063137013495808,48.46891975402832,-0.7269287109375,0.0244598388671875,0.3625640869140625
1773063137023551744,48.47897553443909,-0.720001220703125,0.0354461669921875,0.3582305908203125
1773063137033607680,48.48903155326843,-0.7274017333984375,-0.0023193359375,0.31591796875
1773063137043662848,48.49908661842346,-0.7403411865234375,-0.0225982666015625,0.308319091796875
1773063137053718784,48.50914263725281,-0.767120361328125,-0.0321502685546875,0.3700103759765625
1773063137063773952,48.51919770240784,-0.7980194091796875,-0.103118896484375,0.4320526123046875
1773063137073829888,48.52925372123718,-0.8311004638671875,-0.1962890625,0.496337890625
1773063137083885824,48.53930974006653,-0.8442535400390625,-0.2607421875,0.55609130859375
1773063137093940736,48.54936456680298,-0.82745361328125,-0.2985992431640625,0.5916595458984375
1773063137103996672,48.559420585632324,-0.8103485107421875,-0.328582763671875,0.6045684814453125
1773063137114052864,48.56947660446167,-0.7943115234375,-0.4266510009765625,0.7817535400390625
1773063137124107776,48.5795316696167,-0.734344482421875,-0.4557342529296875,0.8338470458984375
1773063137134163968,48.589587688446045,-0.6721038818359375,-0.2469940185546875,0.7901458740234375
1773063137144218880,48.599642753601074,-0.6466827392578125,0.0014495849609375,0.784912109375
1773063137154274816,48.60969853401184,-0.6628875732421875,0.1756744384765625,0.8163909912109375
1773063137164330752,48.61975455284119,-0.71881103515625,0.1438751220703125,0.7751922607421875
1773063137174385664,48.629809617996216,-0.76934814453125,0.0300445556640625,0.66595458984375
1773063137184441856,48.63986563682556,-0.7726287841796875,0.01776123046875,0.6150665283203125
1773063137194497792,48.64992165565491,-0.73297119140625,-0.0001373291015625,0.6283416748046875
1773063137204552960,48.65997672080994,-0.7107696533203125,-0.0558929443359375,0.60760498046875
1773063137214608896,48.67003273963928,-0.739501953125,-0.0728302001953125,0.5289306640625
1773063137224664832,48.68008875846863,-0.8114776611328125,-0.0191650390625,0.4749755859375
1773063137234719744,48.69014358520508,-0.9106903076171875,0.074249267578125,0.4239959716796875
1773063137244775680,48.700199604034424,-0.997955322265625,0.088623046875,0.393035888671875
1773063137254830848,48.71025466918945,-1.0273590087890625,-0.0146484375,0.4398651123046875
1773063137264886784,48.7203106880188,-1.024383544921875,-0.095550537109375,0.52081298828125
1773063137274942976,48.730366706848145,-1.00482177734375,-0.13946533203125,0.591827392578125
1773063137284997632,48.740421533584595,-0.9450531005859375,-0.1802825927734375,0.6401519775390625
1773063137295053824,48.75047755241394,-0.8499603271484375,-0.1977996826171875,0.6733245849609375
1773063137305109760,48.760533571243286,-0.7625885009765625,-0.170379638671875,0.6710052490234375
1773063137315164928,48.770588636398315,-0.708282470703125,-0.1184844970703125,0.6580047607421875
1773063137325220864,48.78064465522766,-0.675689697265625,-0.0781097412109375,0.652923583984375
1773063137335275776,48.79069972038269,-0.6474761962890625,-0.0740509033203125,0.6755523681640625
1773063137345331968,48.800755739212036,-0.6661529541015625,-0.0785369873046875,0.638885498046875
1773063137355387904,48.81081175804138,-0.712310791015625,-0.0396728515625,0.62750244140625
1773063137365442816,48.82086658477783,-0.7469635009765625,0.0408782958984375,0.591796875
1773063137375498752,48.83092260360718,-0.782440185546875,0.04730224609375,0.511962890625
1773063137385554688,48.84097862243652,-0.798095703125,-0.0617523193359375,0.490447998046875
1773063137395609600,48.851033449172974,-0.8104095458984375,-0.1563262939453125,0.4985504150390625
1773063137405665536,48.86108946800232,-0.8447113037109375,-0.174163818359375,0.5117950439453125
1773063137415721728,48.871145486831665,-0.878143310546875,-0.1806793212890625,0.51739501953125
1773063137425776640,48.881200551986694,-0.8866729736328125,-0.2132110595703125,0.5431671142578125
1773063137435832832,48.89125657081604,-0.8669891357421875,-0.2191925048828125,0.580596923828125
1773063137445887744,48.90131163597107,-0.842071533203125,-0.1238250732421875,0.60546875
1773063137455943936,48.911367654800415,-0.856536865234375,-0.048583984375,0.607879638671875
1773063137465999872,48.92142367362976,-0.889434814453125,-0.0784149169921875,0.570404052734375
1773063137476054784,48.93147850036621,-0.87847900390625,-0.1065216064453125,0.537109375
1773063137486110720,48.94153451919556,-0.8342742919921875,-0.1021728515625,0.5303955078125
1773063137496166656,48.9515905380249,-0.8158111572265625,-0.1226806640625,0.5031585693359375
1773063137506221824,48.96164560317993,-0.82586669921875,-0.15264892578125,0.4850311279296875
1773063137516277760,48.97170162200928,-0.8337554931640625,-0.1594696044921875,0.480438232421875
1773063137526332672,48.98175644874573,-0.8139801025390625,-0.1598968505859375,0.4920654296875
1773063137536388608,48.99181246757507,-0.7814788818359375,-0.15069580078125,0.541015625
1773063137546444544,49.00186848640442,-0.8049468994140625,-0.1038970947265625,0.53570556640625
1773063137556499712,49.01192355155945,-0.8917694091796875,-0.1015472412109375,0.513641357421875
1773063137566555648,49.021979570388794,-0.9478302001953125,-0.17254638671875,0.4900054931640625
1773063137576611840,49.03203558921814,-0.92694091796875,-0.18841552734375,0.4488677978515625
1773063137586666752,49.04209065437317,-0.8547210693359375,-0.218658447265625,0.4522552490234375
1773063137596722944,49.052146673202515,-0.8389129638671875,-0.24322509765625,0.4721527099609375
1773063137606778624,49.06220245361328,-0.87646484375,-0.20721435546875,0.475738525390625
1773063137616833792,49.07225751876831,-0.9108734130859375,-0.1350860595703125,0.442657470703125
1773063137626889728,49.082313537597656,-0.8876800537109375,-0.0912933349609375,0.4237213134765625
1773063137636944896,49.092368602752686,-0.8092193603515625,-0.0195159912109375,0.4370269775390625
1773063137647000832,49.10242462158203,-0.767730712890625,-0.0283203125,0.4749603271484375
1773063137657056768,49.11248064041138,-0.82183837890625,-0.0991058349609375,0.5099639892578125
1773063137667111680,49.12253546714783,-0.891021728515625,-0.1465301513671875,0.5630340576171875
1773063137677167616,49.13259148597717,-0.870208740234375,-0.11871337890625,0.6567230224609375
1773063137687223552,49.14264750480652,-0.832061767578125,-0.0830841064453125,0.6575469970703125
1773063137697278720,49.15270256996155,-0.8909759521484375,-0.216339111328125,0.652252197265625
1773063137707334656,49.162758588790894,-0.9920196533203125,-0.3031158447265625,0.6921539306640625
1773063137717389824,49.17281365394592,-0.996429443359375,-0.201385498046875,0.67987060546875
1773063137727445760,49.18286967277527,-0.9308319091796875,-0.14111328125,0.54022216796875
1773063137737501696,49.192925453186035,-0.8662567138671875,-0.0679168701171875,0.54913330078125
1773063137747556608,49.202980518341064,-0.8615875244140625,-0.018096923828125,0.567169189453125
1773063137757612800,49.21303653717041,-0.8212432861328125,-0.067169189453125,0.5412750244140625
1773063137767668736,49.223092555999756,-0.7393035888671875,-0.0713958740234375,0.5386810302734375
1773063137777723904,49.233147621154785,-0.659454345703125,-0.0889892578125,0.528045654296875
1773063137787779840,49.24320363998413,-0.6251678466796875,-0.12396240234375,0.508514404296875
1773063137797835776,49.25325965881348,-0.62847900390625,-0.1467132568359375,0.5251007080078125
1773063137807890688,49.26331448554993,-0.672027587890625,-0.1142730712890625,0.5210418701171875
1773063137817946624,49.27337050437927,-0.76898193359375,-0.091033935546875,0.484893798828125
1773063137828001792,49.2834255695343,-0.8538970947265625,-0.10052490234375,0.4845428466796875
1773063137838057728,49.29348158836365,-0.8878326416015625,-0.103790283203125,0.5004119873046875
1773063137848113664,49.30353760719299,-0.8787689208984375,-0.110626220703125,0.5032196044921875
1773063137858168832,49.31359267234802,-0.8449249267578125,-0.1150054931640625,0.5278778076171875
1773063137868224512,49.32364845275879,-0.8154144287109375,-0.1336517333984375,0.58648681640625
1773063137878280704,49.333704471588135,-0.800689697265625,-0.149261474609375,0.62518310546875
1773063137888335616,49.343759536743164,-0.8116455078125,-0.13671875,0.5917816162109375
1773063137898391808,49.35381555557251,-0.8548736572265625,-0.1272125244140625,0.5369415283203125
1773063137908446720,49.36387062072754,-0.8993988037109375,-0.1199798583984375,0.52557373046875
1773063137918502912,49.373926639556885,-0.9073638916015625,-0.0784149169921875,0.523223876953125
1773063137928558848,49.38398265838623,-0.872314453125,-0.0504150390625,0.5135040283203125
1773063137938613760,49.39403748512268,-0.8299407958984375,-0.0859832763671875,0.5163726806640625
1773063137948669696,49.404093503952026,-0.80780029296875,-0.1140289306640625,0.5577392578125
1773063137958725632,49.41414952278137,-0.82623291015625,-0.113311767578125,0.5968017578125
1773063137968780800,49.4242045879364,-0.8491363525390625,-0.109039306640625,0.57440185546875
1773063137978836736,49.43426060676575,-0.846466064453125,-0.1121826171875,0.5288848876953125
1773063137988892672,49.44431662559509,-0.8307952880859375,-0.1136932373046875,0.509124755859375
1773063137998947584,49.45437145233154,-0.8209686279296875,-0.12139892578125,0.4951629638671875
1773063138009003520,49.46442747116089,-0.8280029296875,-0.125244140625,0.4815826416015625
1773063138019058688,49.47448253631592,-0.8521270751953125,-0.12457275390625,0.47430419921875
1773063138029114624,49.484538555145264,-0.8796844482421875,-0.137298583984375,0.4731903076171875
1773063138039170816,49.49459457397461,-0.8948974609375,-0.1454010009765625,0.47357177734375
1773063138049225728,49.50464963912964,-0.9041595458984375,-0.1388702392578125,0.47064208984375
1773063138059281920,49.514705657958984,-0.8915863037109375,-0.1220245361328125,0.4720916748046875
1773063138069337856,49.52476167678833,-0.8660736083984375,-0.116607666015625,0.4716796875
1773063138079392768,49.53481650352478,-0.843505859375,-0.1280975341796875,0.4739532470703125
1773063138089448704,49.544872522354126,-0.8333587646484375,-0.135894775390625,0.4857940673828125
1773063138099503872,49.554927587509155,-0.847015380859375,-0.13861083984375,0.499420166015625
1773063138109559808,49.5649836063385,-0.8717193603515625,-0.132781982421875,0.4950714111328125
1773063138119615744,49.57503962516785,-0.888153076171875,-0.12109375,0.47540283203125
1773063138129670656,49.5850944519043,-0.89208984375,-0.116943359375,0.46112060546875
1773063138139726592,49.59515047073364,-0.8808441162109375,-0.118927001953125,0.4505462646484375
1773063138149782784,49.60520648956299,-0.8671112060546875,-0.1207122802734375,0.430755615234375
1773063138159837696,49.61526155471802,-0.865081787109375,-0.132080078125,0.4252777099609375
1773063138169893632,49.62531757354736,-0.87384033203125,-0.1270599365234375,0.436859130859375
1773063138179949824,49.63537359237671,-0.888824462890625,-0.1202850341796875,0.456573486328125
1773063138190004736,49.64542865753174,-0.8947906494140625,-0.126129150390625,0.480224609375
1773063138200060928,49.655484676361084,-0.8884735107421875,-0.120849609375,0.501556396484375
1773063138210115584,49.665539503097534,-0.8819580078125,-0.1143798828125,0.506134033203125
1773063138220171776,49.67559552192688,-0.8787078857421875,-0.118072509765625,0.5110015869140625
1773063138230227712,49.685651540756226,-0.8782958984375,-0.1262969970703125,0.51507568359375
1773063138240282880,49.695706605911255,-0.87939453125,-0.129180908203125,0.5052490234375
1773063138250338816,49.7057626247406,-0.8740692138671875,-0.123443603515625,0.4927215576171875
1773063138260394752,49.715818643569946,-0.865631103515625,-0.1125335693359375,0.4753875732421875
1773063138270449664,49.7258734703064,-0.8610076904296875,-0.1085205078125,0.4677581787109375
1773063138280505600,49.73592948913574,-0.8640899658203125,-0.1106109619140625,0.4628448486328125
1773063138290560768,49.74598455429077,-0.8720855712890625,-0.1139678955078125,0.4603118896484375
1773063138300616704,49.75604057312012,-0.8693084716796875,-0.11566162109375,0.466796875
1773063138310672640,49.76609659194946,-0.8594512939453125,-0.114349365234375,0.4774017333984375
1773063138320727808,49.77615165710449,-0.8603973388671875,-0.107879638671875,0.4829254150390625
1773063138330783744,49.78620767593384,-0.886993408203125,-0.111968994140625,0.4501190185546875
1773063138340839680,49.796263456344604,-0.9121246337890625,-0.1165313720703125,0.4570770263671875
1773063138350894592,49.806318521499634,-0.9156341552734375,-0.118438720703125,0.4723663330078125
1773063138360950784,49.81637454032898,-0.8914031982421875,-0.123931884765625,0.485198974609375
1773063138371006720,49.826430559158325,-0.8676605224609375,-0.1202392578125,0.509429931640625
1773063138381061888,49.836485624313354,-0.857635498046875,-0.09259033203125,0.5031890869140625
1773063138391117824,49.8465416431427,-0.875579833984375,-0.0627288818359375,0.465423583984375
1773063138401172992,49.85659670829773,-0.9094696044921875,-0.0859832763671875,0.433074951171875
1773063138411228928,49.866652727127075,-0.9104766845703125,-0.131256103515625,0.42987060546875
1773063138421284864,49.87670874595642,-0.874053955078125,-0.143707275390625,0.493988037109375
1773063138431339776,49.88676357269287,-0.86474609375,-0.14306640625,0.582122802734375
1773063138441395712,49.89681959152222,-0.89788818359375,-0.18341064453125,0.5764923095703125
1773063138451451904,49.90687561035156,-0.9004058837890625,-0.2750244140625,0.533660888671875
1773063138461506816,49.91693067550659,-0.8335418701171875,-0.2423095703125,0.41302490234375
1773063138471562752,49.92698669433594,-0.773651123046875,-0.0765380859375,0.2624664306640625
1773063138481617920,49.93704175949097,-0.7659912109375,-0.0330047607421875,0.20758056640625
1773063138491673600,49.94709753990173,-0.80291748046875,-0.13262939453125,0.2870635986328125
1773063138501729792,49.95715355873108,-0.859954833984375,-0.1697998046875,0.3549652099609375
1773063138511784704,49.96720862388611,-0.9521331787109375,-0.133270263671875,0.4397430419921875
1773063138521840896,49.977264642715454,-1.067596435546875,-0.0983428955078125,0.4576873779296875
1773063138531896832,49.9873206615448,-1.09747314453125,-0.120330810546875,0.455657958984375
1773063138541952000,49.99737572669983,-1.036468505859375,-0.0465545654296875,0.5027313232421875
1773063138552007936,50.007431745529175,-0.964019775390625,0.0192413330078125,0.59210205078125
1773063138562063872,50.01748776435852,-0.9389495849609375,0.021820068359375,0.5919342041015625
1773063138572118784,50.02754259109497,-0.905548095703125,0.08087158203125,0.592041015625
1773063138582174720,50.037598609924316,-0.936065673828125,0.0335693359375,0.5580596923828125
1773063138592229888,50.047653675079346,-0.9502716064453125,0.0411529541015625,0.4946136474609375
1773063138602285824,50.05770969390869,-0.9381103515625,-0.005096435546875,0.4938812255859375
1773063138612341760,50.06776571273804,-0.898834228515625,-0.1073455810546875,0.421112060546875
1773063138622396672,50.07782053947449,-0.878662109375,-0.2045135498046875,0.386993408203125
1773063138632452608,50.08787655830383,-0.842132568359375,-0.27532958984375,0.3900604248046875
1773063138642508800,50.09793257713318,-0.7904052734375,-0.2399139404296875,0.43609619140625
1773063138652563712,50.10798764228821,-0.7705535888671875,-0.1601409912109375,0.416107177734375
1773063138662619904,50.118043661117554,-0.8404083251953125,-0.1668701171875,0.4220733642578125
1773063138672674816,50.12809872627258,-0.88336181640625,-0.110260009765625,0.3662109375
1773063138682731008,50.13815474510193,-0.9928741455078125,-0.05084228515625,0.3706207275390625
1773063138692786944,50.148210763931274,-1.007843017578125,0.0155029296875,0.446380615234375
1773063138702841856,50.158265590667725,-0.85748291015625,0.11602783203125,0.454498291015625
1773063138712897792,50.16832160949707,-0.912322998046875,0.007720947265625,0.3810577392578125
1773063138722953728,50.178377628326416,-0.95013427734375,-0.00592041015625,0.2834930419921875
1773063138733008896,50.188432693481445,-0.80181884765625,0.1240386962890625,0.278076171875
1773063138743064832,50.19848871231079,-0.75396728515625,0.1669464111328125,0.3016204833984375
1773063138753121024,50.20854473114014,-0.8086090087890625,0.14190673828125,0.3529205322265625
1773063138763175680,50.21859955787659,-0.8643951416015625,0.07958984375,0.4210357666015625
1773063138773231872,50.22865557670593,-0.902984619140625,-0.00701904296875,0.507110595703125
1773063138783286784,50.23871064186096,-0.92047119140625,-0.1520538330078125,0.54351806640625
1773063138793342720,50.24876666069031,-0.90411376953125,-0.2922515869140625,0.524200439453125
1773063138803398912,50.25882267951965,-0.914703369140625,-0.26800537109375,0.4239044189453125
1773063138813453824,50.26887774467468,-0.9022369384765625,-0.086029052734375,0.3436279296875
1773063138823510016,50.27893376350403,-0.811737060546875,0.1011810302734375,0.342926025390625
1773063138833565696,50.288989543914795,-0.802886962890625,0.1395263671875,0.36328125
1773063138843620864,50.299044609069824,-0.896240234375,0.036102294921875,0.38629150390625
1773063138853676800,50.30910062789917,-0.9604034423828125,-0.1039276123046875,0.466400146484375
1773063138863732736,50.319156646728516,-0.9423065185546875,-0.1723785400390625,0.5501556396484375
1773063138873787904,50.329211711883545,-0.9256439208984375,-0.196319580078125,0.5281829833984375
1773063138883843840,50.33926773071289,-0.892059326171875,-0.1073150634765625,0.462890625
1773063138893898752,50.34932255744934,-0.8714141845703125,-0.0179901123046875,0.40667724609375
1773063138903954688,50.35937857627869,-0.888671875,-0.0254364013671875,0.426177978515625
1773063138914010880,50.36943459510803,-0.918365478515625,-0.0828857421875,0.4613189697265625
1773063138924065792,50.37948966026306,-0.924407958984375,-0.098846435546875,0.449951171875
1773063138934121728,50.38954567909241,-0.8990325927734375,-0.0595550537109375,0.43084716796875
1773063138944177920,50.39960169792175,-0.9027862548828125,-0.0746002197265625,0.3995361328125
1773063138954232832,50.40965676307678,-0.9288330078125,-0.0879364013671875,0.3887176513671875
1773063138964288768,50.41971254348755,-0.9597320556640625,-0.0980987548828125,0.3814849853515625
1773063138974343680,50.42976760864258,-0.981048583984375,-0.1254425048828125,0.3125152587890625
1773063138984399872,50.439823627471924,-0.9147796630859375,-0.1273193359375,0.2511749267578125
1773063138994455808,50.44987964630127,-0.9095306396484375,-0.2010498046875,0.2857666015625
1773063139004510976,50.4599347114563,-1.0190277099609375,-0.265106201171875,0.3280029296875
1773063139014566912,50.469990730285645,-1.0678253173828125,-0.2356414794921875,0.2841339111328125
1773063139024622848,50.48004674911499,-1.04998779296875,-0.0748291015625,0.3802032470703125
1773063139034677760,50.49010157585144,-1.016632080078125,0.0192108154296875,0.4914398193359375
1773063139044733696,50.500157594680786,-0.8841094970703125,0.024322509765625,0.44805908203125
1773063139054789888,50.51021361351013,-0.8580474853515625,-0.031402587890625,0.431304931640625
1773063139064844800,50.52026867866516,-0.930908203125,-0.0554046630859375,0.403411865234375
1773063139074900992,50.53032469749451,-0.96600341796875,0.0430450439453125,0.3443756103515625
1773063139084955904,50.540379762649536,-0.97027587890625,0.1627197265625,0.3642578125
1773063139095011584,50.5504355430603,-0.9840240478515625,0.0087738037109375,0.4122314453125
1773063139105067776,50.56049156188965,-0.9004974365234375,-0.0396270751953125,0.411956787109375
1773063139115122688,50.57054662704468,-0.7905731201171875,0.02099609375,0.434295654296875
1773063139125178880,50.58060264587402,-0.7559814453125,-0.0057220458984375,0.4125823974609375
1773063139135234816,50.59065866470337,-0.78594970703125,0.0167236328125,0.4142608642578125
1773063139145289984,50.6007137298584,-0.835693359375,0.0438690185546875,0.2922210693359375
1773063139155345920,50.610769748687744,-0.872222900390625,-0.0028076171875,0.2297821044921875
1773063139165400832,50.620824575424194,-0.881439208984375,0.0228271484375,0.329437255859375
1773063139175456768,50.63088059425354,-0.8965911865234375,0.045257568359375,0.4271697998046875
1773063139185512704,50.640936613082886,-0.8944244384765625,0.0201568603515625,0.4866485595703125
1773063139195567872,50.650991678237915,-0.8708648681640625,-0.0418853759765625,0.50341796875
1773063139205623808,50.66104769706726,-0.8849945068359375,-0.1370849609375,0.49755859375
1773063139215680000,50.671103715896606,-0.856292724609375,-0.1344757080078125,0.5594024658203125
1773063139225734656,50.68115854263306,-0.8614654541015625,-0.1369476318359375,0.5764312744140625
1773063139235790848,50.6912145614624,-0.894744873046875,-0.1525726318359375,0.5558624267578125
1773063139245846784,50.70127058029175,-0.9183349609375,-0.107208251953125,0.5121002197265625
1773063139255901696,50.71132564544678,-0.925750732421875,0.0048675537109375,0.4812774658203125
1773063139265957888,50.72138166427612,-0.93511962890625,0.094940185546875,0.44512939453125
1773063139276012800,50.73143672943115,-0.9405670166015625,0.118865966796875,0.400848388671875
1773063139286068992,50.7414927482605,-0.951629638671875,0.1216583251953125,0.36541748046875
1773063139296124928,50.751548767089844,-0.929656982421875,0.1887054443359375,0.3794708251953125
1773063139306179840,50.761603593826294,-0.8734588623046875,0.3074188232421875,0.3426361083984375
1773063139316235776,50.77165961265564,-0.9021759033203125,0.38250732421875,0.232269287109375
1773063139326291712,50.781715631484985,-0.992706298828125,0.5062103271484375,0.162017822265625
1773063139336346880,50.791770696640015,-1.017578125,0.6102142333984375,0.0739898681640625
1773063139346402816,50.80182671546936,-1.0300140380859375,0.4710693359375,0.0765533447265625
1773063139356457728,50.81188154220581,-1.153076171875,0.0594635009765625,0.1622314453125
1773063139366513664,50.821937561035156,-1.104736328125,-0.1481781005859375,0.3131256103515625
1773063139376569856,50.8319935798645,-0.933746337890625,-0.1635284423828125,0.46728515625
1773063139386624768,50.84204864501953,-0.8515472412109375,-0.151336669921875,0.4779205322265625
1773063139396681472,50.852105379104614,-0.87744140625,-0.1150054931640625,0.3932952880859375
1773063139406737664,50.86216139793396,-0.912994384765625,-0.043243408203125,0.332489013671875
1773063139416792576,50.87221646308899,-0.89141845703125,0.0106658935546875,0.3064727783203125
1773063139426848768,50.882272481918335,-0.8298492431640625,0.002105712890625,0.305389404296875
1773063139436904704,50.89232850074768,-0.8387908935546875,-0.01885986328125,0.3085174560546875
1773063139446959616,50.90238332748413,-0.8694610595703125,0.006927490234375,0.2932891845703125
1773063139457015552,50.91243934631348,-0.9042816162109375,0.0304412841796875,0.305877685546875
1773063139467070464,50.922494411468506,-0.9273681640625,0.0612030029296875,0.32208251953125
1773063139477126656,50.93255043029785,-0.950836181640625,0.060150146484375,0.3327789306640625
1773063139487182592,50.9426064491272,-0.9539031982421875,0.0487213134765625,0.3136749267578125
1773063139497237760,50.95266151428223,-0.9295501708984375,0.0252532958984375,0.250335693359375
1773063139507293696,50.96271753311157,-0.9248046875,-0.044189453125,0.2196807861328125
1773063139517349632,50.97277355194092,-0.9264068603515625,-0.0191650390625,0.208465576171875
1773063139527404544,50.98282837867737,-0.862030029296875,0.1057586669921875,0.24072265625
1773063139537460480,50.992884397506714,-0.8692626953125,0.046539306640625,0.2794189453125
1773063139547515648,51.00293946266174,-0.947845458984375,-0.055938720703125,0.3161468505859375
1773063139557571584,51.01299548149109,-0.992645263671875,-0.1160888671875,0.37152099609375
1773063139567627776,51.023051500320435,-0.962615966796875,-0.112701416015625,0.411041259765625
1773063139577682432,51.033106327056885,-0.923736572265625,-0.0373687744140625,0.3563995361328125
1773063139587738624,51.04316234588623,-0.953765869140625,-0.038818359375,0.2715606689453125
1773063139597794560,51.053218364715576,-0.9954833984375,-0.09600830078125,0.2577362060546875
1773063139607849472,51.063273429870605,-0.96417236328125,-0.076263427734375,0.3013916015625
1773063139617905664,51.07332944869995,-0.93048095703125,-0.0305023193359375,0.346221923828125
1773063139627961600,51.0833854675293,-0.9415435791015625,-0.0171661376953125,0.36376953125
1773063139638016768,51.093440532684326,-0.941680908203125,-0.0224761962890625,0.38739013671875
1773063139648072704,51.10349655151367,-0.9747314453125,-0.09033203125,0.4210205078125
1773063139658127616,51.11355137825012,-1.02581787109375,-0.1109619140625,0.4514007568359375
1773063139668183552,51.12360739707947,-1.0628204345703125,-0.08099365234375,0.499725341796875
1773063139678239488,51.13366341590881,-1.0694122314453125,-0.0565032958984375,0.5254364013671875
1773063139688294656,51.14371848106384,-1.106658935546875,0.0224609375,0.4773101806640625
1773063139698350592,51.15377449989319,-1.097747802734375,0.0521697998046875,0.4715118408203125
1773063139708406784,51.163830518722534,-0.988494873046875,0.0469207763671875,0.4275970458984375
1773063139718461440,51.173885345458984,-0.9560394287109375,-0.001434326171875,0.3538665771484375
1773063139728517632,51.18394136428833,-0.9834747314453125,-0.0263671875,0.3969879150390625
1773063139738572544,51.19399642944336,-0.93988037109375,-0.0125274658203125,0.3319549560546875
1773063139748628736,51.204052448272705,-0.9009552001953125,-0.0879974365234375,0.2388763427734375
1773063139758684672,51.21410846710205,-0.86676025390625,-0.082977294921875,0.1878814697265625
1773063139768739584,51.22416353225708,-0.833984375,-0.0407562255859375,0.2098846435546875
1773063139778795776,51.234219551086426,-0.8394622802734375,-0.0414581298828125,0.2447967529296875
1773063139788851456,51.24427533149719,-0.8774566650390625,-0.0421295166015625,0.1910400390625
1773063139798906624,51.25433039665222,-0.8513031005859375,-0.0629119873046875,0.1591949462890625
1773063139808962560,51.26438641548157,-0.8135528564453125,-0.0317535400390625,0.2627410888671875
1773063139819018496,51.27444243431091,-0.87725830078125,0.0286407470703125,0.349822998046875
1773063139829073664,51.28449749946594,-0.9715118408203125,0.035614013671875,0.4001922607421875
1773063139839129600,51.29455351829529,-1.0085601806640625,0.0113372802734375,0.4715576171875
1773063139849184512,51.30460834503174,-1.0091400146484375,-0.0292816162109375,0.52471923828125
1773063139859240448,51.314664363861084,-1.0079803466796875,-0.0175018310546875,0.496978759765625
1773063139869296640,51.32472038269043,-1.0333099365234375,0.0314788818359375,0.3747406005859375
1773063139879351552,51.33477544784546,-1.03729248046875,0.0553741455078125,0.147491455078125
1773063139889407744,51.344831466674805,-0.972015380859375,0.040283203125,0.05682373046875
1773063139899463680,51.35488748550415,-1.02740478515625,-0.0492401123046875,0.102935791015625
1773063139909518592,51.36494255065918,-0.9624481201171875,-0.010772705078125,0.2293548583984375
1773063139919574528,51.374998331069946,-0.950439453125,-0.09173583984375,0.402618408203125
1773063139929629440,51.385053396224976,-1.0207366943359375,-0.092010498046875,0.4772491455078125
1773063139939685632,51.39510941505432,-1.0049591064453125,0.0571441650390625,0.4516448974609375
1773063139949741568,51.40516543388367,-0.964691162109375,0.099945068359375,0.3887786865234375
1773063139959796736,51.415220499038696,-0.9169921875,0.09552001953125,0.3040771484375
1773063139969852672,51.42527651786804,-0.8708953857421875,0.1151885986328125,0.17791748046875
1773063139979908608,51.43533253669739,-0.8150482177734375,0.1248931884765625,0.10626220703125
1773063139989963520,51.44538736343384,-0.7957305908203125,0.097412109375,0.23193359375
1773063140000019456,51.455443382263184,-0.8872528076171875,0.013427734375,0.4004974365234375
1773063140010075648,51.46549940109253,-1.0493927001953125,-0.053192138671875,0.5090484619140625
1773063140020130560,51.47555446624756,-1.1237945556640625,-0.058197021484375,0.5949249267578125
1773063140030186752,51.485610485076904,-1.07196044921875,0.0384979248046875,0.5703887939453125
1773063140040241664,51.495665550231934,-1.0137176513671875,0.0876312255859375,0.4996185302734375
1773063140050297600,51.5057213306427,-1.0189361572265625,0.0883941650390625,0.4148712158203125
1773063140060353536,51.515777349472046,-1.042510986328125,0.131072998046875,0.1942138671875
1773063140070408704,51.525832414627075,-0.8782196044921875,0.1941070556640625,0.054931640625
1773063140080464640,51.53588843345642,-0.7855682373046875,0.1880645751953125,0.089080810546875
1773063140090520576,51.54594445228577,-0.9122161865234375,0.074310302734375,0.17230224609375
1773063140100575744,51.555999517440796,-0.9735107421875,-0.0265045166015625,0.243927001953125
1773063140110631680,51.56605553627014,-0.957305908203125,-0.051544189453125,0.375030517578125
1773063140120687616,51.57611155509949,-0.9569854736328125,0.0908050537109375,0.2822418212890625
1773063140130742528,51.58616638183594,-0.9132232666015625,0.1881103515625,0.1006622314453125
1773063140140798464,51.59622240066528,-0.8795166015625,0.11517333984375,0.063995361328125
1773063140150853632,51.60627746582031,-0.876953125,0.0576171875,0.093170166015625
1773063140160909568,51.61633348464966,-0.8652801513671875,0.019805908203125,0.2323760986328125
1773063140170965760,51.626389503479004,-0.9339599609375,0.0694580078125,0.4001007080078125
1773063140181020416,51.636444330215454,-1.0684661865234375,0.1636962890625,0.4625091552734375
1773063140191076608,51.6465003490448,-1.0575408935546875,0.2364654541015625,0.59710693359375
1773063140201132544,51.656556367874146,-1.02447509765625,0.202606201171875,0.6859588623046875
1773063140211187712,51.666611433029175,-0.977447509765625,0.1423797607421875,0.22314453125
1773063140221243648,51.67666745185852,-0.8177642822265625,0.0092926025390625,-0.116729736328125
1773063140231298560,51.68672251701355,-0.8140106201171875,-0.0713348388671875,-0.0487518310546875
1773063140241354752,51.696778535842896,-0.9269866943359375,-0.01739501953125,0.0388336181640625
1773063140251410688,51.70683455467224,-1.0779876708984375,0.0429229736328125,0.1963958740234375
1773063140261465600,51.71688938140869,-1.1874542236328125,0.059814453125,0.35791015625
1773063140271521536,51.72694540023804,-1.2359771728515625,0.1556549072265625,0.5367279052734375
1773063140281577472,51.73700141906738,-1.210357666015625,0.3341827392578125,0.5895843505859375
1773063140291632640,51.74705648422241,-1.16058349609375,0.2975616455078125,0.37310791015625
1773063140301688576,51.75711250305176,-1.063751220703125,0.1934051513671875,0.06622314453125
1773063140311744768,51.7671685218811,-0.953582763671875,0.09454345703125,0.0784759521484375
1773063140321799424,51.777223348617554,-0.977874755859375,0.0710296630859375,0.1490478515625
1773063140331855616,51.7872793674469,-1.040496826171875,0.0658721923828125,0.2032928466796875
1773063140341910528,51.79733443260193,-1.1127777099609375,0.1979217529296875,0.382415771484375
1773063140351966720,51.807390451431274,-1.1905670166015625,0.36773681640625,0.714569091796875
1773063140362022656,51.81744647026062,-1.223175048828125,0.3599090576171875,0.8929901123046875
1773063140372077824,51.82750153541565,-1.1639556884765625,0.357391357421875,0.8205108642578125
1773063140382133760,51.837557554244995,-1.085540771484375,0.4353179931640625,0.7181854248046875
1773063140392189440,51.84761333465576,-1.1422882080078125,0.3451690673828125,0.127593994140625
1773063140402243072,51.857666969299316,-0.9122314453125,0.1172943115234375,-0.446807861328125
1773063140412299264,51.86772298812866,-0.6933135986328125,0.0380706787109375,-0.1405487060546875
1773063140422354176,51.87777805328369,-0.7868499755859375,-0.008026123046875,-0.027130126953125
1773063140432410368,51.88783407211304,-0.8253021240234375,0.0527191162109375,-0.02044677734375
1773063140442466304,51.89789009094238,-0.8831024169921875,0.0703582763671875,0.0231170654296875
1773063140452520960,51.90794491767883,-0.9280242919921875,0.06475830078125,0.207794189453125
1773063140462577152,51.91800093650818,-1.014495849609375,0.1602630615234375,0.475799560546875
1773063140472633088,51.928056955337524,-1.0955657958984375,0.353668212890625,0.4298858642578125
1773063140482688256,51.938112020492554,-1.0231475830078125,0.3934326171875,0.19415283203125
1773063140492744192,51.9481680393219,-0.899444580078125,0.3015594482421875,0.1588287353515625
1773063140502800128,51.958224058151245,-0.8494415283203125,0.1339874267578125,0.1406097412109375
1773063140512855296,51.968279123306274,-0.78826904296875,0.063568115234375,0.0396728515625
1773063140522911232,51.97833514213562,-0.72265625,0.1284332275390625,0.1468048095703125
1773063140532966144,51.98838996887207,-0.756500244140625,0.2378082275390625,0.2588653564453125
1773063140543022080,51.998445987701416,-0.823455810546875,0.271820068359375,0.2393341064453125
1773063140553078272,52.00850200653076,-0.8774261474609375,0.2932281494140625,0.2487945556640625
1773063140563133184,52.01855707168579,-0.93084716796875,0.3094482421875,0.221832275390625
1773063140573189376,52.02861309051514,-0.964111328125,0.197174072265625,0.050018310546875
1773063140583245312,52.03866910934448,-0.8683319091796875,0.0599822998046875,-0.01904296875
1773063140593300224,52.04872393608093,-0.7953338623046875,0.1120452880859375,0.019927978515625
1773063140603356160,52.05877995491028,-0.814422607421875,0.1873016357421875,-0.0251617431640625
1773063140613411072,52.06883502006531,-0.8500823974609375,0.22271728515625,-0.0618896484375
1773063140623467264,52.07889103889465,-0.8891143798828125,0.2094268798828125,-0.0685882568359375
1773063140633523200,52.088947057724,-0.9336395263671875,0.1572418212890625,-0.059234619140625
1773063140643578368,52.09900212287903,-0.9751739501953125,0.06103515625,-0.033416748046875
1773063140653634304,52.109058141708374,-0.9700469970703125,0.0528411865234375,0.01043701171875
1773063140663689984,52.11911392211914,-0.9334259033203125,0.19647216796875,0.00341796875
1773063140673745152,52.12916898727417,-0.875030517578125,0.27294921875,-0.036865234375
1773063140683801088,52.139225006103516,-0.8321380615234375,0.2295684814453125,-0.0124053955078125
1773063140693857280,52.14928102493286,-0.8668212890625,0.2184906005859375,0.093780517578125
1773063140703912192,52.15933609008789,-0.9590606689453125,0.29278564453125,0.222686767578125
1773063140713968384,52.169392108917236,-1.044586181640625,0.1522979736328125,0.042694091796875
1773063140724023040,52.17944693565369,-1.0351104736328125,-0.0237884521484375,-0.0116424560546875
1773063140734079232,52.18950295448303,-0.9924468994140625,0.1319122314453125,0.0749053955078125
1773063140744135168,52.19955897331238,-0.937255859375,0.1768798828125,0.030303955078125
1773063140754190080,52.20961403846741,-0.85968017578125,0.1696319580078125,-0.08843994140625
1773063140764246272,52.21967005729675,-0.85418701171875,0.20562744140625,-0.1158294677734375
1773063140774302208,52.2297260761261,-0.89422607421875,0.097259521484375,-0.30023193359375
1773063140784357376,52.23978114128113,-0.9270477294921875,-0.2047271728515625,-0.4634857177734375
1773063140794413056,52.249836921691895,-0.9884490966796875,-0.1279754638671875,-0.39971923828125
1773063140804468224,52.259891986846924,-0.9705352783203125,0.0703125,-0.313201904296875
1773063140814524160,52.26994800567627,-0.944000244140625,0.116729736328125,-0.279052734375
1773063140824580096,52.280004024505615,-0.9630584716796875,0.148223876953125,-0.3065643310546875
1773063140834635264,52.290059089660645,-1.0566558837890625,0.1783905029296875,-0.2435455322265625
1773063140844691200,52.30011510848999,-1.04547119140625,0.1595001220703125,-0.153900146484375
1773063140854747392,52.310171127319336,-1.0052947998046875,0.059906005859375,-0.0833282470703125
1773063140864802048,52.320225954055786,-1.03131103515625,0.0618438720703125,-0.027374267578125
1773063140874858240,52.33028197288513,-1.0180511474609375,0.1296539306640625,-0.15478515625
1773063140884914176,52.34033799171448,-0.8973236083984375,0.12298583984375,-0.263519287109375
1773063140894969344,52.35039305686951,-0.88543701171875,0.14434814453125,-0.216278076171875
1773063140905025280,52.36044907569885,-0.9515533447265625,0.193267822265625,-0.1772308349609375
1773063140915081216,52.3705050945282,-0.9354248046875,0.21710205078125,-0.13818359375
1773063140925136128,52.38055992126465,-0.9275970458984375,0.157867431640625,-0.1446380615234375
1773063140935192064,52.390615940093994,-1.0153350830078125,0.166229248046875,-0.123992919921875
1773063140945247232,52.40067100524902,-1.0655670166015625,0.263427734375,-0.1230316162109375
1773063140955303168,52.41072702407837,-1.0144805908203125,0.2727203369140625,-0.13983154296875
1773063140965359104,52.420783042907715,-0.9638824462890625,0.25225830078125,-0.2136993408203125
1773063140975414272,52.430838108062744,-0.9185638427734375,0.258148193359375,-0.3119964599609375
1773063140985470208,52.44089412689209,-0.933258056640625,0.1885833740234375,-0.30511474609375
1773063140995526144,52.450949907302856,-0.977783203125,0.1374053955078125,-0.2441558837890625
1773063141005581056,52.461004972457886,-0.93792724609375,0.167938232421875,-0.19464111328125
1773063141015637248,52.47106099128723,-0.9026641845703125,0.25360107421875,-0.22430419921875
1773063141025692160,52.48111605644226,-0.9696044921875,0.3133392333984375,-0.21527099609375
1773063141035748352,52.491172075271606,-1.02606201171875,0.343902587890625,-0.1947479248046875
1773063141045804288,52.50122809410095,-0.9596710205078125,0.2969512939453125,-0.1154937744140625
1773063141055859200,52.5112829208374,-0.9544219970703125,0.248870849609375,-0.0276031494140625
1773063141065915136,52.52133893966675,-1.0045166015625,0.27032470703125,0.0182952880859375
1773063141075971072,52.531394958496094,-1.002777099609375,0.33203125,0.0223846435546875
1773063141086026240,52.54145002365112,-0.985443115234375,0.3610992431640625,-0.0826263427734375
1773063141096082176,52.55150604248047,-0.9728240966796875,0.352386474609375,-0.1122894287109375
1773063141106137344,52.5615611076355,-0.972412109375,0.298309326171875,-0.04046630859375
1773063141116193280,52.571617126464844,-0.9354400634765625,0.2132415771484375,-0.016204833984375
1773063141126248960,52.58167290687561,-0.905975341796875,0.2158355712890625,-0.050140380859375
1773063141136304128,52.59172797203064,-0.932647705078125,0.2660675048828125,-0.048980712890625
1773063141146360064,52.601783990859985,-0.9516143798828125,0.2505645751953125,0.000732421875
1773063141156416256,52.61184000968933,-1.0044097900390625,0.2615203857421875,0.0142059326171875
1773063141166471168,52.62189507484436,-1.0548248291015625,0.295166015625,-0.033538818359375
1773063141176527360,52.631951093673706,-1.0090484619140625,0.269134521484375,-0.0271148681640625
1773063141186583296,52.64200711250305,-0.905517578125,0.2454833984375,-0.0234832763671875
1773063141196638208,52.6520619392395,-0.8677825927734375,0.22528076171875,0.00567626953125
1773063141206694144,52.66211795806885,-0.9031219482421875,0.27777099609375,0.053436279296875
1773063141216749312,52.67217302322388,-0.981658935546875,0.31414794921875,0.0423431396484375
1773063141226805248,52.68222904205322,-1.030517578125,0.310638427734375,0.0467071533203125
1773063141236861184,52.69228506088257,-1.0379638671875,0.3083343505859375,0.045501708984375
1773063141246916352,52.7023401260376,-0.9803924560546875,0.2757568359375,0.0491943359375
1773063141256972032,52.712395906448364,-0.923065185546875,0.2726593017578125,0.1092987060546875
1773063141267027968,52.72245192527771,-0.977691650390625,0.3072052001953125,0.0759429931640625
1773063141277083136,52.73250699043274,-0.99908447265625,0.3112335205078125,0.0921630859375
1773063141287139072,52.742563009262085,-0.92999267578125,0.2567596435546875,0.066253662109375
1773063141297194240,52.752618074417114,-0.8558197021484375,0.2113189697265625,0.122314453125
1773063141307250176,52.76267409324646,-0.9171142578125,0.311370849609375,0.185516357421875
1773063141317306368,52.772730112075806,-1.05133056640625,0.3424224853515625,0.1399993896484375
1773063141327361024,52.782784938812256,-1.059906005859375,0.299285888671875,0.152496337890625
1773063141337417216,52.7928409576416,-0.9861297607421875,0.44403076171875,0.1653289794921875
1773063141347473152,52.80289697647095,-0.9534759521484375,0.18011474609375,0.0932159423828125
1773063141357528320,52.81295204162598,-0.9588775634765625,0.056854248046875,-0.07952880859375
1773063141367584256,52.82300806045532,-0.923004150390625,0.1836700439453125,-0.07122802734375
1773063141377640192,52.83306407928467,-0.9005889892578125,0.185760498046875,-0.045379638671875
1773063141387695104,52.84311890602112,-0.910430908203125,0.2360382080078125,0.1152496337890625
1773063141397752320,52.85317611694336,-0.9937744140625,0.278350830078125,0.26568603515625
1773063141407807232,52.86323118209839,-1.0961151123046875,0.3488616943359375,0.340057373046875
1773063141417863424,52.873287200927734,-1.150146484375,0.425079345703125,0.2319793701171875
1773063141427919360,52.88334321975708,-1.0306243896484375,0.437225341796875,0.0417938232421875
1773063141437974528,52.89339828491211,-0.858795166015625,0.4518280029296875,0.0615234375
1773063141448030464,52.903454303741455,-0.855926513671875,0.2922515869140625,0.0613250732421875
1773063141458086144,52.91351008415222,-0.93023681640625,0.18206787109375,0.123199462890625
1773063141468141312,52.92356514930725,-0.988433837890625,0.165985107421875,0.1308746337890625
1773063141478197248,52.9336211681366,-0.961029052734375,0.1783599853515625,0.0680389404296875
1773063141488252416,52.943676233291626,-0.9394989013671875,0.2265472412109375,0.088287353515625
1773063141498308352,52.95373225212097,-0.97125244140625,0.2652740478515625,0.0985870361328125
1773063141508364544,52.96378827095032,-0.9903106689453125,0.2074737548828125,0.0459136962890625
1773063141518419200,52.97384309768677,-0.9566802978515625,0.222259521484375,0.020751953125
1773063141528475392,52.98389911651611,-0.955596923828125,0.2143402099609375,0.02001953125
1773063141538531328,52.99395513534546,-0.9900970458984375,0.2024688720703125,0.094512939453125
1773063141548586496,53.00401020050049,-1.0086822509765625,0.1874237060546875,0.1775054931640625
1773063141558642432,53.014066219329834,-0.98443603515625,0.1640625,0.156158447265625
1773063141568698368,53.02412223815918,-0.9919586181640625,0.2305908203125,0.139495849609375
1773063141578753536,53.03417730331421,-1.0228729248046875,0.313018798828125,0.0563812255859375
1773063141588809216,53.044233083724976,-0.92181396484375,0.2719879150390625,-0.119415283203125
1773063141598864384,53.054288148880005,-0.805633544921875,0.2492523193359375,-0.12188720703125
1773063141608920320,53.06434416770935,-0.9068450927734375,0.231414794921875,0.0019073486328125
1773063141618976256,53.074400186538696,-1.0848846435546875,0.1412811279296875,0.060699462890625
1773063141629031424,53.084455251693726,-1.1083831787109375,0.1378173828125,0.0458221435546875
1773063141639087360,53.09451127052307,-1.0174713134765625,0.2224578857421875,0.0093994140625
1773063141649143552,53.10456728935242,-0.9758758544921875,0.2343597412109375,-0.0152130126953125
1773063141659198208,53.11462211608887,-0.9647674560546875,0.1903076171875,-0.0518341064453125
1773063141669254400,53.12467813491821,-1.0071868896484375,0.1888885498046875,-0.0562591552734375
1773063141679309312,53.13473320007324,-1.031219482421875,0.234344482421875,-0.0220489501953125
1773063141689365504,53.14478921890259,-0.956756591796875,0.1934814453125,-0.0277862548828125
1773063141699421440,53.154845237731934,-0.96734619140625,0.19488525390625,0.05523681640625
1773063141709476352,53.16490030288696,-0.9857635498046875,0.123443603515625,0.01983642578125
1773063141719532288,53.17495608329773,-0.8710784912109375,0.15850830078125,-0.0638580322265625
1773063141729588224,53.185012102127075,-0.8386688232421875,0.2322998046875,-0.0689544677734375
1773063141739643392,53.195067167282104,-0.8572845458984375,0.2607879638671875,-0.115447998046875
1773063141749699328,53.20512318611145,-0.929168701171875,0.1656646728515625,-0.144073486328125
1773063141759755264,53.215179204940796,-0.96673583984375,0.0171966552734375,-0.18060302734375
1773063141769810432,53.225234270095825,-0.9201202392578125,0.0149383544921875,-0.0751190185546875
1773063141779866368,53.23529028892517,-0.8570404052734375,0.0953369140625,-0.1346893310546875
1773063141789921280,53.24534511566162,-0.811309814453125,-0.0164031982421875,-0.290283203125
1773063141799977216,53.25540113449097,-0.895843505859375,-0.2163543701171875,-0.18023681640625
1773063141810033408,53.26545715332031,-0.9523468017578125,0.024169921875,-0.031494140625
1773063141820088320,53.27551221847534,-0.78875732421875,-0.0079193115234375,-0.1765899658203125
1773063141830144512,53.28556823730469,-0.8818359375,-0.210296630859375,-0.0644989013671875
1773063141840200448,53.29562425613403,-0.90118408203125,0.0429534912109375,-0.158477783203125
1773063141850255360,53.30567908287048,-0.7643890380859375,0.3905181884765625,-0.074554443359375
1773063141860311296,53.31573510169983,-0.6760406494140625,0.44781494140625,-0.0461883544921875
1773063141870366208,53.32579016685486,-0.660247802734375,0.2927398681640625,-0.22930908203125
1773063141880422400,53.335846185684204,-0.7200469970703125,0.0513763427734375,-0.0944976806640625
1773063141890478336,53.34590220451355,-0.8273162841796875,-0.1123199462890625,0.066009521484375
1773063141900533504,53.35595726966858,-0.9395294189453125,0.0420684814453125,0.0009918212890625
1773063141910589440,53.366013288497925,-1.0124359130859375,0.1421661376953125,-0.0025482177734375
1773063141920645376,53.37606930732727,-1.0172576904296875,0.1086578369140625,0.0080108642578125
1773063141930700288,53.38612413406372,-0.917633056640625,0.1002655029296875,-0.1178436279296875
1773063141940756224,53.396180152893066,-0.7671661376953125,0.1257171630859375,-0.2014007568359375
1773063141950812416,53.40623617172241,-0.6782379150390625,0.015472412109375,-0.2313690185546875
1773063141960867328,53.41629123687744,-0.751495361328125,-0.1844940185546875,-0.2246551513671875
1773063141970923520,53.42634725570679,-0.9562835693359375,-0.1862030029296875,-0.12200927734375
1773063141980978176,53.43640208244324,-0.949615478515625,-0.0721282958984375,-0.0902557373046875
1773063141991034368,53.44645810127258,-0.8721466064453125,-0.0413055419921875,-0.0327301025390625
1773063142001090304,53.45651412010193,-0.95330810546875,0.0291595458984375,-0.0114288330078125
1773063142011145472,53.46656918525696,-0.97491455078125,0.0537261962890625,-0.12908935546875
1773063142021201408,53.476625204086304,-0.9131317138671875,-0.0762786865234375,-0.0775146484375
1773063142031257344,53.48668122291565,-0.926483154296875,-0.143157958984375,-0.0138092041015625
1773063142041312512,53.49673628807068,-0.9981689453125,0.045806884765625,0.0545196533203125
1773063142051368448,53.506792306900024,-1.0050811767578125,0.127960205078125,0.0743408203125
1773063142061423360,53.516847133636475,-0.935577392578125,0.0199737548828125,-0.0304107666015625
1773063142071479296,53.52690315246582,-0.8747100830078125,-0.0548553466796875,-0.05828857421875
1773063142081535232,53.536959171295166,-0.967071533203125,-0.1051177978515625,-0.0264129638671875
1773063142091590400,53.547014236450195,-1.0494232177734375,-0.1788787841796875,-0.0878753662109375
1773063142101646336,53.55707025527954,-1.0125579833984375,-0.2544708251953125,-0.0121307373046875
1773063142111702528,53.56712627410889,-1.0193634033203125,0.0106964111328125,0.196380615234375
1773063142121757184,53.57718110084534,-1.026947021484375,0.1209716796875,0.1087188720703125
1773063142131813376,53.58723711967468,-0.99365234375,-0.0177459716796875,-0.031463623046875
1773063142141869312,53.59729313850403,-0.9896392822265625,-0.0355072021484375,-0.0694732666015625
1773063142151924480,53.60734820365906,-1.020355224609375,-0.103363037109375,-0.006866455078125
1773063142161980416,53.6174042224884,-1.032623291015625,-0.2158660888671875,-0.04461669921875
1773063142172035328,53.62745928764343,-0.95367431640625,-0.344451904296875,-0.1477813720703125
1773063142182091520,53.63751530647278,-0.8965301513671875,-0.237091064453125,-0.0071258544921875
1773063142192147200,53.647571086883545,-1.0102081298828125,-0.0601348876953125,0.16363525390625
1773063142202202368,53.657626152038574,-1.1455078125,-0.1326904296875,0.08203125
1773063142212258304,53.66768217086792,-1.1271209716796875,-0.1468353271484375,0.0845794677734375
1773063142222314240,53.677738189697266,-1.020233154296875,-0.0808563232421875,0.11663818359375
1773063142232369408,53.687793254852295,-0.98553466796875,-0.1214599609375,0.1092681884765625
1773063142242425344,53.69784927368164,-1.025909423828125,-0.1900482177734375,-0.014373779296875
1773063142252480256,53.70790410041809,-1.008331298828125,-0.1622314453125,0.014617919921875
1773063142262536192,53.71796011924744,-1.005157470703125,-0.0984039306640625,0.155426025390625
1773063142272592384,53.72801613807678,-1.017333984375,-0.151519775390625,0.107940673828125
1773063142282647296,53.73807120323181,-0.9854736328125,-0.1634368896484375,0.15399169921875
1773063142292703488,53.74812722206116,-1.0293121337890625,-0.08221435546875,0.1940155029296875
1773063142302759424,53.7581832408905,-1.004791259765625,-0.19207763671875,0.0900421142578125
1773063142312814592,53.76823830604553,-0.96185302734375,-0.2113494873046875,0.11358642578125
1773063142322870272,53.7782940864563,-0.966094970703125,-0.07366943359375,0.1913299560546875
1773063142332926208,53.788350105285645,-0.970672607421875,-0.0834808349609375,0.2233123779296875
1773063142342981376,53.798405170440674,-1.0484466552734375,-0.091094970703125,0.27392578125
1773063142353037312,53.80846118927002,-1.11962890625,-0.1101226806640625,0.1697235107421875
1773063142363092480,53.81851625442505,-1.006561279296875,-0.2683868408203125,0.096038818359375
1773063142373148416,53.828572273254395,-0.8775482177734375,-0.216949462890625,0.1181793212890625
1773063142383204352,53.83862829208374,-0.864654541015625,-0.10211181640625,0.067138671875
1773063142393259264,53.84868311882019,-0.896575927734375,-0.06561279296875,0.0493927001953125
1773063142403314944,53.85873866081238,-0.961181640625,-0.0449676513671875,0.1206512451171875
1773063142413370880,53.868794679641724,-1.0378875732421875,-0.09222412109375,0.2020263671875
1773063142423425792,53.87884974479675,-1.083099365234375,-0.19732666015625,0.2354888916015625
1773063142433481984,53.8889057636261,-1.0699920654296875,-0.2676544189453125,0.20086669921875
1773063142443537664,53.898961544036865,-0.990753173828125,-0.2701263427734375,0.1114501953125
1773063142453592832,53.909016609191895,-0.918365478515625,-0.1840362548828125,0.09393310546875
1773063142463648768,53.91907262802124,-0.9259490966796875,-0.02484130859375,0.0791778564453125
1773063142473703936,53.92912769317627,-0.9666290283203125,0.0618743896484375,0.0374603271484375
1773063142483759872,53.939183712005615,-0.961151123046875,-0.0121612548828125,0.0597381591796875
1773063142493815808,53.94923973083496,-0.9429779052734375,-0.1164703369140625,0.167694091796875
1773063142503870720,53.95929455757141,-1.01580810546875,-0.21136474609375,0.162994384765625
1773063142513926656,53.96935057640076,-1.0451507568359375,-0.302001953125,0.0730438232421875
1773063142523982848,53.9794065952301,-0.983306884765625,-0.2091522216796875,0.154205322265625
1773063142534037760,53.98946166038513,-0.9753570556640625,-0.0731964111328125,0.160491943359375
1773063142544093952,53.99951767921448,-0.9951934814453125,-0.047760009765625,0.0516815185546875
1773063142554148864,54.00957274436951,-0.9957427978515625,-0.0264129638671875,0.049224853515625
1773063142564205056,54.01962876319885,-1.0030670166015625,-0.039642333984375,0.0429229736328125
1773063142574260736,54.02968454360962,-0.972076416015625,-0.1501617431640625,-0.0053863525390625
1773063142584315904,54.03973960876465,-0.9289703369140625,-0.22393798828125,0.1093902587890625
1773063142594371840,54.049795627593994,-0.9979248046875,-0.2001800537109375,0.139892578125
1773063142604427776,54.05985164642334,-1.070343017578125,-0.1489715576171875,0.093902587890625
1773063142614482944,54.06990671157837,-1.052032470703125,-0.1067352294921875,0.11962890625
1773063142624538880,54.079962730407715,-1.0196990966796875,-0.057891845703125,0.125518798828125
1773063142634594816,54.09001874923706,-0.995574951171875,-0.05810546875,0.02911376953125
1773063142644649728,54.10007357597351,-0.9393157958984375,-0.081634521484375,-0.0242919921875
1773063142654705664,54.110129594802856,-0.940887451171875,-0.0779266357421875,0.0586700439453125
1773063142664760832,54.120184659957886,-1.0382843017578125,-0.1041412353515625,0.098236083984375
1773063142674816768,54.13024067878723,-1.08648681640625,-0.11248779296875,0.0961151123046875
1773063142684872960,54.14029669761658,-1.0737762451171875,-0.0863037109375,0.1081390380859375
1773063142694927872,54.150351762771606,-1.047149658203125,-0.1262054443359375,0.0632171630859375
1773063142704983808,54.16040754318237,-1.0090789794921875,-0.1241302490234375,0.0494232177734375
1773063142715039744,54.17046356201172,-1.00384521484375,-0.073394775390625,0.0680084228515625
1773063142725094912,54.18051862716675,-1.0257568359375,-0.0859832763671875,0.0081024169921875
1773063142735150848,54.190574645996094,-1.028106689453125,-0.1448211669921875,-0.0139007568359375
1773063142745205760,54.20062971115112,-1.0424957275390625,-0.1454010009765625,0.048553466796875
1773063142755261952,54.21068572998047,-1.08392333984375,-0.1222991943359375,0.05206298828125
1773063142765317888,54.220741748809814,-1.0997772216796875,-0.1393890380859375,0.0499420166015625
1773063142775372800,54.230796575546265,-1.1053314208984375,-0.138275146484375,0.0634613037109375
1773063142785428736,54.24085259437561,-1.11505126953125,-0.1176300048828125,0.0968017578125
1773063142795484672,54.250908613204956,-1.141937255859375,-0.14654541015625,0.0507659912109375
1773063142805539840,54.260963678359985,-1.149810791015625,-0.18115234375,-0.015228271484375
1773063142815595776,54.27101969718933,-1.143768310546875,-0.14599609375,-0.02252197265625
1773063142825651968,54.28107571601868,-1.130462646484375,-0.162353515625,-0.0703277587890625
1773063142835706624,54.29113054275513,-1.1466522216796875,-0.1249847412109375,0.041046142578125
1773063142845762816,54.30118656158447,-1.26165771484375,-0.0637359619140625,0.159423828125
1773063142855817728,54.3112416267395,-1.367950439453125,-0.190521240234375,0.11480712890625
1773063142865873920,54.32129764556885,-1.378021240234375,-0.3297882080078125,0.04058837890625
1773063142875929856,54.33135366439819,-1.28692626953125,-0.38134765625,0.02935791015625
1773063142885985024,54.34140872955322,-1.2161407470703125,-0.2933349609375,-0.033447265625
1773063142896040960,54.35146474838257,-1.228515625,-0.1016998291015625,-0.0143890380859375
1773063142906096896,54.361520767211914,-1.296844482421875,-0.071685791015625,-0.0108184814453125
1773063142916151808,54.371575593948364,-1.32733154296875,-0.1887054443359375,0.007171630859375
1773063142926207744,54.38163161277771,-1.3343048095703125,-0.2417449951171875,0.026702880859375
1773063142936262912,54.39168667793274,-1.3038177490234375,-0.186248779296875,0.02716064453125
1773063142946318848,54.401742696762085,-1.2676544189453125,-0.2008056640625,0.068267822265625
1773063142956374784,54.41179871559143,-1.2720489501953125,-0.2761993408203125,0.0909576416015625
1773063142966429696,54.42185354232788,-1.2716522216796875,-0.2832489013671875,0.0810394287109375
1773063142976485632,54.43190956115723,-1.2400970458984375,-0.2384033203125,0.04510498046875
1773063142986541824,54.44196557998657,-1.19354248046875,-0.2118072509765625,0.040771484375
1773063142996596736,54.4520206451416,-1.200592041015625,-0.1624603271484375,0.043792724609375
1773063143006652928,54.46207666397095,-1.194122314453125,-0.1199798583984375,0.009307861328125
1773063143016708864,54.47213268280029,-1.1645965576171875,-0.1039276123046875,0.018310546875
1773063143026764032,54.48218774795532,-1.1749725341796875,-0.151580810546875,0.04510498046875
1773063143036819968,54.49224376678467,-1.18450927734375,-0.2074127197265625,0.058319091796875
1773063143046874880,54.50229859352112,-1.159149169921875,-0.2635498046875,0.0564117431640625
1773063143056930816,54.512354612350464,-1.113006591796875,-0.2928009033203125,0.0471954345703125
1773063143066986752,54.52241063117981,-1.084503173828125,-0.234344482421875,0.0315093994140625
1773063143077041920,54.53246569633484,-1.0998687744140625,-0.175994873046875,-0.04901123046875
1773063143087097856,54.542521715164185,-1.082733154296875,-0.1813507080078125,-0.1734619140625
1773063143097153792,54.55257773399353,-1.000030517578125,-0.1810760498046875,-0.131591796875
1773063143107208704,54.56263256072998,-1.0015106201171875,-0.2024078369140625,-0.0352325439453125
1773063143117264640,54.572688579559326,-1.0630035400390625,-0.2530975341796875,0.004241943359375
1773063143127319808,54.582743644714355,-1.0936737060546875,-0.28143310546875,0.0267333984375
1773063143137375744,54.5927996635437,-1.101654052734375,-0.2400970458984375,0.054901123046875
1773063143147431936,54.60285568237305,-1.0908660888671875,-0.2203369140625,0.052215576171875
1773063143157486848,54.612910747528076,-1.087432861328125,-0.22955322265625,0.0125732421875
1773063143167543040,54.62296676635742,-1.067962646484375,-0.2135162353515625,-0.0186004638671875
1773063143177598720,54.63302254676819,-1.04339599609375,-0.1808929443359375,-0.0124664306640625
1773063143187653888,54.64307761192322,-1.040313720703125,-0.1692657470703125,-0.048065185546875
1773063143197709824,54.65313363075256,-0.9879608154296875,-0.2031707763671875,-0.0441436767578125
1773063143207765760,54.66318964958191,-0.9228057861328125,-0.253326416015625,0.0415496826171875
1773063143217820928,54.67324471473694,-0.9497528076171875,-0.2520904541015625,0.200897216796875
1773063143227876864,54.683300733566284,-1.095733642578125,-0.164886474609375,0.259063720703125
1773063143237931776,54.693355560302734,-1.2695159912109375,-0.045654296875,0.20928955078125
1773063143247987712,54.70341157913208,-1.2533721923828125,-0.044769287109375,0.121063232421875
1773063143258043648,54.713467597961426,-1.0415191650390625,-0.2056427001953125,-0.0328369140625
1773063143268098816,54.723522663116455,-0.8526153564453125,-0.2422332763671875,-0.064605712890625
1773063143278154752,54.7335786819458,-0.8168792724609375,-0.0704803466796875,0.0355682373046875
1773063143288210944,54.74363470077515,-0.988037109375,-0.036346435546875,0.02630615234375
1773063143298265856,54.753689765930176,-1.117645263671875,-0.2720184326171875,-0.014739990234375
1773063143308321792,54.76374554634094,-1.0790557861328125,-0.380523681640625,0.00128173828125
1773063143318376704,54.77380061149597,-1.01104736328125,-0.153411865234375,-0.0106201171875
1773063143328432896,54.78385663032532,-0.9673919677734375,-0.016448974609375,0.0117034912109375
1773063143338488832,54.79391264915466,-0.9760284423828125,-0.1276397705078125,0.1377410888671875
1773063143348544000,54.80396771430969,-1.0718231201171875,-0.149261474609375,0.1705169677734375
1773063143358599936,54.81402373313904,-1.1510009765625,-0.033843994140625,0.1748504638671875
1773063143368655872,54.824079751968384,-1.1072235107421875,-0.0318603515625,0.122772216796875
1773063143378710784,54.834134578704834,-1.01092529296875,-0.157257080078125,-0.039398193359375
1773063143388766720,54.84419059753418,-0.8785400390625,-0.1778106689453125,-0.072021484375
1773063143398823168,54.854247093200684,-0.832305908203125,-0.08416748046875,0.0343780517578125
1773063143408878336,54.86430215835571,-0.9080657958984375,-0.1709442138671875,0.0921630859375
1773063143418934272,54.87435817718506,-1.0450286865234375,-0.1079254150390625,0.1371307373046875
1773063143428989440,54.88441324234009,-1.099334716796875,0.0354461669921875,0.1139984130859375
1773063143439045376,54.894469261169434,-1.00628662109375,0.0069732666015625,0.04925537109375
1773063143449101568,54.90452527999878,-0.8616943359375,-0.05303955078125,0.0419464111328125
1773063143459156224,54.91458010673523,-0.841033935546875,-0.052642822265625,-0.0477294921875
1773063143469212416,54.924636125564575,-0.848388671875,-0.13189697265625,-0.1139678955078125
1773063143479268352,54.93469214439392,-0.80712890625,-0.15234375,-0.0515594482421875
1773063143489323264,54.94474720954895,-0.776092529296875,-0.10821533203125,0.1253814697265625
1773063143499379456,54.954803228378296,-0.8769073486328125,0.0883331298828125,0.1287384033203125
1773063143509435392,54.96485924720764,-0.9834442138671875,0.2034912109375,0.0169219970703125
1773063143519490304,54.97491407394409,-0.8938140869140625,0.10723876953125,-0.058319091796875
1773063143529546240,54.98497009277344,-0.7422943115234375,0.0276031494140625,-0.1013031005859375
1773063143539601408,54.99502515792847,-0.6565399169921875,-0.0764617919921875,-0.1227569580078125
1773063143549657344,55.00508117675781,-0.6302032470703125,-0.1249847412109375,-0.0190887451171875
1773063143559713280,55.01513719558716,-0.68572998046875,-0.023101806640625,0.1855926513671875
1773063143569768448,55.02519226074219,-0.8541412353515625,0.224334716796875,0.198394775390625
1773063143579824384,55.03524827957153,-0.9963836669921875,0.40509033203125,0.03472900390625
1773063143589880576,55.04530429840088,-0.893463134765625,0.319854736328125,-0.0224761962890625
1773063143599935232,55.05535912513733,-0.7039794921875,0.1433258056640625,0.0099029541015625
1773063143609991424,55.065415143966675,-0.6734619140625,-0.0122833251953125,0.0131378173828125
1773063143620046336,55.075470209121704,-0.7372589111328125,-0.0600128173828125,0.0067138671875
1773063143630102272,55.08552622795105,-0.76507568359375,-0.0306549072265625,0.06396484375
1773063143640158464,55.095582246780396,-0.735504150390625,0.06292724609375,0.056976318359375
1773063143650213120,55.105637073516846,-0.69915771484375,0.1432647705078125,-0.0092926025390625
1773063143660269312,55.11569309234619,-0.7671661376953125,0.275177001953125,0.0190582275390625
1773063143670325248,55.12574911117554,-0.866607666015625,0.18634033203125,0.0543975830078125
1773063143680380416,55.135804176330566,-0.812469482421875,0.0472412109375,0.1046142578125
1773063143690436352,55.14586019515991,-0.67913818359375,-0.075042724609375,0.17669677734375
1773063143700491520,55.15591526031494,-0.6476593017578125,-0.119781494140625,0.2160491943359375
1773063143710547456,55.16597127914429,-0.6938629150390625,0.090118408203125,0.2645263671875
1773063143720603392,55.17602729797363,-0.720977783203125,0.319427490234375,0.3325653076171875
1773063143730658304,55.18608212471008,-0.93731689453125,0.3814544677734375,0.2473602294921875
1773063143740714240,55.19613814353943,-0.8822479248046875,0.1799468994140625,-0.43597412109375
1773063143750770432,55.206194162368774,-0.82354736328125,0.24298095703125,0.0846405029296875
1773063143760825344,55.216249227523804,-0.942657470703125,0.13348388671875,0.2031097412109375
1773063143770881536,55.22630524635315,-0.937530517578125,0.0683746337890625,0.1070404052734375
1773063143780937472,55.236361265182495,-0.835479736328125,0.1231842041015625,0.0020904541015625
1773063143790992384,55.246416091918945,-0.780853271484375,0.2999267578125,0.0418853759765625
1773063143801048320,55.25647211074829,-0.91693115234375,0.3844757080078125,0.125823974609375
1773063143811103232,55.26652717590332,-1.08917236328125,0.3131103515625,0.0144805908203125
1773063143821159424,55.276583194732666,-1.1060638427734375,0.257049560546875,-0.022674560546875
1773063143831215360,55.28663921356201,-1.0820159912109375,0.2754974365234375,0.084320068359375
1773063143841270528,55.29669427871704,-1.0801544189453125,0.228302001953125,0.133331298828125
1773063143851326464,55.30675029754639,-0.9921112060546875,0.258758544921875,0.117431640625
1773063143861382144,55.31680607795715,-0.952972412109375,0.430145263671875,0.1190948486328125
1773063143871437312,55.32686114311218,-1.0817413330078125,0.6224212646484375,0.4202880859375
1773063143881493248,55.33691716194153,-1.1487884521484375,0.3240509033203125,0.058685302734375
1773063143891548416,55.34697222709656,-1.0245208740234375,0.1477813720703125,-0.019989013671875
1773063143901604352,55.3570282459259,-0.9323883056640625,0.3192291259765625,0.045257568359375
1773063143911660544,55.36708426475525,-0.9279327392578125,0.15252685546875,-0.019287109375
1773063143921715200,55.3771390914917,-0.889801025390625,0.0822906494140625,0.027191162109375
1773063143931771392,55.387195110321045,-0.9350433349609375,0.15057373046875,-0.025970458984375
1773063143941827328,55.39725112915039,-0.9622039794921875,0.1546783447265625,-0.08917236328125
1773063143951882240,55.40730619430542,-0.91259765625,0.057861328125,-0.0776214599609375
1773063143961938432,55.417362213134766,-0.8611297607421875,0.0363006591796875,0.06036376953125
1773063143971994368,55.42741823196411,-0.884674072265625,0.0686187744140625,0.094390869140625
1773063143982049536,55.43747329711914,-0.950927734375,0.171112060546875,0.10540771484375
1773063143992105216,55.44752907752991,-0.950042724609375,0.2464141845703125,0.075469970703125
1773063144002160384,55.45758414268494,-0.897216796875,0.2739715576171875,0.097320556640625
1773063144012216320,55.46764016151428,-0.8538360595703125,0.2863616943359375,0.1916656494140625
1773063144022272256,55.47769618034363,-0.8630523681640625,0.227874755859375,0.21795654296875
1773063144032327424,55.48775124549866,-0.872833251953125,0.1550140380859375,0.1460418701171875
1773063144042383360,55.497807264328,-0.8461151123046875,0.1060943603515625,0.1053924560546875
1773063144052439552,55.50786328315735,-0.8166961669921875,0.10693359375,0.12213134765625
1773063144062494208,55.5179181098938,-0.8324432373046875,0.119354248046875,0.099609375
1773063144072550400,55.527974128723145,-0.9069976806640625,0.1680755615234375,0.079681396484375
1773063144082606336,55.53803014755249,-0.9795989990234375,0.248260498046875,0.0299530029296875
1773063144092661504,55.54808521270752,-0.9383544921875,0.2347412109375,-0.109405517578125
1773063144102717440,55.558141231536865,-0.8094482421875,0.169525146484375,-0.0768585205078125
1773063144112772352,55.568196296691895,-0.7372894287109375,0.066497802734375,0.053131103515625
1773063144122828288,55.57825207710266,-0.7938232421875,-0.00067138671875,0.1171112060546875
1773063144132884224,55.58830809593201,-0.8273162841796875,-0.014129638671875,0.0657501220703125
1773063144142939392,55.598363161087036,-0.81195068359375,0.02825927734375,0.0040740966796875
1773063144152995328,55.60841917991638,-0.835540771484375,0.063079833984375,-0.024749755859375
1773063144163051264,55.61847519874573,-0.8637542724609375,0.1028594970703125,-0.1053314208984375
1773063144173106432,55.62853026390076,-0.809417724609375,0.09967041015625,-0.066925048828125
1773063144183162368,55.6385862827301,-0.73175048828125,0.04449462890625,0.0146331787109375
1773063144193217280,55.64864110946655,-0.7230987548828125,0.0038909912109375,0.050567626953125
1773063144203273216,55.6586971282959,-0.849853515625,-0.0246429443359375,0.166351318359375
1773063144213329408,55.668753147125244,-1.0774688720703125,0.13177490234375,0.1535797119140625
1773063144223384320,55.67880821228027,-1.119537353515625,0.226318359375,0.0559234619140625
1773063144233440512,55.68886423110962,-0.940948486328125,0.17193603515625,0.0639801025390625
1773063144243496448,55.698920249938965,-0.7379302978515625,0.0782470703125,0.0085906982421875
1773063144253551360,55.708975076675415,-0.63385009765625,-0.0627899169921875,0.0361480712890625
1773063144263607296,55.71903109550476,-0.7532958984375,-0.0983734130859375,0.15057373046875
1773063144273663232,55.729087114334106,-0.9801788330078125,0.0272369384765625,0.17755126953125
1773063144283718400,55.739142179489136,-1.0739898681640625,0.052093505859375,0.1795654296875
1773063144293774336,55.74919819831848,-1.033477783203125,0.025054931640625,0.0963592529296875
1773063144303829504,55.75925326347351,-0.9133758544921875,0.011383056640625,0.0461578369140625
1773063144313885440,55.769309282302856,-0.8305511474609375,0.0068359375,0.02362060546875
1773063144323941376,55.7793653011322,-0.815399169921875,-0.054962158203125,0.0839385986328125
1773063144333996288,55.78942012786865,-0.958099365234375,-0.0798187255859375,0.2087860107421875
1773063144344052224,55.799476146698,-1.08074951171875,-0.042327880859375,0.1191864013671875
1773063144354108416,55.809532165527344,-0.9703826904296875,-0.177947998046875,0.1291656494140625
1773063144364163328,55.81958723068237,-0.9248809814453125,-0.1905364990234375,0.180877685546875
1773063144374219520,55.82964324951172,-1.0373992919921875,-0.00775146484375,0.0438995361328125
1773063144384274176,55.83969807624817,-1.0211639404296875,0.0088653564453125,0.0125274658203125
1773063144394330368,55.849754095077515,-0.942169189453125,-0.0657196044921875,0.114410400390625
1773063144404386560,55.85981035232544,-0.9181060791015625,-0.1568756103515625,0.1364288330078125
1773063144414441472,55.86986541748047,-0.97210693359375,-0.1943359375,0.09063720703125
1773063144424497664,55.879921436309814,-1.039794921875,-0.19964599609375,0.12127685546875
1773063144434553600,55.88997745513916,-1.0529937744140625,-0.2368927001953125,0.086883544921875
1773063144444608768,55.90003252029419,-0.981842041015625,-0.206024169921875,0.07525634765625
1773063144454664704,55.910088539123535,-0.964599609375,-0.064178466796875,0.155181884765625
1773063144464719616,55.920143365859985,-1.02496337890625,-0.005462646484375,0.1832275390625
1773063144474775552,55.93019938468933,-1.04534912109375,-0.0494842529296875,0.2247772216796875
1773063144484831488,55.94025540351868,-1.046661376953125,-0.1427764892578125,0.239410400390625
1773063144494886656,55.950310468673706,-1.04638671875,-0.2144927978515625,0.1930999755859375
1773063144504942592,55.96036648750305,-0.9803466796875,-0.2250518798828125,0.2160186767578125
1773063144514998784,55.9704225063324,-0.95172119140625,-0.16796875,0.2053680419921875
1773063144525053440,55.98047733306885,-0.9851837158203125,-0.10028076171875,0.1673431396484375
1773063144535109632,55.99053335189819,-1.0563812255859375,-0.0576171875,0.1333770751953125
1773063144545165568,56.00058937072754,-1.0495452880859375,-0.104339599609375,0.1380157470703125
1773063144555220480,56.01064443588257,-0.99822998046875,-0.144439697265625,0.2110443115234375
1773063144565276672,56.020700454711914,-1.007049560546875,-0.1928863525390625,0.16448974609375
1773063144575331584,56.03075551986694,-0.9890594482421875,-0.1881256103515625,0.1278076171875
1773063144585387776,56.04081153869629,-0.969390869140625,-0.169281005859375,0.178680419921875
1773063144595443712,56.050867557525635,-1.084808349609375,-0.095306396484375,0.2098541259765625
1773063144605498624,56.060922384262085,-1.142120361328125,-0.05548095703125,0.1649169921875
1773063144615554560,56.07097840309143,-1.0709228515625,-0.070587158203125,0.1883697509765625
1773063144625610496,56.081034421920776,-1.0071258544921875,-0.1157989501953125,0.1725006103515625
1773063144635665664,56.091089487075806,-1.0056915283203125,-0.194732666015625,0.1130218505859375
1773063144645721600,56.10114550590515,-1.039825439453125,-0.1990966796875,0.0864105224609375
1773063144655777792,56.1112015247345,-1.040435791015625,-0.171905517578125,0.1827850341796875
1773063144665832448,56.12125635147095,-1.1052093505859375,-0.13897705078125,0.2698211669921875
1773063144675888640,56.13131237030029,-1.1615753173828125,-0.06982421875,0.20343017578125
1773063144685943552,56.14136743545532,-1.0767974853515625,-0.085601806640625,0.1385650634765625
1773063144695999744,56.15142345428467,-0.9602813720703125,-0.13043212890625,0.083343505859375
1773063144706055680,56.161479473114014,-0.9573822021484375,-0.1251678466796875,0.063262939453125
1773063144716110592,56.17153453826904,-1.0180206298828125,-0.0970001220703125,0.092315673828125
1773063144726166784,56.18159055709839,-1.0379180908203125,-0.14202880859375,0.1619110107421875
1773063144736222464,56.191646337509155,-1.0814056396484375,-0.1756744384765625,0.2448272705078125
1773063144746277632,56.201701402664185,-1.1640472412109375,-0.156036376953125,0.2515716552734375
1773063144756333568,56.21175742149353,-1.1341400146484375,-0.1980438232421875,0.1517486572265625
1773063144766388736,56.22181248664856,-0.9868316650390625,-0.194305419921875,0.1045684814453125
1773063144776444672,56.231868505477905,-0.89068603515625,-0.0684661865234375,0.0966644287109375
1773063144786500608,56.24192452430725,-0.9023284912109375,-0.045654296875,0.06463623046875
1773063144796555520,56.2519793510437,-0.95135498046875,-0.0872039794921875,0.11346435546875
1773063144806611456,56.26203536987305,-1.0310516357421875,-0.123626708984375,0.2472381591796875
1773063144816667648,56.27209138870239,-1.145355224609375,-0.144622802734375,0.2649383544921875
1773063144826722560,56.28214645385742,-1.114044189453125,-0.1779632568359375,0.2160797119140625
1773063144836778752,56.29220247268677,-0.9765777587890625,-0.1385040283203125,0.1983642578125
1773063144846834688,56.30225849151611,-0.9066619873046875,-0.0853118896484375,0.1569976806640625
1773063144856889600,56.31231355667114,-0.8992919921875,-0.10150146484375,0.1251983642578125
1773063144866945536,56.32236933708191,-0.9353179931640625,-0.0669097900390625,0.19793701171875
1773063144877000448,56.33242440223694,-1.0153961181640625,-0.0671234130859375,0.250732421875
1773063144887056640,56.342480421066284,-1.065521240234375,-0.15057373046875,0.2244720458984375
1773063144897112576,56.35253643989563,-1.0286712646484375,-0.18499755859375,0.1651611328125
1773063144907167744,56.36259150505066,-0.9244384765625,-0.2015380859375,0.1005859375
1773063144917223680,56.372647523880005,-0.876739501953125,-0.1380157470703125,0.115081787109375
1773063144927279616,56.38270354270935,-0.904571533203125,-0.076202392578125,0.111602783203125
1773063144937334528,56.3927583694458,-0.9339752197265625,-0.0901336669921875,0.122528076171875
1773063144947390464,56.40281438827515,-0.97406005859375,-0.0706329345703125,0.186981201171875
1773063144957445632,56.412869453430176,-1.0240936279296875,-0.0797576904296875,0.26318359375
1773063144967501568,56.42292547225952,-1.0697784423828125,-0.1721343994140625,0.2905731201171875
1773063144977557760,56.43298149108887,-1.0595703125,-0.205078125,0.243316650390625
1773063144987612672,56.4430365562439,-0.97711181640625,-0.162139892578125,0.1473236083984375
1773063144997668608,56.45309233665466,-0.9028167724609375,-0.1177825927734375,0.0909576416015625
1773063145007724544,56.46314835548401,-0.90460205078125,-0.0831451416015625,0.0764312744140625
1773063145017779712,56.47320342063904,-0.989654541015625,-0.0831146240234375,0.138427734375
1773063145027835648,56.483259439468384,-1.0951080322265625,-0.13604736328125,0.2327728271484375
1773063145037891584,56.49331545829773,-1.131500244140625,-0.1866302490234375,0.2001953125
1773063145047946752,56.50337052345276,-1.0698394775390625,-0.20562744140625,0.1705322265625
1773063145058002688,56.513426542282104,-1.020599365234375,-0.190765380859375,0.1793975830078125
1773063145068057600,56.523481369018555,-1.0537109375,-0.1632080078125,0.1557464599609375
1773063145078113536,56.5335373878479,-1.1309967041015625,-0.12982177734375,0.15228271484375
1773063145088169472,56.543593406677246,-1.1527252197265625,-0.12646484375,0.1531829833984375
1773063145098224640,56.553648471832275,-1.13275146484375,-0.197998046875,0.1791839599609375
1773063145108280576,56.56370449066162,-1.141845703125,-0.2306671142578125,0.201385498046875
1773063145118336768,56.57376050949097,-1.171112060546875,-0.2370147705078125,0.2032623291015625
1773063145128391424,56.58381533622742,-1.201812744140625,-0.286956787109375,0.1915740966796875
1773063145138447616,56.59387135505676,-1.2034454345703125,-0.235626220703125,0.1513519287109375
1773063145148502528,56.60392642021179,-1.1920166015625,-0.17144775390625,0.1207122802734375
1773063145158558720,56.61398243904114,-1.197662353515625,-0.186309814453125,0.113494873046875
1773063145168614656,56.62403845787048,-1.2129669189453125,-0.19549560546875,0.1357879638671875
1773063145178669568,56.63409352302551,-1.2415618896484375,-0.23211669921875,0.1878814697265625
1773063145188725760,56.64414954185486,-1.27020263671875,-0.2928314208984375,0.194366455078125
1773063145198781696,56.654205560684204,-1.284881591796875,-0.34234619140625,0.1909027099609375
1773063145208836608,56.664260387420654,-1.2658843994140625,-0.333099365234375,0.1616363525390625
1773063145218892544,56.67431640625,-1.2337799072265625,-0.236663818359375,0.1448516845703125
1773063145228947712,56.68437147140503,-1.211700439453125,-0.19281005859375,0.11737060546875
1773063145239003648,56.694427490234375,-1.2036895751953125,-0.2100067138671875,0.1223297119140625
1773063145249059584,56.70448350906372,-1.22845458984375,-0.20904541015625,0.160552978515625
1773063145259114496,56.71453833580017,-1.268798828125,-0.264190673828125,0.1788330078125
1773063145269170432,56.72459435462952,-1.2578887939453125,-0.2707977294921875,0.17724609375
1773063145279226624,56.73465037345886,-1.205535888671875,-0.268463134765625,0.1590728759765625
1773063145289281536,56.74470543861389,-1.171966552734375,-0.2475433349609375,0.1187286376953125
1773063145299337728,56.75476145744324,-1.162109375,-0.23095703125,0.09326171875
1773063145309393664,56.76481747627258,-1.12664794921875,-0.240234375,0.0892791748046875
1773063145319448832,56.77487254142761,-1.119293212890625,-0.205535888671875,0.12579345703125
1773063145329504768,56.78492856025696,-1.11773681640625,-0.1742095947265625,0.134521484375
1773063145339559680,56.79498338699341,-1.1021270751953125,-0.20098876953125,0.1652374267578125
1773063145349615616,56.805039405822754,-1.1438751220703125,-0.1815185546875,0.2121124267578125
1773063145359671552,56.8150954246521,-1.173919677734375,-0.1304168701171875,0.191162109375
1773063145369726720,56.82515048980713,-1.130218505859375,-0.150787353515625,0.1767730712890625
1773063145379782656,56.835206508636475,-1.06640625,-0.16552734375,0.1932220458984375
1773063145389838592,56.84526252746582,-1.0614166259765625,-0.1515350341796875,0.1680755615234375
1773063145399892224,56.855316162109375,-1.038238525390625,-0.1094207763671875,0.0945587158203125
1773063145409948416,56.86537218093872,-1.010345458984375,-0.091064453125,0.0516815185546875
1773063145420003328,56.87542724609375,-1.0122222900390625,-0.13238525390625,0.076446533203125
1773063145430059520,56.885483264923096,-1.0380706787109375,-0.1350250244140625,0.1295928955078125
1773063145440115200,56.89553904533386,-1.0520477294921875,-0.1615753173828125,0.1958160400390625
1773063145450170368,56.90559411048889,-1.070098876953125,-0.2019805908203125,0.2534637451171875
1773063145460226304,56.91565012931824,-1.092559814453125,-0.1661529541015625,0.246063232421875
1773063145470282240,56.92570614814758,-1.0409088134765625,-0.1308746337890625,0.1672515869140625
1773063145480337408,56.93576121330261,-0.9853973388671875,-0.04864501953125,0.1531219482421875
1773063145490393344,56.94581723213196,-0.982818603515625,-0.031951904296875,0.2014923095703125
1773063145500449536,56.955873250961304,-1.0303955078125,-0.087127685546875,0.2151947021484375
1773063145510504192,56.965928077697754,-1.0691070556640625,-0.13104248046875,0.18780517578125
1773063145520560384,56.9759840965271,-1.028533935546875,-0.1494293212890625,0.1485748291015625
1773063145530615296,56.98603916168213,-0.979248046875,-0.135650634765625,0.2023468017578125
1773063145540671232,56.996095180511475,-1.016754150390625,-0.1035614013671875,0.2133636474609375
1773063145550727424,57.00615119934082,-1.0397186279296875,-0.0957794189453125,0.156951904296875
1773063145560782336,57.01620626449585,-0.954132080078125,-0.0638885498046875,0.13751220703125
1773063145570838272,57.026262044906616,-0.869842529296875,-0.0379180908203125,0.1124725341796875
1773063145580894208,57.03631806373596,-0.8865966796875,-0.0308837890625,0.1591644287109375
1773063145590949376,57.04637312889099,-0.9759368896484375,-0.0386505126953125,0.161834716796875
1773063145601005312,57.05642914772034,-1.0164031982421875,-0.0780487060546875,0.213165283203125
1773063145611060480,57.066484212875366,-1.0020751953125,-0.0673980712890625,0.221832275390625
1773063145621116416,57.07654023170471,-1.0300445556640625,0.0045928955078125,0.2185821533203125
1773063145631172352,57.08659625053406,-1.016845703125,-0.02081298828125,0.1203155517578125
1773063145641227264,57.09665107727051,-0.914947509765625,-0.003814697265625,0.0793609619140625
1773063145651283200,57.10670709609985,-0.82159423828125,0.0195770263671875,0.1537017822265625
1773063145661339392,57.1167631149292,-0.8919219970703125,0.0712890625,0.2273712158203125
1773063145671394304,57.12681818008423,-0.9980621337890625,0.025726318359375,0.1464385986328125
1773063145681450240,57.136874198913574,-0.938018798828125,-0.0531005859375,0.107147216796875
1773063145691506432,57.14693021774292,-0.885284423828125,0.0890045166015625,0.125152587890625
1773063145701561088,57.15698504447937,-0.889556884765625,0.1340179443359375,0.11334228515625
1773063145711617280,57.167041063308716,-0.8896026611328125,0.041412353515625,0.050323486328125
1773063145721672192,57.177096128463745,-0.7214813232421875,0.0539703369140625,0.232452392578125
1773063145731728384,57.18715214729309,-0.43341064453125,0.576202392578125,2.008636474609375
1773063145741784320,57.19720816612244,-0.8100738525390625,0.6558380126953125,0.6535797119140625
1773063145751839488,57.207263231277466,-0.835968017578125,-0.6044464111328125,-1.09515380859375
1773063145761895424,57.21731925010681,-0.4550323486328125,-0.154296875,-0.25335693359375
1773063145771951360,57.22737526893616,-0.6073150634765625,0.8679351806640625,1.6420135498046875
1773063145782006272,57.23743009567261,-1.2570953369140625,0.5980072021484375,0.360137939453125
1773063145792062208,57.24748611450195,-0.97601318359375,-0.379852294921875,-0.7421722412109375
1773063145802117376,57.25754117965698,-0.609771728515625,-0.329559326171875,-0.6259918212890625
1773063145812173312,57.26759719848633,-0.6378936767578125,0.269073486328125,0.4622039794921875
1773063145822229504,57.277653217315674,-1.045318603515625,0.4277191162109375,0.7843475341796875
1773063145832284160,57.287708044052124,-0.908447265625,0.26708984375,0.3693389892578125
1773063145842340352,57.29776406288147,-0.4553985595703125,-0.09698486328125,-0.5059356689453125
1773063145852396288,57.307820081710815,-0.4197540283203125,-0.178863525390625,-0.58221435546875
1773063145862451200,57.317875146865845,-0.7367095947265625,-0.0503997802734375,0.100494384765625
1773063145872507392,57.32793116569519,-1.0302581787109375,0.2692108154296875,0.69842529296875
1773063145882562304,57.33798623085022,-1.0777130126953125,0.407928466796875,0.5391387939453125
1773063145892618496,57.348042249679565,-0.7472686767578125,0.2539825439453125,-0.21319580078125
1773063145902674432,57.35809826850891,-0.5394287109375,-0.0900421142578125,-0.485687255859375
1773063145912729344,57.36815309524536,-0.645782470703125,0.04620361328125,0.0234832763671875
1773063145922785280,57.37820911407471,-0.964935302734375,0.2462310791015625,0.647216796875
1773063145932841216,57.38826513290405,-1.038116455078125,0.3620452880859375,0.4482879638671875
1773063145942896384,57.39832019805908,-0.7443389892578125,0.2528839111328125,-0.1978912353515625
1773063145952952320,57.40837621688843,-0.5840606689453125,0.0444488525390625,-0.5242156982421875
1773063145963008512,57.41843223571777,-0.7822265625,0.0487213134765625,-0.00787353515625
1773063145973063168,57.428487062454224,-1.122589111328125,0.2398529052734375,0.4898223876953125
1773063145983119360,57.43854308128357,-1.09381103515625,0.3502044677734375,0.42071533203125
1773063145993174272,57.4485981464386,-0.8057403564453125,0.2186431884765625,-0.068695068359375
1773063146003230208,57.458654165267944,-0.7491912841796875,0.038818359375,-0.39691162109375
1773063146013286400,57.46871018409729,-0.9400634765625,0.144622802734375,-0.154144287109375
1773063146023341312,57.47876524925232,-1.103546142578125,0.381988525390625,0.2539825439453125
1773063146033397504,57.488821268081665,-1.06781005859375,0.44390869140625,0.3205413818359375
1773063146043453184,57.49887704849243,-0.8802947998046875,0.3022613525390625,-0.0172119140625
1773063146053508352,57.50893211364746,-0.852569580078125,0.1710357666015625,-0.278076171875
1773063146063564288,57.51898813247681,-1.086090087890625,0.1765289306640625,-0.043243408203125
1773063146073619456,57.529043197631836,-1.26470947265625,0.284912109375,0.28314208984375
1773063146083675392,57.53909921646118,-1.11798095703125,0.4091796875,0.2940826416015625
1773063146093731328,57.54915523529053,-0.8600006103515625,0.2858428955078125,0.0171356201171875
1773063146103786240,57.55921006202698,-0.81842041015625,0.11236572265625,-0.22259521484375
1773063146113842176,57.56926608085632,-0.9761199951171875,0.0706329345703125,-0.08001708984375
1773063146123898368,57.57932209968567,-1.03265380859375,0.2631072998046875,0.1973114013671875
1773063146133953280,57.5893771648407,-1.0750885009765625,0.5420684814453125,0.3685760498046875
1773063146144009472,57.599433183670044,-1.051239013671875,0.4429779052734375,0.1663360595703125
1773063146154065408,57.60948920249939,-0.9125518798828125,0.165252685546875,-0.12371826171875
1773063146164120320,57.61954426765442,-0.85009765625,0.075714111328125,-0.05889892578125
1773063146174176256,57.629600048065186,-0.963714599609375,0.1471099853515625,0.1994476318359375
1773063146184231168,57.639655113220215,-0.9830780029296875,0.33782958984375,0.3763427734375
1773063146194287360,57.64971113204956,-0.8653411865234375,0.352935791015625,0.2425689697265625
1773063146204343296,57.659767150878906,-0.82232666015625,0.264617919921875,-0.002716064453125
1773063146214398464,57.669822216033936,-0.9038543701171875,0.1651611328125,-0.005401611328125
1773063146224454400,57.67987823486328,-0.9519195556640625,0.20111083984375,0.2253570556640625
1773063146234510336,57.68993425369263,-0.9574127197265625,0.3871612548828125,0.3892974853515625
1773063146244565248,57.69998908042908,-0.967742919921875,0.40911865234375,0.2647857666015625
1773063146254621184,57.71004509925842,-0.899139404296875,0.1708984375,0.0601654052734375
1773063146264676352,57.72010016441345,-0.8580322265625,0.0512237548828125,-0.035186767578125
1773063146274732288,57.7301561832428,-0.892730712890625,0.1877593994140625,0.0941925048828125
1773063146284788480,57.740212202072144,-0.92315673828125,0.3476715087890625,0.30462646484375
1773063146294843392,57.75026726722717,-0.9161224365234375,0.32281494140625,0.2442169189453125
1773063146304899328,57.76032304763794,-0.8803863525390625,0.2111358642578125,0.064361572265625
1773063146314955264,57.770379066467285,-0.9262542724609375,0.170166015625,0.0112762451171875
1773063146325010176,57.780434131622314,-1.0157928466796875,0.2616424560546875,0.164764404296875
1773063146335066368,57.79049015045166,-1.0507354736328125,0.400634765625,0.3165740966796875
1773063146345121280,57.80054521560669,-1.0489349365234375,0.4581451416015625,0.217529296875
1773063146355177472,57.810601234436035,-0.9270477294921875,0.32427978515625,0.081634521484375
1773063146365233408,57.82065725326538,-0.87982177734375,0.178070068359375,0.031341552734375
1773063146375288320,57.83071208000183,-0.9710235595703125,0.16943359375,0.1304931640625
1773063146385344256,57.84076809883118,-1.0555877685546875,0.2980804443359375,0.290863037109375
1773063146395400192,57.85082411766052,-1.0555572509765625,0.3629608154296875,0.245635986328125
1773063146405455616,57.86087942123413,-0.9471282958984375,0.3126983642578125,0.0817413330078125
1773063146415511296,57.8709352016449,-0.928497314453125,0.247314453125,0.01519775390625
1773063146425567488,57.88099122047424,-1.031219482421875,0.23638916015625,0.052276611328125
1773063146435622400,57.89104628562927,-1.039886474609375,0.31427001953125,0.1818084716796875
1773063146445678592,57.90110230445862,-0.9305877685546875,0.3462066650390625,0.23699951171875
1773063146455733504,57.91115736961365,-0.8839111328125,0.28314208984375,0.1668243408203125
1773063146465789440,57.92121338844299,-0.936859130859375,0.2344512939453125,0.1000213623046875
1773063146475845632,57.93126940727234,-0.9802093505859375,0.1736602783203125,0.0908050537109375
1773063146485900288,57.94132423400879,-0.9604644775390625,0.2205963134765625,0.186737060546875
1773063146495956480,57.951380252838135,-0.914459228515625,0.26116943359375,0.2400665283203125
1773063146506012416,57.96143627166748,-0.874114990234375,0.169189453125,0.167999267578125
1773063146516067584,57.97149133682251,-0.866607666015625,0.1132049560546875,0.12213134765625
1773063146526123520,57.981547355651855,-0.900360107421875,0.1418304443359375,0.1175079345703125
1773063146536179456,57.9916033744812,-0.9288177490234375,0.1910400390625,0.2018585205078125
1773063146546234368,58.00165820121765,-0.9303741455078125,0.263397216796875,0.2883758544921875
1773063146556290304,58.011714220047,-0.8953857421875,0.2442626953125,0.190277099609375
1773063146566345472,58.021769285202026,-0.8724517822265625,0.2023162841796875,0.0843963623046875
1773063146576401408,58.03182530403137,-0.9054107666015625,0.1641693115234375,0.0625762939453125
1773063146586457600,58.04188132286072,-0.9297332763671875,0.2013702392578125,0.124847412109375
1773063146596512512,58.05193638801575,-0.91314697265625,0.244415283203125,0.20745849609375
1773063146606568448,58.06199240684509,-0.89599609375,0.228729248046875,0.1728515625
1773063146616624640,58.07204842567444,-0.847930908203125,0.110076904296875,0.072967529296875
1773063146626679296,58.08210325241089,-0.8488616943359375,0.06549072265625,0.054779052734375
1773063146636735488,58.092159271240234,-0.8973388671875,0.1076202392578125,0.083984375
1773063146646790400,58.102214336395264,-0.8722381591796875,0.12652587890625,0.159149169921875
1773063146656846592,58.11227035522461,-0.814483642578125,0.149627685546875,0.2140655517578125
1773063146666902528,58.122326374053955,-0.894378662109375,0.1826629638671875,0.1173248291015625
1773063146676957440,58.132381200790405,-0.9478759765625,0.16253662109375,-0.0135498046875
1773063146687013376,58.14243721961975,-0.8698577880859375,0.2021484375,0.072479248046875
1773063146697069312,58.1524932384491,-0.8651275634765625,0.20172119140625,0.1545867919921875
1773063146707124480,58.162548303604126,-0.8743438720703125,0.135040283203125,0.138153076171875
1773063146717180416,58.17260432243347,-0.793304443359375,0.0250701904296875,0.0633392333984375
1773063146727235584,58.1826593875885,-0.6928863525390625,-0.0537567138671875,0.0601348876953125
1773063146737291520,58.19271540641785,-0.781768798828125,-0.0781402587890625,0.12860107421875
1773063146747347712,58.20277142524719,-0.963409423828125,0.14703369140625,0.112518310546875
1773063146757402368,58.21282625198364,-1.01434326171875,0.357879638671875,0.1241455078125
1773063146767458560,58.22288227081299,-0.950225830078125,0.2353363037109375,0.03399658203125
1773063146777514496,58.232938289642334,-0.8264923095703125,0.0684356689453125,-0.0397491455078125
1773063146787569408,58.24299335479736,-0.69732666015625,-0.0620574951171875,0.0041961669921875
1773063146797625600,58.25304937362671,-0.6436309814453125,-0.0910797119140625,0.0994720458984375
1773063146807681536,58.263105392456055,-0.7051544189453125,-0.109344482421875,0.2512969970703125
1773063146817736448,58.273160219192505,-0.9713287353515625,-0.0271759033203125,0.18304443359375
1773063146827792384,58.28321623802185,-1.1329193115234375,0.1450347900390625,0.0299530029296875
1773063146837847552,58.29327130317688,-1.0598297119140625,0.12469482421875,-0.000701904296875
1773063146847903488,58.303327322006226,-0.85894775390625,0.12158203125,0.064605712890625
1773063146857959424,58.31338334083557,-0.6861724853515625,-0.0010833740234375,0.0826873779296875
1773063146868014592,58.3234384059906,-0.633880615234375,-0.08636474609375,0.008453369140625
1773063146878070528,58.333494424819946,-0.685943603515625,-0.089263916015625,0.05377197265625
1773063146888126464,58.34355020523071,-0.9327545166015625,-0.0244903564453125,0.1909942626953125
1773063146898181376,58.35360527038574,-1.2417755126953125,0.13037109375,0.13037109375
1773063146908237568,58.36366128921509,-1.2151336669921875,0.1304779052734375,0.1806640625
1773063146918292480,58.37371635437012,-0.9751434326171875,-0.015045166015625,0.17901611328125
1773063146928348416,58.38377237319946,-0.766845703125,-0.0978240966796875,0.1126556396484375
1773063146938404608,58.39382839202881,-0.7225799560546875,-0.0948333740234375,0.024078369140625
1773063146948459264,58.40388321876526,-0.79644775390625,-0.041412353515625,0.093231201171875
1773063146958515456,58.413939237594604,-1.036285400390625,0.059783935546875,0.159393310546875
1773063146968571392,58.42399525642395,-1.1699981689453125,0.0790557861328125,0.0931549072265625
1773063146978626560,58.43405032157898,-1.04937744140625,-0.0151824951171875,0.1488494873046875
1773063146988682496,58.444106340408325,-0.9968719482421875,-0.12646484375,0.09063720703125
1773063146998738432,58.45416235923767,-0.9173126220703125,-0.1678924560546875,0.0819091796875
1773063147008793600,58.4642174243927,-0.8728485107421875,-0.100860595703125,0.1047515869140625
1773063147018849280,58.47427320480347,-0.9229888916015625,-0.080841064453125,0.110931396484375
1773063147028904448,58.484328269958496,-1.07745361328125,-0.024139404296875,0.17999267578125
1773063147038960384,58.49438428878784,-1.215179443359375,0.0482025146484375,0.1677398681640625
1773063147049016576,58.50444030761719,-1.1318359375,-0.0588531494140625,0.2106781005859375
1773063147059071488,58.51449537277222,-1.0321044921875,-0.1757049560546875,0.2022857666015625
1773063147069127680,58.52455139160156,-0.9747772216796875,-0.1216583251953125,0.17626953125
1773063147079183616,58.53460741043091,-0.9319305419921875,-0.1110076904296875,0.121734619140625
1773063147089238528,58.54466223716736,-0.965850830078125,-0.093780517578125,0.1062469482421875
1773063147099294464,58.554718255996704,-1.050323486328125,-0.017974853515625,0.0951995849609375
1773063147109349376,58.56477332115173,-1.07647705078125,0.010009765625,0.2047271728515625
1773063147119405568,58.57482933998108,-1.139801025390625,-0.0673828125,0.2567596435546875
1773063147129461504,58.584885358810425,-1.1239471435546875,-0.2798004150390625,0.1357879638671875
1773063147139516672,58.594940423965454,-0.9436798095703125,-0.3279266357421875,0.05889892578125
1773063147149572352,58.60499620437622,-0.86456298828125,-0.20880126953125,0.0694580078125
1773063147159628288,58.615052223205566,-0.9384307861328125,-0.138824462890625,0.097930908203125
1773063147169683456,58.625107288360596,-1.0680389404296875,-0.128143310546875,0.186065673828125
1773063147179739392,58.63516330718994,-1.1456756591796875,-0.1224365234375,0.182373046875
1773063147189795584,58.64521932601929,-1.1007232666015625,-0.1396331787109375,0.17608642578125
1773063147199850496,58.655274391174316,-1.0515289306640625,-0.207672119140625,0.1324005126953125
1773063147209906688,58.66533041000366,-0.9907989501953125,-0.2638702392578125,0.062591552734375
1773063147219961344,58.67538523674011,-0.9380645751953125,-0.2184906005859375,0.0440521240234375
1773063147230017536,58.68544125556946,-0.9224700927734375,-0.1175689697265625,0.0390167236328125
1773063147240073472,58.695497274398804,-0.9351043701171875,-0.1280517578125,0.0930938720703125
1773063147250128384,58.70555233955383,-1.0617523193359375,-0.20281982421875,0.2075653076171875
1773063147260184576,58.71560835838318,-1.2181549072265625,-0.209930419921875,0.238800048828125
1773063147270240512,58.725664377212524,-1.1689605712890625,-0.251434326171875,0.182281494140625
1773063147280295424,58.735719203948975,-1.0000762939453125,-0.2614898681640625,0.114501953125
1773063147290351360,58.74577522277832,-0.9020538330078125,-0.205291748046875,0.0615997314453125
1773063147300406528,58.75583028793335,-0.89947509765625,-0.149505615234375,0.02764892578125
1773063147310462464,58.765886306762695,-0.970489501953125,-0.1088409423828125,0.0982513427734375
1773063147320518400,58.77594232559204,-1.100616455078125,-0.1410675048828125,0.21478271484375
1773063147330573568,58.78599739074707,-1.2263336181640625,-0.1934051513671875,0.2395172119140625
1773063147340629504,58.796053409576416,-1.2067718505859375,-0.2772064208984375,0.1285247802734375
1773063147350685696,58.80610942840576,-1.0193023681640625,-0.3186798095703125,-0.00384521484375
1773063147360740352,58.81616425514221,-0.832275390625,-0.2428741455078125,-0.0519561767578125
1773063147370796544,58.82622027397156,-0.79168701171875,-0.1474456787109375,-0.0164337158203125
1773063147380852480,58.8362762928009,-0.9232635498046875,-0.0889129638671875,0.0616455078125
1773063147390907648,58.84633135795593,-1.0821533203125,-0.13238525390625,0.1261138916015625
1773063147400963584,58.85638737678528,-1.1478271484375,-0.208831787109375,0.1773834228515625
1773063147411018240,58.86644196510315,-1.1439208984375,-0.257049560546875,0.151947021484375
1773063147421074176,58.876497983932495,-1.0411834716796875,-0.227325439453125,0.1255035400390625
1773063147431130112,58.88655400276184,-0.93719482421875,-0.1533355712890625,0.12060546875
1773063147441185280,58.89660906791687,-0.8993072509765625,-0.1243896484375,0.0753326416015625
1773063147451241216,58.906665086746216,-0.9111785888671875,-0.0930633544921875,0.023651123046875
1773063147461297152,58.91672110557556,-0.9565277099609375,-0.0739898681640625,0.07489013671875
1773063147471352320,58.92677617073059,-1.0454559326171875,-0.1202239990234375,0.1760711669921875
1773063147481408000,58.93683195114136,-1.1078948974609375,-0.1840362548828125,0.174713134765625
1773063147491463168,58.94688701629639,-1.028472900390625,-0.2591094970703125,0.11737060546875
1773063147501519104,58.95694303512573,-0.920623779296875,-0.259429931640625,0.0976715087890625
1773063147511575296,58.96699905395508,-0.904815673828125,-0.16363525390625,0.0600738525390625
1773063147521630208,58.97705411911011,-0.9472503662109375,-0.1308441162109375,0.0658721923828125
1773063147531686400,58.98711013793945,-1.009735107421875,-0.0743255615234375,0.092529296875
1773063147541742336,58.9971661567688,-1.00164794921875,-0.0981597900390625,0.1273651123046875
1773063147551797248,59.00722098350525,-0.9897918701171875,-0.1601409912109375,0.1858367919921875
1773063147561853184,59.017277002334595,-1.0550384521484375,-0.174041748046875,0.1775665283203125
1773063147571909120,59.02733302116394,-1.0412750244140625,-0.2070770263671875,0.1195831298828125
1773063147581964288,59.03738808631897,-0.9911346435546875,-0.1988372802734375,0.134307861328125
1773063147592020224,59.047444105148315,-0.9700164794921875,-0.1391448974609375,0.1396942138671875
1773063147602075392,59.057499170303345,-0.9676055908203125,-0.1209564208984375,0.11175537109375
1773063147612131072,59.06755495071411,-1.0152130126953125,-0.1306610107421875,0.14471435546875
1773063147622187264,59.07761096954346,-1.0739593505859375,-0.1388397216796875,0.1639404296875
1773063147632242176,59.087666034698486,-1.10650634765625,-0.1497955322265625,0.1926116943359375
1773063147642298112,59.09772205352783,-1.103912353515625,-0.1677093505859375,0.1766204833984375
1773063147652354304,59.10777807235718,-1.06707763671875,-0.237701416015625,0.1337890625
1773063147662409216,59.11783313751221,-1.057220458984375,-0.245391845703125,0.1055450439453125
1773063147672465408,59.12788915634155,-1.082366943359375,-0.1836700439453125,0.1168670654296875
1773063147682520064,59.137943983078,-1.1162109375,-0.1322021484375,0.144134521484375
1773063147692576256,59.14800000190735,-1.155792236328125,-0.1610870361328125,0.155426025390625
1773063147702632192,59.158056020736694,-1.1963043212890625,-0.2366180419921875,0.16143798828125
1773063147712687360,59.168111085891724,-1.2082672119140625,-0.2721099853515625,0.1300811767578125
1773063147722743296,59.17816710472107,-1.189056396484375,-0.2516326904296875,0.1197357177734375
1773063147732799232,59.188223123550415,-1.196502685546875,-0.2120361328125,0.1187744140625
1773063147742854144,59.198277950286865,-1.2253570556640625,-0.2147064208984375,0.1265716552734375
1773063147752910080,59.20833396911621,-1.245361328125,-0.187286376953125,0.150634765625
1773063147762965248,59.21838903427124,-1.2481689453125,-0.231842041015625,0.113067626953125
1773063147773021184,59.228445053100586,-1.2335052490234375,-0.31317138671875,0.0865478515625
1773063147783077120,59.23850107192993,-1.2360382080078125,-0.289825439453125,0.105072021484375
1773063147793132288,59.24855613708496,-1.266326904296875,-0.25048828125,0.134429931640625
1773063147803188224,59.25861215591431,-1.2777862548828125,-0.247955322265625,0.123809814453125
1773063147813244416,59.26866817474365,-1.2352294921875,-0.2292022705078125,0.121002197265625
1773063147823299072,59.2787230014801,-1.2293548583984375,-0.25390625,0.0990447998046875
1773063147833355264,59.28877902030945,-1.2283782958984375,-0.2749786376953125,0.06622314453125
1773063147843411200,59.298835039138794,-1.2230682373046875,-0.234771728515625,0.0703887939453125
1773063147853466368,59.30889010429382,-1.1978759765625,-0.2472686767578125,0.0767364501953125
1773063147863522304,59.31894612312317,-1.1717071533203125,-0.27789306640625,0.1061553955078125
1773063147873577216,59.32900094985962,-1.182861328125,-0.235321044921875,0.0944061279296875
1773063147883633152,59.339056968688965,-1.14483642578125,-0.2620849609375,0.075042724609375
1773063147893689088,59.34911298751831,-1.115203857421875,-0.258880615234375,0.09442138671875
1773063147903744256,59.35916805267334,-1.147430419921875,-0.227783203125,0.0865936279296875
1773063147913800192,59.369224071502686,-1.154327392578125,-0.200714111328125,0.04522705078125
1773063147923856384,59.37928009033203,-1.1093292236328125,-0.209228515625,0.01800537109375
1773063147933911296,59.38933515548706,-1.0560760498046875,-0.247161865234375,-0.036834716796875
1773063147943967232,59.399391174316406,-1.0054473876953125,-0.245635986328125,-0.039093017578125
1773063147954023168,59.40944695472717,-1.00872802734375,-0.1758575439453125,0.00274658203125
1773063147964078080,59.4195020198822,-1.0627593994140625,-0.162628173828125,0.083526611328125
1773063147974134272,59.42955803871155,-1.1166534423828125,-0.227386474609375,0.10906982421875
1773063147984189184,59.43961310386658,-1.1313018798828125,-0.27801513671875,0.124786376953125
1773063147994245376,59.44966912269592,-1.09454345703125,-0.2495880126953125,0.0322113037109375
1773063148004301312,59.45972514152527,-0.9863739013671875,-0.2125091552734375,-0.0732574462890625
1773063148014356224,59.46977996826172,-0.941925048828125,-0.2538299560546875,-0.1237335205078125
1773063148024412160,59.479835987091064,-0.939117431640625,-0.2422943115234375,-0.11956787109375
1773063148034468096,59.48989200592041,-0.955413818359375,-0.1507568359375,-0.074066162109375
1773063148044523264,59.49994707107544,-0.9935455322265625,-0.1328582763671875,0.0007476806640625
1773063148054579200,59.510003089904785,-1.0441741943359375,-0.164794921875,0.0521087646484375
1773063148064634368,59.520058155059814,-1.07568359375,-0.2016448974609375,0.0648040771484375
1773063148074690304,59.53011417388916,-1.06805419921875,-0.24591064453125,0.06671142578125
1773063148084746240,59.54016995429993,-1.04290771484375,-0.2275238037109375,0.069549560546875
1773063148094801152,59.550225019454956,-1.023162841796875,-0.1601104736328125,0.0625762939453125
1773063148104857088,59.5602810382843,-1.016510009765625,-0.110076904296875,-0.0030670166015625
1773063148114913280,59.57033705711365,-0.9539031982421875,-0.1159820556640625,-0.02752685546875
1773063148124968192,59.58039212226868,-0.9496307373046875,-0.0503997802734375,0.057159423828125
1773063148135024384,59.59044814109802,-1.03692626953125,-0.0923919677734375,0.076507568359375
1773063148145079040,59.60050296783447,-1.075714111328125,-0.199493408203125,0.12554931640625
1773063148155135232,59.61055898666382,-1.0937042236328125,-0.196929931640625,0.17352294921875
1773063148165191168,59.620615005493164,-1.0638427734375,-0.123809814453125,0.1783294677734375
1773063148175246336,59.63067007064819,-1.005340576171875,-0.1240234375,0.141265869140625
1773063148185302272,59.64072608947754,-0.993865966796875,-0.13897705078125,0.0819854736328125
1773063148195358208,59.650782108306885,-0.978118896484375,0.0203857421875,0.003753662109375
1773063148205413376,59.660837173461914,-0.9327545166015625,0.040740966796875,-0.088531494140625
1773063148215469056,59.67089295387268,-0.90728759765625,-0.229766845703125,-0.1250457763671875
1773063148225525248,59.680948972702026,-0.9421844482421875,-0.1924896240234375,-0.0559234619140625
1773063148235580160,59.691004037857056,-0.9884796142578125,-0.1050262451171875,0.051483154296875
1773063148245636352,59.7010600566864,-0.9959259033203125,-0.1238861083984375,0.098846435546875
1773063148255691264,59.71111512184143,-1.0256805419921875,-0.1231842041015625,0.0982818603515625
1773063148265747200,59.721171140670776,-1.0167999267578125,-0.08428955078125,0.0511016845703125
1773063148275803392,59.73122715950012,-0.994354248046875,-0.0652923583984375,0.048492431640625
1773063148285858048,59.74128198623657,-0.9435272216796875,-0.1045684814453125,0.0615081787109375
1773063148295914240,59.75133800506592,-0.947723388671875,0.0588836669921875,0.1062774658203125
1773063148305970176,59.761394023895264,-1.015411376953125,0.066619873046875,0.1507720947265625
1773063148316025344,59.77144908905029,-0.992218017578125,-0.10211181640625,0.0539398193359375
1773063148326081280,59.78150510787964,-0.890777587890625,-0.115386962890625,-0.0484619140625
1773063148336136448,59.79156017303467,-0.8370513916015625,-0.008880615234375,0.0183258056640625
1773063148346192128,59.801615953445435,-0.8775177001953125,0.026611328125,0.0513916015625
1773063148356248064,59.81167197227478,-0.8890533447265625,-0.0475311279296875,0.07012939453125
1773063148366303232,59.82172703742981,-0.867919921875,-0.0052337646484375,0.1370697021484375
1773063148376359168,59.831783056259155,-0.9189300537109375,0.0517120361328125,0.2386016845703125
1773063148386415360,59.8418390750885,-1.0669097900390625,0.09710693359375,0.2091827392578125
1773063148396470272,59.85189414024353,-1.1282501220703125,0.27142333984375,0.1354522705078125
1773063148406526208,59.861950159072876,-0.9367218017578125,0.2287139892578125,0.10919189453125
1773063148416581376,59.872005224227905,-0.7342529296875,-0.004486083984375,-0.0315093994140625
1773063148426637312,59.88206124305725,-0.6692047119140625,-0.1184234619140625,-0.1031341552734375
1773063148436693504,59.8921172618866,-0.686737060546875,-0.0581512451171875,-0.031982421875
1773063148446748416,59.902172327041626,-0.7335357666015625,0.1381072998046875,0.0930023193359375
1773063148456804608,59.91222834587097,-0.8009033203125,0.1487579345703125,0.1392974853515625
1773063148466860544,59.92228436470032,-0.8791351318359375,0.1571044921875,0.098480224609375
1773063148476915456,59.93233919143677,-0.9271087646484375,0.318359375,0.05865478515625
1773063148486971392,59.94239521026611,-0.8814239501953125,0.2413177490234375,0.073211669921875
1773063148497027328,59.95245122909546,-0.7956390380859375,0.0633697509765625,0.00439453125
1773063148507082496,59.96250629425049,-0.7374420166015625,-0.0009765625,-0.006500244140625
1773063148517138432,59.972562313079834,-0.733642578125,0.072021484375,0.0642547607421875
1773063148527193600,59.98261737823486,-0.7531585693359375,0.1172637939453125,-0.0141143798828125
1773063148537249280,59.99267315864563,-0.7090606689453125,0.093505859375,-0.04241943359375
1773063148547305472,60.002729177474976,-0.6586456298828125,0.1107177734375,-0.0279541015625
1773063148557360384,60.012784242630005,-0.7607879638671875,0.3009796142578125,0.08392333984375
1773063148567416320,60.02284026145935,-0.88427734375,0.24761962890625,0.183349609375
1773063148577472512,60.032896280288696,-0.8930511474609375,0.0341339111328125,0.1707611083984375
1773063148587527424,60.042951345443726,-0.823394775390625,0.00286865234375,0.1762542724609375
1773063148597583616,60.05300736427307,-0.832550048828125,0.0872955322265625,0.1680145263671875
1773063148607639552,60.06306338310242,-0.8294677734375,0.25732421875,0.1491851806640625
1773063148617694464,60.07311820983887,-0.8018035888671875,0.337188720703125,0.09991455078125
1773063148627750400,60.08317422866821,-0.82220458984375,0.4069671630859375,0.074798583984375
1773063148637805568,60.09322929382324,-0.8450164794921875,0.3006744384765625,0.0341033935546875
1773063148647861504,60.10328531265259,-0.84014892578125,0.1688690185546875,0.064208984375
1773063148657917440,60.113341331481934,-0.84918212890625,0.181640625,0.15777587890625
1773063148667972352,60.123396158218384,-0.8211822509765625,0.184783935546875,0.218719482421875
1773063148678028288,60.13345217704773,-0.7968597412109375,0.24169921875,0.22247314453125
1773063148688084480,60.143508195877075,-0.938446044921875,0.330230712890625,0.135955810546875
1773063148698139392,60.153563261032104,-1.123779296875,0.2540283203125,0.0369110107421875
1773063148708195328,60.16361927986145,-1.069976806640625,0.1525726318359375,-0.0238189697265625
1773063148718250496,60.17367434501648,-0.8205718994140625,0.09832763671875,0.0018768310546875
1773063148728306432,60.183730363845825,-0.74200439453125,0.078765869140625,0.077239990234375
1773063148738362624,60.19378638267517,-0.92706298828125,0.088043212890625,0.1524658203125
1773063148748417280,60.20384120941162,-0.99151611328125,0.16192626953125,0.1583099365234375
1773063148758473472,60.21389722824097,-1.0258026123046875,0.260162353515625,0.1367950439453125
1773063148768529408,60.22395324707031,-1.087432861328125,0.349273681640625,0.13800048828125
1773063148778584576,60.23400831222534,-1.10491943359375,0.2722320556640625,0.1276092529296875
1773063148788640512,60.24406433105469,-1.0229644775390625,0.1219329833984375,0.0160369873046875
1773063148798695424,60.25411915779114,-0.94842529296875,0.13958740234375,0.0602264404296875
1773063148808751360,60.26417517662048,-1.007781982421875,0.1655426025390625,0.1131439208984375
1773063148818807296,60.27423119544983,-1.0503692626953125,0.1513519287109375,0.1202239990234375
1773063148828862464,60.28428626060486,-1.03741455078125,0.18035888671875,0.108642578125
1773063148838918400,60.294342279434204,-1.031646728515625,0.2546234130859375,0.10400390625
1773063148848974592,60.30439829826355,-1.0104217529296875,0.2999725341796875,0.1037139892578125
1773063148859029504,60.31445336341858,-1.0246124267578125,0.3089752197265625,0.093170166015625
1773063148869085440,60.324509382247925,-1.0283355712890625,0.2446441650390625,0.10479736328125
1773063148879141376,60.33456516265869,-0.9866485595703125,0.1689300537109375,0.0853729248046875
1773063148889196288,60.34462022781372,-0.9666290283203125,0.142608642578125,0.095672607421875
1773063148899252480,60.354676246643066,-0.929412841796875,0.170806884765625,0.1373443603515625
1773063148909307392,60.364731311798096,-0.919525146484375,0.1851348876953125,0.1241912841796875
1773063148919363584,60.37478733062744,-0.9501190185546875,0.2113189697265625,0.06854248046875
1773063148929419520,60.38484334945679,-0.9326629638671875,0.2308349609375,0.065399169921875
1773063148939474432,60.39489817619324,-0.8822021484375,0.270782470703125,0.115997314453125
1773063148949530368,60.40495419502258,-0.9495697021484375,0.336822509765625,0.1812744140625
1773063148959586304,60.41501021385193,-1.0364227294921875,0.301849365234375,0.19317626953125
1773063148969641472,60.42506527900696,-0.99859619140625,0.26812744140625,0.176910400390625
1773063148979697408,60.435121297836304,-0.926025390625,0.2439117431640625,0.1563873291015625
1773063148989752576,60.44517636299133,-0.9253082275390625,0.2571563720703125,0.1298370361328125
1773063148999808512,60.45523238182068,-0.939178466796875,0.2669219970703125,0.080230712890625
1773063149009864448,60.465288162231445,-0.8992462158203125,0.2278594970703125,-0.00653076171875
1773063149019919360,60.475343227386475,-0.8607635498046875,0.2092742919921875,-0.014892578125
1773063149029975296,60.48539924621582,-0.92852783203125,0.1796875,-0.0044097900390625
1773063149040031488,60.495455265045166,-0.974884033203125,0.2103118896484375,0.06524658203125
1773063149050086400,60.505510330200195,-0.9431610107421875,0.252532958984375,0.159271240234375
1773063149060142592,60.51556634902954,-0.9539947509765625,0.2912445068359375,0.1601104736328125
1773063149070197248,60.52562117576599,-1.00909423828125,0.3591766357421875,0.1351470947265625
1773063149080253440,60.53567719459534,-1.0328521728515625,0.339569091796875,0.114715576171875
1773063149090309376,60.54573321342468,-0.9927520751953125,0.31134033203125,0.1016693115234375
1773063149100364544,60.55578827857971,-0.9854888916015625,0.2517547607421875,0.0845947265625
1773063149110420480,60.56584429740906,-0.9952392578125,0.1967010498046875,0.06524658203125
1773063149120476416,60.5759003162384,-0.9774169921875,0.197418212890625,0.083343505859375
1773063149130531584,60.58595538139343,-0.97393798828125,0.193359375,0.076324462890625
1773063149140587264,60.5960111618042,-0.975189208984375,0.186126708984375,0.0608062744140625
1773063149150642432,60.60606622695923,-0.9766387939453125,0.227508544921875,0.0637054443359375
1773063149160698368,60.616122245788574,-0.9804840087890625,0.2299957275390625,0.0299835205078125
1773063149170754560,60.62617826461792,-0.9751434326171875,0.2089996337890625,0.0088653564453125
1773063149180809472,60.63623332977295,-1.007232666015625,0.1902008056640625,-0.00091552734375
1773063149190865408,60.646289348602295,-0.98907470703125,0.2161102294921875,0.0695343017578125
1773063149200921600,60.65634536743164,-0.9425506591796875,0.2628326416015625,0.0999908447265625
1773063149210976256,60.66640019416809,-0.9392547607421875,0.2317962646484375,0.0874176025390625
1773063149221032448,60.67645621299744,-0.96527099609375,0.2416229248046875,0.0927276611328125
1773063149231088384,60.68651223182678,-0.983428955078125,0.2170867919921875,0.0332183837890625
1773063149241143552,60.69656729698181,-0.95257568359375,0.200408935546875,-0.00152587890625
1773063149251199488,60.70662331581116,-0.9221649169921875,0.1932220458984375,0.0302276611328125
1773063149261254656,60.71667838096619,-0.93963623046875,0.167266845703125,0.04901123046875
1773063149271310336,60.72673416137695,-0.9499664306640625,0.1937255859375,0.067047119140625
1773063149281366272,60.7367901802063,-0.963653564453125,0.222198486328125,0.070068359375
1773063149291421440,60.74684524536133,-0.9646148681640625,0.207550048828125,0.0426177978515625
1773063149301477376,60.756901264190674,-0.944061279296875,0.188323974609375,0.0269775390625
1773063149311533568,60.76695728302002,-0.953857421875,0.1641082763671875,0.015655517578125
1773063149321588480,60.77701234817505,-0.95220947265625,0.1588592529296875,0.03271484375
1773063149331644416,60.787068367004395,-0.9330596923828125,0.170867919921875,0.048919677734375
1773063149341699328,60.797123193740845,-0.9120635986328125,0.177764892578125,0.057708740234375
1773063149351755264,60.80717921257019,-0.910858154296875,0.1844482421875,0.07891845703125
1773063149361811456,60.817235231399536,-0.933563232421875,0.202728271484375,0.06500244140625
1773063149371866368,60.827290296554565,-0.9622802734375,0.2124786376953125,0.033905029296875
1773063149381922560,60.83734631538391,-0.97216796875,0.2170257568359375,0.057098388671875
1773063149391978496,60.84740233421326,-0.9616546630859375,0.1795806884765625,0.057952880859375
1773063149402033408,60.85745716094971,-0.9103240966796875,0.12615966796875,0.04913330078125
1773063149412089856,60.86751365661621,-0.8778076171875,0.137939453125,0.0628814697265625
1773063149422144768,60.87756872177124,-0.8832550048828125,0.142486572265625,0.0703277587890625
1773063149432200960,60.887624740600586,-0.885955810546875,0.1240234375,0.0644378662109375
1773063149442256896,60.89768075942993,-0.9042510986328125,0.1177978515625,0.0719451904296875
1773063149452311808,60.90773558616638,-0.9410552978515625,0.1381072998046875,0.0340423583984375
1773063149462367744,60.91779160499573,-0.9365081787109375,0.182403564453125,0.0699920654296875
1773063149472423680,60.92784762382507,-0.9212799072265625,0.176544189453125,0.0946502685546875
1773063149482478848,60.9379026889801,-0.893646240234375,0.1269989013671875,0.068450927734375
1773063149492534784,60.94795870780945,-0.8487548828125,0.11419677734375,0.0627593994140625
1773063149502590976,60.958014726638794,-0.803924560546875,0.1035614013671875,0.066192626953125
1773063149512645632,60.968069553375244,-0.8026885986328125,0.09600830078125,0.1078033447265625
1773063149522701824,60.97812557220459,-0.8917999267578125,0.0937347412109375,0.099884033203125
1773063149532756736,60.98818063735962,-1.0042572021484375,0.1247100830078125,0.0521697998046875
1773063149542812928,60.998236656188965,-0.9883270263671875,0.225830078125,0.0116729736328125
1773063149552868864,61.00829267501831,-0.8564605712890625,0.2203826904296875,0.0354461669921875
1773063149562924032,61.01834774017334,-0.7837371826171875,0.0841217041015625,0.0505218505859375
1773063149572979968,61.028403759002686,-0.7550506591796875,0.0111236572265625,0.076416015625
1773063149583035648,61.03845953941345,-0.7625274658203125,0.002899169921875,0.108551025390625
1773063149593090816,61.04851460456848,-0.896240234375,0.0217742919921875,0.1493072509765625
1773063149603146752,61.05857062339783,-1.072967529296875,0.183349609375,0.073760986328125
1773063149613201920,61.068625688552856,-1.080078125,0.289764404296875,0.0972442626953125
1773063149623257856,61.0786817073822,-0.96453857421875,0.193878173828125,0.1410369873046875
1773063149633313792,61.08873772621155,-0.8049774169921875,0.0366973876953125,0.085693359375
1773063149643368704,61.098792552948,-0.67724609375,-0.0305328369140625,0.04608154296875
1773063149653424640,61.108848571777344,-0.6655426025390625,-0.012359619140625,0.078521728515625
1773063149663480832,61.11890459060669,-0.811920166015625,-0.014068603515625,0.1639556884765625
1773063149673535744,61.12895965576172,-1.1103973388671875,0.004364013671875,0.1470794677734375
1773063149683591936,61.139015674591064,-1.2096405029296875,0.1929779052734375,0.115142822265625
1773063149693646848,61.149070739746094,-1.0465087890625,0.1698760986328125,0.2255706787109375
1773063149703703040,61.15912675857544,-0.889129638671875,0.0062713623046875,0.18450927734375
1773063149713758720,61.169182538986206,-0.75201416015625,-0.096099853515625,0.079925537109375
1773063149723813888,61.179237604141235,-0.665618896484375,-0.04559326171875,0.085418701171875
1773063149733869824,61.18929362297058,-0.7529144287109375,0.007049560546875,0.12115478515625
1773063149743925760,61.19934964179993,-1.01025390625,0.0244140625,0.097564697265625
1773063149753980928,61.209404706954956,-1.194427490234375,0.078887939453125,0.1210784912109375
1773063149764036864,61.2194607257843,-1.1226654052734375,0.0572662353515625,0.1280975341796875
1773063149774092800,61.22951674461365,-0.84014892578125,-0.1019744873046875,0.1931304931640625
1773063149784147712,61.2395715713501,-0.6711578369140625,-0.142364501953125,0.181121826171875
1773063149794203648,61.24962759017944,-0.7021942138671875,-0.0954742431640625,0.100311279296875
1773063149804258816,61.25968265533447,-0.868408203125,-0.0061492919921875,0.108367919921875
1773063149814314752,61.26973867416382,-1.0744781494140625,0.03228759765625,0.1515045166015625
1773063149824370944,61.279794692993164,-1.1326141357421875,0.0056304931640625,0.1318817138671875
1773063149834425856,61.28984975814819,-0.9802398681640625,-0.0311279296875,0.20208740234375
1773063149844481792,61.29990553855896,-0.840057373046875,-0.08636474609375,0.2375335693359375
1773063149854537728,61.309961557388306,-0.8178253173828125,-0.1639556884765625,0.1780548095703125
1773063149864592896,61.320016622543335,-0.8917694091796875,-0.1111907958984375,0.1318817138671875
1773063149874648832,61.33007264137268,-0.9775543212890625,-0.045745849609375,0.2243804931640625
1773063149884704000,61.34012770652771,-1.1250152587890625,-0.030364990234375,0.279815673828125
1773063149894759936,61.350183725357056,-1.151611328125,-0.054412841796875,0.23370361328125
1773063149904815872,61.3602397441864,-0.966522216796875,-0.1331024169921875,0.21234130859375
1773063149914870784,61.37029457092285,-0.860992431640625,-0.132110595703125,0.1873779296875
1773063149924926720,61.3803505897522,-0.890289306640625,-0.1349029541015625,0.0985260009765625
1773063149934982656,61.39040660858154,-0.9539947509765625,-0.0730133056640625,0.0622711181640625
1773063149945037824,61.40046167373657,-1.008056640625,-0.0218353271484375,0.1555328369140625
1773063149955093760,61.41051769256592,-1.104583740234375,-0.0750274658203125,0.255218505859375
1773063149965148928,61.42057275772095,-1.1822662353515625,-0.250274658203125,0.20111083984375
1773063149975204608,61.430628538131714,-1.07452392578125,-0.3269195556640625,0.1374053955078125
1773063149985260800,61.44068455696106,-0.9315643310546875,-0.2309112548828125,0.1235809326171875
1773063149995315712,61.45073962211609,-0.940704345703125,-0.131134033203125,0.0872955322265625
1773063150005371904,61.460795640945435,-1.0234832763671875,-0.0885772705078125,0.0986175537109375
1773063150015427840,61.47085165977478,-1.10076904296875,-0.06591796875,0.14385986328125
1773063150025483008,61.48090672492981,-1.1433868408203125,-0.0980224609375,0.220550537109375
1773063150035538944,61.490962743759155,-1.1832427978515625,-0.2081451416015625,0.1728668212890625
1773063150045593856,61.501017570495605,-1.1035308837890625,-0.284515380859375,0.0803375244140625
1773063150055649792,61.51107358932495,-0.968109130859375,-0.24664306640625,0.064422607421875
1773063150065705728,61.5211296081543,-0.96612548828125,-0.178680419921875,0.04425048828125
1773063150075760896,61.531184673309326,-1.0195159912109375,-0.1250457763671875,0.053466796875
1773063150085816832,61.54124069213867,-1.0849456787109375,-0.0811920166015625,0.173095703125
1773063150095872768,61.55129671096802,-1.17156982421875,-0.1348114013671875,0.2188873291015625
1773063150105927680,61.56135153770447,-1.2022552490234375,-0.2669219970703125,0.138092041015625
1773063150115983616,61.57140755653381,-1.137054443359375,-0.3232421875,0.0237579345703125
1773063150126039808,61.58146357536316,-1.0074005126953125,-0.24884033203125,-0.0076446533203125
1773063150136094720,61.59151864051819,-0.9480743408203125,-0.1204071044921875,-0.0384368896484375
1773063150146150912,61.601574659347534,-0.96392822265625,-0.1011199951171875,-0.027984619140625
1773063150156205824,61.61162972450256,-1.063446044921875,-0.123382568359375,0.03564453125
1773063150166262016,61.62168574333191,-1.1403350830078125,-0.188446044921875,0.03839111328125
1773063150176317952,61.631741762161255,-1.112640380859375,-0.27093505859375,0.061553955078125
1773063150186372864,61.641796588897705,-1.0747833251953125,-0.2827911376953125,0.0812835693359375
1773063150196428800,61.65185260772705,-1.0447540283203125,-0.2433624267578125,0.03973388671875
1773063150206484736,61.6619086265564,-1.00921630859375,-0.18304443359375,-0.003753662109375
1773063150216539904,61.671963691711426,-0.9951019287109375,-0.0944366455078125,-0.0101776123046875
1773063150226595840,61.68201971054077,-1.0201263427734375,-0.061767578125,0.0278472900390625
1773063150236650752,61.69207453727722,-1.0971221923828125,-0.092193603515625,0.0904541015625
1773063150246706688,61.70213055610657,-1.1134490966796875,-0.2040863037109375,0.077972412109375
1773063150256762624,61.71218657493591,-1.06512451171875,-0.2571868896484375,0.0474090576171875
1773063150266817792,61.72224164009094,-1.0233001708984375,-0.2218780517578125,0.03240966796875
1773063150276873728,61.73229765892029,-0.99920654296875,-0.1648712158203125,0.00439453125
1773063150286929920,61.742353677749634,-1.00054931640625,-0.1241607666015625,0.016021728515625
1773063150296984832,61.75240874290466,-1.0454559326171875,-0.12799072265625,0.025665283203125
1773063150307041024,61.76246476173401,-1.05059814453125,-0.1758270263671875,-0.0074462890625
1773063150317096704,61.772520542144775,-1.020416259765625,-0.1898040771484375,-0.037628173828125
1773063150327151872,61.782575607299805,-0.9720306396484375,-0.1777801513671875,-0.067840576171875
1773063150337207808,61.79263162612915,-0.9456787109375,-0.1855010986328125,-0.0310211181640625
1773063150347262976,61.80268669128418,-1.010162353515625,-0.1761932373046875,0.0347900390625
1773063150357318912,61.812742710113525,-1.0609588623046875,-0.1713104248046875,0.059539794921875
1773063150367374848,61.82279872894287,-1.0519866943359375,-0.1910400390625,0.074920654296875
1773063150377429760,61.83285355567932,-1.0491943359375,-0.18377685546875,0.083587646484375
1773063150387485696,61.84290957450867,-1.046539306640625,-0.140533447265625,0.0673675537109375
1773063150397541888,61.85296559333801,-1.0414581298828125,-0.11688232421875,0.076324462890625
1773063150407596288,61.863020181655884,-1.0487060546875,-0.1588287353515625,0.0933074951171875
1773063150417652480,61.87307620048523,-1.0458221435546875,-0.2012481689453125,0.061676025390625
1773063150427707392,61.88313126564026,-1.0354461669921875,-0.165496826171875,0.075927734375
1773063150437763328,61.893187284469604,-1.0789794921875,-0.141815185546875,0.124267578125
1773063150447819520,61.90324330329895,-1.131744384765625,-0.1782379150390625,0.101348876953125
1773063150457874432,61.91329836845398,-1.15057373046875,-0.2342529296875,0.096282958984375
1773063150467930624,61.923354387283325,-1.1418914794921875,-0.2303924560546875,0.0720977783203125
1773063150477986304,61.93341016769409,-1.0992279052734375,-0.2628936767578125,0.0228271484375
1773063150488041472,61.94346523284912,-1.0925140380859375,-0.255096435546875,0.0606842041015625
1773063150498097408,61.95352125167847,-1.159271240234375,-0.2195587158203125,0.0893096923828125
1773063150508153344,61.96357727050781,-1.2270050048828125,-0.2328338623046875,0.091522216796875
1773063150518208512,61.97363233566284,-1.2131195068359375,-0.2555084228515625,0.07861328125
1773063150528264448,61.98368835449219,-1.1783599853515625,-0.2800445556640625,0.06158447265625
1773063150538319360,61.99374318122864,-1.17694091796875,-0.2617950439453125,0.0584259033203125
1773063150548375296,62.00379920005798,-1.188323974609375,-0.2924652099609375,0.0425872802734375
1773063150558431488,62.01385521888733,-1.1803131103515625,-0.307647705078125,0.0578460693359375
1773063150568486400,62.02391028404236,-1.1811370849609375,-0.2718353271484375,0.090850830078125
1773063150578542592,62.033966302871704,-1.1887969970703125,-0.2692108154296875,0.1058807373046875
1773063150588598528,62.04402232170105,-1.2019805908203125,-0.2949676513671875,0.0965728759765625
1773063150598653440,62.05407738685608,-1.1950225830078125,-0.316619873046875,0.08453369140625
1773063150608709376,62.064133167266846,-1.189971923828125,-0.3077545166015625,0.071746826171875
1773063150618764288,62.074188232421875,-1.1852264404296875,-0.283721923828125,0.059356689453125
1773063150628820480,62.08424425125122,-1.1497344970703125,-0.2919769287109375,0.0246734619140625
1773063150638876416,62.094300270080566,-1.092864990234375,-0.3217010498046875,0.0192413330078125
1773063150648931584,62.104355335235596,-1.076202392578125,-0.321258544921875,0.0399322509765625
1773063150658987520,62.11441135406494,-1.11773681640625,-0.27764892578125,0.0605621337890625
1773063150669043456,62.12446737289429,-1.146942138671875,-0.29473876953125,0.04071044921875
1773063150679098368,62.13452219963074,-1.1424560546875,-0.3647613525390625,0.033782958984375
1773063150689154304,62.14457821846008,-1.10150146484375,-0.3517913818359375,0.0420379638671875
1773063150699210496,62.15463423728943,-1.0344696044921875,-0.298492431640625,0.0728912353515625
1773063150709265408,62.16468930244446,-1.038330078125,-0.2694091796875,0.0977783203125
1773063150719321600,62.174745321273804,-1.10345458984375,-0.23187255859375,0.08355712890625
1773063150729376512,62.18480038642883,-1.109405517578125,-0.27569580078125,0.07171630859375
1773063150739432448,62.1948561668396,-1.049530029296875,-0.334075927734375,0.046630859375
1773063150749488384,62.204912185668945,-0.9866180419921875,-0.3505706787109375,0.0709991455078125
1773063150759543296,62.214967250823975,-0.993316650390625,-0.316070556640625,0.0515899658203125
1773063150769599488,62.22502326965332,-1.005706787109375,-0.2035064697265625,0.0454254150390625
1773063150779655424,62.235079288482666,-1.0512542724609375,-0.15814208984375,0.1298065185546875
1773063150789710592,62.245134353637695,-1.0546875,-0.2933502197265625,0.1231842041015625
1773063150799766528,62.25519037246704,-1.055389404296875,-0.3394012451171875,0.1111907958984375
1773063150809821440,62.26524519920349,-1.066680908203125,-0.3061370849609375,0.1215057373046875
1773063150819877376,62.27530121803284,-1.043212890625,-0.2249755859375,0.047149658203125
1773063150829933312,62.28535723686218,-0.99560546875,-0.1432647705078125,-0.082000732421875
1773063150839988480,62.29541230201721,-0.8619842529296875,-0.24627685546875,-0.1380157470703125
1773063150850044416,62.30546832084656,-0.8292999267578125,-0.325164794921875,-0.0209197998046875
1773063150860100608,62.3155243396759,-0.98480224609375,-0.245574951171875,0.1160430908203125
1773063150870155264,62.32557916641235,-1.150482177734375,-0.231048583984375,0.1384429931640625
1773063150880211456,62.3356351852417,-1.1712646484375,-0.2808685302734375,0.0861053466796875
1773063150890266368,62.34569025039673,-1.042755126953125,-0.3150177001953125,0.036895751953125
1773063150900322560,62.355746269226074,-0.9357147216796875,-0.2206878662109375,-0.0043182373046875
1773063150910378496,62.36580228805542,-0.92938232421875,-0.100982666015625,-0.0160675048828125
1773063150920433408,62.37585735321045,-0.960357666015625,-0.0917205810546875,0.0281829833984375
1773063150930489600,62.385913372039795,-1.009735107421875,-0.1508026123046875,0.053558349609375
1773063150940545536,62.39596939086914,-1.05084228515625,-0.1799774169921875,0.0875244140625
1773063150950600448,62.40602421760559,-1.0122222900390625,-0.1877899169921875,0.084259033203125
1773063150960656384,62.41608023643494,-1.016998291015625,-0.1917572021484375,0.1286468505859375
1773063150970711552,62.426135301589966,-1.050445556640625,-0.1012420654296875,0.1472930908203125
1773063150980767488,62.43619132041931,-0.9996490478515625,-0.0879974365234375,0.1272735595703125
1773063150990823424,62.44624733924866,-0.947906494140625,-0.1243133544921875,0.0758056640625
1773063151000878336,62.45630216598511,-0.9534759521484375,-0.0971832275390625,0.047821044921875
1773063151010934272,62.46635818481445,-0.9831085205078125,-0.048431396484375,0.0538177490234375
1773063151020990464,62.4764142036438,-0.9951629638671875,-0.07940673828125,0.1025848388671875
1773063151031045376,62.48646926879883,-1.022491455078125,0.001495361328125,0.1344757080078125
1773063151041101568,62.496525287628174,-1.0306243896484375,-0.0067901611328125,0.14166259765625
1773063151051157504,62.50658130645752,-0.9782867431640625,-0.14068603515625,0.0623779296875
1773063151061212416,62.51663637161255,-0.8497772216796875,-0.099761962890625,0.017303466796875
1773063151071268608,62.526692390441895,-0.804534912109375,-0.00048828125,-0.0155487060546875
1773063151081323264,62.536747217178345,-0.853118896484375,-0.041259765625,-0.0348663330078125
1773063151091379456,62.54680323600769,-0.956573486328125,-0.03076171875,0.0582427978515625
1773063151101435392,62.556859254837036,-1.042633056640625,-0.0195465087890625,0.020477294921875
1773063151111490560,62.566914319992065,-0.9957427978515625,0.043243408203125,0.0235595703125
1773063151121546496,62.57697033882141,-0.9152069091796875,0.05633544921875,0.0869598388671875
1773063151131602432,62.58702635765076,-0.87225341796875,0.0192413330078125,0.0608062744140625
1773063151141657344,62.59708118438721,-0.8474273681640625,0.0579986572265625,0.0596771240234375
1773063151151713280,62.60713720321655,-0.875091552734375,0.0893096923828125,0.043212890625
1773063151161768448,62.61719226837158,-0.90045166015625,0.0863189697265625,0.031463623046875
1773063151171824384,62.62724828720093,-0.8633880615234375,0.0827484130859375,0.08843994140625
1773063151181880576,62.63730430603027,-0.8630218505859375,0.0844573974609375,0.11016845703125
1773063151191935488,62.6473593711853,-0.87457275390625,0.1831817626953125,0.1120758056640625
1773063151201991680,62.65741539001465,-0.891082763671875,0.1837005615234375,0.108673095703125
1773063151212047360,62.667471170425415,-0.8870391845703125,0.1055145263671875,0.0516204833984375
1773063151222102528,62.677526235580444,-0.79791259765625,0.07159423828125,0.0428009033203125
1773063151232158464,62.68758225440979,-0.71453857421875,0.1265411376953125,0.116058349609375
1773063151242213376,62.69763731956482,-0.7386932373046875,0.1311492919921875,0.0912017822265625
1773063151252269568,62.707693338394165,-0.7487335205078125,0.133392333984375,0.0274810791015625
1773063151262325504,62.71774935722351,-0.7356719970703125,0.15789794921875,0.022796630859375
1773063151272380416,62.72780418395996,-0.820526123046875,0.2223968505859375,0.053436279296875
1773063151282436352,62.73786020278931,-0.83843994140625,0.2227020263671875,-0.078643798828125
1773063151292492288,62.74791622161865,-0.7032928466796875,0.278350830078125,0.1182403564453125
1773063151302547456,62.75797128677368,-0.6758270263671875,0.2317352294921875,0.1697845458984375
1773063151312603392,62.76802730560303,-0.762664794921875,0.242889404296875,0.2108001708984375
1773063151322658560,62.77808237075806,-0.84375,0.283599853515625,0.2856292724609375
1773063151332714496,62.7881383895874,-0.818145751953125,0.0593109130859375,0.1727752685546875
1773063151342770432,62.79819416999817,-0.746612548828125,-0.0486907958984375,0.0386810302734375
1773063151352825344,62.8082492351532,-0.759033203125,-0.056121826171875,0.0346221923828125
1773063151362881536,62.818305253982544,-0.7858123779296875,0.066131591796875,0.0104217529296875
1773063151372937472,62.82836127281189,-0.75030517578125,0.2119293212890625,-0.0265655517578125
1773063151382992384,62.83841633796692,-0.666900634765625,0.3089752197265625,0.029083251953125
1773063151393048576,62.848472356796265,-0.7299652099609375,0.4290618896484375,0.150848388671875
1773063151403104512,62.85852837562561,-0.9064483642578125,0.3971710205078125,0.3284149169921875
1773063151413160192,62.8685839176178,-0.966461181640625,0.2584228515625,0.372528076171875
1773063151423216128,62.878639936447144,-0.9609832763671875,0.2601470947265625,0.389801025390625
1773063151433271296,62.88869500160217,-0.9649658203125,0.254608154296875,0.3248138427734375
1773063151443327232,62.89875102043152,-0.9357452392578125,0.24554443359375,0.2493133544921875
1773063151453383168,62.908807039260864,-0.9205780029296875,0.3293609619140625,0.249176025390625
1773063151463438336,62.918862104415894,-0.9498291015625,0.3134765625,0.171112060546875
1773063151473494272,62.92891812324524,-0.8907318115234375,0.1916351318359375,-0.000640869140625
1773063151483550208,62.938974142074585,-0.81103515625,0.1893768310546875,-0.0046234130859375
1773063151493605120,62.949028968811035,-0.8916473388671875,0.1947479248046875,0.1214447021484375
1773063151503661056,62.95908498764038,-0.995758056640625,0.1732635498046875,0.2133941650390625
1773063151513716224,62.96914005279541,-1.014251708984375,0.2397613525390625,0.2955780029296875
1773063151523772160,62.979196071624756,-1.0337371826171875,0.2604217529296875,0.288177490234375
1773063151533828352,62.9892520904541,-1.005035400390625,0.229400634765625,0.166473388671875
1773063151543883008,62.99930691719055,-1.013580322265625,0.36083984375,0.2225341796875
1773063151553939200,63.0093629360199,-1.0912017822265625,0.28729248046875,0.2607269287109375
1773063151563995136,63.01941895484924,-1.0119171142578125,0.177215576171875,0.241851806640625
1773063151574050304,63.02947402000427,-0.936187744140625,0.1639556884765625,0.220367431640625
1773063151584106240,63.03953003883362,-0.980743408203125,0.1903228759765625,0.201629638671875
1773063151594161152,63.04958510398865,-0.9829559326171875,0.2212677001953125,0.16925048828125
1773063151604217344,63.05964112281799,-0.948883056640625,0.2505950927734375,0.147369384765625
1773063151614273280,63.06969714164734,-0.9758453369140625,0.308746337890625,0.1441497802734375
1773063151624328192,63.07975196838379,-0.9880523681640625,0.273101806640625,0.1801605224609375
1773063151634384128,63.089807987213135,-0.9691925048828125,0.23638916015625,0.187347412109375
1773063151644440064,63.09986400604248,-0.947906494140625,0.2276458740234375,0.198486328125
1773063151654495232,63.10991907119751,-0.9497222900390625,0.224578857421875,0.2285003662109375
1773063151664551168,63.119975090026855,-0.9530792236328125,0.2288665771484375,0.2432098388671875
1773063151674606080,63.130029916763306,-0.9560546875,0.238861083984375,0.1820068359375
1773063151684662016,63.14008593559265,-0.92987060546875,0.2842559814453125,0.1379852294921875
1773063151694718208,63.150141954422,-0.907806396484375,0.363433837890625,0.19525146484375
1773063151704773120,63.160197019577026,-0.945709228515625,0.3171844482421875,0.1956329345703125
1773063151714829312,63.17025303840637,-0.9385528564453125,0.2777252197265625,0.1495361328125
1773063151724885248,63.18030905723572,-0.917510986328125,0.2689971923828125,0.1354217529296875
1773063151734940416,63.19036412239075,-0.9262847900390625,0.2498321533203125,0.136566162109375
1773063151744996352,63.20042014122009,-0.9300079345703125,0.2627410888671875,0.15087890625
1773063151755052032,63.21047592163086,-0.93389892578125,0.27978515625,0.1178741455078125
1773063151765107200,63.22053098678589,-0.9328765869140625,0.3079376220703125,0.109832763671875
1773063151775163136,63.230587005615234,-0.93511962890625,0.29425048828125,0.10797119140625
1773063151785218304,63.240642070770264,-0.946014404296875,0.2292633056640625,0.0849609375
1773063151795274240,63.25069808959961,-0.939483642578125,0.2422332763671875,0.0995025634765625
1773063151805330176,63.260754108428955,-0.945281982421875,0.2548370361328125,0.1182403564453125
1773063151815385088,63.270808935165405,-0.9323272705078125,0.2580718994140625,0.13427734375
1773063151825441024,63.28086495399475,-0.9035186767578125,0.2751617431640625,0.128570556640625
1773063151835497216,63.2909209728241,-0.9314422607421875,0.3316650390625,0.0804443359375
1773063151845552128,63.300976037979126,-0.986541748046875,0.3199462890625,0.0868377685546875
1773063151855608320,63.31103205680847,-1.016326904296875,0.277008056640625,0.0744171142578125
1773063151865663232,63.3210871219635,-1.0136260986328125,0.2390594482421875,0.0970916748046875
1773063151875719424,63.33114314079285,-0.963409423828125,0.2385101318359375,0.1256103515625
1773063151885775104,63.34119892120361,-0.9155426025390625,0.2658538818359375,0.1082611083984375
1773063151895830272,63.35125398635864,-0.9430084228515625,0.2914886474609375,0.0501861572265625
1773063151905886208,63.36131000518799,-0.983978271484375,0.2979278564453125,0.009185791015625
1773063151915942144,63.371366024017334,-0.97161865234375,0.2931365966796875,0.017822265625
1773063151925997312,63.38142108917236,-0.952484130859375,0.220855712890625,0.006500244140625
1773063151936053248,63.39147710800171,-0.9431610107421875,0.217254638671875,0.005859375
1773063151946108160,63.40153193473816,-0.9448394775390625,0.2485809326171875,0.058624267578125
1773063151956164096,63.411587953567505,-0.953399658203125,0.2328338623046875,0.086395263671875
1773063151966220032,63.42164397239685,-0.9471435546875,0.2354278564453125,0.0880584716796875
1773063151976275200,63.43169903755188,-0.95635986328125,0.289306640625,0.094024658203125
1773063151986331136,63.441755056381226,-0.9805145263671875,0.3289337158203125,0.1180419921875
1773063151996387328,63.45181107521057,-1.0086212158203125,0.28851318359375,0.1383819580078125
1773063152006442240,63.4618661403656,-0.9908599853515625,0.2207183837890625,0.103118896484375
1773063152016498176,63.47192192077637,-0.947235107421875,0.195220947265625,0.08380126953125
1773063152026554112,63.48197793960571,-0.9349517822265625,0.1834259033203125,0.1042327880859375
1773063152036609280,63.49203300476074,-0.9341583251953125,0.182708740234375,0.1107177734375
1773063152046665216,63.50208902359009,-0.93670654296875,0.2042083740234375,0.0870513916015625
1773063152056720384,63.51214408874512,-0.96337890625,0.2636871337890625,0.0887298583984375
1773063152066776320,63.52220010757446,-0.9938201904296875,0.2635345458984375,0.087005615234375
1773063152076832256,63.53225612640381,-0.97967529296875,0.2391204833984375,0.08953857421875
1773063152086887168,63.54231095314026,-0.9561004638671875,0.2389068603515625,0.1150665283203125
1773063152096943104,63.552366971969604,-0.969390869140625,0.2368011474609375,0.161041259765625
1773063152106999040,63.56242299079895,-0.980133056640625,0.2730865478515625,0.1674652099609375
1773063152117054208,63.57247805595398,-0.9935150146484375,0.3229217529296875,0.151336669921875
1773063152127110144,63.582534074783325,-1.024566650390625,0.35675048828125,0.14697265625
1773063152137165312,63.592589139938354,-1.009063720703125,0.2595977783203125,0.08917236328125
1773063152147220992,63.60264492034912,-0.9278106689453125,0.2010650634765625,0.049835205078125
1773063152157277184,63.61270093917847,-0.8932647705078125,0.187652587890625,0.1156768798828125
1773063152167332096,63.622756004333496,-0.9336395263671875,0.1636962890625,0.1571197509765625
1773063152177388288,63.63281202316284,-0.96929931640625,0.185577392578125,0.181732177734375
1773063152187444224,63.64286804199219,-0.957855224609375,0.2311859130859375,0.15301513671875
1773063152197499392,63.65292310714722,-0.9467315673828125,0.290374755859375,0.1456756591796875
1773063152207555328,63.66297912597656,-0.96337890625,0.3295745849609375,0.1927642822265625
1773063152217610240,63.67303395271301,-0.975982666015625,0.281951904296875,0.1805419921875
1773063152227666176,63.68308997154236,-0.94525146484375,0.3009033203125,0.1642913818359375
1773063152237722112,63.693145990371704,-0.946624755859375,0.330078125,0.182220458984375
1773063152247777280,63.70320105552673,-0.967987060546875,0.268585205078125,0.187652587890625
1773063152257833216,63.71325707435608,-0.9169769287109375,0.2850189208984375,0.19085693359375
1773063152267889152,63.723313093185425,-0.890228271484375,0.3219757080078125,0.1458587646484375
1773063152277944064,63.733367919921875,-0.92584228515625,0.3301544189453125,0.14483642578125
1773063152288000000,63.74342393875122,-0.9506072998046875,0.2371063232421875,0.1173553466796875
1773063152298056192,63.753479957580566,-0.9180145263671875,0.2353668212890625,0.12860107421875
1773063152308111104,63.763535022735596,-0.9233245849609375,0.246734619140625,0.1603546142578125
1773063152318167296,63.77359104156494,-0.9421539306640625,0.267242431640625,0.2113037109375
1773063152328222208,63.78364610671997,-0.93670654296875,0.31195068359375,0.213470458984375
1773063152338278400,63.793702125549316,-0.9315338134765625,0.345428466796875,0.198394775390625
1773063152348334080,63.80375790596008,-0.9522552490234375,0.3818817138671875,0.2051239013671875
1773063152358389248,63.81381297111511,-0.983673095703125,0.3580322265625,0.2069091796875
1773063152368445184,63.82386898994446,-0.9713134765625,0.314208984375,0.19061279296875
1773063152378501120,63.833925008773804,-0.9328460693359375,0.2901458740234375,0.171844482421875
1773063152388556288,63.84398007392883,-0.912445068359375,0.2700042724609375,0.1812744140625
1773063152398612224,63.85403609275818,-0.91339111328125,0.298065185546875,0.1967620849609375
1773063152408666880,63.86409068107605,-0.9655303955078125,0.3314208984375,0.164794921875
1773063152418722816,63.874146699905396,-0.9871063232421875,0.3150482177734375,0.1464080810546875
1773063152428779008,63.88420271873474,-0.9388885498046875,0.2793121337890625,0.1352691650390625
1773063152438833664,63.89425754547119,-0.8960723876953125,0.2637939453125,0.1615447998046875
1773063152448889856,63.90431356430054,-0.914459228515625,0.239593505859375,0.1864471435546875
1773063152458945792,63.91436958312988,-0.9430999755859375,0.242156982421875,0.1971588134765625
1773063152469000704,63.92442464828491,-0.9463043212890625,0.2715606689453125,0.18316650390625
1773063152479056896,63.93448066711426,-0.935455322265625,0.288299560546875,0.1640625
1773063152489111808,63.94453573226929,-0.9333038330078125,0.2985382080078125,0.1771392822265625
1773063152499168000,63.95459175109863,-0.9681854248046875,0.2913665771484375,0.186431884765625
1773063152509223680,63.9646475315094,-0.9855804443359375,0.2847137451171875,0.1747283935546875
1773063152519278848,63.97470259666443,-0.95709228515625,0.2674560546875,0.172698974609375
1773063152529334784,63.984758615493774,-0.936920166015625,0.270294189453125,0.1781158447265625
1773063152539390720,63.99481463432312,-0.9383392333984375,0.2641754150390625,0.1740875244140625
1773063152549445888,64.00486969947815,-0.9544677734375,0.3031463623046875,0.1549072265625
1773063152559501824,64.0149257183075,-0.9714508056640625,0.3031768798828125,0.131072998046875
1773063152569558016,64.02498173713684,-0.9505157470703125,0.294281005859375,0.146728515625
1773063152579612672,64.03503656387329,-0.9573822021484375,0.27850341796875,0.1558685302734375
1773063152589668864,64.04509258270264,-0.965606689453125,0.2501678466796875,0.15496826171875
1773063152599723776,64.05514764785767,-0.94952392578125,0.2396240234375,0.1685333251953125
1773063152609779712,64.06520366668701,-0.94110107421875,0.2418670654296875,0.159332275390625
1773063152619835904,64.07525968551636,-0.9373016357421875,0.2714691162109375,0.1417694091796875
1773063152629890816,64.08531475067139,-0.96099853515625,0.3034820556640625,0.1548614501953125
1773063152639946752,64.09537053108215,-0.9960174560546875,0.3022003173828125,0.170135498046875
1773063152650002688,64.1054265499115,-0.9833984375,0.2747650146484375,0.1458282470703125
1773063152660057856,64.11548161506653,-0.9368743896484375,0.2630157470703125,0.1219482421875
1773063152670113792,64.12553763389587,-0.935333251953125,0.2442474365234375,0.11456298828125
1773063152680168960,64.1355926990509,-0.9505157470703125,0.2524261474609375,0.1309814453125
1773063152690224896,64.14564871788025,-0.947265625,0.281951904296875,0.13067626953125
1773063152700280832,64.1557047367096,-0.952423095703125,0.289520263671875,0.1235198974609375
1773063152710335744,64.16575956344604,-0.958587646484375,0.2925262451171875,0.12896728515625
1773063152720391680,64.17581558227539,-0.9378814697265625,0.2624664306640625,0.1268310546875
1773063152730447872,64.18587160110474,-0.9421539306640625,0.2361297607421875,0.115966796875
1773063152740502784,64.19592666625977,-0.98260498046875,0.2196197509765625,0.1303558349609375
1773063152750558976,64.20598268508911,-0.98211669921875,0.2160491943359375,0.1472320556640625
1773063152760614912,64.21603870391846,-0.9466094970703125,0.2428131103515625,0.1282501220703125
1773063152770669824,64.22609376907349,-0.935638427734375,0.2746734619140625,0.0981903076171875
1773063152780725760,64.23614954948425,-0.949127197265625,0.294830322265625,0.090850830078125
1773063152790780672,64.24620461463928,-0.979949951171875,0.2561492919921875,0.1065826416015625
1773063152800836864,64.25626063346863,-0.9992218017578125,0.2258758544921875,0.102294921875
1773063152810892800,64.26631665229797,-0.971923828125,0.2481231689453125,0.13360595703125
1773063152820947968,64.276371717453,-0.958251953125,0.247161865234375,0.1561737060546875
1773063152831003904,64.28642773628235,-0.9557037353515625,0.2320404052734375,0.134674072265625
1773063152841059840,64.2964837551117,-0.94464111328125,0.2613372802734375,0.0420989990234375
1773063152851114752,64.30653858184814,-0.9547882080078125,0.267913818359375,0.0071868896484375
1773063152861170688,64.31659460067749,-0.972503662109375,0.2620086669921875,0.039154052734375
1773063152871225856,64.32664966583252,-0.9858856201171875,0.2373199462890625,0.068511962890625
1773063152881281792,64.33670568466187,-0.9681396484375,0.2388458251953125,0.1031341552734375
1773063152891337984,64.34676170349121,-0.9697113037109375,0.2233734130859375,0.092864990234375
1773063152901392896,64.35681676864624,-0.9691162109375,0.23150634765625,0.0794219970703125
1773063152911448832,64.366872549057,-0.9508514404296875,0.263519287109375,0.0837554931640625
1773063152921504768,64.37692856788635,-0.9442901611328125,0.269866943359375,0.0634307861328125
1773063152931559680,64.38698363304138,-0.963775634765625,0.3104095458984375,0.09857177734375
1773063152941615872,64.39703965187073,-0.978424072265625,0.29302978515625,0.1174468994140625
1773063152951670784,64.40709471702576,-0.9479827880859375,0.231689453125,0.0827178955078125
1773063152961726976,64.4171507358551,-0.902099609375,0.2260589599609375,0.0959320068359375
1773063152971782912,64.42720675468445,-0.9054718017578125,0.2083282470703125,0.1199798583984375
1773063152981837824,64.4372615814209,-0.920196533203125,0.1928863525390625,0.1148681640625
1773063152991893760,64.44731760025024,-0.92047119140625,0.2321624755859375,0.079803466796875
1773063153001949696,64.45737361907959,-0.90374755859375,0.24212646484375,0.0468292236328125
1773063153012004864,64.46742868423462,-0.9146728515625,0.2413330078125,0.0566864013671875
1773063153022060800,64.47748470306396,-0.958984375,0.27655029296875,0.1252899169921875
1773063153032115968,64.487539768219,-0.9687652587890625,0.2606353759765625,0.1675567626953125
1773063153042171648,64.49759554862976,-0.9213104248046875,0.21539306640625,0.165863037109375
1773063153052227840,64.5076515674591,-0.9136962890625,0.273651123046875,0.173797607421875
1773063153062282752,64.51770663261414,-0.9675750732421875,0.3442535400390625,0.183197021484375
1773063153072338944,64.52776265144348,-1.003509521484375,0.322662353515625,0.166961669921875
1773063153082394880,64.53781867027283,-0.9658660888671875,0.2480926513671875,0.11767578125
1773063153092449792,64.54787373542786,-0.9246826171875,0.2462005615234375,0.0970611572265625
1773063153102505984,64.5579297542572,-0.931732177734375,0.254974365234375,0.13702392578125
1773063153112561664,64.56798553466797,-0.9330596923828125,0.1966400146484375,0.1812286376953125
1773063153122616832,64.578040599823,-0.9279937744140625,0.1732330322265625,0.1645050048828125
1773063153132672768,64.58809661865234,-0.9324798583984375,0.2127227783203125,0.16705322265625
1773063153142727936,64.59815168380737,-0.931854248046875,0.230072021484375,0.17626953125
1773063153152783872,64.60820770263672,-0.944427490234375,0.2476348876953125,0.1696014404296875
1773063153162839808,64.61826372146606,-0.9451446533203125,0.297882080078125,0.2091217041015625
1773063153172894720,64.62831854820251,-0.9694976806640625,0.3318634033203125,0.263946533203125
1773063153182950656,64.63837456703186,-0.9909820556640625,0.2982025146484375,0.2624359130859375
1773063153193006848,64.6484305858612,-0.957489013671875,0.28363037109375,0.266571044921875
1773063153203061760,64.65848565101624,-0.9511566162109375,0.3512115478515625,0.26934814453125
1773063153213117952,64.66854166984558,-0.9860992431640625,0.3559722900390625,0.23382568359375
1773063153223172864,64.67859673500061,-0.9807281494140625,0.2913818359375,0.1551055908203125
1773063153233228800,64.68865275382996,-0.9542236328125,0.255828857421875,0.1060791015625
1773063153243284736,64.69870853424072,-0.9295501708984375,0.190277099609375,0.0901947021484375
1773063153253339648,64.70876359939575,-0.8943939208984375,0.1549835205078125,0.15966796875
1773063153263395840,64.7188196182251,-0.9075927734375,0.1750030517578125,0.204437255859375
1773063153273451776,64.72887563705444,-0.94451904296875,0.240142822265625,0.2103118896484375
1773063153283506944,64.73893070220947,-0.970458984375,0.3075714111328125,0.208587646484375
1773063153293562880,64.74898672103882,-0.995697021484375,0.3269195556640625,0.215240478515625
1773063153303617792,64.75904154777527,-0.9725799560546875,0.3143463134765625,0.2479095458984375
1773063153313673728,64.76909756660461,-0.9657440185546875,0.353546142578125,0.249481201171875
1773063153323729664,64.77915358543396,-0.97979736328125,0.3394012451171875,0.2353515625
1773063153333784832,64.78920865058899,-0.953521728515625,0.27081298828125,0.2187042236328125
1773063153343840768,64.79926466941833,-0.9138031005859375,0.2621307373046875,0.2129364013671875
1773063153353896960,64.80932068824768,-0.907318115234375,0.279296875,0.21307373046875
1773063153363951872,64.81937575340271,-0.9450225830078125,0.260589599609375,0.1831817626953125
1773063153374007808,64.82943153381348,-0.93145751953125,0.236602783203125,0.1534576416015625
1773063153384063744,64.83948755264282,-0.91015625,0.241363525390625,0.123138427734375
1773063153394118912,64.84954261779785,-0.9355316162109375,0.272369384765625,0.1100311279296875
1773063153404174848,64.8595986366272,-0.9351806640625,0.246551513671875,0.1515350341796875
1773063153414229760,64.86965370178223,-0.91912841796875,0.2796173095703125,0.1966400146484375
1773063153424285952,64.87970972061157,-0.921234130859375,0.30987548828125,0.2255859375
1773063153434341888,64.88976573944092,-0.9528961181640625,0.333770751953125,0.2505340576171875
1773063153444397056,64.89982080459595,-0.9952239990234375,0.327972412109375,0.2277374267578125
1773063153454452736,64.90987658500671,-0.9849395751953125,0.2969207763671875,0.1949920654296875
1773063153464508672,64.91993260383606,-0.93365478515625,0.270721435546875,0.16656494140625
1773063153474563840,64.92998766899109,-0.909637451171875,0.2354888916015625,0.148406982421875
1773063153484619776,64.94004368782043,-0.92022705078125,0.2404327392578125,0.1352691650390625
1773063153494674944,64.95009875297546,-0.93505859375,0.25653076171875,0.1278076171875
1773063153504730880,64.96015477180481,-0.9396209716796875,0.2526702880859375,0.13275146484375
1773063153514787072,64.97021079063416,-0.9523162841796875,0.2994232177734375,0.159027099609375
1773063153524841728,64.9802656173706,-0.9751434326171875,0.3079986572265625,0.162628173828125
1773063153534897920,64.99032163619995,-0.960540771484375,0.2606353759765625,0.141143798828125
1773063153544953856,65.0003776550293,-0.935882568359375,0.2756805419921875,0.1605682373046875
1773063153555008768,65.01043272018433,-0.9770660400390625,0.257110595703125,0.155029296875
1773063153565064960,65.02048873901367,-1.000213623046875,0.277801513671875,0.1775360107421875
1773063153575120896,65.03054475784302,-0.9691925048828125,0.2812347412109375,0.160369873046875
1773063153585175808,65.04059958457947,-0.9323272705078125,0.2657470703125,0.121246337890625
1773063153595231744,65.05065560340881,-0.937896728515625,0.29632568359375,0.115692138671875
1773063153605286912,65.06071066856384,-0.99029541015625,0.345062255859375,0.087677001953125
1773063153615342848,65.07076668739319,-1.0037689208984375,0.2972564697265625,0.0723419189453125
1773063153625398784,65.08082270622253,-0.9631195068359375,0.2411651611328125,0.08294677734375
1773063153635453952,65.09087777137756,-0.9430084228515625,0.2294158935546875,0.10198974609375
1773063153645509888,65.10093379020691,-0.9419403076171875,0.2158966064453125,0.11871337890625
1773063153655566080,65.11098980903625,-0.933197021484375,0.2048797607421875,0.1058197021484375
1773063153665620736,65.1210446357727,-0.933837890625,0.215179443359375,0.0762786865234375
1773063153675676928,65.13110065460205,-0.9452667236328125,0.236785888671875,0.073883056640625
1773063153685731840,65.14115571975708,-0.9399871826171875,0.2268218994140625,0.097320556640625
1773063153695788032,65.15121173858643,-0.92071533203125,0.193145751953125,0.1157379150390625
1773063153705843968,65.16126775741577,-0.9127044677734375,0.1924591064453125,0.1185455322265625
1773063153715898880,65.17132258415222,-0.9208831787109375,0.1744842529296875,0.133087158203125
1773063153725954816,65.18137860298157,-0.9148406982421875,0.1729736328125,0.1613922119140625
1773063153736010752,65.19143462181091,-0.9147491455078125,0.200836181640625,0.149810791015625
1773063153746065920,65.20148968696594,-0.9292755126953125,0.2386932373046875,0.144012451171875
1773063153756121856,65.21154570579529,-0.9227294921875,0.2382049560546875,0.15496826171875
1773063153766177792,65.22160172462463,-0.9507904052734375,0.2637939453125,0.130279541015625
1773063153776232960,65.23165678977966,-0.96539306640625,0.2173919677734375,0.1240081787109375
1773063153786288896,65.24171280860901,-0.917999267578125,0.1376800537109375,0.105682373046875
1773063153796343808,65.25176763534546,-0.869232177734375,0.1432037353515625,0.120574951171875
1773063153806399744,65.2618236541748,-0.87823486328125,0.1457061767578125,0.1583404541015625
1773063153816455936,65.27187967300415,-0.9130096435546875,0.118408203125,0.167449951171875
1773063153826510848,65.28193473815918,-0.9121246337890625,0.0590667724609375,0.0799560546875
1773063153836567040,65.29199075698853,-0.93206787109375,0.141815185546875,0.0620269775390625
1773063153846622976,65.30204677581787,-0.9386444091796875,0.23785400390625,0.1035919189453125
1773063153856677888,65.31210160255432,-0.9112548828125,0.2089385986328125,0.0819091796875
1773063153866733824,65.32215762138367,-0.8520050048828125,0.14776611328125,0.092864990234375
1773063153876788736,65.3322126865387,-0.8350982666015625,0.1349639892578125,0.1219024658203125
1773063153886844928,65.34226870536804,-0.858062744140625,0.14202880859375,0.1693878173828125
1773063153896900864,65.35232472419739,-0.895904541015625,0.06854248046875,0.1559600830078125
1773063153906956032,65.36237978935242,-0.9562225341796875,0.1574249267578125,0.1170806884765625
1773063153917011968,65.37243580818176,-0.961212158203125,0.273468017578125,0.1343231201171875
1773063153927067648,65.38249158859253,-0.922821044921875,0.193145751953125,0.1134033203125
1773063153937122816,65.39254665374756,-0.8412628173828125,0.08636474609375,0.0776519775390625
1773063153947178752,65.4026026725769,-0.73681640625,0.0369873046875,0.10906982421875
1773063153957233920,65.41265773773193,-0.690155029296875,0.039306640625,0.1173248291015625
1773063153967289856,65.42271375656128,-0.727264404296875,0.0442962646484375,0.1240386962890625
1773063153977346048,65.43276977539062,-0.8740692138671875,0.0486907958984375,0.134063720703125
1773063153987400704,65.44282460212708,-0.969696044921875,0.10186767578125,0.130279541015625
1773063153997456896,65.45288062095642,-0.9268341064453125,0.1342010498046875,0.11492919921875
1773063154007512832,65.46293663978577,-0.806671142578125,0.0941619873046875,0.11871337890625
1773063154017568000,65.4729917049408,-0.66802978515625,-0.0214080810546875,0.054290771484375
1773063154027623936,65.48304772377014,-0.563720703125,-0.0593719482421875,0.031829833984375
1773063154037679872,65.49310374259949,-0.611785888671875,-0.02740478515625,0.114044189453125
1773063154047735040,65.50315880775452,-0.854217529296875,0.0806732177734375,0.115142822265625
1773063154057790720,65.51321458816528,-1.0158233642578125,0.14654541015625,0.083099365234375
1773063154067845888,65.52326965332031,-0.9411468505859375,0.060760498046875,0.1058502197265625
1773063154077901824,65.53332567214966,-0.7840576171875,-0.0611114501953125,0.107208251953125
1773063154087957760,65.543381690979,-0.65142822265625,-0.1328277587890625,0.0849456787109375
1773063154098012928,65.55343675613403,-0.6647796630859375,-0.0740509033203125,0.175384521484375
1773063154108068864,65.56349277496338,-0.909210205078125,0.0005950927734375,0.15386962890625
1773063154118125056,65.57354879379272,-1.0823974609375,-0.066314697265625,0.010223388671875
1773063154128179712,65.58360362052917,-1.0487823486328125,-0.063934326171875,0.016448974609375
1773063154138235904,65.59365963935852,-0.921539306640625,-0.043121337890625,0.0620880126953125
1773063154148291840,65.60371565818787,-0.7830047607421875,-0.130645751953125,0.041107177734375
1773063154158347008,65.6137707233429,-0.763397216796875,-0.158203125,0.0267791748046875
1773063154168402944,65.62382674217224,-0.936431884765625,-0.06744384765625,0.121246337890625
1773063154178457856,65.63388180732727,-1.205413818359375,0.074249267578125,0.111236572265625
1773063154188513792,65.64393758773804,-1.19793701171875,0.017913818359375,0.1387786865234375
1773063154198569728,65.65399360656738,-1.0691680908203125,-0.1790618896484375,0.191253662109375
1773063154208624896,65.66404867172241,-1.01153564453125,-0.277099609375,0.1412200927734375
1773063154218680832,65.67410469055176,-0.988555908203125,-0.252838134765625,0.0455780029296875
1773063154228736768,65.6841607093811,-1.012115478515625,-0.1585693359375,-0.027130126953125
1773063154238791936,65.69421577453613,-1.0268707275390625,-0.061370849609375,-0.0146331787109375
1773063154248847872,65.70427179336548,-1.0363311767578125,-0.050140380859375,0.084442138671875
1773063154258902784,65.71432662010193,-1.09869384765625,-0.1478729248046875,0.117919921875
1773063154268958720,65.72438263893127,-1.117462158203125,-0.260498046875,0.0690765380859375
1773063154279014912,65.73443865776062,-1.1103363037109375,-0.28814697265625,0.10009765625
1773063154289069824,65.74449372291565,-1.111785888671875,-0.2352752685546875,0.087005615234375
1773063154299126016,65.754549741745,-1.0106201171875,-0.2025909423828125,0.0501861572265625
1773063154309181952,65.76460576057434,-0.939727783203125,-0.1423492431640625,0.0241851806640625
1773063154319236864,65.77466058731079,-0.9676513671875,-0.1502532958984375,0.00238037109375
1773063154329292800,65.78471660614014,-1.0690460205078125,-0.1709442138671875,0.0940399169921875
1773063154339348736,65.79477262496948,-1.190765380859375,-0.2080535888671875,0.1632232666015625
1773063154349403904,65.80482769012451,-1.1942901611328125,-0.30462646484375,0.1175384521484375
1773063154359459840,65.81488370895386,-1.077728271484375,-0.3318939208984375,0.0557403564453125
1773063154369515008,65.82493877410889,-0.9145355224609375,-0.2523651123046875,-0.0295867919921875
1773063154379570944,65.83499479293823,-0.823760986328125,-0.1574249267578125,-0.056121826171875
1773063154389626624,65.845050573349,-0.9343414306640625,-0.0966033935546875,0.0013275146484375
1773063154399681792,65.85510563850403,-1.074981689453125,-0.1704559326171875,0.09576416015625
1773063154409737728,65.86516165733337,-1.122650146484375,-0.2817535400390625,0.184814453125
1773063154419793920,65.87521767616272,-1.167694091796875,-0.310394287109375,0.146209716796875
1773063154429848832,65.88527274131775,-1.0839080810546875,-0.2980499267578125,-0.002044677734375
1773063154439905024,65.8953287601471,-0.91253662109375,-0.2742919921875,-0.05419921875
1773063154449960704,65.90538454055786,-0.8900146484375,-0.217041015625,-0.08929443359375
1773063154460015872,65.91543960571289,-0.946075439453125,-0.14013671875,-0.11260986328125
1773063154470071808,65.92549562454224,-1.0106658935546875,-0.142242431640625,0.0229034423828125
1773063154480126976,65.93555068969727,-1.1150054931640625,-0.242828369140625,0.157623291015625
1773063154490182912,65.94560670852661,-1.176910400390625,-0.3374481201171875,0.1039276123046875
1773063154500238848,65.95566272735596,-1.07635498046875,-0.389617919921875,-0.00079345703125
1773063154510293760,65.96571755409241,-0.9558563232421875,-0.3028411865234375,-0.0547637939453125
1773063154520349696,65.97577357292175,-0.9145355224609375,-0.2013092041015625,-0.1131134033203125
1773063154530405632,65.9858295917511,-0.983734130859375,-0.1572113037109375,-0.0851287841796875
1773063154540460800,65.99588465690613,-1.0903472900390625,-0.1622772216796875,0.0185546875
1773063154550516736,66.00594067573547,-1.1321868896484375,-0.2202301025390625,0.119659423828125
1773063154560572928,66.01599669456482,-1.1660308837890625,-0.2739410400390625,0.10382080078125
1773063154570627840,66.02605175971985,-1.1198272705078125,-0.314056396484375,-0.004150390625
1773063154580683776,66.03610754013062,-1.01593017578125,-0.2811279296875,-0.0773773193359375
1773063154590738688,66.04616260528564,-0.9545440673828125,-0.2017669677734375,-0.0760498046875
1773063154600794880,66.05621862411499,-0.981536865234375,-0.1479339599609375,-0.0267333984375
1773063154610850816,66.06627464294434,-1.0793609619140625,-0.154022216796875,0.037109375
1773063154620905984,66.07632970809937,-1.1434326171875,-0.206268310546875,0.1121978759765625
1773063154630961920,66.08638572692871,-1.163421630859375,-0.243194580078125,0.134185791015625
1773063154641017856,66.09644174575806,-1.143829345703125,-0.25,0.0804443359375
1773063154651072768,66.1064965724945,-1.10040283203125,-0.2359619140625,0.0488433837890625
1773063154661128704,66.11655259132385,-1.0800933837890625,-0.1717071533203125,0.0210113525390625
1773063154671183872,66.12660765647888,-1.0395355224609375,-0.1330718994140625,-0.033477783203125
1773063154681239808,66.13666367530823,-1.0278778076171875,-0.1627960205078125,-0.021636962890625
1773063154691295744,66.14671969413757,-1.122344970703125,-0.2128143310546875,0.059051513671875
1773063154701350912,66.1567747592926,-1.2450103759765625,-0.290618896484375,0.0478515625
1773063154711406592,66.16683053970337,-1.251007080078125,-0.35986328125,0.0290069580078125
1773063154721462784,66.17688655853271,-1.1662139892578125,-0.2785491943359375,0.057861328125
1773063154731517696,66.18694162368774,-1.12890625,-0.1858367919921875,0.0569305419921875
1773063154741573888,66.19699764251709,-1.17510986328125,-0.216796875,0.0250701904296875
1773063154751629824,66.20705366134644,-1.2147369384765625,-0.2370452880859375,0.0103607177734375
1773063154761684992,66.21710872650146,-1.226806640625,-0.284912109375,0.028533935546875
1773063154771740928,66.22716474533081,-1.2306060791015625,-0.2832183837890625,0.0394134521484375
1773063154781795840,66.23721957206726,-1.216094970703125,-0.2415313720703125,0.0308074951171875
1773063154791851776,66.2472755908966,-1.1978607177734375,-0.256378173828125,0.0277099609375
1773063154801907712,66.25733160972595,-1.2077484130859375,-0.2740325927734375,0.016143798828125
1773063154811962880,66.26738667488098,-1.227569580078125,-0.2955780029296875,-0.018768310546875
1773063154822018816,66.27744269371033,-1.2193450927734375,-0.310089111328125,-0.02679443359375
1773063154832075008,66.28749871253967,-1.187103271484375,-0.2670745849609375,-0.03985595703125
1773063154842129664,66.29755353927612,-1.1482086181640625,-0.2318878173828125,-0.05230712890625
1773063154852185600,66.30760955810547,-1.1125030517578125,-0.2583770751953125,-0.0344390869140625
1773063154862241792,66.31766557693481,-1.1287841796875,-0.3070068359375,-0.0076904296875
1773063154872296704,66.32772064208984,-1.1803436279296875,-0.3258209228515625,-0.0097808837890625
1773063154882352896,66.33777666091919,-1.19537353515625,-0.298309326171875,0.0301971435546875
1773063154892407808,66.34783172607422,-1.1779937744140625,-0.3004302978515625,0.0345458984375
1773063154902464000,66.35788774490356,-1.1334991455078125,-0.304290771484375,0.0041351318359375
1773063154912519936,66.36794376373291,-1.1172332763671875,-0.276275634765625,0.009368896484375
1773063154922574848,66.37799859046936,-1.10601806640625,-0.2478485107421875,-0.050994873046875
1773063154932630784,66.3880546092987,-1.048431396484375,-0.2435302734375,-0.104034423828125
1773063154942686720,66.39811062812805,-1.0108795166015625,-0.279510498046875,-0.05438232421875
1773063154952741888,66.40816569328308,-1.0287322998046875,-0.2601165771484375,-0.0213623046875
1773063154962797824,66.41822171211243,-1.0447998046875,-0.29962158203125,-0.01580810546875
1773063154972854016,66.42827773094177,-1.068695068359375,-0.3537139892578125,-0.006927490234375
1773063154982908672,66.43833255767822,-1.06640625,-0.31536865234375,-0.0196380615234375
1773063154992964864,66.44838857650757,-1.042449951171875,-0.235565185546875,0.012969970703125
1773063155003019776,66.4584436416626,-1.0479278564453125,-0.206878662109375,0.0034332275390625
1773063155013075712,66.46849966049194,-1.0146942138671875,-0.25836181640625,-0.081451416015625
1773063155023131904,66.47855567932129,-0.9693756103515625,-0.3211212158203125,-0.06219482421875
1773063155033186816,66.48861074447632,-0.9624786376953125,-0.2974395751953125,-0.023345947265625
1773063155043243008,66.49866676330566,-0.95855712890625,-0.267974853515625,-0.0597381591796875
1773063155053298688,66.50872254371643,-0.9569244384765625,-0.296539306640625,-0.069732666015625
1773063155063353856,66.51877760887146,-0.9578704833984375,-0.2941131591796875,0.0005950927734375
1773063155073409792,66.5288336277008,-1.0204315185546875,-0.2271575927734375,0.0218505859375
1773063155083464960,66.53888869285583,-1.0680999755859375,-0.1724853515625,0.0050201416015625
1773063155093520896,66.54894471168518,-1.0203704833984375,-0.2001953125,0.017425537109375
1773063155103576832,66.55900073051453,-0.9738922119140625,-0.258880615234375,0.0928955078125
1773063155113631744,66.56905555725098,-0.997222900390625,-0.260467529296875,0.0815277099609375
1773063155123687680,66.57911157608032,-1.0949859619140625,-0.1819000244140625,0.0608062744140625
1773063155133743872,66.58916759490967,-1.074066162109375,-0.1836090087890625,0.0319976806640625
1773063155143798784,66.5992226600647,-0.95318603515625,-0.2169647216796875,-0.088897705078125
1773063155153854720,66.60927867889404,-0.8480377197265625,-0.1968994140625,-0.1358795166015625
1773063155163910912,66.61933469772339,-0.8353271484375,-0.2084503173828125,-0.0722198486328125
1773063155173965824,66.62938976287842,-0.970367431640625,-0.2645111083984375,-0.0037994384765625
1773063155184021760,66.63944554328918,-1.1267852783203125,-0.279693603515625,0.04217529296875
1773063155194076672,66.64950060844421,-1.1413116455078125,-0.193115234375,0.0832977294921875
1773063155204132864,66.65955662727356,-1.026458740234375,-0.1935882568359375,0.1529998779296875
1773063155214188800,66.6696126461029,-0.98480224609375,-0.1652679443359375,0.0965576171875
1773063155224243968,66.67966771125793,-1.01348876953125,-0.095428466796875,-0.0308990478515625
1773063155234299904,66.68972373008728,-0.9276580810546875,-0.1063995361328125,-0.11199951171875
1773063155244355840,66.69977974891663,-0.8353271484375,-0.1279296875,-0.0826416015625
1773063155254410752,66.70983457565308,-0.8647613525390625,-0.1066436767578125,-0.0244903564453125
1773063155264466688,66.71989059448242,-0.96356201171875,-0.1534576416015625,0.0232696533203125
1773063155274522880,66.72994661331177,-1.0538482666015625,-0.1474609375,0.070343017578125
1773063155284577792,66.7400016784668,-1.088104248046875,-0.14007568359375,0.13726806640625
1773063155294633984,66.75005769729614,-1.1160888671875,-0.0868988037109375,0.129119873046875
1773063155304688896,66.76011276245117,-1.0283966064453125,0.0174102783203125,0.07244873046875
1773063155314744832,66.77016854286194,-0.873138427734375,-0.0226593017578125,-0.0037841796875
1773063155324800768,66.78022456169128,-0.8199310302734375,-0.0691070556640625,-0.0416259765625
1773063155334855680,66.79027962684631,-0.8867645263671875,-0.0526123046875,-0.08392333984375
1773063155344911872,66.80033564567566,-0.9532623291015625,-0.1150970458984375,-0.1492462158203125
1773063155354967808,66.810391664505,-0.95184326171875,-0.1398162841796875,-0.0913238525390625
1773063155365022976,66.82044672966003,-0.8916015625,-0.0726470947265625,-0.04010009765625
1773063155375078912,66.83050274848938,-0.8167724609375,-0.0766448974609375,0.042236328125
1773063155385134848,66.84055876731873,-0.8615264892578125,-0.033050537109375,0.00994873046875
1773063155395189760,66.85061359405518,-0.9388427734375,0.0157012939453125,-0.0286102294921875
1773063155405245696,66.86066961288452,-0.9266204833984375,0.017669677734375,-0.0128173828125
1773063155415301120,66.87072491645813,-0.92315673828125,0.0333404541015625,-0.0015869140625
1773063155425357056,66.88078093528748,-0.9710845947265625,0.058349609375,0.0738677978515625
1773063155435413248,66.89083695411682,-0.95794677734375,0.03875732421875,0.0931549072265625
1773063155445468160,66.90089201927185,-0.8614349365234375,-0.0153045654296875,0.026702880859375
1773063155455523840,66.91094779968262,-0.761322021484375,0.0389251708984375,0.01116943359375
1773063155465580032,66.92100381851196,-0.8150482177734375,0.155853271484375,0.07623291015625
1773063155475634944,66.93105888366699,-0.926300048828125,0.216217041015625,0.0801544189453125
1773063155485691136,66.94111490249634,-0.959625244140625,0.1682586669921875,-0.020538330078125
1773063155495747072,66.95117092132568,-0.830413818359375,0.0505828857421875,-0.08782958984375
1773063155505802240,66.96122598648071,-0.7463836669921875,0.0582275390625,-0.06719970703125
1773063155515858176,66.97128200531006,-0.8364410400390625,0.180023193359375,0.002349853515625
1773063155525913088,66.98133683204651,-1.016448974609375,0.203643798828125,0.061004638671875
1773063155535969024,66.99139285087585,-1.02117919921875,0.0908966064453125,0.009002685546875
1773063155546024960,67.0014488697052,-0.8626708984375,0.116851806640625,-0.05517578125
1773063155556080128,67.01150393486023,-0.815185546875,0.1866302490234375,-0.03875732421875
1773063155566136064,67.02155995368958,-0.8373260498046875,0.133941650390625,-0.0709686279296875
1773063155576192256,67.03161597251892,-0.715118408203125,0.09283447265625,-0.0152130126953125
1773063155586246912,67.04167079925537,-0.7892913818359375,0.16656494140625,0.00823974609375
1773063155596303104,67.05172681808472,-0.909637451171875,0.2184295654296875,0.0024261474609375
1773063155606359040,67.06178283691406,-0.8683319091796875,0.176055908203125,0.025146484375
1773063155616413952,67.07183790206909,-0.8056640625,0.190643310546875,0.00592041015625
1773063155626470144,67.08189392089844,-0.9222869873046875,0.22412109375,0.080902099609375
1773063155636526080,67.09194993972778,-0.984100341796875,0.1054840087890625,0.1231842041015625
1773063155646581248,67.10200500488281,-0.8501739501953125,-0.0075225830078125,0.1273956298828125
1773063155656636928,67.11206078529358,-0.7502593994140625,-0.04150390625,0.097412109375
1773063155666692096,67.12211585044861,-0.78704833984375,0.0361328125,0.064056396484375
1773063155676748032,67.13217186927795,-0.8480987548828125,0.1255035400390625,0.010894775390625
1773063155686803968,67.1422278881073,-0.8515777587890625,0.2260284423828125,0.0089263916015625
1773063155696859136,67.15228295326233,-0.8858184814453125,0.3143463134765625,0.057586669921875
1773063155706915072,67.16233897209167,-0.9334716796875,0.231658935546875,0.0947265625
1773063155716971264,67.17239499092102,-0.8972320556640625,0.1305999755859375,0.1161956787109375
1773063155727025920,67.18244981765747,-0.868011474609375,0.1168670654296875,0.1368560791015625
1773063155737082112,67.19250583648682,-0.923797607421875,0.1219635009765625,0.148773193359375
1773063155747138048,67.20256185531616,-0.934539794921875,0.1300506591796875,0.070831298828125
1773063155757193216,67.21261692047119,-0.901702880859375,0.1322784423828125,-0.007110595703125
1773063155767249152,67.22267293930054,-0.9219970703125,0.141632080078125,-0.0295867919921875
1773063155777304064,67.23272800445557,-0.9573822021484375,0.1048431396484375,-0.041229248046875
1773063155787360000,67.24278378486633,-0.9641876220703125,0.112762451171875,-0.019073486328125
1773063155797415936,67.25283980369568,-0.990478515625,0.161956787109375,0.0727386474609375
1773063155807471104,67.26289486885071,-1.0526885986328125,0.207733154296875,0.12359619140625
1773063155817527040,67.27295088768005,-1.075714111328125,0.269134521484375,0.1345977783203125
1773063155827582976,67.2830069065094,-1.092437744140625,0.3137359619140625,0.100921630859375
1773063155837638144,67.29306197166443,-1.0854034423828125,0.3257598876953125,0.0811309814453125
1773063155847694080,67.30311799049377,-1.0782318115234375,0.2789154052734375,0.0645599365234375
1773063155857750272,67.31317400932312,-1.0473175048828125,0.1886138916015625,0.003875732421875
1773063155867804928,67.32322883605957,-0.969146728515625,0.15179443359375,-0.0073394775390625
1773063155877861120,67.33328485488892,-0.9835052490234375,0.1311492919921875,0.0338592529296875
1773063155887916032,67.34333992004395,-1.0378570556640625,0.1426849365234375,0.0807037353515625
1773063155897972224,67.35339593887329,-1.0160369873046875,0.1927337646484375,0.074310302734375
1773063155908028160,67.36345195770264,-0.99310302734375,0.2565765380859375,0.0897216796875
1773063155918083072,67.37350678443909,-1.0000762939453125,0.29388427734375,0.1061553955078125
1773063155928139008,67.38356280326843,-1.002593994140625,0.2937164306640625,0.12322998046875
1773063155938194944,67.39361882209778,-1.0050201416015625,0.314697265625,0.1638946533203125
1773063155948250112,67.40367388725281,-0.9861297607421875,0.2171783447265625,0.1406707763671875
1773063155958306048,67.41372990608215,-0.8909149169921875,0.1521759033203125,0.1483306884765625
1773063155968361984,67.4237859249115,-0.8524932861328125,0.203338623046875,0.1754608154296875
1773063155978417152,67.43384099006653,-0.9104156494140625,0.2436981201171875,0.15997314453125
1773063155988473088,67.44389700889587,-0.9522857666015625,0.227996826171875,0.1273651123046875
1773063155998528000,67.45395183563232,-0.93206787109375,0.18902587890625,0.086578369140625
1773063156008583936,67.46400785446167,-0.92120361328125,0.138916015625,0.1101226806640625
1773063156018640128,67.47406387329102,-0.9204559326171875,0.1474609375,0.166351318359375
1773063156028695040,67.48411893844604,-0.91278076171875,0.2106475830078125,0.2197113037109375
1773063156038751232,67.49417495727539,-0.9205322265625,0.24462890625,0.2194366455078125
1773063156048807168,67.50423097610474,-0.918914794921875,0.25103759765625,0.191009521484375
1773063156058862080,67.51428580284119,-0.926849365234375,0.285186767578125,0.1605224609375
1773063156068918016,67.52434182167053,-0.976318359375,0.346405029296875,0.1619110107421875
1773063156078973952,67.53439784049988,-0.9987030029296875,0.2338714599609375,0.156402587890625
1773063156089029120,67.54445290565491,-0.94866943359375,0.1478118896484375,0.1815185546875
1773063156099085056,67.55450892448425,-0.945404052734375,0.1223297119140625,0.158538818359375
1773063156109140224,67.56456398963928,-0.93408203125,0.167938232421875,0.1415252685546875
1773063156119196160,67.57462000846863,-0.917999267578125,0.1514129638671875,0.1165771484375
1773063156129251840,67.5846757888794,-0.96832275390625,0.218109130859375,0.1403350830078125
1773063156139307008,67.59473085403442,-1.037445068359375,0.2585906982421875,0.132598876953125
1773063156149362944,67.60478687286377,-0.99981689453125,0.206817626953125,0.1137542724609375
1773063156159419136,67.61484289169312,-0.9580841064453125,0.1643829345703125,0.1165771484375
1773063156169474048,67.62489795684814,-0.9891357421875,0.1473541259765625,0.1566619873046875
1773063156179530240,67.63495397567749,-0.9885406494140625,0.1724090576171875,0.2053375244140625
1773063156189586176,67.64500999450684,-0.98162841796875,0.189849853515625,0.2114715576171875
1773063156199641088,67.65506482124329,-1.0298309326171875,0.2374114990234375,0.1886138916015625
1773063156209697024,67.66512084007263,-1.054962158203125,0.246246337890625,0.15301513671875
1773063156219752192,67.67517590522766,-1.003143310546875,0.1897735595703125,0.11981201171875
1773063156229808128,67.685231924057,-0.9667510986328125,0.1314849853515625,0.10198974609375
1773063156239864064,67.69528794288635,-0.954620361328125,0.1000213623046875,0.126617431640625
1773063156249919232,67.70534300804138,-0.93988037109375,0.1119537353515625,0.1662445068359375
1773063156259974912,67.71539878845215,-0.98858642578125,0.1580352783203125,0.1947784423828125
1773063156270030848,67.7254548072815,-1.0501251220703125,0.2163543701171875,0.1938323974609375
1773063156280086016,67.73550987243652,-1.055328369140625,0.2628021240234375,0.1764373779296875
1773063156290141952,67.74556589126587,-0.9796142578125,0.1612701416015625,0.118072509765625
1773063156300198144,67.75562191009521,-0.916595458984375,0.1180572509765625,0.1052703857421875
1773063156310253056,67.76567697525024,-0.915130615234375,0.132476806640625,0.1754150390625
1773063156320309248,67.77573299407959,-0.946929931640625,0.106719970703125,0.198760986328125
1773063156330365184,67.78578901290894,-0.9668731689453125,0.154052734375,0.2112274169921875
1773063156340420096,67.79584383964539,-0.9878997802734375,0.1890411376953125,0.2236480712890625
1773063156350476032,67.80589985847473,-0.9919586181640625,0.1880035400390625,0.2097625732421875
1773063156360531200,67.81595492362976,-0.9798583984375,0.1807403564453125,0.1776275634765625
1773063156370587136,67.8260109424591,-0.93487548828125,0.1114501953125,0.1246337890625
1773063156380643072,67.83606696128845,-0.88671875,0.078125,0.1104278564453125
1773063156390697984,67.8461217880249,-0.8891448974609375,0.1144256591796875,0.1771697998046875
1773063156400753920,67.85617780685425,-0.9382781982421875,0.1197662353515625,0.2263641357421875
1773063156410810112,67.8662338256836,-0.990966796875,0.183380126953125,0.2514190673828125
1773063156420864256,67.87628817558289,-1.0296478271484375,0.20635986328125,0.2546844482421875
1773063156430920448,67.88634419441223,-1.0298919677734375,0.2275238037109375,0.2004852294921875
1773063156440976384,67.89640021324158,-0.966064453125,0.15997314453125,0.14093017578125
1773063156451031296,67.90645503997803,-0.890594482421875,0.11846923828125,0.104827880859375
1773063156461087232,67.91651105880737,-0.908782958984375,0.1009979248046875,0.105133056640625
1773063156471142400,67.9265661239624,-0.9462890625,0.1066741943359375,0.1728057861328125
1773063156481198336,67.93662214279175,-0.9932861328125,0.1629486083984375,0.21893310546875
1773063156491254272,67.9466781616211,-1.05548095703125,0.2155609130859375,0.2157745361328125
1773063156501309440,67.95673322677612,-1.02642822265625,0.1852569580078125,0.16986083984375
1773063156511365376,67.96678924560547,-0.956298828125,0.146026611328125,0.128082275390625
1773063156521421312,67.97684526443481,-0.940521240234375,0.11431884765625,0.1144561767578125
1773063156531476224,67.98690009117126,-0.9492340087890625,0.107025146484375,0.1286163330078125
1773063156541532160,67.99695611000061,-0.9473419189453125,0.1397552490234375,0.1640777587890625
1773063156551588352,68.00701212882996,-0.98284912109375,0.194854736328125,0.21527099609375
1773063156561643264,68.01706719398499,-1.0296478271484375,0.185394287109375,0.2404022216796875
1773063156571699456,68.02712321281433,-1.0211181640625,0.1504364013671875,0.1687774658203125
1773063156581754112,68.03717803955078,-0.99993896484375,0.0975799560546875,0.1009674072265625
1773063156591810304,68.04723405838013,-0.9477386474609375,0.0875701904296875,0.0722198486328125
1773063156601866240,68.05729007720947,-0.8816680908203125,0.059417724609375,0.0776824951171875
1773063156611921408,68.0673451423645,-0.9190673828125,0.1092529296875,0.1131591796875
1773063156621977344,68.07740116119385,-0.985107421875,0.13616943359375,0.11669921875
1773063156632033280,68.0874571800232,-0.986053466796875,0.0949249267578125,0.1209564208984375
1773063156642088448,68.09751224517822,-0.978607177734375,0.1116180419921875,0.1335906982421875
1773063156652144384,68.10756826400757,-0.976806640625,0.143890380859375,0.1181793212890625
1773063156662200320,68.11762404441833,-0.943115234375,0.1216888427734375,0.1205596923828125
1773063156672255232,68.12767910957336,-0.944366455078125,0.102783203125,0.1338653564453125
1773063156682311424,68.13773512840271,-0.99468994140625,0.121246337890625,0.116790771484375
1773063156692367360,68.14779114723206,-0.995208740234375,0.10150146484375,0.1121368408203125
1773063156702422272,68.15784621238708,-0.9562835693359375,0.08892822265625,0.1285552978515625
1773063156712478464,68.16790223121643,-0.9659271240234375,0.1011199951171875,0.0910797119140625
1773063156722533120,68.17795705795288,-0.9886627197265625,0.0454559326171875,0.0215301513671875
1773063156732589312,68.18801307678223,-0.9513702392578125,0.04791259765625,0.035064697265625
1773063156742645248,68.19806909561157,-0.9401397705078125,0.0088348388671875,0.036651611328125
1773063156752700416,68.2081241607666,-0.989349365234375,0.0484771728515625,0.0588226318359375
1773063156762756352,68.21818017959595,-1.005859375,0.1164703369140625,0.10687255859375
1773063156772812288,68.2282361984253,-0.9945526123046875,0.086578369140625,0.09454345703125
1773063156782867456,68.23829126358032,-0.987548828125,0.0861968994140625,0.063507080078125
1773063156792923136,68.24834704399109,-1.0045166015625,0.1343841552734375,0.023468017578125
1773063156802979328,68.25840306282043,-1.04168701171875,0.1631011962890625,0.063201904296875
1773063156813034240,68.26845812797546,-1.036376953125,0.0365753173828125,0.0704193115234375
1773063156823090432,68.27851414680481,-0.9851531982421875,0.0194091796875,0.0806121826171875
1773063156833146368,68.28857016563416,-0.970672607421875,0.071563720703125,0.076904296875
1773063156843201280,68.29862523078918,-0.9998779296875,0.0883636474609375,0.0524749755859375
1773063156853257472,68.30868124961853,-1.0115966796875,0.0748748779296875,0.0221405029296875
1773063156863312128,68.31873607635498,-0.9695892333984375,0.0514678955078125,-0.023651123046875
1773063156873368320,68.32879209518433,-0.96185302734375,0.152587890625,0.0041961669921875
1773063156883424256,68.33884811401367,-0.9967193603515625,0.1254730224609375,0.0332489013671875
1773063156893479424,68.3489031791687,-1.001068115234375,0.037200927734375,0.0442657470703125
1773063156903535360,68.35895919799805,-0.97576904296875,0.0459136962890625,0.0543670654296875
1773063156913591296,68.36901521682739,-0.956512451171875,0.1187744140625,0.087188720703125
1773063156923646208,68.37907004356384,-0.974884033203125,0.17138671875,0.107269287109375
1773063156933702144,68.38912606239319,-1.0016021728515625,0.1034088134765625,0.0815887451171875
1773063156943758336,68.39918208122253,-0.9720458984375,0.08984375,0.0478057861328125
1773063156953813248,68.40923714637756,-0.9467010498046875,0.127197265625,0.0142364501953125
1773063156963869440,68.41929316520691,-0.9666900634765625,0.107879638671875,0.0148468017578125
1773063156973924352,68.42934823036194,-0.9837646484375,0.0760345458984375,0.0586090087890625
1773063156983980544,68.43940424919128,-0.9706268310546875,0.081390380859375,0.064971923828125
1773063156994036480,68.44946026802063,-0.9525909423828125,0.14007568359375,0.0650177001953125
1773063157004091136,68.45951509475708,-0.9756927490234375,0.16448974609375,0.071441650390625
1773063157014147328,68.46957111358643,-0.9998016357421875,0.179962158203125,0.09295654296875
1773063157024203264,68.47962713241577,-0.99090576171875,0.1519775390625,0.0683135986328125
1773063157034258432,68.4896821975708,-0.9611663818359375,0.1449127197265625,0.0426177978515625
1773063157044314368,68.49973821640015,-0.980804443359375,0.1453399658203125,0.041229248046875
1773063157054370304,68.50979423522949,-1.0047149658203125,0.1216583251953125,0.074676513671875
1773063157064425216,68.51984906196594,-0.9768218994140625,0.1203765869140625,0.1085662841796875
1773063157074481152,68.52990508079529,-0.9834442138671875,0.157806396484375,0.1139678955078125
1773063157084537344,68.53996109962463,-0.9971923828125,0.1797943115234375,0.1025848388671875
1773063157094592256,68.55001616477966,-0.979034423828125,0.1792449951171875,0.095794677734375
1773063157104648448,68.56007218360901,-0.978729248046875,0.196258544921875,0.075897216796875
1773063157114703360,68.57012724876404,-0.9915313720703125,0.2132110595703125,0.0729522705078125
1773063157124759552,68.58018326759338,-0.99072265625,0.1974945068359375,0.077850341796875
1773063157134815232,68.59023904800415,-1.02557373046875,0.181732177734375,0.127716064453125
1773063157144870400,68.60029411315918,-1.0610504150390625,0.160980224609375,0.129669189453125
1773063157154926336,68.61035013198853,-0.9901275634765625,0.1519775390625,0.1119384765625
1773063157164982272,68.62040615081787,-0.9509735107421875,0.1608428955078125,0.0725860595703125
1773063157175037440,68.6304612159729,-0.9800262451171875,0.201446533203125,0.0548248291015625
1773063157185093376,68.64051723480225,-0.9795684814453125,0.175323486328125,0.0433197021484375
1773063157195149312,68.65057325363159,-0.9680633544921875,0.15765380859375,0.0153961181640625
1773063157205204224,68.66062808036804,-0.949981689453125,0.2093505859375,0.0737457275390625
1773063157215260160,68.67068409919739,-0.9491729736328125,0.19952392578125,0.1577911376953125
1773063157225316352,68.68074011802673,-0.9485321044921875,0.1706085205078125,0.2061920166015625
1773063157235371264,68.69079518318176,-0.9301300048828125,0.208709716796875,0.199188232421875
1773063157245427456,68.70085120201111,-0.950164794921875,0.2634735107421875,0.1829376220703125
1773063157255482368,68.71090626716614,-0.9939422607421875,0.2108306884765625,0.1776580810546875
1773063157265538304,68.7209620475769,-0.9875030517578125,0.13800048828125,0.139312744140625
1773063157275594240,68.73101806640625,-0.9232940673828125,0.1232452392578125,0.1260223388671875
1773063157285649408,68.74107313156128,-0.8773345947265625,0.1374664306640625,0.1431884765625
1773063157295705344,68.75112915039062,-0.8822479248046875,0.1347808837890625,0.186248779296875
1773063157305761280,68.76118516921997,-0.9056854248046875,0.146759033203125,0.1982574462890625
1773063157315816448,68.771240234375,-0.9684295654296875,0.2802581787109375,0.1786651611328125
1773063157325872384,68.78129625320435,-1.02142333984375,0.2889862060546875,0.2133026123046875
1773063157335928320,68.79135203361511,-1.00384521484375,0.2114715576171875,0.1594696044921875
1773063157345983232,68.80140709877014,-0.940582275390625,0.2132110595703125,0.1090087890625
1773063157356039168,68.81146311759949,-0.9093780517578125,0.2566070556640625,0.1836090087890625
1773063157366094336,68.82151818275452,-0.9476776123046875,0.19610595703125,0.220550537109375
1773063157376150272,68.83157420158386,-0.9610443115234375,0.17633056640625,0.23284912109375
1773063157386206464,68.84163022041321,-0.956817626953125,0.2230377197265625,0.2421417236328125
1773063157396261120,68.85168504714966,-0.9933624267578125,0.2871856689453125,0.25030517578125
1773063157406317312,68.861741065979,-1.0199737548828125,0.271514892578125,0.186279296875
1773063157416374528,68.87179827690125,-0.9453277587890625,0.236358642578125,0.1086883544921875
1773063157426429184,68.8818531036377,-0.889617919921875,0.2581787109375,0.1368408203125
1773063157436485376,68.89190912246704,-0.970245361328125,0.30950927734375,0.2210235595703125
1773063157446541312,68.90196514129639,-1.0261383056640625,0.269866943359375,0.2644195556640625
1773063157456596480,68.91202020645142,-0.9976654052734375,0.2354278564453125,0.2616729736328125
1773063157466652416,68.92207622528076,-0.968170166015625,0.282989501953125,0.2370452880859375
1773063157476708352,68.93213224411011,-0.974945068359375,0.3021392822265625,0.19482421875
1773063157486763520,68.94218730926514,-0.971282958984375,0.2870941162109375,0.1566162109375
1773063157496819200,68.9522430896759,-0.944732666015625,0.2957763671875,0.35687255859375
1773063157506874368,68.96229815483093,-0.8899383544921875,0.3401947021484375,0.060028076171875
1773063157516930304,68.97235417366028,-0.9323272705078125,-0.143310546875,-0.1720428466796875
1773063157526986240,68.98241019248962,-0.8956756591796875,0.4296875,0.4406890869140625
1773063157537041408,68.99246525764465,-0.971771240234375,0.1761932373046875,0.2909393310546875
1773063157547097344,69.002521276474,-0.8446807861328125,0.269561767578125,0.1569671630859375
1773063157557153536,69.01257729530334,-0.9842071533203125,0.31298828125,0.1374053955078125
1773063157567208192,69.0226321220398,-1.134063720703125,0.3413543701171875,0.17218017578125
1773063157577264384,69.03268814086914,-1.009979248046875,0.2699432373046875,0.308074951171875
1773063157587320320,69.04274415969849,-0.8784027099609375,0.30419921875,0.31695556640625
1773063157597375488,69.05279922485352,-0.90081787109375,0.2071075439453125,0.1769866943359375
1773063157607431424,69.06285524368286,-0.943359375,0.2496185302734375,0.1242523193359375
1773063157617487360,69.0729112625122,-0.99102783203125,0.255828857421875,0.111419677734375
1773063157627542272,69.08296608924866,-0.959320068359375,0.2936859130859375,0.1411285400390625
1773063157637598208,69.093022108078,-0.8937835693359375,0.2533111572265625,0.17352294921875
1773063157647654400,69.10307812690735,-0.8835601806640625,0.241241455078125,0.157318115234375
1773063157657709312,69.11313319206238,-0.929473876953125,0.203155517578125,0.135955810546875
1773063157667765504,69.12318921089172,-0.94427490234375,0.21588134765625,0.1950836181640625
1773063157677820416,69.13324427604675,-0.9340057373046875,0.2325897216796875,0.2674102783203125
1773063157687876352,69.1433002948761,-0.934967041015625,0.3171844482421875,0.2962646484375
1773063157697932288,69.15335607528687,-0.993560791015625,0.33416748046875,0.2824249267578125
1773063157707987200,69.1634111404419,-0.9951019287109375,0.2400665283203125,0.179656982421875
1773063157718043392,69.17346715927124,-0.9352569580078125,0.2278900146484375,0.1390380859375
1773063157728099328,69.18352317810059,-0.9232940673828125,0.2049560546875,0.15167236328125
1773063157738154496,69.19357824325562,-0.9058990478515625,0.2220916748046875,0.1858673095703125
1773063157748210432,69.20363426208496,-0.9008026123046875,0.207855224609375,0.1620025634765625
1773063157758266368,69.2136902809143,-0.9224090576171875,0.2667083740234375,0.14697265625
1773063157768321280,69.22374510765076,-0.9581451416015625,0.3006591796875,0.1974639892578125
1773063157778377216,69.2338011264801,-0.9933929443359375,0.3466796875,0.239227294921875
1773063157788433408,69.24385714530945,-1.0125885009765625,0.337921142578125,0.2679595947265625
1773063157798488320,69.25391221046448,-0.9703521728515625,0.3068084716796875,0.250762939453125
1773063157808544512,69.26396822929382,-0.9327239990234375,0.271270751953125,0.215972900390625
1773063157818599424,69.27402329444885,-0.9389495849609375,0.2615814208984375,0.1781463623046875
1773063157828655360,69.28407907485962,-0.9375,0.2611236572265625,0.17724609375
1773063157838711296,69.29413509368896,-0.95111083984375,0.306732177734375,0.18475341796875
1773063157848766208,69.304190158844,-0.9597930908203125,0.3074188232421875,0.1894073486328125
1773063157858822400,69.31424617767334,-0.928680419921875,0.264495849609375,0.1926116943359375
1773063157868878336,69.32430219650269,-0.92486572265625,0.244781494140625,0.1776123046875
1773063157878933504,69.33435726165771,-0.94305419921875,0.2549285888671875,0.19500732421875
1773063157888989440,69.34441328048706,-0.9365234375,0.28314208984375,0.2392730712890625
1773063157899045376,69.3544692993164,-0.920318603515625,0.2812957763671875,0.2477569580078125
1773063157909100288,69.36452412605286,-0.921661376953125,0.3028717041015625,0.2176361083984375
1773063157919156224,69.3745801448822,-0.9337005615234375,0.3019256591796875,0.2084197998046875
1773063157929212416,69.38463616371155,-0.940185546875,0.329681396484375,0.232574462890625
1773063157939267328,69.39469122886658,-0.95098876953125,0.31854248046875,0.241729736328125
1773063157949323520,69.40474724769592,-0.941009521484375,0.2820587158203125,0.2321319580078125
1773063157959378176,69.41480207443237,-0.90435791015625,0.232177734375,0.1894989013671875
1773063157969434368,69.42485809326172,-0.89361572265625,0.203582763671875,0.1543731689453125
1773063157979490304,69.43491411209106,-0.902313232421875,0.229705810546875,0.1768035888671875
1773063157989545472,69.4449691772461,-0.913665771484375,0.2941741943359375,0.235626220703125
1773063157999601408,69.45502519607544,-0.95135498046875,0.2966461181640625,0.2603607177734375
1773063158009657344,69.46508121490479,-0.9844818115234375,0.3668060302734375,0.24029541015625
1773063158019712512,69.47513628005981,-0.9694976806640625,0.31805419921875,0.211395263671875
1773063158029768448,69.48519229888916,-0.9370269775390625,0.25421142578125,0.192108154296875
1773063158039824128,69.49524807929993,-0.9307708740234375,0.2579803466796875,0.2152099609375
1773063158049879296,69.50530314445496,-0.92877197265625,0.263275146484375,0.2381134033203125
1773063158059935232,69.5153591632843,-0.9233856201171875,0.2606201171875,0.2195281982421875
1773063158069991424,69.52541518211365,-0.928436279296875,0.2698211669921875,0.2116241455078125
1773063158080046336,69.53547024726868,-0.9700469970703125,0.3292236328125,0.2258453369140625
1773063158090102528,69.54552626609802,-0.995574951171875,0.3130950927734375,0.2367706298828125
1773063158100158464,69.55558228492737,-0.9559173583984375,0.2751617431640625,0.2306671142578125
1773063158110213376,69.56563711166382,-0.913848876953125,0.23565673828125,0.1796417236328125
1773063158120269312,69.57569313049316,-0.9076385498046875,0.225830078125,0.1734619140625
1773063158130324480,69.5857481956482,-0.9212799072265625,0.2218475341796875,0.1840362548828125
1773063158140380416,69.59580421447754,-0.935211181640625,0.243560791015625,0.21661376953125
1773063158150436352,69.60586023330688,-0.9473724365234375,0.268798828125,0.245361328125
1773063158160491520,69.61591529846191,-0.9546661376953125,0.2925872802734375,0.2310333251953125
1773063158170547200,69.62597107887268,-0.9530181884765625,0.3280181884765625,0.2082061767578125
1773063158180603392,69.63602709770203,-0.94232177734375,0.2961883544921875,0.1822052001953125
1773063158190658304,69.64608216285706,-0.93841552734375,0.26092529296875,0.189178466796875
1773063158200714240,69.6561381816864,-0.9475860595703125,0.275726318359375,0.223052978515625
1773063158210770432,69.66619420051575,-0.9299468994140625,0.25897216796875,0.231781005859375
1773063158220825344,69.67624926567078,-0.9212646484375,0.287994384765625,0.2415618896484375
1773063158230881536,69.68630528450012,-0.9523773193359375,0.2708892822265625,0.2034454345703125
1773063158240937472,69.69636130332947,-0.9609375,0.3045654296875,0.1937713623046875
1773063158250992384,69.70641613006592,-0.977142333984375,0.3126068115234375,0.1587982177734375
1773063158261048320,69.71647214889526,-0.9487152099609375,0.263153076171875,0.14605712890625
1773063158271104256,69.72652816772461,-0.894317626953125,0.2416229248046875,0.15478515625
1773063158281159424,69.73658323287964,-0.912384033203125,0.248016357421875,0.1742095947265625
1773063158291215360,69.74663925170898,-0.9488067626953125,0.2690277099609375,0.209136962890625
1773063158301270272,69.75669407844543,-0.9592742919921875,0.272674560546875,0.225830078125
1773063158311326208,69.76675009727478,-0.95068359375,0.3189849853515625,0.2371063232421875
1773063158321382400,69.77680611610413,-0.9550628662109375,0.3593292236328125,0.2205047607421875
1773063158331437312,69.78686118125916,-0.966552734375,0.3273468017578125,0.20367431640625
1773063158341493248,69.7969172000885,-0.963104248046875,0.30133056640625,0.15814208984375
1773063158351549440,69.80697321891785,-0.9380645751953125,0.316497802734375,0.1708984375
1773063158361604352,69.81702828407288,-0.907470703125,0.3045654296875,0.1939544677734375
1773063158371660544,69.82708430290222,-0.8998870849609375,0.2933502197265625,0.193145751953125
1773063158381716224,69.83714008331299,-0.9283599853515625,0.3345947265625,0.20782470703125
1773063158391771392,69.84719514846802,-0.991607666015625,0.350494384765625,0.213226318359375
1773063158401827328,69.85725116729736,-0.992431640625,0.316650390625,0.1849822998046875
1773063158411883264,69.86730718612671,-0.9324951171875,0.2636566162109375,0.145660400390625
1773063158421937152,69.87736105918884,-0.898895263671875,0.238800048828125,0.1198577880859375
1773063158431993344,69.88741707801819,-0.9056549072265625,0.241668701171875,0.1217041015625
1773063158442049280,69.89747309684753,-0.9080963134765625,0.280303955078125,0.162628173828125
1773063158452104448,69.90752816200256,-0.938018798828125,0.295562744140625,0.1811676025390625
1773063158462160384,69.91758418083191,-0.9599456787109375,0.3159637451171875,0.2088623046875
1773063158472215296,69.92763900756836,-0.962860107421875,0.3087921142578125,0.229034423828125
1773063158482271232,69.9376950263977,-0.9640960693359375,0.2713623046875,0.2190093994140625
1773063158492327168,69.94775104522705,-0.93316650390625,0.26165771484375,0.1857757568359375
1773063158502382336,69.95780611038208,-0.9348297119140625,0.2797088623046875,0.2035675048828125
1773063158512438272,69.96786212921143,-0.96954345703125,0.2998046875,0.16363525390625
1773063158522494208,69.97791814804077,-0.9379425048828125,0.28289794921875,0.0902252197265625
1773063158532549120,69.98797297477722,-0.910125732421875,0.30474853515625,0.0978851318359375
1773063158542605056,69.99802899360657,-0.94927978515625,0.295654296875,0.146881103515625
1773063158552661248,70.00808501243591,-0.9810638427734375,0.2468414306640625,0.174468994140625
1773063158562716160,70.01814007759094,-0.973052978515625,0.2360382080078125,0.1663970947265625
1773063158572772352,70.02819609642029,-0.960357666015625,0.244873046875,0.142913818359375
1773063158582828288,70.03825211524963,-0.957489013671875,0.24249267578125,0.1328125
1773063158592883456,70.04830718040466,-0.9602203369140625,0.2495880126953125,0.130889892578125
1773063158602939136,70.05836296081543,-0.9636077880859375,0.2375946044921875,0.1142578125
1773063158612995072,70.06841897964478,-0.9490814208984375,0.231719970703125,0.069183349609375
1773063158623050240,70.0784740447998,-0.940765380859375,0.21795654296875,0.075592041015625
1773063158633106176,70.08853006362915,-0.9602203369140625,0.2319488525390625,0.135162353515625
1773063158643161344,70.09858512878418,-0.9677276611328125,0.2340850830078125,0.1895904541015625
1773063158653217280,70.10864114761353,-0.964080810546875,0.219696044921875,0.161163330078125
1773063158663273216,70.11869716644287,-0.9507598876953125,0.25921630859375,0.140472412109375
1773063158673328128,70.12875199317932,-0.9707489013671875,0.28106689453125,0.0848388671875
1773063158683384064,70.13880801200867,-0.9620361328125,0.3003692626953125,0.0682830810546875
1773063158693440256,70.14886403083801,-0.9589080810546875,0.28179931640625,0.098724365234375
1773063158703495168,70.15891909599304,-0.9930267333984375,0.2451629638671875,0.113861083984375
1773063158713551360,70.16897511482239,-0.9790496826171875,0.2466278076171875,0.136383056640625
1773063158723607296,70.17903113365173,-0.9444427490234375,0.2418365478515625,0.11859130859375
1773063158733662208,70.18908596038818,-0.95318603515625,0.23492431640625,0.1001434326171875
1773063158743718144,70.19914197921753,-0.970458984375,0.2501983642578125,0.0947265625
1773063158753774080,70.20919799804688,-0.9684295654296875,0.254791259765625,0.0774383544921875
1773063158763829248,70.2192530632019,-0.9771728515625,0.2593536376953125,0.0625152587890625
1773063158773885184,70.22930908203125,-0.9947662353515625,0.2361602783203125,0.057342529296875
1773063158783941376,70.2393651008606,-0.985992431640625,0.2135162353515625,0.068878173828125
1773063158793996288,70.24942016601562,-0.96514892578125,0.2126617431640625,0.0813446044921875
1773063158804052480,70.25947618484497,-0.9541168212890625,0.2074432373046875,0.07989501953125
1773063158814108160,70.26953196525574,-0.936309814453125,0.2072601318359375,0.075897216796875
1773063158824163072,70.27958703041077,-0.9523468017578125,0.19390869140625,0.0479278564453125
1773063158834219264,70.28964304924011,-0.9828948974609375,0.1992340087890625,0.047821044921875
1773063158844274176,70.29969811439514,-0.96356201171875,0.244293212890625,0.0554962158203125
1773063158854330368,70.30975413322449,-0.9494781494140625,0.2516021728515625,0.0815887451171875
1773063158864386304,70.31981015205383,-0.977691650390625,0.2387237548828125,0.1319732666015625
1773063158874441216,70.32986497879028,-0.9834136962890625,0.232330322265625,0.093963623046875
1773063158884497152,70.33992099761963,-0.957275390625,0.1611480712890625,0.0276641845703125
1773063158894553088,70.34997701644897,-0.930084228515625,0.1750946044921875,0.065185546875
1773063158904608256,70.360032081604,-0.936431884765625,0.1823577880859375,0.0661468505859375
1773063158914664192,70.37008810043335,-0.932098388671875,0.1459808349609375,0.0069732666015625
1773063158924720384,70.3801441192627,-0.92071533203125,0.164642333984375,0.004791259765625
1773063158934775296,70.39019918441772,-0.9459228515625,0.2042083740234375,0.0225982666015625
1773063158944831232,70.40025496482849,-0.9720916748046875,0.1891937255859375,0.00360107421875
1773063158954887168,70.41031098365784,-0.9539947509765625,0.1730194091796875,-0.0128173828125
1773063158964942336,70.42036604881287,-0.9180908203125,0.1199188232421875,-0.0248260498046875
1773063158974998272,70.43042206764221,-0.8975372314453125,0.1049346923828125,4.57763671875e-05
1773063158985054208,70.44047808647156,-0.9130096435546875,0.1910552978515625,0.0309295654296875
1773063158995109376,70.45053315162659,-0.9515380859375,0.225982666015625,0.03558349609375
1773063159005165312,70.46058917045593,-0.97882080078125,0.19989013671875,0.0145111083984375
1773063159015220992,70.4706449508667,-0.9114990234375,0.0528411865234375,-0.077972412109375
1773063159025276160,70.48070001602173,-0.822113037109375,-0.0196380615234375,-0.1135406494140625
1773063159035332096,70.49075603485107,-0.80731201171875,0.039459228515625,-0.0507965087890625
1773063159045387264,70.5008111000061,-0.84161376953125,0.04791259765625,-0.0094451904296875
1773063159055443200,70.51086711883545,-0.8867340087890625,0.0770721435546875,0.028778076171875
1773063159065499392,70.5209231376648,-0.93328857421875,0.1482086181640625,0.101806640625
1773063159075554048,70.53097796440125,-0.990966796875,0.128173828125,0.1139678955078125
1773063159085610240,70.54103398323059,-0.9930419921875,0.094329833984375,0.041473388671875
1773063159095666176,70.55109000205994,-0.8516998291015625,0.0712890625,0.024871826171875
1773063159105721344,70.56114506721497,-0.736724853515625,0.034271240234375,0.0506744384765625
1773063159115777280,70.57120108604431,-0.7830963134765625,0.0552520751953125,0.0439453125
1773063159125833216,70.58125710487366,-0.845306396484375,0.090972900390625,0.1028289794921875
1773063159135888384,70.59131217002869,-0.852691650390625,0.0069732666015625,0.173187255859375
1773063159145944064,70.60136795043945,-0.9084625244140625,-0.0091552734375,0.2117156982421875
1773063159156000256,70.6114239692688,-1.0038604736328125,0.18695068359375,0.1397552490234375
1773063159166055168,70.62147903442383,-0.950897216796875,0.209197998046875,0.073516845703125
1773063159176111104,70.63153505325317,-0.8134765625,0.09393310546875,0.0328216552734375
1773063159186167296,70.64159107208252,-0.747039794921875,-0.0095672607421875,-0.0088653564453125
1773063159196222208,70.65164613723755,-0.7241668701171875,-0.0456390380859375,0.0077972412109375
1773063159206278400,70.6617021560669,-0.719085693359375,-0.0341644287109375,0.1925201416015625
1773063159216334336,70.67175817489624,-0.92901611328125,-0.003204345703125,0.3098297119140625
1773063159226389248,70.68181300163269,-1.2138519287109375,0.0891265869140625,0.13031005859375
1773063159236445184,70.69186902046204,-1.0254669189453125,0.127838134765625,0.1457366943359375
1773063159246500352,70.70192408561707,-0.77386474609375,0.03057861328125,0.11431884765625
1773063159256556288,70.71198010444641,-0.6865692138671875,-0.060394287109375,0.032867431640625
1773063159266612224,70.72203612327576,-0.694915771484375,-0.044921875,0.0355072021484375
1773063159276667136,70.7320909500122,-0.7218017578125,0.0165252685546875,0.1235504150390625
1773063159286723072,70.74214696884155,-0.843292236328125,-0.0138092041015625,0.239715576171875
1773063159296779264,70.7522029876709,-1.128875732421875,-0.07489013671875,0.1836395263671875
1773063159306834176,70.76225805282593,-1.1532440185546875,0.062896728515625,0.1660308837890625
1773063159316890112,70.77231407165527,-0.972930908203125,0.0539093017578125,0.2535247802734375
1773063159326946304,70.78237009048462,-0.8409271240234375,-0.1085205078125,0.1281585693359375
1773063159337001216,70.79242515563965,-0.6734161376953125,-0.1900634765625,0.0057373046875
1773063159347057408,70.802481174469,-0.622406005859375,-0.0236053466796875,0.0647430419921875
1773063159357113088,70.81253695487976,-0.7834014892578125,0.0828399658203125,0.07952880859375
1773063159367168256,70.82259202003479,-1.0034332275390625,0.0448455810546875,0.1648712158203125
1773063159377224192,70.83264803886414,-1.17645263671875,-0.0345001220703125,0.203857421875
1773063159387280128,70.84270405769348,-1.1210479736328125,-0.112579345703125,0.1457061767578125
1773063159397335296,70.85275912284851,-0.8675689697265625,-0.1656646728515625,0.1240692138671875
1773063159407391232,70.86281514167786,-0.7014923095703125,-0.1176910400390625,0.0794219970703125
1773063159417448448,70.8728723526001,-0.7135467529296875,-0.0219268798828125,0.0174713134765625
1773063159427503360,70.88292717933655,-0.857086181640625,0.08123779296875,0.048583984375
1773063159437559296,70.8929831981659,-0.978546142578125,0.0288543701171875,0.214752197265625
1773063159447614464,70.90303826332092,-1.102447509765625,-0.1083526611328125,0.320648193359375
1773063159457670400,70.91309428215027,-1.1529083251953125,-0.1636199951171875,0.1774749755859375
1773063159467726592,70.92315030097961,-0.89202880859375,-0.2319183349609375,0.147552490234375
1773063159477781504,70.93320536613464,-0.7128753662109375,-0.15338134765625,0.0701141357421875
1773063159487837440,70.94326138496399,-0.7714691162109375,-0.0548248291015625,-0.0286407470703125
1773063159497893376,70.95331716537476,-0.94061279296875,0.101593017578125,0.0034637451171875
1773063159507948288,70.96337223052979,-1.062591552734375,0.0776214599609375,0.1317596435546875
1773063159518004480,70.97342824935913,-1.13397216796875,-0.1245574951171875,0.2005462646484375
1773063159528060416,70.98348426818848,-1.1357879638671875,-0.3007354736328125,0.1443939208984375
1773063159538115584,70.9935393333435,-0.993804931640625,-0.3953094482421875,0.02899169921875
1773063159548171520,71.00359535217285,-0.84637451171875,-0.308441162109375,-0.0310821533203125
1773063159558227456,71.0136513710022,-0.8306884765625,-0.090423583984375,-0.0603485107421875
1773063159568282368,71.02370619773865,-0.9551239013671875,0.0634002685546875,-0.0249786376953125
1773063159578338304,71.033762216568,-1.1008758544921875,-0.0044708251953125,0.121307373046875
1773063159588394496,71.04381823539734,-1.222991943359375,-0.2073211669921875,0.16522216796875
1773063159598449408,71.05387330055237,-1.1656036376953125,-0.360015869140625,0.067291259765625
1773063159608505600,71.06392931938171,-1.00274658203125,-0.3378753662109375,0.0262908935546875
1773063159618561536,71.07398533821106,-0.9524993896484375,-0.2335662841796875,-0.0208587646484375
1773063159628616448,71.08404016494751,-0.9560546875,-0.13525390625,-0.067596435546875
1773063159638672384,71.09409618377686,-1.0273895263671875,-0.0358428955078125,0.021514892578125
1773063159648728320,71.1041522026062,-1.1937103271484375,-0.067474365234375,0.184326171875
1773063159658783488,71.11420726776123,-1.31903076171875,-0.229888916015625,0.1744537353515625
1773063159668839424,71.12426328659058,-1.2331390380859375,-0.3802032470703125,0.0684967041015625
1773063159678894592,71.1343183517456,-1.07305908203125,-0.4058685302734375,-0.0214691162109375
1773063159688950528,71.14437437057495,-0.9624481201171875,-0.28314208984375,-0.0802459716796875
1773063159699006464,71.1544303894043,-0.984527587890625,-0.0704498291015625,-0.052947998046875
1773063159709061376,71.16448521614075,-1.1209869384765625,-0.01251220703125,-0.0483245849609375
1773063159719117312,71.17454123497009,-1.1967926025390625,-0.0872802734375,0.003448486328125
1773063159729173504,71.18459725379944,-1.1775665283203125,-0.1766510009765625,0.089813232421875
1773063159739228416,71.19465231895447,-1.157989501953125,-0.257598876953125,0.0968170166015625
1773063159749284608,71.20470833778381,-1.1632537841796875,-0.290863037109375,0.0328521728515625
1773063159759340544,71.21476435661316,-1.13446044921875,-0.228607177734375,0.0034942626953125
1773063159769395456,71.22481918334961,-1.13214111328125,-0.1729888916015625,0.0021209716796875
1773063159779451392,71.23487520217896,-1.1270751953125,-0.18817138671875,-0.0098876953125
1773063159789507328,71.2449312210083,-1.088287353515625,-0.17822265625,-0.0464019775390625
1773063159799562496,71.25498628616333,-1.074371337890625,-0.1417388916015625,-0.0292510986328125
1773063159809618432,71.26504230499268,-1.122283935546875,-0.20867919921875,-0.024169921875
1773063159819674368,71.27509832382202,-1.1829071044921875,-0.22088623046875,-0.0319061279296875
1773063159829729536,71.28515338897705,-1.1606903076171875,-0.1494598388671875,0.022003173828125
1773063159839785216,71.29520916938782,-1.1384735107421875,-0.0556640625,0.0901947021484375
1773063159849841408,71.30526518821716,-1.186309814453125,-0.10003662109375,0.08734130859375
1773063159859896320,71.31532025337219,-1.2412109375,-0.225830078125,0.0108795166015625
1773063159869952512,71.32537627220154,-1.2269287109375,-0.289825439453125,-0.031463623046875
1773063159880008448,71.33543229103088,-1.2115478515625,-0.1952972412109375,-0.032440185546875
1773063159890063616,71.34548735618591,-1.1988677978515625,-0.09649658203125,-0.0614471435546875
1773063159900119552,71.35554337501526,-1.154144287109375,-0.060791015625,-0.0443115234375
1773063159910175488,71.3655993938446,-1.1870880126953125,-0.0957489013671875,0.005615234375
1773063159920230400,71.37565422058105,-1.2873992919921875,-0.1430511474609375,0.02178955078125
1773063159930286336,71.3857102394104,-1.3734893798828125,-0.1548919677734375,0.0640106201171875
1773063159940341504,71.39576530456543,-1.3839263916015625,-0.16253662109375,0.0814056396484375
1773063159950397440,71.40582132339478,-1.3097076416015625,-0.2224884033203125,0.0762481689453125
1773063159960453632,71.41587734222412,-1.246917724609375,-0.2254791259765625,0.0475006103515625
1773063159970508288,71.42593216896057,-1.215423583984375,-0.09014892578125,-0.0100555419921875
1773063159980564480,71.43598818778992,-1.1716156005859375,-0.0290069580078125,-0.0235595703125
1773063159990620416,71.44604420661926,-1.18597412109375,-0.069488525390625,0.03033447265625
1773063160000675328,71.45609927177429,-1.262115478515625,-0.17779541015625,0.005767822265625
1773063160010731520,71.46615529060364,-1.2208251953125,-0.1817779541015625,-0.0539398193359375
1773063160020787456,71.47621130943298,-1.1524200439453125,-0.1441497802734375,0.03424072265625
1773063160030842624,71.48626637458801,-1.23480224609375,-0.133087158203125,0.1177978515625
1773063160040898560,71.49632239341736,-1.2955474853515625,-0.1625518798828125,0.083282470703125
1773063160050954240,71.50637817382812,-1.1798553466796875,-0.194091796875,0.0225982666015625
1773063160061009408,71.51643323898315,-1.057525634765625,-0.173370361328125,0.050567626953125
1773063160071065344,71.5264892578125,-1.0878143310546875,-0.18426513671875,0.031982421875
1773063160081121536,71.53654527664185,-1.1766204833984375,-0.1708831787109375,0.0145263671875
1773063160091176448,71.54660034179688,-1.2023162841796875,-0.15179443359375,0.0277099609375
1773063160101232640,71.55665636062622,-1.1222381591796875,-0.1540985107421875,-0.037506103515625
1773063160111288576,71.56671237945557,-0.98834228515625,-0.09820556640625,-0.0951080322265625
1773063160121343488,71.57676720619202,-0.9357147216796875,-0.0966949462890625,-0.0342864990234375
1773063160131399424,71.58682322502136,-1.0481414794921875,-0.1877593994140625,0.0868377685546875
1773063160141455360,71.59687924385071,-1.2052154541015625,-0.2717437744140625,0.10791015625
1773063160151510528,71.60693430900574,-1.1951141357421875,-0.2520294189453125,0.0726470947265625
1773063160161566464,71.61699032783508,-1.0781707763671875,-0.1844940185546875,0.0225372314453125
1773063160171621632,71.62704539299011,-0.971405029296875,-0.175018310546875,-0.0330657958984375
1773063160181677312,71.63710117340088,-0.925811767578125,-0.1577606201171875,-0.0291900634765625
1773063160191733248,71.64715719223022,-0.97998046875,-0.173980712890625,-0.0071258544921875
1773063160201788416,71.65721225738525,-1.036895751953125,-0.21392822265625,0.0250091552734375
1773063160211844352,71.6672682762146,-1.0615081787109375,-0.173614501953125,0.114044189453125
1773063160221900544,71.67732429504395,-1.117462158203125,-0.13970947265625,0.16094970703125
1773063160231955456,71.68737936019897,-1.1536102294921875,-0.1979217529296875,0.109954833984375
1773063160242011648,71.69743537902832,-1.070892333984375,-0.2436676025390625,0.0717315673828125
1773063160252067328,71.70749115943909,-0.97125244140625,-0.1557464599609375,0.0469818115234375
1773063160262122496,71.71754622459412,-0.9107818603515625,-0.1122283935546875,-0.037384033203125
1773063160272178432,71.72760224342346,-0.8698883056640625,-0.1646881103515625,-0.04229736328125
1773063160282234368,71.73765826225281,-0.9480438232421875,-0.112548828125,0.0444488525390625
1773063160292289536,71.74771332740784,-1.07525634765625,-0.1802825927734375,0.092926025390625
1773063160302345472,71.75776934623718,-1.096710205078125,-0.2964019775390625,0.089874267578125
1773063160312401408,71.76782536506653,-1.0189971923828125,-0.275970458984375,0.1265869140625
1773063160322456320,71.77788019180298,-0.981903076171875,-0.0759124755859375,0.17706298828125
1773063160332512256,71.78793621063232,-1.0121917724609375,-0.034576416015625,0.0916595458984375
1773063160342568448,71.79799222946167,-0.9866485595703125,-0.23004150390625,-0.040740966796875
1773063160352623360,71.8080472946167,-0.9195556640625,-0.2676239013671875,-0.1116790771484375
1773063160362679552,71.81810331344604,-0.861572265625,-0.1785430908203125,-0.011932373046875
1773063160372735488,71.82815933227539,-0.90673828125,-0.15875244140625,0.075439453125
1773063160382790400,71.83821415901184,-1.0510711669921875,-0.2063751220703125,0.0983734130859375
1773063160392846336,71.84827017784119,-1.0568084716796875,-0.337554931640625,0.1198272705078125
1773063160402901504,71.85832524299622,-0.9980621337890625,-0.225311279296875,0.18115234375
1773063160412957440,71.86838126182556,-1.04583740234375,-0.0591583251953125,0.1984100341796875
1773063160423013632,71.87843751907349,-1.0781402587890625,-0.0915985107421875,0.1147003173828125
1773063160433068544,71.88849234580994,-0.984893798828125,-0.1306915283203125,0.028167724609375
1773063160443124480,71.89854836463928,-0.8490142822265625,-0.109832763671875,-0.0563812255859375
1773063160453180672,71.90860438346863,-0.7662200927734375,-0.1790618896484375,-0.0045013427734375
1773063160463235584,71.91865944862366,-0.8694305419921875,-0.1944580078125,0.100677490234375
1773063160473291520,71.928715467453,-1.051666259765625,-0.1556396484375,0.1503753662109375
1773063160483347712,71.93877148628235,-1.0937957763671875,-0.091827392578125,0.2469024658203125
1773063160493402624,71.94882655143738,-1.036376953125,-0.1502227783203125,0.2002105712890625
1773063160503458560,71.95888233184814,-0.962005615234375,-0.164337158203125,0.0844573974609375
1773063160513514496,71.96893835067749,-0.9148712158203125,-0.046142578125,0.0390625
1773063160523569664,71.97899341583252,-0.90240478515625,-0.038970947265625,-0.018951416015625
1773063160533625600,71.98904943466187,-0.859039306640625,-0.14227294921875,0.0128326416015625
1773063160543681536,71.99910545349121,-0.8347015380859375,-0.1213531494140625,0.1309356689453125
1773063160553736704,72.00916051864624,-0.944793701171875,-0.0680084228515625,0.198455810546875
1773063160563792640,72.01921653747559,-1.1143951416015625,-0.0435943603515625,0.2239837646484375
1773063160573848832,72.02927255630493,-1.1681365966796875,-0.00439453125,0.2155303955078125
1773063160583903488,72.03932738304138,-1.0587615966796875,-0.011962890625,0.1248779296875
1773063160593959680,72.04938340187073,-0.9025421142578125,-0.037567138671875,0.03656005859375
1773063160604015616,72.05943942070007,-0.7680206298828125,-0.074676513671875,-0.0203857421875
1773063160614070528,72.0694944858551,-0.702728271484375,-0.039642333984375,0.0120849609375
1773063160624126720,72.07955050468445,-0.8432769775390625,0.128875732421875,0.1797332763671875
1773063160634182656,72.0896065235138,-1.1147918701171875,0.103515625,0.215911865234375
1773063160644237568,72.09966135025024,-1.195220947265625,0.069610595703125,0.1884307861328125
1773063160654293504,72.10971736907959,-1.014556884765625,0.0745697021484375,0.15625
1773063160664348672,72.11977243423462,-0.844757080078125,0.02740478515625,0.0867767333984375
1773063160674404608,72.12982845306396,-0.855712890625,-0.0417633056640625,0.036651611328125
1773063160684460544,72.13988447189331,-0.8189544677734375,-0.005584716796875,-0.030059814453125
1773063160694515712,72.14993953704834,-0.7357025146484375,0.130218505859375,0.11553955078125
1773063160704571648,72.15999555587769,-0.810821533203125,0.20001220703125,0.1662750244140625
1773063160714627584,72.17005133628845,-0.9867095947265625,0.1983795166015625,0.115966796875
1773063160724682496,72.18010640144348,-0.9940338134765625,0.1638641357421875,0.0574493408203125
1773063160734738688,72.19016242027283,-0.822662353515625,0.2208099365234375,0.0655364990234375
1773063160744794624,72.20021843910217,-0.7406768798828125,0.2495574951171875,0.1117401123046875
1773063160754849792,72.2102735042572,-0.81524658203125,0.206695556640625,0.0929718017578125
1773063160764905728,72.22032952308655,-0.8251190185546875,0.160675048828125,0.0482635498046875
1773063160774961664,72.2303855419159,-0.757476806640625,0.1488037109375,0.0684356689453125
1773063160785016576,72.24044036865234,-0.741363525390625,0.16595458984375,0.071563720703125
1773063160795072512,72.25049638748169,-0.730499267578125,0.15765380859375,0.068878173828125
1773063160805128448,72.26055240631104,-0.6948699951171875,0.1118927001953125,0.0694732666015625
1773063160815183616,72.27060747146606,-0.7767486572265625,-0.0201568603515625,0.1024017333984375
1773063160825239552,72.28066349029541,-0.9032440185546875,-0.15185546875,-0.0214691162109375
1773063160835295744,72.29071950912476,-0.85223388671875,0.0378265380859375,0.0023651123046875
1773063160845350400,72.3007743358612,-0.738677978515625,0.3121490478515625,0.1343994140625
1773063160855406592,72.31083035469055,-0.767181396484375,0.40777587890625,0.1386566162109375
1773063160865462528,72.3208863735199,-0.7808990478515625,0.406219482421875,0.1690826416015625
1773063160875517696,72.33094143867493,-0.7296295166015625,0.3513031005859375,0.2316436767578125
1773063160885573632,72.34099745750427,-0.7901458740234375,0.3964996337890625,0.259765625
1773063160895628800,72.3510525226593,-1.0033111572265625,0.3924560546875,0.2365570068359375
1773063160905684736,72.36110854148865,-1.0233001708984375,0.1844482421875,0.1136016845703125
1773063160915740672,72.371164560318,-0.7887115478515625,0.0730133056640625,0.0838165283203125
1773063160925795584,72.38121938705444,-0.7330474853515625,0.0564422607421875,0.0906219482421875
1773063160935851520,72.39127540588379,-0.8525238037109375,0.09521484375,0.0661163330078125
1773063160945907712,72.40133142471313,-0.8279571533203125,0.1013946533203125,0.07196044921875
1773063160955962624,72.41138648986816,-0.8352508544921875,0.2450714111328125,0.1219940185546875
1773063160966018560,72.42144250869751,-1.0258331298828125,0.3205718994140625,0.1675262451171875
1773063160976074752,72.43149852752686,-1.085845947265625,0.20050048828125,0.1595611572265625
1773063160986129408,72.4415533542633,-1.0032958984375,0.0792694091796875,0.124786376953125
1773063160996185600,72.45160937309265,-0.92767333984375,0.10906982421875,0.1616363525390625
1773063161006241536,72.461665391922,-0.925567626953125,0.1561279296875,0.220611572265625
1773063161016296704,72.47172045707703,-0.9829254150390625,0.048919677734375,0.1786651611328125
1773063161026352640,72.48177647590637,-1.0478057861328125,0.1488037109375,0.183563232421875
1773063161036408576,72.49183249473572,-1.1059722900390625,0.16668701171875,0.1327362060546875
1773063161046463744,72.50188755989075,-1.0464630126953125,0.137115478515625,0.1458740234375
1773063161056519424,72.51194334030151,-0.9910125732421875,0.129730224609375,0.190948486328125
1773063161066575616,72.52199935913086,-1.018463134765625,0.0921173095703125,0.1292877197265625
1773063161076630528,72.53205442428589,-0.9801025390625,0.1119842529296875,0.1339111328125
1773063161086686720,72.54211044311523,-0.98455810546875,0.12701416015625,0.1496124267578125
1773063161096742656,72.55216646194458,-1.0262603759765625,0.1374359130859375,0.1532745361328125
1773063161106797568,72.56222152709961,-0.9765625,0.0983123779296875,0.1045684814453125
1773063161116853760,72.57227754592896,-0.970855712890625,0.1691131591796875,0.128082275390625
1773063161126909440,72.58233332633972,-1.054168701171875,0.2119903564453125,0.1655731201171875
1773063161136964608,72.59238839149475,-1.0263824462890625,0.1362457275390625,0.1757049560546875
1773063161147020544,72.6024444103241,-0.9547271728515625,0.090423583984375,0.1761474609375
1773063161157076480,72.61250042915344,-0.9557952880859375,0.141082763671875,0.1959075927734375
1773063161167131648,72.62255549430847,-0.970001220703125,0.20452880859375,0.1946563720703125
1773063161177187584,72.63261151313782,-0.9649200439453125,0.2062225341796875,0.14080810546875
1773063161187242496,72.64266633987427,-0.948455810546875,0.2066192626953125,0.1216583251953125
1773063161197298432,72.65272235870361,-0.9567413330078125,0.2356414794921875,0.2091522216796875
1773063161207354624,72.66277837753296,-0.99456787109375,0.1800994873046875,0.2390289306640625
1773063161217409536,72.67283344268799,-0.969024658203125,0.11810302734375,0.187347412109375
1773063161227465728,72.68288946151733,-0.9143218994140625,0.1346588134765625,0.1683197021484375
1773063161237521664,72.69294548034668,-0.8890228271484375,0.1569061279296875,0.342437744140625
1773063161247576832,72.70300054550171,-0.8657379150390625,0.3726043701171875,0.5506591796875
1773063161257632512,72.71305632591248,-0.900360107421875,0.0017547607421875,0.154876708984375
1773063161267688448,72.72311234474182,-0.8901519775390625,0.2758941650390625,0.117279052734375
1773063161277743616,72.73316740989685,-0.9503021240234375,0.115753173828125,0.2101593017578125
1773063161287799552,72.7432234287262,-0.9262237548828125,0.3205108642578125,0.28021240234375
1773063161297855488,72.75327944755554,-0.91156005859375,0.0037078857421875,0.0921478271484375
1773063161307910656,72.76333451271057,-0.9419097900390625,0.2935028076171875,0.17041015625
1773063161317966592,72.77339053153992,-0.9818572998046875,0.0340423583984375,0.1362457275390625
1773063161328022784,72.78344655036926,-0.9497528076171875,0.164031982421875,0.2614593505859375
1773063161338077440,72.79350137710571,-0.9561614990234375,0.030426025390625,0.2135162353515625
1773063161348133632,72.80355739593506,-0.9239044189453125,0.174957275390625,0.18560791015625
1773063161358189568,72.8136134147644,-0.94097900390625,0.0581817626953125,0.132965087890625
1773063161368244736,72.82366847991943,-0.9568634033203125,0.1895904541015625,0.1343536376953125
1773063161378300672,72.83372449874878,-0.98992919921875,0.154052734375,0.18310546875
1773063161388356608,72.84378051757812,-0.9478912353515625,0.1671600341796875,0.1382598876953125
1773063161398411520,72.85383534431458,-0.9670562744140625,0.1565399169921875,0.1901092529296875
1773063161408467456,72.86389136314392,-0.983856201171875,0.1425018310546875,0.146270751953125
1773063161418522112,72.87394595146179,-0.9908599853515625,0.1399383544921875,0.1880340576171875
1773063161428578048,72.88400197029114,-1.0001983642578125,0.2060394287109375,0.239471435546875
1773063161438634240,72.89405798912048,-1.2108612060546875,0.4456024169921875,0.5200653076171875
1773063161448689152,72.90411305427551,-1.5215911865234375,0.367584228515625,0.1898345947265625
1773063161458745088,72.91416883468628,-0.3727874755859375,-0.345855712890625,-0.5431976318359375
1773063161468801024,72.92422485351562,-0.28759765625,0.027130126953125,0.4103546142578125
1773063161478856192,72.93427991867065,-1.612335205078125,0.4122161865234375,0.7183380126953125
1773063161488912128,72.9443359375,-1.488433837890625,0.297332763671875,0.178802490234375
1773063161498968064,72.95439195632935,-0.3785400390625,-0.23114013671875,-0.21356201171875
1773063161509023232,72.96444702148438,-0.3303375244140625,0.238739013671875,0.3295745849609375
1773063161519079168,72.97450304031372,-1.2876434326171875,0.0282135009765625,0.3063507080078125
1773063161529135104,72.98455905914307,-1.29913330078125,0.25201416015625,0.27838134765625
1773063161539190016,72.99461388587952,-0.7475128173828125,-0.0087890625,0.210968017578125
1773063161549245952,73.00466990470886,-0.58673095703125,0.0678558349609375,0.0309600830078125
1773063161559302144,73.01472592353821,-0.9217376708984375,-0.1217041015625,0.1149749755859375
1773063161569357056,73.02478098869324,-1.03076171875,0.1730194091796875,0.253997802734375
1773063161579413248,73.03483700752258,-1.018646240234375,0.24237060546875,0.4274139404296875
1773063161589469184,73.04489302635193,-0.886932373046875,0.2673797607421875,0.1863555908203125
1773063161599524096,73.05494785308838,-0.8343963623046875,0.056640625,0.0468902587890625
1773063161609580032,73.06500387191772,-0.926025390625,-0.02337646484375,0.0094451904296875
1773063161619635968,73.07505989074707,-1.087005615234375,0.18524169921875,0.298492431640625
1773063161629691136,73.0851149559021,-1.1544036865234375,0.2698211669921875,0.5052337646484375
1773063161639747072,73.09517097473145,-1.06158447265625,0.2418365478515625,0.2961883544921875
1773063161649802240,73.10522603988647,-0.9986114501953125,0.15301513671875,0.032073974609375
1773063161659858176,73.11528205871582,-1.0229949951171875,0.1212310791015625,-0.048309326171875
1773063161669914112,73.12533783912659,-1.059234619140625,0.17108154296875,0.1221771240234375
1773063161679969024,73.13539290428162,-0.9985504150390625,0.2186279296875,0.2746124267578125
1773063161690025216,73.14544892311096,-0.96673583984375,0.204345703125,0.2484588623046875
1773063161700081152,73.15550494194031,-1.040863037109375,0.075927734375,0.07183837890625
1773063161710136064,73.16556000709534,-1.0615997314453125,0.084228515625,0.0228118896484375
1773063161720192256,73.17561602592468,-1.0726776123046875,0.1912994384765625,0.2392730712890625
1773063161730248192,73.18567204475403,-1.03460693359375,0.234954833984375,0.3767852783203125
1773063161740303104,73.19572687149048,-0.96661376953125,0.2048187255859375,0.328582763671875
1773063161750359040,73.20578289031982,-0.950531005859375,0.1560211181640625,0.142059326171875
1773063161760414976,73.21583890914917,-0.7362518310546875,0.714019775390625,1.5260772705078125
1773063161770470144,73.2258939743042,-0.836822509765625,0.5931854248046875,-0.65655517578125
1773063161780526080,73.23594999313354,-1.1620330810546875,-1.25616455078125,-0.785552978515625
1773063161790582272,73.24600601196289,-1.0788421630859375,1.486907958984375,1.94830322265625
1773063161800636928,73.25606083869934,-1.0533294677734375,0.44866943359375,0.9188079833984375
1773063161810693120,73.26611685752869,-0.68719482421875,-0.24176025390625,-0.5393524169921875
1773063161820749056,73.27617287635803,-0.7500762939453125,-0.4307098388671875,-0.655364990234375
1773063161830804224,73.28622794151306,-1.075042724609375,0.2032318115234375,-0.1085968017578125
1773063161840860160,73.29628396034241,-1.1908111572265625,0.3456878662109375,0.9296112060546875
1773063161850916096,73.30633997917175,-0.8320465087890625,0.5945281982421875,0.9025726318359375
1773063161860971264,73.31639504432678,-0.67138671875,-0.003631591796875,0.0338287353515625
1773063161871026944,73.32645082473755,-0.808685302734375,-0.2844085693359375,-0.701080322265625
1773063161881083136,73.3365068435669,-1.0081024169921875,0.0163421630859375,-0.054443359375
1773063161891138048,73.34656190872192,-1.0849456787109375,0.3976898193359375,0.783782958984375
1773063161901193984,73.35661792755127,-0.9712371826171875,0.5062255859375,0.9481658935546875
1773063161911249152,73.3666729927063,-0.80010986328125,0.15838623046875,0.1905975341796875
1773063161921305088,73.37672901153564,-0.8458404541015625,-0.1932373046875,-0.4835052490234375
1773063161931361280,73.38678503036499,-1.0233306884765625,-0.0285186767578125,-0.10455322265625
1773063161941415936,73.39683985710144,-1.112030029296875,0.319610595703125,0.64599609375
1773063161951472128,73.40689587593079,-0.9975128173828125,0.40386962890625,0.87359619140625
1773063161961528064,73.41695189476013,-0.8536224365234375,0.2130279541015625,0.2523040771484375
1773063161971583232,73.42700695991516,-0.91229248046875,-0.154266357421875,-0.4659881591796875
1773063161981639168,73.4370629787445,-1.0374298095703125,-0.1059112548828125,-0.295989990234375
1773063161991695104,73.44711899757385,-1.057373046875,0.1687469482421875,0.4476470947265625
1773063162001750016,73.4571738243103,-0.9896392822265625,0.357269287109375,0.8359832763671875
1773063162011805952,73.46722984313965,-0.89654541015625,0.2488861083984375,0.3540802001953125
1773063162021862144,73.477285861969,-0.933685302734375,-0.07781982421875,-0.3297576904296875
1773063162031917056,73.48734092712402,-0.9907989501953125,-0.0361328125,0.1529388427734375
1773063162041972992,73.49739694595337,-1.024810791015625,0.489227294921875,0.6743316650390625
1773063162052029184,73.50745296478271,-1.0297393798828125,0.18145751953125,0.72979736328125
1773063162062084096,73.51750802993774,-0.864410400390625,0.2530517578125,0.3441619873046875
1773063162072140288,73.52756404876709,-0.923065185546875,-0.10223388671875,0.0454559326171875
1773063162082195968,73.53761982917786,-1.01434326171875,0.00372314453125,-0.2215118408203125
1773063162092251136,73.54767489433289,-1.1011810302734375,-0.02154541015625,0.2467803955078125
1773063162102307072,73.55773091316223,-1.059661865234375,0.4453277587890625,0.576904296875
1773063162112363008,73.56778693199158,-1.103912353515625,0.214874267578125,0.1158447265625
1773063162122418176,73.5778419971466,-0.9125823974609375,0.28228759765625,0.3383026123046875
1773063162132474112,73.58789801597595,-0.7341461181640625,0.059234619140625,0.049713134765625
1773063162142529024,73.5979528427124,-0.99951171875,-0.2719268798828125,-0.2262115478515625
1773063162152584960,73.60800886154175,-1.1665191650390625,0.308563232421875,0.4104766845703125
1773063162162641152,73.6180648803711,-0.9259185791015625,0.3421783447265625,0.5629119873046875
1773063162172696064,73.62811994552612,-0.66107177734375,0.010284423828125,0.28839111328125
1773063162182752256,73.63817596435547,-0.788421630859375,-0.0975799560546875,-0.0602264404296875
1773063162192808192,73.64823198318481,-1.094512939453125,0.0419769287109375,-0.01971435546875
1773063162202863104,73.65828704833984,-1.1150360107421875,0.1873626708984375,0.2850189208984375
1773063162212919040,73.66834282875061,-0.91131591796875,0.281768798828125,0.53424072265625
1773063162222974976,73.67839884757996,-0.75506591796875,0.0718536376953125,0.28472900390625
1773063162233030144,73.68845391273499,-0.783477783203125,-0.017791748046875,-0.0329742431640625
1773063162243086080,73.69850993156433,-0.979156494140625,-0.0047760009765625,-0.015045166015625
1773063162253142016,73.70856595039368,-1.0904541015625,0.2495574951171875,0.3331146240234375
1773063162263197184,73.7186210155487,-1.025360107421875,0.35430908203125,0.536163330078125
1773063162273253120,73.72867703437805,-0.8744659423828125,0.188995361328125,0.30126953125
1773063162283309312,73.7387330532074,-0.8410491943359375,0.0318450927734375,-0.0005950927734375
1773063162293363968,73.74878787994385,-0.9774017333984375,0.012603759765625,-0.0432891845703125
1773063162303420160,73.7588438987732,-1.0863037109375,0.13427734375,0.1905364990234375
1773063162313476096,73.76889991760254,-0.9703216552734375,0.212554931640625,0.4919586181640625
1773063162323531264,73.77895498275757,-0.81329345703125,0.2997283935546875,0.5605621337890625
1773063162333587200,73.78901100158691,-0.964111328125,0.1151275634765625,0.1079559326171875
1773063162343643136,73.79906702041626,-1.0623016357421875,0.1208038330078125,-0.0579681396484375
1773063162353698048,73.80912184715271,-0.973663330078125,0.0946197509765625,0.2056121826171875
1773063162363753984,73.81917786598206,-1.0472412109375,0.354888916015625,0.5272064208984375
1773063162373809152,73.82923293113708,-1.001129150390625,0.2161407470703125,0.2978363037109375
1773063162383865088,73.83928894996643,-0.89642333984375,0.1314849853515625,0.0619659423828125
1773063162393921024,73.84934496879578,-1.0080718994140625,0.0107421875,0.030792236328125
1773063162403976192,73.8594000339508,-1.11376953125,0.2096710205078125,0.3356170654296875
1773063162414032128,73.86945605278015,-1.02093505859375,0.341217041015625,0.613983154296875
1773063162424088064,73.87951183319092,-0.8874359130859375,0.1546173095703125,0.3197784423828125
1773063162434142976,73.88956689834595,-0.909423828125,0.0636138916015625,0.0062713623046875
1773063162444199168,73.8996229171753,-0.955047607421875,0.0099334716796875,0.013153076171875
1773063162454255104,73.90967893600464,-1.0826873779296875,0.5291595458984375,0.9981689453125
1773063162464310272,73.91973400115967,-0.9615631103515625,0.233978271484375,-0.069915771484375
1773063162474366208,73.92979001998901,-0.5141143798828125,-0.9084625244140625,-0.768310546875
1773063162484422144,73.93984603881836,-0.749755859375,0.796844482421875,1.0807342529296875
1773063162494477056,73.94990086555481,-1.3560943603515625,0.4222564697265625,0.6250762939453125
1773063162504532992,73.95995688438416,-0.9397125244140625,-0.207000732421875,-0.1564483642578125
1773063162514589184,73.9700129032135,-0.5902862548828125,-0.0474395751953125,0.065887451171875
1773063162524644096,73.98006796836853,-1.017578125,0.2870330810546875,0.267791748046875
1773063162534700032,73.99012398719788,-1.1585540771484375,0.0847320556640625,0.4364013671875
1773063162544756224,74.00018000602722,-0.7492523193359375,0.10235595703125,0.407806396484375
1773063162554810880,74.01023483276367,-0.7067108154296875,-0.0487823486328125,0.14166259765625
1773063162564867072,74.02029085159302,-0.913604736328125,-0.00872802734375,-0.0467529296875
1773063162574923008,74.03034687042236,-0.9747467041015625,0.1837005615234375,0.3031768798828125
1773063162584978176,74.04040193557739,-0.9580841064453125,0.256439208984375,0.35992431640625
1773063162595034112,74.05045795440674,-0.9482269287109375,0.0095672607421875,0.208404541015625
1773063162605089280,74.06051301956177,-0.8620147705078125,0.1414642333984375,0.31005859375
1773063162615145216,74.07056903839111,-0.8671112060546875,-0.0520172119140625,0.0845947265625
1773063162625201152,74.08062505722046,-0.983978271484375,0.041900634765625,0.1316680908203125
1773063162635256064,74.09067988395691,-0.980560302734375,0.189300537109375,0.2686309814453125
1773063162645312000,74.10073590278625,-1.0279693603515625,0.3890533447265625,0.3707427978515625
1773063162655368192,74.1107919216156,-0.9156341552734375,-0.0332183837890625,0.182464599609375
1773063162665423104,74.12084698677063,-0.9780731201171875,0.2381591796875,0.3075103759765625
1773063162675479296,74.13090300559998,-1.2528228759765625,0.100067138671875,0.2902069091796875
1773063162685535232,74.14095902442932,-0.965972900390625,0.25,0.2540740966796875
1773063162695590144,74.15101385116577,-0.753662109375,-0.0496368408203125,0.1955413818359375
1773063162705646080,74.16106986999512,-0.8588409423828125,0.0537872314453125,0.10406494140625
1773063162715702016,74.17112588882446,-1.0984039306640625,0.101043701171875,0.1910247802734375
1773063162725757184,74.18118095397949,-1.0709991455078125,0.2506866455078125,0.339111328125
1773063162735813120,74.19123697280884,-0.8997802734375,0.1159515380859375,0.2195587158203125
1773063162745869056,74.20129299163818,-0.93817138671875,0.1267547607421875,0.1318817138671875
1773063162755924224,74.21134805679321,-1.0014801025390625,0.1856231689453125,0.129058837890625
1773063162765979904,74.22140383720398,-0.943603515625,0.1436614990234375,0.231201171875
1773063162776036096,74.23145985603333,-0.928375244140625,0.1371917724609375,0.29632568359375
1773063162786091008,74.24151492118835,-0.8910675048828125,0.1342010498046875,0.215240478515625
1773063162796147200,74.2515709400177,-0.8602142333984375,0.117401123046875,0.2038726806640625
1773063162806202112,74.26162600517273,-0.892608642578125,0.1241912841796875,0.20172119140625
1773063162816258304,74.27168202400208,-1.0248870849609375,0.271636962890625,0.3277587890625
1773063162826314240,74.28173804283142,-1.069549560546875,0.3614654541015625,0.385101318359375
1773063162836369152,74.29179286956787,-0.977813720703125,0.249847412109375,0.2640228271484375
1773063162846425088,74.30184888839722,-0.830047607421875,0.1398468017578125,0.1349639892578125
1773063162856481024,74.31190490722656,-0.79168701171875,0.1611480712890625,0.140350341796875
1773063162866536192,74.32195997238159,-0.8932952880859375,0.160186767578125,0.2540130615234375
1773063162876592128,74.33201599121094,-0.9439544677734375,0.20111083984375,0.3177032470703125
1773063162886648064,74.34207201004028,-0.9361114501953125,0.1792144775390625,0.2616729736328125
1773063162896702976,74.35212683677673,-0.9335479736328125,0.206573486328125,0.2232666015625
1773063162906758912,74.36218285560608,-0.8826751708984375,0.5357208251953125,0.8585357666015625
1773063162916815104,74.37223887443542,-0.7900238037109375,0.43743896484375,0.2740936279296875
1773063162926870016,74.38229393959045,-0.9575347900390625,0.2196807861328125,0.508087158203125
1773063162936926208,74.3923499584198,-1.08984375,0.2364044189453125,0.1725311279296875
1773063162946982144,74.40240597724915,-0.8333740234375,0.2183990478515625,0.708740234375
1773063162957037312,74.41246104240417,-0.773956298828125,0.267578125,0.249176025390625
1773063162967092992,74.42251682281494,-1.0647735595703125,0.1151580810546875,0.1444244384765625
1773063162977148928,74.43257284164429,-1.0986175537109375,0.21502685546875,0.0658416748046875
1773063162987204096,74.44262790679932,-1.0678863525390625,0.270660400390625,0.46343994140625
1773063162997260032,74.45268392562866,-0.918121337890625,0.21978759765625,0.45611572265625
1773063163007316224,74.46273994445801,-0.874664306640625,0.2492828369140625,0.2816925048828125
1773063163017371136,74.47279500961304,-0.810638427734375,0.0251007080078125,-0.0922393798828125
1773063163027427072,74.48285102844238,-1.18328857421875,0.136871337890625,-0.240631103515625
1773063163037481984,74.49290585517883,-1.66888427734375,0.4190826416015625,0.4910888671875
1773063163047537920,74.50296187400818,-1.4111328125,0.526336669921875,0.947967529296875
1773063163057594112,74.51301789283752,-0.8040924072265625,0.1537933349609375,0.4221649169921875
1773063163067649024,74.52307295799255,-0.8231658935546875,0.0355682373046875,0.1460418701171875
1773063163077705216,74.5331289768219,-1.0984039306640625,0.26641845703125,-0.039947509765625
1773063163087761152,74.54318499565125,-0.7920379638671875,0.2165679931640625,0.4004364013671875
1773063163097816320,74.55324006080627,-0.430267333984375,0.048736572265625,0.4017791748046875
1773063163107872000,74.56329584121704,-0.777679443359375,0.1261749267578125,0.5408172607421875
1773063163117927936,74.57335186004639,-1.115234375,0.046478271484375,-0.0060577392578125
1773063163127983104,74.58340692520142,-1.13739013671875,0.2385406494140625,-0.012115478515625
1773063163138039040,74.59346294403076,-0.801239013671875,0.087615966796875,0.1395721435546875
1773063163148095232,74.60351896286011,-0.6994171142578125,0.163970947265625,0.39794921875
1773063163158150144,74.61357402801514,-0.82464599609375,0.05181884765625,0.3913116455078125
1773063163168206336,74.62363004684448,-1.3946533203125,0.048248291015625,0.14178466796875
1773063163178262016,74.63368582725525,-1.2805023193359375,0.2573394775390625,-0.097564697265625
1773063163188317184,74.64374089241028,-0.4863433837890625,-0.1450653076171875,-0.0336456298828125
1773063163198373120,74.65379691123962,-0.8183135986328125,0.1158294677734375,0.4202423095703125
1773063163208429056,74.66385293006897,-1.5601959228515625,0.5627899169921875,0.6522216796875
1773063163218484224,74.673907995224,-1.1086883544921875,0.1890716552734375,0.3302001953125
1773063163228540160,74.68396401405334,-0.4836578369140625,0.0352783203125,0.043975830078125
1773063163238596096,74.69402003288269,-0.95172119140625,0.123291015625,0.316741943359375
1773063163248651008,74.70407485961914,-1.323150634765625,0.3334197998046875,0.1572723388671875
1773063163258706944,74.71413087844849,-0.914642333984375,-0.0059356689453125,0.409881591796875
1773063163268762112,74.72418594360352,-0.6248321533203125,0.1038818359375,0.2101593017578125
1773063163278818048,74.73424196243286,-0.8933258056640625,0.1327667236328125,0.2592010498046875
1773063163288874240,74.7442979812622,-1.220550537109375,0.25592041015625,0.1953887939453125
1773063163298929152,74.75435304641724,-1.122039794921875,0.00872802734375,0.1389617919921875
1773063163308985088,74.764408826828,-0.704803466796875,0.1746978759765625,0.399139404296875
1773063163319041024,74.77446484565735,-0.61920166015625,0.064788818359375,0.318450927734375
1773063163329096192,74.78451991081238,-0.882843017578125,0.0243377685546875,0.1392364501953125
1773063163339152128,74.79457592964172,-1.1513519287109375,0.21026611328125,0.2173004150390625
1773063163349208064,74.80463194847107,-1.2143707275390625,0.231109619140625,0.32861328125
1773063163359263232,74.8146870136261,-0.9472808837890625,0.121368408203125,0.36676025390625
1773063163369319168,74.82474303245544,-0.7422332763671875,0.1475677490234375,0.4659576416015625
1773063163379375104,74.83479905128479,-0.771881103515625,0.21197509765625,0.4041748046875
1773063163389430016,74.84485387802124,-1.02252197265625,0.094329833984375,0.158233642578125
1773063163399485952,74.85490989685059,-1.163604736328125,0.1210174560546875,0.110321044921875
1773063163409542144,74.86496591567993,-1.0880889892578125,0.1964263916015625,0.3143157958984375
1773063163419597568,74.87502145767212,-0.889373779296875,0.194549560546875,0.4185028076171875
1773063163429653760,74.88507747650146,-0.7286834716796875,0.097869873046875,0.3153076171875
1773063163439709696,74.89513349533081,-0.750518798828125,0.0501251220703125,0.16424560546875
1773063163449764608,74.90518856048584,-0.9051513671875,0.1015625,0.1220550537109375
1773063163459820800,74.91524457931519,-1.0168609619140625,0.096160888671875,0.1531524658203125
1773063163469875456,74.92529940605164,-0.9949951171875,0.0948486328125,0.2822265625
1773063163479931648,74.93535542488098,-0.9141082763671875,0.1620025634765625,0.417236328125
1773063163489987584,74.94541144371033,-0.876983642578125,0.1868438720703125,0.36590576171875
1773063163500042752,74.95546650886536,-0.9111175537109375,0.109161376953125,0.198394775390625
1773063163510098688,74.9655225276947,-0.9850006103515625,0.0672454833984375,0.1469879150390625
1773063163520154624,74.97557854652405,-1.0178375244140625,0.1078338623046875,0.255340576171875
1773063163530209792,74.98563361167908,-0.97021484375,0.119781494140625,0.37420654296875
1773063163540265728,74.99568963050842,-0.880706787109375,0.092529296875,0.348175048828125
1773063163550321664,75.00574541091919,-0.84063720703125,0.0461273193359375,0.2431640625
1773063163560376576,75.01580047607422,-0.87518310546875,0.0490875244140625,0.1981048583984375
1773063163570432768,75.02585649490356,-0.9454803466796875,0.0809173583984375,0.240753173828125
1773063163580488704,75.03591251373291,-0.96893310546875,0.09979248046875,0.30548095703125
1773063163590543872,75.04596757888794,-0.91766357421875,0.105499267578125,0.3441925048828125
1773063163600599808,75.05602359771729,-0.863800048828125,0.0974273681640625,0.2991943359375
1773063163610655744,75.06607961654663,-0.8558502197265625,0.0496673583984375,0.2344818115234375
1773063163620710656,75.07613444328308,-0.9093170166015625,0.0281982421875,0.2224884033203125
1773063163630766592,75.08619046211243,-1.004425048828125,0.045440673828125,0.27099609375
1773063163640822528,75.09624648094177,-1.03717041015625,0.06842041015625,0.284393310546875
1773063163650877696,75.1063015460968,-0.9737701416015625,0.0794830322265625,0.27423095703125
1773063163660933632,75.11635756492615,-0.8997344970703125,0.09490966796875,0.257720947265625
1773063163670989824,75.1264135837555,-0.871734619140625,0.1007537841796875,0.298095703125
1773063163681044480,75.13646841049194,-0.921112060546875,0.1144561767578125,0.3621063232421875
1773063163691100672,75.14652442932129,-1.0445709228515625,0.102325439453125,0.391845703125
1773063163701155584,75.15657949447632,-1.103973388671875,0.0985260009765625,0.3679656982421875
1773063163711211776,75.16663551330566,-1.048919677734375,0.0695343017578125,0.3178863525390625
1773063163721267712,75.17669153213501,-0.9426422119140625,0.0275726318359375,0.2771759033203125
1773063163731322880,75.18674659729004,-0.868072509765625,0.035003662109375,0.3003692626953125
1773063163741378816,75.19680261611938,-0.8603363037109375,0.0751800537109375,0.310272216796875
1773063163751434752,75.20685863494873,-0.9503326416015625,0.113555908203125,0.3299407958984375
1773063163761489664,75.21691346168518,-1.006134033203125,0.094573974609375,0.5135955810546875
1773063163771545600,75.22696948051453,-1.027130126953125,0.097076416015625,0.4204864501953125
1773063163781601792,75.23702549934387,-1.0205230712890625,0.05145263671875,0.363433837890625
1773063163791656704,75.2470805644989,-0.98297119140625,0.1038665771484375,0.3827972412109375
1773063163801712640,75.25713658332825,-0.975311279296875,0.0904541015625,0.30914306640625
1773063163811768832,75.26719260215759,-0.9777374267578125,0.0472412109375,0.2253570556640625
1773063163821823488,75.27724742889404,-0.9495697021484375,0.033416748046875,0.183502197265625
1773063163831879680,75.28730344772339,-0.8983154296875,0.05224609375,0.25518798828125
1773063163841935616,75.29735946655273,-0.8996734619140625,0.056365966796875,0.36224365234375
1773063163851990784,75.30741453170776,-0.9653778076171875,0.0488433837890625,0.3555145263671875
1773063163862046720,75.31747055053711,-1.0096588134765625,0.0492706298828125,0.4078521728515625
1773063163872101888,75.32752561569214,-1.028778076171875,0.050445556640625,0.365966796875
1773063163882157824,75.33758163452148,-0.98553466796875,0.0399627685546875,0.289703369140625
1773063163892213504,75.34763741493225,-0.9353790283203125,0.1187896728515625,0.372344970703125
1773063163902268672,75.35769248008728,-0.9824981689453125,0.147216796875,0.360137939453125
1773063163912324608,75.36774849891663,-0.9991455078125,0.088775634765625,0.35614013671875
1773063163922380800,75.37780451774597,-0.984222412109375,0.010772705078125,0.3975067138671875
1773063163932435712,75.387859582901,-0.914276123046875,0.0270538330078125,0.3758544921875
1773063163942491648,75.39791560173035,-0.8748779296875,0.052947998046875,0.3195037841796875
1773063163952547840,75.40797162055969,-0.902313232421875,0.1007232666015625,0.286865234375
1773063163962602496,75.41802644729614,-0.9491424560546875,0.1121826171875,0.2624969482421875
1773063163972658688,75.42808246612549,-0.9556121826171875,0.0504150390625,0.268829345703125
1773063163982714624,75.43813848495483,-0.9209442138671875,0.0083160400390625,0.298095703125
1773063163992769792,75.44819355010986,-0.8867950439453125,0.003326416015625,0.3219757080078125
1773063164002825728,75.45824956893921,-0.8677978515625,0.0663604736328125,0.345306396484375
1773063164012881664,75.46830558776855,-0.8964385986328125,0.06292724609375,0.3424835205078125
1773063164022936576,75.478360414505,-0.9444122314453125,0.0050201416015625,0.3438262939453125
1773063164032992512,75.48841643333435,-0.9577178955078125,-0.0407257080078125,0.323028564453125
1773063164043048704,75.4984724521637,-0.9409637451171875,-0.063751220703125,0.3510894775390625
1773063164053103616,75.50852751731873,-0.9188385009765625,0.028106689453125,0.3527679443359375
1773063164063159808,75.51858353614807,-0.914825439453125,0.0514678955078125,0.311767578125
1773063164073214720,75.5286386013031,-0.9192047119140625,0.0710296630859375,0.292694091796875
1773063164083270912,75.53869462013245,-0.9299163818359375,0.0694122314453125,0.3221282958984375
1773063164093326848,75.54875063896179,-0.943328857421875,0.0618438720703125,0.3658294677734375
1773063164103381760,75.55880546569824,-0.9441375732421875,0.04388427734375,0.33599853515625
1773063164113437696,75.56886148452759,-0.9007110595703125,0.04901123046875,0.300262451171875
1773063164123493632,75.57891750335693,-0.8912506103515625,0.023406982421875,0.2859649658203125
1773063164133548800,75.58897256851196,-0.9256134033203125,-0.0080413818359375,0.2577667236328125
1773063164143604736,75.59902858734131,-0.950286865234375,-0.0466461181640625,0.2578887939453125
1773063164153660672,75.60908460617065,-0.9536590576171875,-0.0529327392578125,0.3590087890625
1773063164163715584,75.6191394329071,-0.961456298828125,0.0283355712890625,0.413330078125
1773063164173771520,75.62919545173645,-0.99224853515625,0.077178955078125,0.407440185546875
1773063164183827712,75.6392514705658,-1.0223846435546875,0.1163482666015625,0.384307861328125
1773063164193882624,75.64930653572083,-1.0371246337890625,0.1078338623046875,0.3526153564453125
1773063164203938816,75.65936255455017,-1.024871826171875,0.0263671875,0.3126068115234375
1773063164213994752,75.66941857337952,-0.96575927734375,-0.0145111083984375,0.2724151611328125
1773063164224049920,75.67947363853455,-0.8730010986328125,-0.02685546875,0.223175048828125
1773063164234105600,75.68952941894531,-0.832977294921875,-0.0457611083984375,0.2169647216796875
1773063164244161536,75.69958543777466,-0.832977294921875,-0.022064208984375,0.3119659423828125
1773063164254216704,75.70964050292969,-0.85894775390625,0.0597076416015625,0.47772216796875
1773063164264272640,75.71969652175903,-0.9000091552734375,0.1419677734375,0.5661468505859375
1773063164274327808,75.72975158691406,-0.9140472412109375,0.20843505859375,0.6175384521484375
1773063164284383744,75.73980760574341,-0.919036865234375,0.1285247802734375,0.49462890625
1773063164294439680,75.74986362457275,-0.907470703125,0.052459716796875,0.3689117431640625
1773063164304494592,75.7599184513092,-0.9519805908203125,-0.0262908935546875,0.3284454345703125
1773063164314550528,75.76997447013855,-0.941741943359375,-0.0603485107421875,0.2848968505859375
1773063164324606720,75.7800304889679,-0.916839599609375,0.01361083984375,0.299530029296875
1773063164334661632,75.79008555412292,-0.946990966796875,0.07244873046875,0.3561859130859375
1773063164344717824,75.80014157295227,-1.0130462646484375,0.0752105712890625,0.4419403076171875
1773063164354773760,75.81019759178162,-1.051025390625,0.07098388671875,0.4995269775390625
1773063164364828672,75.82025241851807,-1.0705718994140625,0.0022125244140625,0.467254638671875
1773063164374884608,75.83030843734741,-1.0668182373046875,-0.051544189453125,0.411468505859375
1773063164384940544,75.84036445617676,-1.0164947509765625,-0.0225982666015625,0.402587890625
1773063164394995712,75.85041952133179,-0.9428558349609375,0.032928466796875,0.35906982421875
1773063164405051648,75.86047554016113,-0.855010986328125,0.0679168701171875,0.3247833251953125
1773063164415107840,75.87053155899048,-0.8411865234375,0.0669097900390625,0.354522705078125
1773063164425161728,75.88058567047119,-0.8902130126953125,0.03033447265625,0.37066650390625
1773063164435217920,75.89064168930054,-0.9024200439453125,0.0052032470703125,0.377899169921875
1773063164445273856,75.90069770812988,-0.8729095458984375,0.017547607421875,0.4161224365234375
1773063164455328768,75.91075253486633,-0.87774658203125,0.075958251953125,0.465911865234375
1773063164465384704,75.92080855369568,-0.9446258544921875,0.1224365234375,0.4330596923828125
1773063164475439872,75.93086361885071,-1.0196533203125,0.1154327392578125,0.4189300537109375
1773063164485495808,75.94091963768005,-1.0196990966796875,0.039093017578125,0.4302825927734375
1773063164495551744,75.9509756565094,-0.948455810546875,3.0517578125e-05,0.381988525390625
1773063164505606912,75.96103072166443,-0.8921661376953125,0.0131988525390625,0.3266448974609375
1773063164515662848,75.97108674049377,-0.87689208984375,0.0691986083984375,0.31365966796875
1773063164525719040,75.98114275932312,-0.9468536376953125,0.0731964111328125,0.311614990234375
1773063164535773696,75.99119758605957,-1.0147552490234375,0.0195159912109375,0.37646484375
1773063164545829888,76.00125360488892,-0.967987060546875,0.02069091796875,0.45941162109375
1773063164555885824,76.01130962371826,-0.9034271240234375,0.0191650390625,0.46978759765625
1773063164565940736,76.02136468887329,-0.881317138671875,0.0306243896484375,0.4035797119140625
1773063164575996928,76.03142070770264,-0.88580322265625,0.0484161376953125,0.328155517578125
1773063164586052864,76.04147672653198,-0.900634765625,0.0614471435546875,0.3042449951171875
1773063164596107776,76.05153155326843,-0.932342529296875,0.0552215576171875,0.2902069091796875
1773063164606163712,76.06158757209778,-0.938720703125,0.0470733642578125,0.298370361328125
1773063164616219648,76.07164359092712,-0.8962860107421875,0.0595550537109375,0.333892822265625
1773063164626274816,76.08169865608215,-0.8617706298828125,0.05401611328125,0.3408660888671875
1773063164636330752,76.0917546749115,-0.8739013671875,0.0126953125,0.31756591796875
1773063164646386944,76.10181069374084,-0.9063262939453125,-0.0196685791015625,0.35821533203125
1773063164656441856,76.11186575889587,-0.9268341064453125,0.0146942138671875,0.423065185546875
1773063164666497792,76.12192153930664,-0.9452667236328125,0.048309326171875,0.415008544921875
1773063164676552704,76.13197660446167,-0.946136474609375,0.0557403564453125,0.3585662841796875
1773063164686608896,76.14203262329102,-0.9252471923828125,0.0426177978515625,0.3554534912109375
1773063164696664832,76.15208864212036,-0.90472412109375,0.0195770263671875,0.381072998046875
1773063164706720000,76.16214370727539,-0.9315185546875,0.0180511474609375,0.3750457763671875
1773063164716775936,76.17219972610474,-0.9727783203125,0.0357666015625,0.349609375
1773063164726831872,76.18225574493408,-0.9649505615234375,0.057464599609375,0.3338470458984375
1773063164736886784,76.19231057167053,-0.9221038818359375,0.0554962158203125,0.3206024169921875
1773063164746942720,76.20236659049988,-0.9043121337890625,0.0444488525390625,0.340301513671875
1773063164756998656,76.21242260932922,-0.931060791015625,0.041259765625,0.385009765625
1773063164767053824,76.22247767448425,-0.9645843505859375,0.029876708984375,0.397918701171875
1773063164777109760,76.2325336933136,-0.9600677490234375,0.0171966552734375,0.3874969482421875
1773063164787165952,76.24258971214294,-0.930572509765625,0.018341064453125,0.36859130859375
1773063164797220608,76.2526445388794,-0.9178009033203125,0.03363037109375,0.344268798828125
1773063164807276800,76.26270055770874,-0.9249267578125,0.048736572265625,0.32550048828125
1773063164817332736,76.27275657653809,-0.9426116943359375,0.0460357666015625,0.3089752197265625
1773063164827387904,76.28281164169312,-0.9476318359375,0.03936767578125,0.3070831298828125
1773063164837443840,76.29286766052246,-0.913818359375,0.0319671630859375,0.3267669677734375
1773063164847499008,76.30292272567749,-0.8806915283203125,0.012359619140625,0.3656463623046875
1773063164857554944,76.31297874450684,-0.8927154541015625,0.0037078857421875,0.3766021728515625
1773063164867610880,76.32303476333618,-0.9434967041015625,0.0187225341796875,0.3388824462890625
1773063164877665792,76.33308959007263,-0.96923828125,0.056671142578125,0.3271484375
1773063164887721728,76.34314560890198,-0.952850341796875,0.08013916015625,0.3272552490234375
1773063164897777920,76.35320162773132,-0.9253692626953125,0.047149658203125,0.32916259765625
1773063164907832832,76.36325669288635,-0.91400146484375,0.0181732177734375,0.3488616943359375
1773063164917888768,76.3733127117157,-0.9442901611328125,0.01470947265625,0.3746185302734375
1773063164927944960,76.38336873054504,-0.98492431640625,0.0232086181640625,0.3693389892578125
1773063164937999616,76.3934235572815,-0.9790191650390625,0.0409088134765625,0.348876953125
1773063164948055808,76.40347957611084,-0.9378204345703125,0.050079345703125,0.349090576171875
1773063164958111744,76.41353559494019,-0.897552490234375,0.035491943359375,0.366302490234375
1773063164968166912,76.42359066009521,-0.8792724609375,-0.0007476806640625,0.37860107421875
1773063164978222848,76.43364667892456,-0.9044189453125,-0.01727294921875,0.3788299560546875
1773063164988278784,76.4437026977539,-0.9520263671875,0.0034332275390625,0.3717803955078125
1773063164998333952,76.45375776290894,-0.9785919189453125,0.040618896484375,0.3464508056640625
1773063165008389632,76.4638135433197,-0.9605560302734375,0.0637664794921875,0.3218841552734375
1773063165018444800,76.47386860847473,-0.918853759765625,0.0716094970703125,0.3293914794921875
1773063165028500736,76.48392462730408,-0.9104461669921875,0.067718505859375,0.3458404541015625
1773063165038556928,76.49398064613342,-0.938568115234375,0.0449676513671875,0.3502655029296875
1773063165048611840,76.50403571128845,-0.95782470703125,0.0192718505859375,0.3701324462890625
1773063165058667776,76.5140917301178,-0.94482421875,0.0152587890625,0.3769073486328125
1773063165068723968,76.52414774894714,-0.927154541015625,0.011444091796875,0.3669281005859375
1773063165078778624,76.5342025756836,-0.9155731201171875,0.023895263671875,0.3537750244140625
1773063165088834816,76.54425859451294,-0.9237823486328125,0.0357513427734375,0.3357391357421875
1773063165098890752,76.55431461334229,-0.949920654296875,0.0280609130859375,0.3280029296875
1773063165108945920,76.56436967849731,-0.9691314697265625,0.03607177734375,0.338775634765625
1773063165119001856,76.57442569732666,-0.95635986328125,0.037872314453125,0.3515472412109375
1773063165129057792,76.584481716156,-0.9321746826171875,0.033721923828125,0.3477020263671875
1773063165139112704,76.59453654289246,-0.9217681884765625,0.0298004150390625,0.3354644775390625
1773063165149168640,76.6045925617218,-0.927886962890625,0.024078369140625,0.322418212890625
1773063165159224832,76.61464858055115,-0.93634033203125,0.0247802734375,0.315032958984375
1773063165169279744,76.62470364570618,-0.939849853515625,0.0191497802734375,0.3270263671875
1773063165179335936,76.63475966453552,-0.930267333984375,0.0150299072265625,0.321929931640625
1773063165189390848,76.64481472969055,-0.9185638427734375,0.017303466796875,0.304290771484375
1773063165199447040,76.6548707485199,-0.9248504638671875,0.013153076171875,0.3083038330078125
1773063165209502976,76.66492676734924,-0.9440460205078125,0.0176544189453125,0.313873291015625
1773063165219557888,76.6749815940857,-0.96990966796875,0.0208892822265625,0.3009490966796875
1773063165229613824,76.68503761291504,-0.9720306396484375,0.0281982421875,0.296661376953125
1773063165239669760,76.69509363174438,-0.9460296630859375,0.035888671875,0.303192138671875
1773063165249724928,76.70514869689941,-0.91973876953125,0.0343780517578125,0.309844970703125
1773063165259780864,76.71520471572876,-0.912109375,0.029266357421875,0.315216064453125
1773063165269836800,76.7252607345581,-0.9343109130859375,0.0419769287109375,0.3045501708984375
1773063165279891712,76.73531556129456,-0.9489898681640625,0.034454345703125,0.2878265380859375
1773063165289947648,76.7453715801239,-0.9282379150390625,0.017181396484375,0.3041839599609375
1773063165300003840,76.75542759895325,-0.9326171875,0.033294677734375,0.3211822509765625
1773063165310058752,76.76548266410828,-0.9552154541015625,0.0331573486328125,0.3076629638671875
1773063165320114944,76.77553868293762,-0.9422607421875,0.0289459228515625,0.3529510498046875
1773063165330170880,76.78559470176697,-0.9488983154296875,0.024139404296875,0.3682403564453125
1773063165340226048,76.795649766922,-1.0039825439453125,-0.01104736328125,0.2350311279296875
1773063165350281728,76.80570554733276,-0.995758056640625,0.0049896240234375,0.143829345703125
1773063165360337664,76.81576156616211,-0.94537353515625,0.056060791015625,0.1522369384765625
1773063165370392832,76.82581663131714,-0.9259796142578125,0.04791259765625,0.1783599853515625
1773063165380448768,76.83587265014648,-0.9333953857421875,0.012237548828125,0.2640838623046875
1773063165390503936,76.84592771530151,-0.9972991943359375,-0.005615234375,0.3311767578125
1773063165400559872,76.85598373413086,-1.0796356201171875,0.029449462890625,0.31671142578125
1773063165410615808,76.8660397529602,-1.072509765625,0.057037353515625,0.26495361328125
1773063165420670720,76.87609457969666,-1.051025390625,0.0311737060546875,0.1887664794921875
1773063165430726656,76.886150598526,-1.0253753662109375,-0.0227508544921875,0.1496429443359375
1773063165440782848,76.89620661735535,-0.9720458984375,-0.032684326171875,0.227813720703125
1773063165450837760,76.90626168251038,-0.9585723876953125,0.0053558349609375,0.3253631591796875
1773063165460893952,76.91631770133972,-0.996337890625,0.0612335205078125,0.3426513671875
1773063165470949888,76.92637372016907,-1.0279541015625,0.0928955078125,0.3502044677734375
1773063165481004800,76.93642854690552,-1.0260009765625,0.133575439453125,0.3778839111328125
1773063165491060736,76.94648456573486,-1.0277862548828125,0.162567138671875,0.3823394775390625
1773063165501116672,76.95654058456421,-1.07061767578125,0.0900421142578125,0.414520263671875
1773063165511171840,76.96659564971924,-1.0343780517578125,0.086822509765625,0.3464202880859375
1773063165521227776,76.97665166854858,-0.927276611328125,-0.0129241943359375,0.2350006103515625
1773063165531283968,76.98670768737793,-0.80157470703125,0.0153350830078125,0.2510223388671875
1773063165541338880,76.99676275253296,-0.83843994140625,0.0547027587890625,0.213958740234375
1773063165551394816,77.00681853294373,-0.9876556396484375,0.162353515625,0.228363037109375
1773063165561449728,77.01687359809875,-1.1145172119140625,0.165435791015625,0.342193603515625
1773063165571505664,77.0269296169281,-1.0667724609375,0.1446990966796875,0.3911895751953125
1773063165581561856,77.03698563575745,-0.965911865234375,0.2183380126953125,0.3109130859375
1773063165591616768,77.04704070091248,-0.9447479248046875,0.1143646240234375,0.201690673828125
1773063165601672960,77.05709671974182,-0.95550537109375,0.0199127197265625,0.1826171875
1773063165611728896,77.06715273857117,-1.031280517578125,-0.0804443359375,0.2005615234375
1773063165621783808,77.07720756530762,-1.0326080322265625,-0.0760955810546875,0.1220703125
1773063165631839744,77.08726358413696,-0.9423675537109375,0.1644134521484375,0.122894287109375
1773063165641895680,77.09731960296631,-0.8996429443359375,0.221893310546875,0.04156494140625
1773063165651950848,77.10737466812134,-0.8815155029296875,0.1049957275390625,-0.0204620361328125
1773063165662006784,77.11743068695068,-0.865478515625,0.0439910888671875,0.1148223876953125
1773063165672062976,77.12748670578003,-0.95306396484375,-0.0224761962890625,0.3152008056640625
1773063165682117632,77.13754153251648,-1.1020355224609375,-0.047393798828125,0.30694580078125
1773063165692173824,77.14759755134583,-1.101654052734375,0.1148223876953125,0.26654052734375
1773063165702229760,77.15765357017517,-0.9779815673828125,0.3109283447265625,0.3199310302734375
1773063165712284928,77.1677086353302,-0.9246978759765625,0.274444580078125,0.22137451171875
1773063165722340864,77.17776465415955,-0.8822174072265625,0.2902069091796875,-0.052978515625
1773063165732395776,77.18781971931458,-0.8241119384765625,0.188018798828125,-0.0178375244140625
1773063165742451968,77.19787573814392,-0.8637542724609375,0.0080413818359375,0.3024139404296875
1773063165752507904,77.20793175697327,-1.0400238037109375,-0.1378936767578125,0.3016204833984375
1773063165762562816,77.21798658370972,-1.0684967041015625,0.100677490234375,0.394012451171875
1773063165772618752,77.22804260253906,-1.091064453125,0.2582855224609375,0.413909912109375
1773063165782674688,77.23809862136841,-1.1420135498046875,0.4531402587890625,0.2228546142578125
1773063165792729856,77.24815368652344,-1.0957794189453125,0.4930267333984375,0.133331298828125
1773063165802785792,77.25820970535278,-1.06121826171875,0.233184814453125,0.0887298583984375
1773063165812841984,77.26826572418213,-1.015167236328125,-0.058135986328125,-0.0589447021484375
1773063165822896640,77.27832055091858,-0.912811279296875,-0.052398681640625,0.1103057861328125
1773063165832952832,77.28837656974792,-1.0750732421875,-0.022003173828125,0.23651123046875
1773063165843008768,77.29843258857727,-1.2832183837890625,0.2192840576171875,0.2139434814453125
1773063165853063936,77.3084876537323,-1.3065185546875,0.3374481201171875,0.1700592041015625
1773063165863119872,77.31854367256165,-1.1259002685546875,0.221893310546875,0.0070343017578125
1773063165873174784,77.32859873771667,-0.9551544189453125,0.168487548828125,0.00823974609375
1773063165883230976,77.33865475654602,-0.9786376953125,0.201507568359375,0.21539306640625
1773063165893286656,77.34871053695679,-1.112823486328125,0.1237030029296875,0.3227081298828125
1773063165903341824,77.35876560211182,-1.116485595703125,0.155029296875,0.4467620849609375
1773063165913397760,77.36882162094116,-1.1234588623046875,0.3540496826171875,0.5040130615234375
1773063165923453696,77.37887763977051,-1.1759185791015625,0.3699798583984375,0.34490966796875
1773063165933508864,77.38893270492554,-1.0371551513671875,0.2852325439453125,0.281341552734375
1773063165943564800,77.39898872375488,-0.946136474609375,0.2211456298828125,0.193267822265625
1773063165953620992,77.40904474258423,-0.9470062255859375,0.189697265625,0.1903533935546875
1773063165963675648,77.41909956932068,-1.0159454345703125,0.183868408203125,0.2899932861328125
1773063165973731840,77.42915558815002,-1.068450927734375,0.1259765625,0.21826171875
1773063165983787776,77.43921160697937,-0.9966583251953125,0.0462188720703125,0.139129638671875
1773063165993842944,77.4492666721344,-0.91497802734375,0.22869873046875,0.04132080078125
1773063166003898880,77.45932269096375,-0.9084625244140625,0.2158355712890625,-0.015625
1773063166013954816,77.46937870979309,-0.8662261962890625,0.109588623046875,0.0165252685546875
1773063166024009728,77.47943353652954,-0.8648834228515625,0.028594970703125,0.0055084228515625
1773063166034065664,77.48948955535889,-0.8619842529296875,0.08355712890625,0.0878143310546875
1773063166044120832,77.49954462051392,-0.899688720703125,0.14453125,0.0755615234375
1773063166054176768,77.50960063934326,-0.86187744140625,0.174468994140625,0.0517578125
1773063166064232704,77.51965665817261,-0.8254547119140625,0.2784423828125,0.2126922607421875
1773063166074287872,77.52971172332764,-0.9165496826171875,0.39959716796875,0.36029052734375
1773063166084343808,77.53976774215698,-0.98876953125,0.3267974853515625,0.344512939453125
1773063166094400000,77.54982376098633,-0.868560791015625,0.17425537109375,0.2020111083984375
1773063166104454656,77.55987858772278,-0.749542236328125,0.1688690185546875,0.104827880859375
1773063166114510848,77.56993460655212,-0.775482177734375,0.2182769775390625,0.1033477783203125
1773063166124566784,77.57999062538147,-0.85235595703125,0.1739959716796875,0.0663909912109375
1773063166134621952,77.5900456905365,-0.8662872314453125,0.0532684326171875,-0.021087646484375
1773063166144677888,77.60010170936584,-0.8467864990234375,-0.0335235595703125,-0.04296875
1773063166154733824,77.61015772819519,-0.8266448974609375,-0.011260986328125,-0.017669677734375
1773063166164788736,77.62021255493164,-0.8127899169921875,0.0973663330078125,0.0140228271484375
1773063166174844672,77.63026857376099,-0.8149566650390625,0.2396697998046875,0.0491485595703125
1773063166184900864,77.64032459259033,-0.8734893798828125,0.28436279296875,0.0393829345703125
1773063166194955776,77.65037965774536,-0.9477691650390625,0.235626220703125,0.0416107177734375
1773063166205011968,77.6604356765747,-0.9749908447265625,0.130523681640625,0.0167236328125
1773063166215066880,77.67049074172974,-0.91595458984375,0.140167236328125,-0.00787353515625
1773063166225122816,77.68054676055908,-0.894683837890625,0.083587646484375,-0.001556396484375
1773063166235178752,77.69060254096985,-0.907989501953125,-0.013641357421875,0.01214599609375
1773063166245233664,77.70065760612488,-0.91387939453125,0.0652313232421875,-0.00482177734375
1773063166255289856,77.71071362495422,-0.8986053466796875,0.1979827880859375,-0.07379150390625
1773063166265345792,77.72076964378357,-0.928131103515625,0.25421142578125,-0.071319580078125
1773063166275400960,77.7308247089386,-1.0163726806640625,0.166473388671875,-0.0409698486328125
1773063166285456896,77.74088072776794,-1.0133514404296875,0.09088134765625,-0.02593994140625
1773063166295512832,77.75093674659729,-0.952362060546875,0.1082000732421875,0.017913818359375
1773063166305567744,77.76099157333374,-0.9334869384765625,0.2283172607421875,0.0609130859375
1773063166315623680,77.77104759216309,-1.0414886474609375,0.2904205322265625,0.06036376953125
1773063166325679872,77.78110361099243,-1.1168670654296875,0.16973876953125,-4.57763671875e-05
1773063166335734784,77.79115867614746,-1.082244873046875,0.0569915771484375,-0.15594482421875
1773063166345790976,77.8012146949768,-1.020355224609375,0.0191802978515625,-0.2486724853515625
1773063166355846912,77.81127071380615,-0.9392547607421875,-0.0023345947265625,-0.1937103271484375
1773063166365901824,77.8213255405426,-0.946929931640625,-0.024505615234375,-0.1114959716796875
1773063166375957760,77.83138155937195,-1.013427734375,0.006500244140625,-0.0966339111328125
1773063166386012672,77.84143662452698,-1.033843994140625,0.0875091552734375,-0.11566162109375
1773063166396068864,77.85149264335632,-0.972259521484375,0.1254119873046875,-0.178680419921875
1773063166406124800,77.86154866218567,-0.9209136962890625,0.0976409912109375,-0.2532958984375
1773063166416179968,77.8716037273407,-0.9191436767578125,0.0377197265625,-0.227447509765625
1773063166426236160,77.88165998458862,-0.9527435302734375,-0.0426177978515625,-0.1834564208984375
1773063166436292096,77.89171600341797,-0.9752197265625,0.0774383544921875,-0.058441162109375
1773063166446347008,77.90177083015442,-0.9295501708984375,0.113861083984375,-0.1117401123046875
1773063166456402944,77.91182684898376,-0.9222564697265625,0.0612945556640625,-0.1043243408203125
1773063166466459136,77.92188286781311,-0.88787841796875,0.039276123046875,-0.06939697265625
1773063166476514048,77.93193793296814,-0.8443145751953125,0.0326690673828125,-0.087921142578125
1773063166486570240,77.94199395179749,-0.832611083984375,0.033935546875,-0.1022186279296875
1773063166496626176,77.95204997062683,-0.8156280517578125,0.044708251953125,-0.184356689453125
1773063166506681088,77.96210503578186,-0.8257293701171875,0.0396270751953125,-0.20806884765625
1773063166516737280,77.9721610546112,-0.8091888427734375,0.0527496337890625,-0.143707275390625
1773063166526792960,77.98221683502197,-0.7664947509765625,0.0491180419921875,-0.0449371337890625
1773063166536848128,77.992271900177,-0.7757568359375,0.023895263671875,0.0194091796875
1773063166546904064,78.00232791900635,-0.820587158203125,0.074951171875,-0.0827789306640625
1773063166556959232,78.01238298416138,-0.886474609375,0.08624267578125,-0.1781463623046875
1773063166567015168,78.02243900299072,-0.9449005126953125,0.0404510498046875,-0.092193603515625
1773063166577071104,78.03249502182007,-0.89910888671875,0.11956787109375,-0.04510498046875
1773063166587126016,78.04254984855652,-0.8365631103515625,0.068511962890625,-0.05145263671875
1773063166597181952,78.05260586738586,-0.811676025390625,0.00653076171875,-0.0061798095703125
1773063166607238144,78.06266188621521,-0.7571563720703125,0.04473876953125,0.02374267578125
1773063166617293056,78.07271695137024,-0.7536163330078125,0.11651611328125,0.014892578125
1773063166627349248,78.08277297019958,-0.861419677734375,0.1773223876953125,0.006927490234375
1773063166637405184,78.09282898902893,-0.9867401123046875,0.15167236328125,-0.029998779296875
1773063166647460096,78.10288405418396,-0.9546356201171875,0.1030120849609375,-0.0505828857421875
1773063166657516032,78.11293983459473,-0.8187255859375,0.047943115234375,-0.09613037109375
1773063166667571968,78.12299585342407,-0.721771240234375,-0.0555877685546875,-0.06060791015625
1773063166677627136,78.1330509185791,-0.766204833984375,-0.0611572265625,0.160247802734375
1773063166687683072,78.14310693740845,-1.018890380859375,0.0371246337890625,0.22705078125
1773063166697738240,78.15316200256348,-1.1974639892578125,0.119781494140625,0.06036376953125
1773063166707794176,78.16321802139282,-0.995086669921875,0.030517578125,0.0692138671875
1773063166717850112,78.17327404022217,-0.756622314453125,0.022918701171875,0.1088409423828125
1773063166727905024,78.18332886695862,-0.7147064208984375,-0.0191802978515625,0.0695343017578125
1773063166737960960,78.19338488578796,-0.7807464599609375,-0.0754241943359375,0.0644683837890625
1773063166748017152,78.20344090461731,-0.88385009765625,-0.0230255126953125,0.2565460205078125
1773063166758072064,78.21349596977234,-1.0362091064453125,0.09796142578125,0.3563995361328125
1773063166768128256,78.22355198860168,-1.1440887451171875,0.137725830078125,0.2280426025390625
1773063166778184192,78.23360800743103,-1.0974578857421875,0.1072845458984375,0.205810546875
1773063166788239104,78.24366283416748,-0.9894256591796875,0.0848541259765625,0.2252197265625
1773063166798295040,78.25371885299683,-0.8868560791015625,0.02215576171875,0.1103668212890625
1773063166808350976,78.26377487182617,-0.758575439453125,0.05133056640625,0.108673095703125
1773063166818406144,78.2738299369812,-0.779815673828125,0.087158203125,0.1915740966796875
1773063166828462080,78.28388595581055,-0.9557952880859375,-0.033935546875,0.1732025146484375
1773063166838518016,78.29394197463989,-1.0714263916015625,-0.1511993408203125,0.11932373046875
1773063166848573184,78.30399703979492,-1.0563507080078125,-0.1884002685546875,0.120819091796875
1773063166858629120,78.31405305862427,-0.909393310546875,-0.2198333740234375,0.1728515625
1773063166868684032,78.32410788536072,-0.824859619140625,-0.1351318359375,0.095184326171875
1773063166878739968,78.33416390419006,-0.8133087158203125,0.0023956298828125,0.0420989990234375
1773063166888796160,78.34421992301941,-0.8569183349609375,0.0239715576171875,0.055816650390625
1773063166898851072,78.35427498817444,-0.9497528076171875,-0.0463409423828125,0.2344818115234375
1773063166908907264,78.36433100700378,-1.0872039794921875,-0.085906982421875,0.3967132568359375
1773063166918963200,78.37438702583313,-1.1091766357421875,-0.208587646484375,0.2746734619140625
1773063166929018112,78.38444185256958,-0.9287872314453125,-0.193267822265625,0.2015228271484375
1773063166939074048,78.39449787139893,-0.8582916259765625,-0.0451507568359375,0.1988067626953125
1773063166949129984,78.40455389022827,-0.9266510009765625,-0.025360107421875,0.07958984375
1773063166959185152,78.4146089553833,-0.9467315673828125,-0.0437774658203125,0.0714874267578125
1773063166969241088,78.42466497421265,-0.920745849609375,-0.0797271728515625,0.218048095703125
1773063166979297280,78.43472099304199,-0.9927215576171875,-0.1262359619140625,0.220703125
1773063166989352192,78.44477605819702,-1.051513671875,-0.2025909423828125,0.1619110107421875
1773063166999408128,78.45483183860779,-0.987060546875,-0.20794677734375,0.1855010986328125
1773063167009463040,78.46488690376282,-0.9387969970703125,-0.1043701171875,0.21087646484375
1773063167019518976,78.47494292259216,-0.9444427490234375,-0.0094146728515625,0.158447265625
1773063167029575168,78.48499894142151,-0.971343994140625,0.02264404296875,0.1362152099609375
1773063167039630080,78.49505400657654,-1.0051116943359375,-0.0686798095703125,0.1301422119140625
1773063167049686272,78.50511002540588,-1.01666259765625,-0.203277587890625,0.1901702880859375
1773063167059742208,78.51516604423523,-1.056854248046875,-0.2446746826171875,0.23602294921875
1773063167069797120,78.52522087097168,-1.0341796875,-0.2556610107421875,0.1557464599609375
1773063167079853056,78.53527688980103,-0.961639404296875,-0.14862060546875,0.1152191162109375
1773063167089908992,78.54533290863037,-0.950897216796875,-0.0368194580078125,0.0796051025390625
1773063167099964160,78.5553879737854,-0.9908905029296875,-0.038055419921875,0.0648956298828125
1773063167110020096,78.56544399261475,-1.0410308837890625,-0.072174072265625,0.1363067626953125
1773063167120076288,78.57550001144409,-1.0508270263671875,-0.1865692138671875,0.1850433349609375
1773063167130130944,78.58555483818054,-1.0354156494140625,-0.2076873779296875,0.167724609375
1773063167140187136,78.59561085700989,-1.006988525390625,-0.21673583984375,0.1639862060546875
1773063167150242048,78.60566592216492,-1.006622314453125,-0.2047882080078125,0.1343536376953125
1773063167160297984,78.61572194099426,-1.044097900390625,-0.12384033203125,0.0864105224609375
1773063167170354176,78.62577795982361,-1.0496978759765625,-0.0305633544921875,0.0631561279296875
1773063167180409088,78.63583302497864,-1.004791259765625,-0.0311737060546875,0.0550079345703125
1773063167190465280,78.64588904380798,-0.9556427001953125,-0.143157958984375,0.0941162109375
1773063167200520960,78.65594482421875,-1.006378173828125,-0.2584991455078125,0.152069091796875
1773063167210576128,78.66599988937378,-1.0728302001953125,-0.3165435791015625,0.0514068603515625
1773063167220632064,78.67605590820312,-1.0400848388671875,-0.2421875,0.0689697265625
1773063167230688000,78.68611192703247,-1.0401763916015625,-0.11865234375,0.084686279296875
1773063167240743168,78.6961669921875,-1.0610198974609375,-0.148284912109375,0.0136260986328125
1773063167250799104,78.70622301101685,-1.0554656982421875,-0.1635589599609375,-0.0104522705078125
1773063167260855296,78.71627902984619,-1.039825439453125,-0.1322021484375,0.0415191650390625
1773063167270909952,78.72633385658264,-1.0537567138671875,-0.1517181396484375,0.1113128662109375
1773063167280966144,78.73638987541199,-1.0928802490234375,-0.2461395263671875,0.11541748046875
1773063167291021056,78.74644494056702,-1.0858917236328125,-0.2880706787109375,0.0731201171875
1773063167301077248,78.75650095939636,-1.06842041015625,-0.181884765625,0.05499267578125
1773063167311133184,78.76655697822571,-1.0900421142578125,-0.100616455078125,-0.01446533203125
1773063167321188096,78.77661204338074,-1.1030120849609375,-0.0857696533203125,-0.0622711181640625
1773063167331244032,78.7866678237915,-1.1219024658203125,-0.0767059326171875,-0.0329132080078125
1773063167341299968,78.79672384262085,-1.1470184326171875,-0.137939453125,-1.52587890625e-05
1773063167351355136,78.80677890777588,-1.184661865234375,-0.258575439453125,0.0441436767578125
1773063167361411072,78.81683492660522,-1.2469329833984375,-0.2669830322265625,0.1021728515625
1773063167371467008,78.82689094543457,-1.2881011962890625,-0.2600250244140625,0.104339599609375
1773063167381522176,78.8369460105896,-1.2838897705078125,-0.2646026611328125,0.074493408203125
1773063167391578112,78.84700202941895,-1.2748260498046875,-0.22222900390625,-0.0126953125
1773063167401634304,78.85705804824829,-1.2643280029296875,-0.146209716796875,-0.1315765380859375
1773063167411688960,78.86711287498474,-1.2338714599609375,-0.163055419921875,-0.1955718994140625
1773063167421745152,78.87716889381409,-1.2272491455078125,-0.174530029296875,-0.091156005859375
1773063167431800320,78.8872241973877,-1.3017425537109375,-0.1814727783203125,0.0890655517578125
1773063167441855488,78.89727926254272,-1.407501220703125,-0.2551116943359375,0.1040191650390625
1773063167451911424,78.90733528137207,-1.43170166015625,-0.33209228515625,0.06231689453125
1773063167461966592,78.9173903465271,-1.370086669921875,-0.28570556640625,-0.0231475830078125
1773063167472022528,78.92744636535645,-1.30242919921875,-0.189239501953125,-0.07232666015625
1773063167482078464,78.93750238418579,-1.284027099609375,-0.1720428466796875,-0.05694580078125
1773063167492133376,78.94755721092224,-1.3015289306640625,-0.1900787353515625,-0.015960693359375
1773063167502189312,78.95761322975159,-1.2991790771484375,-0.211822509765625,-0.0322265625
1773063167512245504,78.96766924858093,-1.2474517822265625,-0.2471466064453125,-0.046356201171875
1773063167522300416,78.97772431373596,-1.24334716796875,-0.189483642578125,0.01873779296875
1773063167532356608,78.98778033256531,-1.29791259765625,-0.1584625244140625,0.0391693115234375
1773063167542412544,78.99783635139465,-1.2909698486328125,-0.216949462890625,0.053619384765625
1773063167552467456,79.0078911781311,-1.2378997802734375,-0.2371673583984375,0.093536376953125
1773063167562523392,79.01794719696045,-1.1795196533203125,-0.3135833740234375,0.007720947265625
1773063167572579328,79.0280032157898,-1.1286163330078125,-0.2538604736328125,-0.0359954833984375
1773063167582634496,79.03805828094482,-1.116058349609375,-0.156585693359375,-0.0811614990234375
1773063167592690432,79.04811429977417,-1.078826904296875,-0.1951751708984375,-0.092132568359375
1773063167602746368,79.05817031860352,-1.06402587890625,-0.212677001953125,-0.0160369873046875
1773063167612801536,79.06822538375854,-1.1264495849609375,-0.2047119140625,0.02557373046875
1773063167622857216,79.07828116416931,-1.1626129150390625,-0.2460174560546875,0.032928466796875
1773063167632912384,79.08833622932434,-1.12493896484375,-0.291717529296875,0.0253143310546875
1773063167642968320,79.09839224815369,-1.0382232666015625,-0.2979736328125,-0.003753662109375
1773063167653024512,79.10844826698303,-0.97491455078125,-0.2655029296875,0.0158538818359375
1773063167663079424,79.11850333213806,-0.9724578857421875,-0.2372283935546875,-0.00909423828125
1773063167673135616,79.12855935096741,-1.0106658935546875,-0.245574951171875,-0.0889739990234375
1773063167683191552,79.13861536979675,-1.0113525390625,-0.2246246337890625,-0.092071533203125
1773063167693246464,79.1486701965332,-0.977386474609375,-0.2502899169921875,-0.0439605712890625
1773063167703302400,79.15872621536255,-0.9784698486328125,-0.2066802978515625,-0.00457763671875
1773063167713358336,79.1687822341919,-1.0127716064453125,-0.2036285400390625,0.03228759765625
1773063167723413504,79.17883729934692,-1.0164642333984375,-0.287750244140625,0.0576324462890625
1773063167733469440,79.18889331817627,-1.00616455078125,-0.2530364990234375,0.05035400390625
1773063167743525632,79.19894933700562,-0.978759765625,-0.1971282958984375,0.0652008056640625
1773063167753580288,79.20900416374207,-0.949951171875,-0.2110595703125,0.05926513671875
1773063167763636224,79.21906018257141,-0.9101104736328125,-0.2412109375,-0.016143798828125
1773063167773691392,79.22911524772644,-0.8822174072265625,-0.23846435546875,0.0022125244140625
1773063167783747328,79.23917126655579,-0.9337615966796875,-0.1609954833984375,0.134185791015625
1773063167793803520,79.24922728538513,-1.021575927734375,-0.1483917236328125,0.1696014404296875
1773063167803858432,79.25928235054016,-1.0546722412109375,-0.1045989990234375,0.0913543701171875
1773063167813914624,79.2693383693695,-1.00640869140625,-0.1774749755859375,0.1101226806640625
1773063167823970560,79.27939438819885,-0.950469970703125,-0.3026885986328125,0.0798797607421875
1773063167834025472,79.2894492149353,-0.9162445068359375,-0.282440185546875,0.015899658203125
1773063167844081408,79.29950523376465,-0.89056396484375,-0.1986236572265625,-0.05950927734375
1773063167854137344,79.309561252594,-0.8526763916015625,-0.168731689453125,-0.00335693359375
1773063167864192512,79.31961631774902,-0.8941192626953125,-0.18206787109375,-0.0299072265625
1773063167874248448,79.32967233657837,-0.9420166015625,-0.22283935546875,0.0128326416015625
1773063167884304640,79.33972835540771,-0.9903717041015625,-0.2604827880859375,0.138763427734375
1773063167894359296,79.34978318214417,-1.042083740234375,-0.247467041015625,0.1484832763671875
1773063167904415488,79.35983920097351,-1.04840087890625,-0.19061279296875,0.0837554931640625
1773063167914470400,79.36989426612854,-1.0157470703125,-0.0977783203125,0.1274566650390625
1773063167924526336,79.37995028495789,-1.0029449462890625,-0.1434783935546875,0.081390380859375
1773063167934582528,79.39000630378723,-0.97027587890625,-0.144500732421875,0.0300445556640625
1773063167944637440,79.40006136894226,-0.9015960693359375,-0.1181640625,-0.0301513671875
1773063167954693632,79.4101173877716,-0.8515167236328125,-0.1892547607421875,0.04547119140625
1773063167964749312,79.42017316818237,-0.9159698486328125,-0.183837890625,0.2723541259765625
1773063167974804480,79.4302282333374,-1.1092987060546875,-0.112213134765625,0.2711181640625
1773063167984860416,79.44028425216675,-1.160888671875,-0.1751251220703125,0.1476287841796875
1773063167994916352,79.4503402709961,-0.9996490478515625,-0.2290802001953125,0.0436553955078125
1773063168004971520,79.46039533615112,-0.8566131591796875,-0.056427001953125,-0.017913818359375
1773063168015027456,79.47045135498047,-0.83978271484375,-0.03729248046875,-0.0064697265625
1773063168025083648,79.48050737380981,-0.8752593994140625,-0.16668701171875,0.034881591796875
1773063168035138304,79.49056220054626,-0.9513092041015625,-0.0950927734375,0.1583709716796875
1773063168045194496,79.50061821937561,-1.049285888671875,-0.0619354248046875,0.20513916015625
1773063168055249408,79.51067328453064,-1.1071624755859375,-0.06884765625,0.1826629638671875
1773063168065305344,79.52072930335999,-1.072021484375,-0.130157470703125,0.1027374267578125
1773063168075361536,79.53078532218933,-0.9243011474609375,-0.1641845703125,-0.0077362060546875
1773063168085416448,79.54084038734436,-0.8137054443359375,-0.05621337890625,-0.0372467041015625
1773063168095472384,79.55089616775513,-0.8242645263671875,-0.0442352294921875,-0.0022430419921875
1773063168105528320,79.56095218658447,-0.9162445068359375,-0.0365753173828125,0.0622406005859375
1773063168115583488,79.5710072517395,-1.05908203125,0.0397186279296875,0.15936279296875
1773063168125639424,79.58106327056885,-1.1157073974609375,0.0242767333984375,0.1534881591796875
1773063168135695360,79.5911192893982,-1.0317535400390625,-0.0078887939453125,0.1587371826171875
1773063168145750528,79.60117435455322,-0.994140625,-0.021697998046875,0.0883941650390625
1773063168155806464,79.61123037338257,-0.9571380615234375,-0.0330963134765625,-0.0321807861328125
1773063168165861376,79.62128520011902,-0.8953857421875,-0.03717041015625,-0.0644073486328125
1773063168175917312,79.63134121894836,-0.834564208984375,-0.0015411376953125,-0.01611328125
1773063168185973504,79.64139723777771,-0.8534393310546875,0.1258392333984375,0.0819854736328125
1773063168196028416,79.65145230293274,-0.937896728515625,0.1182861328125,0.1710968017578125
1773063168206084608,79.66150832176208,-1.0495452880859375,0.1532440185546875,0.1468963623046875
1773063168216140544,79.67156434059143,-1.035888671875,0.1407318115234375,0.1280059814453125
1773063168226195456,79.68161916732788,-0.9272918701171875,0.074615478515625,0.132965087890625
1773063168236251392,79.69167518615723,-0.8783111572265625,0.147369384765625,0.0496063232421875
1773063168246307328,79.70173120498657,-0.834930419921875,0.1608734130859375,0.0102996826171875
1773063168256362496,79.7117862701416,-0.7779693603515625,0.10162353515625,0.02264404296875
1773063168266418432,79.72184228897095,-0.7861480712890625,0.1122894287109375,-0.0203857421875
1773063168276474368,79.7318983078003,-0.8253326416015625,0.2227325439453125,-0.0053558349609375
1773063168286529536,79.74195337295532,-0.8409423828125,0.227386474609375,0.0381011962890625
1773063168296585472,79.75200939178467,-0.8299713134765625,0.1337432861328125,0.080535888671875
1773063168306641408,79.76206517219543,-0.8959808349609375,0.21435546875,0.13446044921875
1773063168316696320,79.77212023735046,-1.0016937255859375,0.222198486328125,0.078033447265625
1773063168326752512,79.78217625617981,-0.872314453125,0.283355712890625,-0.055450439453125
1773063168336807424,79.79223132133484,-0.740631103515625,0.40814208984375,-0.095458984375
1773063168346863616,79.80228734016418,-0.677734375,0.2918243408203125,-0.0138092041015625
1773063168356919552,79.81234335899353,-0.6974029541015625,0.0803985595703125,0.0925750732421875
1773063168366974464,79.82239818572998,-0.701629638671875,-0.0567474365234375,0.189453125
1773063168377030400,79.83245420455933,-0.7554779052734375,-0.0609283447265625,0.3463134765625
1773063168387086336,79.84251022338867,-0.8901214599609375,-0.0854644775390625,0.3040924072265625
1773063168397141504,79.8525652885437,-1.0176544189453125,0.10247802734375,0.05780029296875
1773063168407197440,79.86262130737305,-0.9501495361328125,0.4014739990234375,-0.0484771728515625
1773063168417253376,79.87267732620239,-0.7335205078125,0.526947021484375,0.02630615234375
1773063168427308800,79.882732629776,-0.7437591552734375,0.425567626953125,0.0931396484375
1773063168437364736,79.89278864860535,-0.8235626220703125,0.2716827392578125,0.15509033203125
1773063168447419648,79.9028434753418,-0.830657958984375,0.237884521484375,0.2129974365234375
1773063168457475584,79.91289949417114,-0.8153533935546875,0.2100677490234375,0.2018585205078125
1773063168467531776,79.92295551300049,-0.8880157470703125,0.1358489990234375,0.14129638671875
1773063168477586688,79.93301057815552,-0.886322021484375,0.151153564453125,0.0823974609375
1773063168487642880,79.94306659698486,-0.9026031494140625,0.2363128662109375,0.0330810546875
1773063168497698816,79.95312261581421,-0.974212646484375,0.1999053955078125,-0.045501708984375
1773063168507753728,79.96317768096924,-0.94268798828125,0.1787261962890625,-0.0242767333984375
1773063168517809664,79.97323346138,-0.901214599609375,0.2395477294921875,0.0406494140625
1773063168527865600,79.98328948020935,-0.970367431640625,0.2108612060546875,0.0623931884765625
1773063168537920768,79.99334454536438,-1.0139617919921875,0.226776123046875,0.1127777099609375
1773063168547976704,80.00340056419373,-0.9666900634765625,0.266021728515625,0.157623291015625
1773063168558032640,80.01345658302307,-0.93994140625,0.2870025634765625,0.175018310546875
1773063168568087808,80.0235116481781,-1.0291595458984375,0.3616180419921875,0.152923583984375
1773063168578143744,80.03356766700745,-1.1179962158203125,0.363800048828125,0.0931854248046875
1773063168588198656,80.0436224937439,-1.1172943115234375,0.2051544189453125,0.0445709228515625
1773063168598254592,80.05367851257324,-1.0400543212890625,0.0780181884765625,-0.0085906982421875
1773063168608310784,80.06373453140259,-0.917236328125,0.113372802734375,0.0019683837890625
1773063168618365696,80.07378959655762,-0.8722381591796875,0.1121368408203125,-0.00689697265625
1773063168628421888,80.08384561538696,-0.944610595703125,0.1053314208984375,0.045196533203125
1773063168638477824,80.09390163421631,-1.0379486083984375,0.1871185302734375,0.0911102294921875
1773063168648532736,80.10395646095276,-1.0347137451171875,0.22967529296875,0.1062164306640625
1773063168658588672,80.1140124797821,-0.9569549560546875,0.1746978759765625,0.1257476806640625
1773063168668644608,80.12406849861145,-0.9393157958984375,0.1404876708984375,0.114898681640625
1773063168678699776,80.13412356376648,-0.96923828125,0.118865966796875,0.097991943359375
1773063168688755712,80.14417958259583,-0.95977783203125,0.13763427734375,0.0642852783203125
1773063168698811648,80.15423560142517,-0.8870697021484375,0.1871337890625,0.0467071533203125
1773063168708866816,80.1642906665802,-0.8632965087890625,0.25872802734375,0.06524658203125
1773063168718922752,80.17434668540955,-0.931182861328125,0.2633056640625,0.146392822265625
1773063168728977664,80.184401512146,-1.0003662109375,0.182647705078125,0.1683502197265625
1773063168739033600,80.19445753097534,-1.01007080078125,0.1157073974609375,0.1173248291015625
1773063168749089792,80.20451354980469,-0.9710540771484375,0.1293792724609375,0.0758209228515625
1773063168759144704,80.21456861495972,-0.941925048828125,0.171783447265625,0.03717041015625
1773063168769200896,80.22462463378906,-0.9297027587890625,0.17889404296875,0.033782958984375
1773063168779256832,80.23468065261841,-0.95098876953125,0.22393798828125,0.03900146484375
1773063168789311744,80.24473547935486,-0.968017578125,0.287567138671875,-0.0182342529296875
1773063168799367680,80.2547914981842,-0.9495849609375,0.2917327880859375,-0.05291748046875
1773063168809423616,80.26484751701355,-0.9691619873046875,0.277618408203125,-0.0041046142578125
1773063168819478784,80.27490258216858,-1.0233917236328125,0.2644500732421875,0.0961761474609375
1773063168829534720,80.28495860099792,-1.040557861328125,0.238922119140625,0.1328582763671875
1773063168839590912,80.29501461982727,-1.0046844482421875,0.2755889892578125,0.119842529296875
1773063168849645824,80.3050696849823,-0.9835205078125,0.366302490234375,0.107452392578125
1773063168859701760,80.31512546539307,-1.027587890625,0.404266357421875,0.0751953125
1773063168869756672,80.3251805305481,-1.004669189453125,0.2908935546875,-0.002044677734375
1773063168879812608,80.33523654937744,-0.937255859375,0.1935882568359375,-0.079925537109375
1773063168889868800,80.34529256820679,-0.891845703125,0.2080230712890625,-0.0099945068359375
1773063168899923712,80.35534763336182,-0.91485595703125,0.2158660888671875,0.09051513671875
1773063168909979904,80.36540365219116,-0.9600067138671875,0.1906280517578125,0.1397705078125
1773063168920035840,80.37545967102051,-1.00616455078125,0.271148681640625,0.1410369873046875
1773063168930090752,80.38551449775696,-1.0114898681640625,0.324951171875,0.1325531005859375
1773063168940146688,80.3955705165863,-0.96026611328125,0.2759552001953125,0.1311187744140625
1773063168950202624,80.40562653541565,-0.910736083984375,0.21148681640625,0.1192779541015625
1773063168960257792,80.41568160057068,-0.9118194580078125,0.210296630859375,0.115264892578125
1773063168970313728,80.42573761940002,-0.925994873046875,0.2056121826171875,0.1089935302734375
1773063168980369920,80.43579363822937,-0.9094085693359375,0.1884765625,0.1753387451171875
1773063168990424576,80.44584846496582,-0.92120361328125,0.2502288818359375,0.202239990234375
1773063169000480768,80.45590448379517,-0.953369140625,0.3171539306640625,0.1866607666015625
1773063169010535680,80.4659595489502,-0.961639404296875,0.282989501953125,0.0996551513671875
1773063169020591616,80.47601556777954,-0.946502685546875,0.1976318359375,0.025543212890625
1773063169030647808,80.48607158660889,-0.9178466796875,0.2150421142578125,0.0989532470703125
1773063169040702720,80.49612665176392,-0.9239044189453125,0.193389892578125,0.1406402587890625
1773063169050758912,80.50618267059326,-0.9420623779296875,0.175689697265625,0.1466064453125
1773063169060814592,80.51623845100403,-0.98016357421875,0.22467041015625,0.15576171875
1773063169070869760,80.52629351615906,-1.00714111328125,0.2420196533203125,0.14044189453125
1773063169080925696,80.5363495349884,-0.9820098876953125,0.195556640625,0.1318511962890625
1773063169090981632,80.54640555381775,-0.9572296142578125,0.1643524169921875,0.1213226318359375
1773063169101036800,80.55646061897278,-0.965179443359375,0.2007293701171875,0.153167724609375
1773063169111092736,80.56651663780212,-1.0009307861328125,0.2465972900390625,0.18365478515625
1773063169121147648,80.57657146453857,-1.0113677978515625,0.2837677001953125,0.183837890625
1773063169131203584,80.58662748336792,-1.0014495849609375,0.2984619140625,0.1547698974609375
1773063169141259776,80.59668350219727,-0.9778594970703125,0.2484893798828125,0.1201324462890625
1773063169151314688,80.6067385673523,-0.9570465087890625,0.192413330078125,0.10186767578125
1773063169161370880,80.61679458618164,-0.97662353515625,0.1562347412109375,0.1038665771484375
1773063169171426816,80.62685060501099,-0.9967193603515625,0.146209716796875,0.0957489013671875
1773063169181481728,80.63690567016602,-0.96295166015625,0.163055419921875,0.1159210205078125
1773063169191537664,80.64696145057678,-0.9595184326171875,0.20611572265625,0.1369781494140625
1773063169201593600,80.65701746940613,-1.001373291015625,0.2459716796875,0.140045166015625
1773063169211648768,80.66707253456116,-0.990753173828125,0.2373504638671875,0.1397247314453125
1773063169221704704,80.6771285533905,-0.964630126953125,0.2207183837890625,0.124237060546875
1773063169231760640,80.68718457221985,-0.9740447998046875,0.19805908203125,0.114776611328125
1773063169241815808,80.69723963737488,-0.971954345703125,0.192718505859375,0.1359710693359375
1773063169251871744,80.70729565620422,-0.9595184326171875,0.1816558837890625,0.1568603515625
1773063169261926656,80.71735048294067,-0.984130859375,0.2422637939453125,0.17669677734375
1773063169271982592,80.72740650177002,-0.9907989501953125,0.2806243896484375,0.1656951904296875
1773063169282038784,80.73746252059937,-0.96258544921875,0.24151611328125,0.1007537841796875
1773063169292093696,80.7475175857544,-0.9345245361328125,0.1921844482421875,0.064666748046875
1773063169302149888,80.75757360458374,-0.9357452392578125,0.1524200439453125,0.065032958984375
1773063169312205824,80.76762962341309,-0.9627227783203125,0.12506103515625,0.036865234375
1773063169322260736,80.77768445014954,-0.968841552734375,0.147003173828125,0.084564208984375
1773063169332316672,80.78774046897888,-0.96484375,0.1807403564453125,0.1270904541015625
1773063169342372608,80.79779648780823,-0.9619140625,0.1871337890625,0.1226043701171875
1773063169352427776,80.80785155296326,-0.981781005859375,0.2294158935546875,0.116119384765625
1773063169362483712,80.8179075717926,-0.9803314208984375,0.250885009765625,0.11065673828125
1773063169372538880,80.82796263694763,-0.9535064697265625,0.237884521484375,0.1119842529296875
1773063169382594816,80.83801865577698,-0.9433441162109375,0.199310302734375,0.1016082763671875
1773063169392650752,80.84807467460632,-0.9613494873046875,0.166107177734375,0.0821990966796875
1773063169402705664,80.85812950134277,-0.95611572265625,0.1739654541015625,0.0953369140625
1773063169412761600,80.86818552017212,-0.9441680908203125,0.17529296875,0.111785888671875
1773063169422817792,80.87824153900146,-0.9511260986328125,0.1834716796875,0.124786376953125
1773063169432872704,80.8882966041565,-0.9640960693359375,0.207550048828125,0.1053619384765625
1773063169442928896,80.89835262298584,-0.9526214599609375,0.1900787353515625,0.070526123046875
1773063169452984832,80.90840864181519,-0.9329833984375,0.184722900390625,0.07330322265625
1773063169463040000,80.91846370697021,-0.9271240234375,0.154998779296875,0.0672454833984375
1773063169473095936,80.92851972579956,-0.91375732421875,0.1511993408203125,0.086669921875
1773063169483151872,80.9385757446289,-0.8976287841796875,0.1579437255859375,0.107513427734375
1773063169493207040,80.94863080978394,-0.901214599609375,0.1568603515625,0.12164306640625
1773063169503262720,80.9586865901947,-0.933685302734375,0.1969757080078125,0.172210693359375
1773063169513318656,80.96874260902405,-0.9847564697265625,0.2765350341796875,0.1344757080078125
1773063169523373824,80.97879767417908,-0.9436798095703125,0.2414398193359375,0.046630859375
1773063169533429760,80.98885369300842,-0.8597412109375,0.2126312255859375,0.0389251708984375
1773063169543484928,80.99890875816345,-0.8716583251953125,0.1612396240234375,0.0825347900390625
1773063169553540864,81.0089647769928,-0.9414825439453125,0.0731353759765625,0.1106109619140625
1773063169563597056,81.01902079582214,-0.903411865234375,0.0823516845703125,0.128936767578125
1773063169573651712,81.0290756225586,-0.84112548828125,0.110321044921875,0.1886749267578125
1773063169583707904,81.03913164138794,-0.876708984375,0.0803375244140625,0.2246856689453125
1773063169593763840,81.04918766021729,-0.943572998046875,0.13348388671875,0.1241607666015625
1773063169603819008,81.05924272537231,-0.899322509765625,0.1784820556640625,0.088165283203125
1773063169613874944,81.06929874420166,-0.8300628662109375,0.17938232421875,0.0949554443359375
1773063169623930880,81.079354763031,-0.7839813232421875,0.128936767578125,0.0643463134765625
1773063169633985792,81.08940958976746,-0.761016845703125,0.1135101318359375,0.1145477294921875
1773063169644041728,81.0994656085968,-0.756195068359375,0.0613250732421875,0.2091827392578125
1773063169654096896,81.10952067375183,-0.8420867919921875,0.03314208984375,0.3260955810546875
1773063169664152832,81.11957669258118,-1.06317138671875,0.25384521484375,0.3091888427734375
1773063169674208768,81.12963271141052,-1.11334228515625,0.3396453857421875,0.22119140625
1773063169684263936,81.13968777656555,-0.9481658935546875,0.2197418212890625,0.1251068115234375
1773063169694319872,81.1497437953949,-0.73455810546875,0.0576171875,0.0434112548828125
1773063169704375808,81.15979957580566,-0.666412353515625,-0.012054443359375,0.108184814453125
1773063169714430720,81.1698546409607,-0.76220703125,-0.0157012939453125,0.16229248046875
1773063169724486912,81.17991065979004,-0.8377685546875,-0.042083740234375,0.1606597900390625
1773063169734542848,81.18996667861938,-0.9068603515625,0.054473876953125,0.249267578125
1773063169744598016,81.20002174377441,-1.033050537109375,0.184417724609375,0.2842864990234375
1773063169754653952,81.21007776260376,-1.11236572265625,0.166046142578125,0.246307373046875
1773063169764709888,81.2201337814331,-1.0487213134765625,0.1189727783203125,0.220855712890625
1773063169774764800,81.23018860816956,-0.8601226806640625,0.064453125,0.1768951416015625
1773063169784820736,81.2402446269989,-0.7075653076171875,-0.00335693359375,0.1305999755859375
1773063169794875904,81.25029969215393,-0.718505859375,0.0219573974609375,0.124481201171875
1773063169804931840,81.26035571098328,-0.8545074462890625,0.0789031982421875,0.2127227783203125
1773063169814987776,81.27041172981262,-1.0420989990234375,0.0958709716796875,0.30120849609375
1773063169825042944,81.28046679496765,-1.168853759765625,0.0793609619140625,0.3243865966796875
1773063169835098624,81.29052257537842,-1.1219482421875,-0.0389862060546875,0.3134307861328125
1773063169845154816,81.30057859420776,-0.94561767578125,-0.0475921630859375,0.27972412109375
1773063169855209728,81.3106336593628,-0.769134521484375,-0.06463623046875,0.1516265869140625
1773063169865265920,81.32068967819214,-0.68682861328125,-0.037384033203125,0.07672119140625
1773063169875321856,81.33074569702148,-0.7681121826171875,0.061767578125,0.1674957275390625
1773063169885377024,81.34080076217651,-0.972900390625,0.061431884765625,0.212677001953125
1773063169895432960,81.35085678100586,-1.0742340087890625,-0.052764892578125,0.24310302734375
1773063169905488896,81.3609127998352,-1.035675048828125,-0.1152801513671875,0.295867919921875
1773063169915543808,81.37096762657166,-0.9481201171875,-0.0761260986328125,0.2725982666015625
1773063169925599744,81.381023645401,-0.8683624267578125,-0.06793212890625,0.2745361328125
1773063169935654912,81.39107871055603,-0.84100341796875,-0.0478973388671875,0.212677001953125
1773063169945710848,81.40113472938538,-0.82769775390625,0.011077880859375,0.2327117919921875
1773063169955767040,81.41119074821472,-0.8944091796875,0.053253173828125,0.2892303466796875
1773063169965821696,81.42124557495117,-0.9571990966796875,0.0416107177734375,0.3059539794921875
1773063169975877888,81.43130159378052,-0.98358154296875,-0.0463714599609375,0.38079833984375
1773063169985933824,81.44135761260986,-1.0308074951171875,-0.1070556640625,0.31195068359375
1773063169995988736,81.45141267776489,-0.98028564453125,-0.067596435546875,0.29254150390625
1773063170006044928,81.46146869659424,-0.871795654296875,-0.06976318359375,0.2268524169921875
1773063170016100864,81.47152471542358,-0.8074493408203125,-0.1023712158203125,0.1237945556640625
1773063170026156032,81.48157978057861,-0.8298492431640625,-0.014129638671875,0.15264892578125
1773063170036211968,81.49163579940796,-0.9345855712890625,0.0544586181640625,0.256072998046875
1773063170046266880,81.50169062614441,-1.05267333984375,-0.0471343994140625,0.2345428466796875
1773063170056322816,81.51174664497375,-1.0124053955078125,-0.2397613525390625,0.1578521728515625
1773063170066378752,81.5218026638031,-0.8564300537109375,-0.2652740478515625,0.245452880859375
1773063170076433920,81.53185772895813,-0.855255126953125,-0.1512451171875,0.262359619140625
1773063170086489856,81.54191374778748,-0.948211669921875,-0.0645751953125,0.20257568359375
1773063170096546048,81.55196976661682,-1.012786865234375,-0.0001373291015625,0.24481201171875
1773063170106600704,81.56202459335327,-1.046295166015625,0.00531005859375,0.2156829833984375
1773063170116656896,81.57208061218262,-0.9719696044921875,-0.146209716796875,0.180938720703125
1773063170126712832,81.58213663101196,-0.9435577392578125,-0.2109375,0.201202392578125
1773063170136767744,81.59219169616699,-0.9924774169921875,-0.187408447265625,0.2010498046875
1773063170146823936,81.60224771499634,-1.0111083984375,-0.145294189453125,0.1793975830078125
1773063170156879872,81.61230373382568,-1.0214691162109375,-0.0693511962890625,0.19085693359375
1773063170166935040,81.62235879898071,-1.0316009521484375,-0.0594329833984375,0.213226318359375
1773063170176990720,81.63241457939148,-1.030975341796875,-0.07513427734375,0.221954345703125
1773063170187045888,81.64246964454651,-1.061370849609375,-0.0763702392578125,0.2657012939453125
1773063170197101824,81.65252566337585,-1.113494873046875,-0.1318817138671875,0.226593017578125
1773063170207157760,81.6625816822052,-1.0657958984375,-0.207733154296875,0.2100067138671875
1773063170217212928,81.67263674736023,-0.9952850341796875,-0.1568145751953125,0.220672607421875
1773063170227268864,81.68269276618958,-1.0238494873046875,0.00018310546875,0.167083740234375
1773063170237325056,81.69274878501892,-1.066314697265625,0.0135040283203125,0.1355743408203125
1773063170247379712,81.70280361175537,-1.074310302734375,-0.0129547119140625,0.1833953857421875
1773063170257435904,81.71285963058472,-1.100128173828125,-0.1139984130859375,0.17864990234375
1773063170267491840,81.72291564941406,-1.0755615234375,-0.2107391357421875,0.1777496337890625
1773063170277547008,81.73297071456909,-1.0551605224609375,-0.17950439453125,0.2378692626953125
1773063170287602944,81.74302673339844,-1.100006103515625,-0.1520233154296875,0.226654052734375
1773063170297657856,81.75308179855347,-1.126220703125,-0.1316986083984375,0.1100616455078125
1773063170307713792,81.76313757896423,-1.0276336669921875,-0.077423095703125,0.035552978515625
1773063170317769728,81.77319359779358,-0.98095703125,0.0160064697265625,0.080413818359375
1773063170327824896,81.78324866294861,-1.0509796142578125,-0.0526885986328125,0.12762451171875
1773063170337880832,81.79330468177795,-1.1306915283203125,-0.187042236328125,0.153045654296875
1773063170347936768,81.8033607006073,-1.1612396240234375,-0.160736083984375,0.2154388427734375
1773063170357991936,81.81341576576233,-1.15948486328125,-0.10321044921875,0.2222900390625
1773063170368047872,81.82347178459167,-1.132781982421875,-0.1145477294921875,0.2004241943359375
1773063170378104064,81.83352780342102,-1.10308837890625,-0.0847015380859375,0.2281036376953125
1773063170388158720,81.84358263015747,-1.0823974609375,-0.10272216796875,0.173492431640625
1773063170398214912,81.85363864898682,-1.057586669921875,-0.09869384765625,0.146484375
1773063170408270848,81.86369466781616,-1.0791473388671875,-0.0441436767578125,0.117340087890625
1773063170418326016,81.87374973297119,-1.0800323486328125,-0.0440826416015625,0.11724853515625
1773063170428381952,81.88380575180054,-1.066162109375,-0.037750244140625,0.1518402099609375
1773063170438436864,81.89386081695557,-1.06610107421875,-0.0527801513671875,0.1699066162109375
1773063170448493056,81.90391683578491,-1.0837860107421875,-0.124237060546875,0.1565399169921875
1773063170458548992,81.91397285461426,-1.11749267578125,-0.1747589111328125,0.16845703125
1773063170468603904,81.92402768135071,-1.124176025390625,-0.1620941162109375,0.169281005859375
1773063170478659840,81.93408370018005,-1.0875091552734375,-0.160919189453125,0.161651611328125
1773063170488715776,81.9441397190094,-1.0543060302734375,-0.1118621826171875,0.1051025390625
1773063170498770944,81.95419478416443,-1.037750244140625,-0.0508575439453125,0.04901123046875
1773063170508826880,81.96425080299377,-1.0537567138671875,-0.0450897216796875,0.0538482666015625
1773063170518883072,81.97430682182312,-1.10015869140625,-0.083953857421875,0.1067962646484375
1773063170528937984,81.98436188697815,-1.1628875732421875,-0.1241912841796875,0.1982421875
1773063170538993920,81.99441766738892,-1.200439453125,-0.1698455810546875,0.178070068359375
1773063170549048832,82.00447273254395,-1.169677734375,-0.2096405029296875,0.1257171630859375
1773063170559105024,82.01452875137329,-1.120574951171875,-0.2548828125,0.132232666015625
1773063170569160960,82.02458477020264,-1.0999603271484375,-0.248260498046875,0.1043243408203125
1773063170579216128,82.03463983535767,-1.1071014404296875,-0.1876068115234375,0.064788818359375
1773063170589272064,82.04469585418701,-1.1490020751953125,-0.1065521240234375,0.123138427734375
1773063170599328000,82.05475187301636,-1.2101898193359375,-0.0593414306640625,0.1924285888671875
1773063170609382912,82.06480669975281,-1.23529052734375,-0.13482666015625,0.186187744140625
1773063170619438848,82.07486271858215,-1.21307373046875,-0.242279052734375,0.1435394287109375
1773063170629494784,82.0849187374115,-1.178955078125,-0.3063812255859375,0.0698394775390625
1773063170639549952,82.09497380256653,-1.11895751953125,-0.3551177978515625,0.0360107421875
1773063170649605888,82.10502982139587,-1.080657958984375,-0.26495361328125,0.0732421875
1773063170659662080,82.11508584022522,-1.113494873046875,-0.1823883056640625,0.0891265869140625
1773063170669716736,82.12514066696167,-1.1769561767578125,-0.1569061279296875,0.110931396484375
1773063170679772928,82.13519668579102,-1.1887359619140625,-0.1602935791015625,0.1322021484375
1773063170689827840,82.14525175094604,-1.16900634765625,-0.231201171875,0.1081085205078125
1773063170699884032,82.15530776977539,-1.1426544189453125,-0.257537841796875,0.0923309326171875
1773063170709939968,82.16536378860474,-1.093841552734375,-0.289581298828125,0.0803070068359375
1773063170719995136,82.17541885375977,-1.04815673828125,-0.291107177734375,0.130767822265625
1773063170730051072,82.18547487258911,-1.0642852783203125,-0.2049713134765625,0.1593017578125
1773063170740107008,82.19553089141846,-1.0896759033203125,-0.1793365478515625,0.1143035888671875
1773063170750161920,82.20558571815491,-1.08123779296875,-0.1885528564453125,0.0916748046875
1773063170760217856,82.21564173698425,-1.05322265625,-0.2190399169921875,0.100677490234375
1773063170770274048,82.2256977558136,-1.026214599609375,-0.2823028564453125,0.0901336669921875
1773063170780328960,82.23575282096863,-0.9894256591796875,-0.290618896484375,0.083099365234375
1773063170790384896,82.24580883979797,-0.9704742431640625,-0.2904815673828125,0.101043701171875
1773063170800441088,82.25586485862732,-0.9929656982421875,-0.2140655517578125,0.1339874267578125
1773063170810495744,82.26591968536377,-1.02362060546875,-0.1970062255859375,0.137176513671875
1773063170820551936,82.27597570419312,-1.0438079833984375,-0.2072296142578125,0.120635986328125
1773063170830606848,82.28603076934814,-1.0242156982421875,-0.211822509765625,0.0832672119140625
1773063170840663040,82.29608678817749,-0.95355224609375,-0.2727813720703125,0.0511016845703125
1773063170850718976,82.30614280700684,-0.9066314697265625,-0.2092437744140625,0.125396728515625
1773063170860774144,82.31619787216187,-0.9419097900390625,-0.1666107177734375,0.1168975830078125
1773063170870830080,82.32625389099121,-0.955841064453125,-0.2792205810546875,0.1063995361328125
1773063170880885760,82.33630967140198,-0.9726409912109375,-0.27447509765625,0.1976318359375
1773063170890940928,82.346364736557,-1.0050048828125,-0.2071990966796875,0.2245635986328125
1773063170900996864,82.35642075538635,-1.0414886474609375,-0.0948333740234375,0.1983489990234375
1773063170911053056,82.3664767742157,-1.035980224609375,-0.0832672119140625,0.203521728515625
1773063170921107968,82.37653183937073,-0.9687652587890625,-0.234954833984375,0.082122802734375
1773063170931163904,82.38658785820007,-0.866790771484375,-0.29034423828125,-0.0361480712890625
1773063170941218816,82.39664268493652,-0.76708984375,-0.205169677734375,-0.0067291259765625
1773063170951274752,82.40669870376587,-0.8358612060546875,-0.1277008056640625,0.1353607177734375
1773063170961330944,82.41675472259521,-1.0325775146484375,-0.193756103515625,0.1794891357421875
1773063170971385856,82.42680978775024,-1.11871337890625,-0.360809326171875,0.1884765625
1773063170981442048,82.43686580657959,-1.0334320068359375,-0.31549072265625,0.1934967041015625
1773063170991497984,82.44692182540894,-0.9172515869140625,-0.12158203125,0.167022705078125
1773063171001553152,82.45697689056396,-0.887939453125,-0.087890625,0.171173095703125
1773063171011608832,82.46703267097473,-0.93499755859375,-0.1334228515625,0.068328857421875
1773063171021664768,82.47708868980408,-0.961273193359375,-0.151641845703125,0.0775146484375
1773063171031719936,82.4871437549591,-0.9296112060546875,-0.1405792236328125,0.1674346923828125
1773063171041775872,82.49719977378845,-0.986663818359375,-0.0824432373046875,0.2481689453125
1773063171051831040,82.50725483894348,-1.04766845703125,-0.1157684326171875,0.2918243408203125
1773063171061886976,82.51731085777283,-1.0488739013671875,-0.148712158203125,0.2718505859375
1773063171071943168,82.52736687660217,-1.0163726806640625,-0.077117919921875,0.16546630859375
1773063171081997824,82.53742170333862,-0.923187255859375,-0.07171630859375,0.182342529296875
1773063171092054016,82.54747772216797,-0.895355224609375,-0.13372802734375,0.252410888671875
1773063171102109952,82.55753374099731,-1.000579833984375,-0.0778656005859375,0.1855010986328125
1773063171112164864,82.56758880615234,-0.976470947265625,-0.062469482421875,0.148834228515625
1773063171122221056,82.57764482498169,-0.8921966552734375,-0.0704345703125,0.2045440673828125
1773063171132276992,82.58770084381104,-0.9384002685546875,0.0100860595703125,0.202301025390625
1773063171142331904,82.59775567054749,-0.9864044189453125,0.049163818359375,0.13720703125
1773063171152387840,82.60781168937683,-0.895843505859375,0.01605224609375,0.2527008056640625
1773063171162443776,82.61786770820618,-0.9376983642578125,-0.0331573486328125,0.3382720947265625
1773063171172498944,82.6279227733612,-0.7292022705078125,0.1086273193359375,1.3134918212890625
1773063171182554880,82.63797879219055,0.4914703369140625,2.035919189453125,1.38665771484375
1773063171192610048,82.64803385734558,1.7104034423828125,-0.60772705078125,-0.3610687255859375
1773063171202665984,82.65808987617493,0.911346435546875,-0.0619354248046875,-0.067779541015625
1773063171212721920,82.6681456565857,-1.6212005615234375,-0.20062255859375,1.650146484375
1773063171222776832,82.67820072174072,-2.1612396240234375,0.605377197265625,0.55859375
1773063171232833024,82.68825674057007,-1.3578948974609375,-0.2459259033203125,-0.1398468017578125
1773063171242888960,82.69831275939941,-1.1444244384765625,0.0614166259765625,-0.4688720703125
1773063171252943872,82.70836782455444,-1.3044586181640625,-0.3718109130859375,0.0584716796875
1773063171263000064,82.71842384338379,-2.0152740478515625,0.172271728515625,0.9248809814453125
1773063171273056000,82.72847986221313,-0.9789886474609375,0.579620361328125,1.1649932861328125
1773063171283110912,82.73853468894958,-0.4749908447265625,-0.1243743896484375,0.1077117919921875
1773063171293166848,82.74859070777893,-0.749481201171875,-0.39471435546875,-0.424041748046875
1773063171303222016,82.75864577293396,-1.583038330078125,-0.34613037109375,-0.3513946533203125
1773063171313277952,82.7687017917633,-1.839202880859375,0.110687255859375,0.4163360595703125
1773063171323333888,82.77875781059265,-1.0796966552734375,0.3031768798828125,0.7760009765625
1773063171333389056,82.78881287574768,-0.36944580078125,0.0778961181640625,0.2815093994140625
1773063171343444736,82.79886865615845,-0.4941253662109375,-0.4229278564453125,-0.45062255859375
1773063171353500928,82.8089246749878,-1.3087921142578125,-0.3595428466796875,-0.37628173828125
1773063171363555840,82.81897974014282,-1.854766845703125,0.0016021728515625,0.4147186279296875
1773063171373612032,82.82903575897217,-1.5243377685546875,0.4077606201171875,0.8784332275390625
1773063171383667968,82.83909177780151,-0.760040283203125,0.4065399169921875,0.7447662353515625
1773063171393723136,82.84914684295654,0.0305023193359375,0.5348052978515625,0.46368408203125
1773063171403779072,82.85920286178589,0.068145751953125,-0.3514251708984375,-0.62249755859375
1773063171413835008,82.86925888061523,-0.5425872802734375,-0.2504425048828125,-0.2562713623046875
1773063171423889920,82.87931370735168,-1.3816680908203125,0.4868316650390625,0.92071533203125
1773063171433946624,82.88937044143677,-1.582305908203125,0.55572509765625,0.9777069091796875
1773063171444001792,82.8994255065918,-0.8379058837890625,-0.1225433349609375,-0.08868408203125
1773063171454057728,82.90948152542114,-0.552520751953125,-0.3914337158203125,-0.759124755859375
1773063171464113664,82.91953754425049,-1.2996978759765625,-0.3073272705078125,-0.4234619140625
1773063171474168832,82.92959260940552,-1.6970672607421875,0.2528228759765625,0.44873046875
1773063171484224768,82.93964862823486,-1.1871185302734375,0.6495361328125,0.6685028076171875
1773063171494280704,82.94970440864563,-0.496337890625,0.2626953125,0.1372528076171875
1773063171504335616,82.95975947380066,-0.467315673828125,-0.1840972900390625,-0.45220947265625
1773063171514391552,82.96981549263,-1.13653564453125,-0.255859375,-0.3282012939453125
1773063171524447744,82.97987151145935,-1.6464691162109375,0.2095794677734375,0.2781982421875
1773063171534502656,82.98992657661438,-1.3907012939453125,0.660125732421875,0.5984344482421875
1773063171544558848,82.99998259544373,-0.725067138671875,0.3814544677734375,0.13818359375
1773063171554613504,83.01003742218018,-0.336822509765625,-0.1435089111328125,-0.5037078857421875
1773063171564669696,83.02009344100952,-0.647674560546875,-0.34442138671875,-0.3317718505859375
1773063171574725632,83.03014945983887,-1.23138427734375,0.1447296142578125,0.216339111328125
1773063171584780800,83.0402045249939,-1.4490814208984375,0.6515655517578125,0.3858642578125
1773063171594836736,83.05026054382324,-1.033599853515625,0.5093231201171875,0.1169586181640625
1773063171604892672,83.06031656265259,-0.53863525390625,0.09844970703125,-0.334014892578125
1773063171614947840,83.07037162780762,-0.65203857421875,-0.18798828125,-0.3649444580078125
1773063171625003520,83.08042740821838,-1.0508575439453125,0.0489044189453125,-0.11529541015625
1773063171635059712,83.09048342704773,-1.042510986328125,0.8515777587890625,1.0979156494140625
1773063171645114624,83.10053849220276,-0.6155853271484375,2.3656005859375,0.7238922119140625
1773063171655170560,83.1105945110321,-0.7753753662109375,-1.3715057373046875,-2.236114501953125
1773063171665225728,83.12064957618713,-0.644683837890625,0.2688751220703125,1.17205810546875
1773063171675281664,83.13070559501648,-1.253448486328125,-0.3475189208984375,-0.1074066162109375
1773063171685337856,83.14076161384583,-0.967620849609375,1.12628173828125,0.2893524169921875
1773063171695392512,83.15081644058228,-1.179351806640625,-0.007537841796875,-0.3323516845703125
1773063171705448704,83.16087245941162,-1.109130859375,0.288421630859375,-0.2971954345703125
1773063171715504640,83.17092847824097,-0.7142791748046875,-0.2126617431640625,-0.1638031005859375
1773063171725559808,83.180983543396,-0.7557830810546875,0.4283599853515625,0.48834228515625
1773063171735615744,83.19103956222534,-1.1565704345703125,0.527618408203125,0.158233642578125
1773063171745671680,83.20109558105469,-1.1990203857421875,0.7304840087890625,-0.1617279052734375
1773063171755726592,83.21115040779114,-0.8926544189453125,-0.038726806640625,-0.467803955078125
1773063171765782528,83.22120642662048,-0.8418121337890625,-0.0635986328125,-0.119659423828125
1773063171775838720,83.23126244544983,-0.9453277587890625,0.0976104736328125,0.277374267578125
1773063171785893632,83.24131751060486,-1.05218505859375,0.59820556640625,0.2783966064453125
1773063171795949824,83.2513735294342,-1.0036163330078125,0.495147705078125,0.2925262451171875
1773063171806004736,83.26142859458923,-1.0920867919921875,0.1048431396484375,-0.242706298828125
1773063171816060672,83.27148461341858,-0.8977508544921875,-0.0032196044921875,0.0283966064453125
1773063171826116864,83.28154063224792,-1.02044677734375,0.21795654296875,0.1448974609375
1773063171836171520,83.29159545898438,-1.0673980712890625,0.5013885498046875,0.3661346435546875
1773063171846227712,83.30165147781372,-1.107147216796875,0.5234832763671875,0.0674896240234375
1773063171856283648,83.31170749664307,-0.90887451171875,0.109100341796875,-0.1623992919921875
1773063171866338816,83.3217625617981,-0.8341217041015625,-0.1297454833984375,-0.27337646484375
1773063171876394752,83.33181858062744,-0.8556060791015625,0.08599853515625,0.2422027587890625
1773063171886450688,83.34187459945679,-1.1090545654296875,0.600616455078125,0.5606231689453125
1773063171896505600,83.35192942619324,-1.279632568359375,0.8271942138671875,0.3486175537109375
1773063171906561536,83.36198544502258,-1.202880859375,0.3951873779296875,-0.27130126953125
1773063171916616704,83.37204051017761,-0.8097686767578125,-0.198455810546875,-0.5832366943359375
1773063171926672640,83.38209652900696,-0.6973724365234375,-0.1959075927734375,-0.23834228515625
1773063171936728832,83.3921525478363,-0.9476165771484375,0.1503143310546875,0.205596923828125
1773063171946783744,83.40220761299133,-1.0741729736328125,0.2356719970703125,0.0980072021484375
1773063171956839680,83.41226363182068,-0.93829345703125,0.085296630859375,-0.2320709228515625
1773063171966895616,83.42231941223145,-0.841888427734375,-0.0682220458984375,-0.3292236328125
1773063171976950528,83.43237447738647,-0.904144287109375,0.0429840087890625,0.06011962890625
1773063171987006720,83.44243049621582,-0.96343994140625,0.387664794921875,0.3572540283203125
1773063171997062656,83.45248651504517,-0.985626220703125,0.6733245849609375,0.3406982421875
1773063172007117824,83.4625415802002,-0.9917144775390625,0.3985137939453125,0.0246734619140625
1773063172017173760,83.47259759902954,-0.87158203125,0.1116180419921875,-0.20703125
1773063172027228672,83.48265242576599,-0.8110504150390625,0.108642578125,-0.045196533203125
1773063172037284608,83.49270844459534,-0.883453369140625,0.3101348876953125,0.1858062744140625
1773063172047340544,83.50276446342468,-0.8925018310546875,0.3883209228515625,0.2209930419921875
1773063172057395712,83.51281952857971,-0.811614990234375,0.1793670654296875,-0.1481781005859375
1773063172067451648,83.52287554740906,-0.666473388671875,-0.030426025390625,-0.2939300537109375
1773063172077507840,83.5329315662384,-0.732879638671875,-0.0113677978515625,-0.081024169921875
1773063172087562752,83.54298663139343,-0.9376068115234375,0.31072998046875,0.197784423828125
1773063172097618688,83.5530424118042,-1.0334014892578125,0.5318450927734375,0.28790283203125
1773063172107674624,83.56309843063354,-0.9446258544921875,0.4971466064453125,0.0592193603515625
1773063172117729536,83.57315349578857,-0.7969207763671875,0.3354034423828125,-0.0380096435546875
1773063172127785728,83.58320951461792,-0.812408447265625,0.210601806640625,0.0835113525390625
1773063172137841664,83.59326553344727,-0.9005279541015625,0.3534698486328125,0.27716064453125
1773063172147896832,83.6033205986023,-0.936370849609375,0.4940948486328125,0.2739410400390625
1773063172157952768,83.61337661743164,-0.8922882080078125,0.3935546875,0.036956787109375
1773063172168007680,83.62343144416809,-0.820556640625,0.2009429931640625,-0.13641357421875
1773063172178063616,83.63348746299744,-0.85595703125,0.1383209228515625,-0.0610198974609375
1773063172188119552,83.64354348182678,-0.92681884765625,0.330169677734375,0.1804962158203125
1773063172198174720,83.65359854698181,-0.9506378173828125,0.56243896484375,0.243927001953125
1773063172208230656,83.66365456581116,-0.927215576171875,0.5606536865234375,0.0703582763671875
1773063172218286848,83.6737105846405,-0.886260986328125,0.2730560302734375,-0.1253814697265625
1773063172228341504,83.68376541137695,-0.87860107421875,0.1218414306640625,-0.0279388427734375
1773063172238397696,83.6938214302063,-0.92254638671875,0.2508392333984375,0.263427734375
1773063172248453632,83.70387744903564,-0.9315338134765625,0.4064788818359375,0.4927520751953125
1773063172258508800,83.71393251419067,-0.83587646484375,0.9424591064453125,1.377532958984375
1773063172268564736,83.72398853302002,-1.0340728759765625,0.570343017578125,0.052001953125
1773063172278620672,83.73404455184937,-0.8039093017578125,0.659759521484375,0.1761474609375
1773063172288675840,83.7440996170044,-0.9504547119140625,-0.0899810791015625,0.1814422607421875
1773063172298731776,83.75415563583374,-1.04425048828125,0.97344970703125,1.18768310546875
1773063172308786688,83.76421046257019,-1.172607421875,0.6145477294921875,0.009246826171875
1773063172318842624,83.77426648139954,-0.6885528564453125,0.2709503173828125,-0.4642181396484375
1773063172328898560,83.78432250022888,-0.627288818359375,-0.4200592041015625,-0.5718536376953125
1773063172338953728,83.79437756538391,-0.8189544677734375,-0.0395355224609375,0.3545989990234375
1773063172349009664,83.80443358421326,-1.1581878662109375,0.44549560546875,0.6259613037109375
1773063172359065856,83.8144896030426,-1.054412841796875,0.910980224609375,0.2410125732421875
1773063172369120512,83.82454442977905,-0.7324371337890625,0.242431640625,-0.4520263671875
1773063172379176704,83.8346004486084,-0.6572265625,-0.07177734375,-0.387481689453125
1773063172389232640,83.84465646743774,-0.9147186279296875,-0.12310791015625,0.3357086181640625
1773063172399287808,83.85471153259277,-1.1214447021484375,0.5995330810546875,0.736602783203125
1773063172409343744,83.86476755142212,-1.06689453125,0.7758026123046875,0.4132843017578125
1773063172419398912,83.87482261657715,-0.8443756103515625,0.49761962890625,-0.3174285888671875
1773063172429454592,83.88487839698792,-0.671051025390625,-0.0365142822265625,-0.3307647705078125
1773063172439510528,83.89493441581726,-0.8963165283203125,-0.0826263427734375,0.130950927734375
1773063172449565440,83.90498924255371,-1.0756072998046875,0.4156341552734375,0.55828857421875
1773063172459621376,83.91504526138306,-1.1093597412109375,0.7198486328125,0.20037841796875
1773063172469677568,83.9251012802124,-0.8144989013671875,0.435028076171875,-0.3491668701171875
1773063172479732480,83.93515634536743,-0.661376953125,-0.1141815185546875,-0.423095703125
1773063172489788416,83.94521236419678,-0.8694915771484375,-0.172882080078125,0.0810699462890625
1773063172499844608,83.95526838302612,-1.102691650390625,0.3562469482421875,0.553253173828125
1773063172509899264,83.96532320976257,-1.1498260498046875,0.882354736328125,0.4036865234375
1773063172519955456,83.97537922859192,-0.9195404052734375,0.59979248046875,-0.18109130859375
1773063172530010368,83.98543429374695,-0.745880126953125,0.06439208984375,-0.43353271484375
1773063172540066560,83.9954903125763,-0.8729095458984375,-0.08465576171875,-0.0167999267578125
1773063172550122496,84.00554633140564,-1.055938720703125,0.3598480224609375,0.45123291015625
1773063172560177664,84.01560139656067,-1.09991455078125,0.9198150634765625,0.3294830322265625
1773063172570233600,84.02565741539001,-0.6592864990234375,1.3997344970703125,0.6680755615234375
1773063172580289536,84.03571343421936,-0.8629150390625,0.36407470703125,-1.1446685791015625
1773063172590344448,84.04576826095581,-0.56683349609375,-0.7584686279296875,-0.252777099609375
1773063172600400384,84.05582427978516,-1.1212921142578125,0.6388092041015625,0.8634490966796875
1773063172610456576,84.0658802986145,-1.316925048828125,0.5025787353515625,0.569427490234375
1773063172620511488,84.07593536376953,-1.0494384765625,0.7767791748046875,-0.1818695068359375
1773063172630567424,84.08599138259888,-0.7189178466796875,0.1290130615234375,-0.466217041015625
1773063172640623616,84.09604740142822,-0.8935394287109375,0.003692626953125,-0.1761932373046875
1773063172650678272,84.10610222816467,-1.091400146484375,0.2296600341796875,0.579315185546875
1773063172660734464,84.11615824699402,-1.20379638671875,0.7978668212890625,0.573028564453125
1773063172670789376,84.12621331214905,-0.88134765625,0.78070068359375,0.4316864013671875
1773063172680845568,84.1362693309784,-0.75457763671875,0.422210693359375,-0.317840576171875
1773063172690901504,84.14632534980774,-0.759124755859375,-0.0175933837890625,0.034881591796875
1773063172700956672,84.15638041496277,-1.069793701171875,0.319427490234375,0.5063934326171875
1773063172711012608,84.16643643379211,-1.12982177734375,0.617828369140625,0.9024200439453125
1773063172721068288,84.17649221420288,-1.0927886962890625,0.9165802001953125,0.3291473388671875
1773063172731123456,84.18654727935791,-0.789459228515625,0.108184814453125,-0.4605560302734375
1773063172741179392,84.19660329818726,-0.74078369140625,0.0194854736328125,-0.45391845703125
1773063172751235584,84.2066593170166,-0.911376953125,-0.1049652099609375,0.13714599609375
1773063172761290496,84.21671438217163,-1.093994140625,0.575531005859375,0.634857177734375
1773063172771346688,84.22677040100098,-1.0028533935546875,0.6217041015625,0.30303955078125
1773063172781401344,84.23682522773743,-0.77154541015625,0.406341552734375,-0.300445556640625
1773063172791457536,84.24688124656677,-0.707916259765625,-0.0902252197265625,-0.4736480712890625
1773063172801513472,84.25693726539612,-0.888153076171875,-0.0148162841796875,0.0360107421875
1773063172811568384,84.26699233055115,-1.04132080078125,0.411712646484375,0.5457000732421875
1773063172821624576,84.2770483493805,-1.024017333984375,0.7506561279296875,0.417572021484375
1773063172831680512,84.28710436820984,-0.792938232421875,0.44439697265625,-0.1391448974609375
1773063172841735680,84.29715943336487,-0.7092437744140625,0.031707763671875,-0.42181396484375
1773063172851791360,84.30721521377563,-0.8765869140625,-0.098907470703125,-0.0046234130859375
1773063172861847296,84.31727123260498,-1.0328826904296875,0.3634490966796875,0.472015380859375
1773063172871902464,84.32732629776001,-1.004241943359375,0.7935333251953125,0.6976165771484375
1773063172881958400,84.33738231658936,-0.8443603515625,0.6964263916015625,-0.1035308837890625
1773063172892014592,84.3474383354187,-0.66876220703125,0.186676025390625,-0.204376220703125
1773063172902069504,84.35749340057373,-0.8977508544921875,0.196929931640625,0.1847076416015625
1773063172912125696,84.36754941940308,-1.1322479248046875,0.38775634765625,0.5659942626953125
1773063172922180352,84.37760424613953,-1.1587371826171875,0.9481353759765625,0.6690826416015625
1773063172932236544,84.38766026496887,-0.95758056640625,0.3759765625,-0.0377197265625
1773063172942292480,84.39771628379822,-0.66461181640625,0.6075439453125,-0.1752166748046875
1773063172952347392,84.40777134895325,-0.73760986328125,-0.2295074462890625,-0.4867401123046875
1773063172962403584,84.41782736778259,-0.986785888671875,0.316741943359375,0.517822265625
1773063172972459520,84.42788338661194,-1.2841796875,0.618011474609375,0.46649169921875
1773063172982514432,84.43793821334839,-1.0833587646484375,0.6627960205078125,0.1701202392578125
1773063172992570368,84.44799423217773,-0.8317413330078125,0.210052490234375,-0.469512939453125
1773063173002626304,84.45805025100708,-0.7913665771484375,0.0599212646484375,-0.2502288818359375
1773063173012681472,84.46810531616211,-0.9837799072265625,0.0753936767578125,0.149993896484375
1773063173022737408,84.47816133499146,-1.0289306640625,0.494842529296875,0.5778045654296875
1773063173032793600,84.4882173538208,-1.017486572265625,0.3910675048828125,0.2092437744140625
1773063173042848512,84.49827241897583,-0.8719024658203125,0.3480682373046875,-0.1011962890625
1773063173052904448,84.5083281993866,-0.957183837890625,0.0977630615234375,0.0381011962890625
1773063173062959360,84.51838326454163,-1.1013641357421875,0.208892822265625,0.2347259521484375
1773063173073015552,84.52843928337097,-1.009307861328125,0.329864501953125,0.379425048828125
1773063173083071488,84.53849530220032,-0.881072998046875,0.5483856201171875,0.402374267578125
1773063173093126656,84.54855036735535,-0.8685760498046875,0.3897857666015625,0.1544952392578125
1773063173103182592,84.55860638618469,-0.9165496826171875,0.1028289794921875,-0.1505126953125
1773063173113238528,84.56866240501404,-0.829620361328125,0.1021270751953125,0.1033172607421875
1773063173123293440,84.57871723175049,-0.8521728515625,0.7306365966796875,0.8115386962890625
1773063173133349376,84.58877325057983,-0.9719390869140625,0.6780853271484375,0.258819580078125
1773063173143405312,84.59882926940918,-0.840423583984375,0.034576416015625,-0.2840423583984375
1773063173153460480,84.60888433456421,-0.71746826171875,0.1468658447265625,0.0641632080078125
1773063173163516416,84.61894035339355,-0.88189697265625,0.22344970703125,0.351165771484375
1773063173173571584,84.62899541854858,-0.9262237548828125,0.210693359375,0.3616790771484375
1773063173183627264,84.63905119895935,-1.020172119140625,0.3095550537109375,0.197601318359375
1773063173193683456,84.6491072177887,-0.9937591552734375,0.2611846923828125,0.00445556640625
1773063173203738368,84.65916228294373,-0.79547119140625,0.106781005859375,0.2213134765625
1773063173213794560,84.66921830177307,-0.754852294921875,0.551361083984375,0.720703125
1773063173223850496,84.67927432060242,-1.00982666015625,0.0645599365234375,-0.2503509521484375
1773063173233905664,84.68932938575745,-0.8988494873046875,-0.0339508056640625,0.1722564697265625
1773063173243961600,84.69938540458679,-1.02587890625,0.7515411376953125,0.62371826171875
1773063173254017536,84.70944142341614,-1.13824462890625,0.26715087890625,0.2380523681640625
1773063173264072448,84.71949625015259,-0.9951324462890625,0.3541412353515625,-0.0864715576171875
1773063173274128384,84.72955226898193,-0.9753570556640625,0.031341552734375,0.0738983154296875
1773063173284184576,84.73960828781128,-1.0667724609375,0.1660614013671875,0.292266845703125
1773063173294239488,84.74966335296631,-1.11273193359375,0.3833770751953125,0.4546661376953125
1773063173304295424,84.75971937179565,-0.9095001220703125,0.415313720703125,0.2115936279296875
1773063173314350336,84.7697741985321,-0.7374420166015625,0.132904052734375,-0.1286773681640625
1773063173324406272,84.77983021736145,-0.7011260986328125,0.1045379638671875,0.0180511474609375
1773063173334462464,84.7898862361908,-0.8237152099609375,0.149322509765625,0.1900177001953125
1773063173344517376,84.79994130134583,-1.0543060302734375,0.379638671875,0.5664520263671875
1773063173354573568,84.80999732017517,-1.29107666015625,0.5062713623046875,0.440093994140625
1773063173364629504,84.82005333900452,-0.9980010986328125,0.1729736328125,-0.0644378662109375
1773063173374684672,84.83010840415955,-0.541290283203125,0.126373291015625,-0.0350341796875
1773063173384740608,84.84016442298889,-0.827056884765625,0.237518310546875,0.376312255859375
1773063173394795520,84.85021924972534,-1.176849365234375,0.3331756591796875,0.3468017578125
1773063173404851456,84.86027526855469,-0.976409912109375,0.2147674560546875,0.2467041015625
1773063173414907392,84.87033128738403,-0.6817626953125,0.3319549560546875,0.235015869140625
1773063173424962560,84.88038635253906,-0.8688201904296875,0.3949127197265625,0.3310394287109375
1773063173435018496,84.89044237136841,-1.1186370849609375,0.267791748046875,0.003692626953125
1773063173445074432,84.90049839019775,-0.977508544921875,0.1066131591796875,0.1159210205078125
1773063173455129344,84.9105532169342,-0.9280548095703125,0.48583984375,0.5296173095703125
1773063173465185280,84.92060923576355,-0.9394073486328125,0.2713623046875,0.2646026611328125
1773063173475241472,84.9306652545929,-0.7808990478515625,0.1661529541015625,0.126373291015625
1773063173485296384,84.94072031974792,-0.9090728759765625,0.434478759765625,0.02667236328125
1773063173495352576,84.95077633857727,-1.1032257080078125,0.13116455078125,0.2392120361328125
1773063173505408512,84.96083235740662,-1.0732269287109375,0.3708038330078125,0.32275390625
1773063173515463680,84.97088742256165,-1.0466766357421875,0.1879730224609375,0.3704681396484375
1773063173525519360,84.98094320297241,-0.841827392578125,0.53497314453125,0.3568267822265625
1773063173535574528,84.99099826812744,-0.939605712890625,0.148284912109375,-0.1562042236328125
1773063173545630464,85.00105428695679,-0.89520263671875,-0.101806640625,-0.125213623046875
1773063173555686400,85.01111030578613,-1.058807373046875,0.3306427001953125,0.339996337890625
1773063173565741568,85.02116537094116,-1.006195068359375,0.2810821533203125,0.6017303466796875
1773063173575797504,85.03122138977051,-0.8742828369140625,0.39288330078125,0.3224945068359375
1773063173585853696,85.04127740859985,-0.8751983642578125,0.091949462890625,-0.0959625244140625
1773063173595908352,85.0513322353363,-0.994384765625,0.18878173828125,0.0096435546875
1773063173605964544,85.06138825416565,-1.14093017578125,0.2713470458984375,0.3722076416015625
1773063173616020480,85.071444272995,-0.97674560546875,0.3142547607421875,0.43060302734375
1773063173626075392,85.08149933815002,-0.7176055908203125,0.1628570556640625,0.24151611328125
1773063173636131584,85.09155535697937,-0.6254730224609375,0.2033843994140625,0.0599517822265625
1773063173646186496,85.1016104221344,-0.9889678955078125,0.1863861083984375,0.100555419921875
1773063173656242432,85.11166620254517,-1.210662841796875,0.29217529296875,0.259307861328125
1773063173666298368,85.12172222137451,-1.113037109375,0.2642364501953125,0.401702880859375
1773063173676353536,85.13177728652954,-0.8047637939453125,0.26092529296875,0.3166046142578125
1773063173686409472,85.14183330535889,-0.6966094970703125,0.22314453125,0.16229248046875
1773063173696465408,85.15188932418823,-0.9489593505859375,0.2194976806640625,0.067352294921875
1773063173706520576,85.16194438934326,-1.130950927734375,0.269683837890625,0.16888427734375
1773063173716576512,85.17200040817261,-1.0643768310546875,0.3022003173828125,0.33642578125
1773063173726632704,85.18205642700195,-0.8523406982421875,0.2128143310546875,0.287506103515625
1773063173736687360,85.1921112537384,-0.7280120849609375,0.170745849609375,0.2114105224609375
1773063173746743552,85.20216727256775,-0.8758087158203125,0.17626953125,0.150604248046875
1773063173756798464,85.21222233772278,-1.0320587158203125,0.222869873046875,0.222869873046875
1773063173766854400,85.22227835655212,-1.1298065185546875,0.2668914794921875,0.2969970703125
1773063173776910592,85.23233437538147,-1.0656585693359375,0.3162841796875,0.2687225341796875
1773063173786965248,85.24238920211792,-0.8549652099609375,0.2647247314453125,0.233856201171875
1773063173797021440,85.25244522094727,-0.8155670166015625,0.1923828125,0.1986236572265625
1773063173807077376,85.26250123977661,-0.91845703125,0.212799072265625,0.2256927490234375
1773063173817132544,85.27255630493164,-1.0205535888671875,0.236724853515625,0.295379638671875
1773063173827188480,85.28261232376099,-1.018768310546875,0.2479095458984375,0.319000244140625
1773063173837244416,85.29266834259033,-0.9124298095703125,0.2220916748046875,0.272430419921875
1773063173847299584,85.30272340774536,-0.832244873046875,0.1834869384765625,0.2250213623046875
1773063173857355520,85.3127794265747,-0.869415283203125,0.2199554443359375,0.2162322998046875
1773063173867411456,85.32283520698547,-0.97039794921875,0.27520751953125,0.2490081787109375
1773063173877466368,85.3328902721405,-1.038299560546875,0.3132171630859375,0.2698822021484375
1773063173887522560,85.34294629096985,-1.0089569091796875,0.2911376953125,0.240234375
1773063173897577472,85.35300135612488,-0.9188385009765625,0.2169647216796875,0.202911376953125
1773063173907633664,85.36305737495422,-0.8829803466796875,0.1785888671875,0.213470458984375
1773063173917689600,85.37311339378357,-0.9165802001953125,0.1966705322265625,0.2656707763671875
1773063173927744512,85.38316822052002,-0.9435272216796875,0.1944427490234375,0.266510009765625
1773063173937800448,85.39322423934937,-0.9210052490234375,0.174896240234375,0.234710693359375
1773063173947856384,85.40328025817871,-0.864227294921875,0.16510009765625,0.2311859130859375
1773063173957911552,85.41333532333374,-0.831512451171875,0.1848907470703125,0.2483367919921875
1773063173967967488,85.42339134216309,-0.8465118408203125,0.21392822265625,0.265411376953125
1773063173978023424,85.43344736099243,-0.8757171630859375,0.22314453125,0.2663421630859375
1773063173988078592,85.44350242614746,-0.887725830078125,0.2079925537109375,0.2652130126953125
1773063173998134272,85.45355820655823,-0.8972320556640625,0.200592041015625,0.2709503173828125
1773063174008190464,85.46361422538757,-0.9228668212890625,0.2215118408203125,0.2612762451171875
1773063174018245376,85.4736692905426,-0.9511260986328125,0.27569580078125,0.27716064453125
1773063174028301568,85.48372530937195,-0.990020751953125,0.3081817626953125,0.281524658203125
1773063174038356480,85.49378037452698,-1.0067596435546875,0.269683837890625,0.256805419921875
1773063174048412672,85.50383639335632,-0.9698486328125,0.2250518798828125,0.2628936767578125
1773063174058468608,85.51389241218567,-0.9385528564453125,0.2119293212890625,0.313385009765625
1773063174068523520,85.52394723892212,-0.9460296630859375,0.215576171875,0.3764190673828125
1773063174078579456,85.53400325775146,-0.97686767578125,0.2172698974609375,0.3840789794921875
1773063174088635392,85.54405927658081,-0.9843292236328125,0.213165283203125,0.3473052978515625
1773063174098690560,85.55411434173584,-0.962371826171875,0.2060546875,0.3016815185546875
1773063174108746496,85.56417036056519,-0.9304962158203125,0.203887939453125,0.2862396240234375
1773063174118802432,85.57422637939453,-0.90972900390625,0.205413818359375,0.29302978515625
1773063174128857344,85.58428120613098,-0.911285400390625,0.203369140625,0.3000946044921875
1773063174138913280,85.59433722496033,-0.9109039306640625,0.206298828125,0.2977447509765625
1773063174148968448,85.60439229011536,-0.909027099609375,0.204376220703125,0.3029632568359375
1773063174159024384,85.6144483089447,-0.9253997802734375,0.2068634033203125,0.3068389892578125
1773063174169080576,85.62450432777405,-0.9378662109375,0.1824188232421875,0.3092498779296875
1773063174179135488,85.63455939292908,-0.9312744140625,0.15576171875,0.3090362548828125
1773063174189191680,85.64461541175842,-0.9159393310546875,0.1588592529296875,0.320831298828125
1773063174199247616,85.65467143058777,-0.9041290283203125,0.1667633056640625,0.32159423828125
1773063174209302528,85.66472625732422,-0.9064788818359375,0.170745849609375,0.3152313232421875
1773063174219358464,85.67478227615356,-0.9148712158203125,0.169677734375,0.310882568359375
1773063174229414400,85.68483829498291,-0.919464111328125,0.1734161376953125,0.313720703125
1773063174239469568,85.69489336013794,-0.914459228515625,0.1765594482421875,0.3267059326171875
1773063174249525504,85.70494937896729,-0.9033660888671875,0.1912384033203125,0.3489227294921875
1773063174259580416,85.71500420570374,-0.9420013427734375,0.2083282470703125,0.3333740234375
1773063174269636352,85.72506022453308,-0.9727630615234375,0.219635009765625,0.3307037353515625
1773063174279692288,85.73511624336243,-0.96624755859375,0.2174835205078125,0.342254638671875
1773063174289747456,85.74517130851746,-0.94244384765625,0.20062255859375,0.3495330810546875
1773063174299803392,85.7552273273468,-0.916290283203125,0.19842529296875,0.3548431396484375
1773063174309859584,85.76528334617615,-0.9036407470703125,0.1934967041015625,0.3524169921875
1773063174319914496,85.77533841133118,-0.9119873046875,0.1943817138671875,0.3368682861328125
1773063174329970688,85.78539443016052,-0.923095703125,0.1925506591796875,0.33111572265625
1773063174340026368,85.79545021057129,-0.9270172119140625,0.189300537109375,0.3447113037109375
1773063174350081536,85.80550527572632,-0.92364501953125,0.1819305419921875,0.3446044921875
1773063174360137472,85.81556129455566,-0.92340087890625,0.174896240234375,0.3311309814453125
1773063174370193408,85.82561731338501,-0.921661376953125,0.1763153076171875,0.3085174560546875
1773063174380248576,85.83567237854004,-0.90948486328125,0.180572509765625,0.3161163330078125
1773063174390304512,85.84572839736938,-0.9143218994140625,0.1734771728515625,0.32647705078125
1773063174400359424,85.85578322410583,-0.9191741943359375,0.1598968505859375,0.3251495361328125
1773063174410415360,85.86583924293518,-0.9108428955078125,0.1467437744140625,0.3260345458984375
1773063174420471552,85.87589526176453,-0.9093170166015625,0.1361236572265625,0.333526611328125
1773063174430526464,85.88595032691956,-0.910308837890625,0.1331634521484375,0.3374176025390625
1773063174440582400,85.8960063457489,-0.91986083984375,0.1400146484375,0.324371337890625
1773063174450638592,85.90606236457825,-0.9322967529296875,0.152587890625,0.3087005615234375
1773063174460693504,85.91611742973328,-0.9284210205078125,0.167877197265625,0.3052825927734375
1773063174470749440,85.92617321014404,-0.91131591796875,0.1728057861328125,0.3019561767578125
1773063174480805376,85.93622922897339,-0.8929595947265625,0.169769287109375,0.3074188232421875
1773063174490860544,85.94628429412842,-0.904388427734375,0.1995086669921875,0.3354034423828125
1773063174500916480,85.95634031295776,-0.96533203125,0.2410125732421875,0.3638458251953125
1773063174510971648,85.9663953781128,-0.9912261962890625,0.212371826171875,0.350830078125
1773063174521027584,85.97645139694214,-0.96563720703125,0.17236328125,0.3323974609375
1773063174531083520,85.98650741577148,-0.918426513671875,0.1734466552734375,0.334014892578125
1773063174541138432,85.99656224250793,-0.86737060546875,0.18536376953125,0.31524658203125
1773063174551194368,86.00661826133728,-0.8454742431640625,0.169281005859375,0.291717529296875
1773063174561250560,86.01667428016663,-0.858062744140625,0.1183319091796875,0.3319549560546875
1773063174571305472,86.02672934532166,-0.89788818359375,0.0846099853515625,0.3838653564453125
1773063174581361408,86.036785364151,-0.9405975341796875,0.0872955322265625,0.3839111328125
1773063174591417600,86.04684138298035,-0.954681396484375,0.1211700439453125,0.3337249755859375
1773063174601472256,86.0568962097168,-0.9133148193359375,0.1740875244140625,0.2796783447265625
1773063174611528448,86.06695222854614,-0.8233642578125,0.221435546875,0.27471923828125
1773063174621583360,86.07700729370117,-0.8326416015625,0.1912841796875,0.3875732421875
1773063174631639552,86.08706331253052,-0.9042816162109375,0.15972900390625,0.2326812744140625
1773063174641695488,86.09711933135986,-0.9282379150390625,0.173858642578125,0.2488555908203125
1773063174651750656,86.10717439651489,-0.9996185302734375,0.262237548828125,0.3786163330078125
1773063174661806592,86.11723041534424,-1.050262451171875,0.2659912109375,0.385406494140625
1773063174671862528,86.12728643417358,-1.037078857421875,0.1837615966796875,0.3808441162109375
1773063174681917440,86.13734126091003,-1.000823974609375,0.1241607666015625,0.3935394287109375
1773063174691973376,86.14739727973938,-0.987823486328125,0.0708465576171875,0.395050048828125
1773063174702029568,86.15745329856873,-0.9937896728515625,0.065460205078125,0.37506103515625
1773063174712084480,86.16750836372375,-1.0055694580078125,0.119964599609375,0.34771728515625
1773063174722140672,86.1775643825531,-0.9965057373046875,0.1904754638671875,0.3054656982421875
1773063174732196608,86.18762040138245,-0.9577789306640625,0.2065887451171875,0.2858428955078125
1773063174742251520,86.1976752281189,-0.9011993408203125,0.165496826171875,0.2884368896484375
1773063174752307456,86.20773124694824,-0.863525390625,0.1132659912109375,0.30267333984375
1773063174762362368,86.21778631210327,-0.85113525390625,0.0855560302734375,0.331329345703125
1773063174772418560,86.22784233093262,-0.8857574462890625,0.11114501953125,0.3541717529296875
1773063174782474496,86.23789834976196,-0.9306488037109375,0.137939453125,0.3486328125
1773063174792529664,86.24795341491699,-0.9388275146484375,0.1445770263671875,0.33392333984375
1773063174802585600,86.25800943374634,-0.927001953125,0.1670074462890625,0.33721923828125
1773063174812641280,86.2680652141571,-0.937164306640625,0.1748046875,0.317779541015625
1773063174822696448,86.27812027931213,-0.9598388671875,0.152557373046875,0.2869873046875
1773063174832752384,86.28817629814148,-0.97021484375,0.1475677490234375,0.3177490234375
1773063174842808576,86.29823231697083,-0.9822998046875,0.1570892333984375,0.35498046875
1773063174852863488,86.30828738212585,-0.991180419921875,0.1508026123046875,0.33001708984375
1773063174862919680,86.3183434009552,-0.94122314453125,0.1553802490234375,0.30535888671875
1773063174872974336,86.32839822769165,-0.8793792724609375,0.2002410888671875,0.3408355712890625
1773063174883030528,86.338454246521,-0.874267578125,0.198272705078125,0.3720855712890625
1773063174893086464,86.34851026535034,-0.9138641357421875,0.1610107421875,0.3864288330078125
1773063174903141376,86.35856533050537,-0.9644622802734375,0.1679840087890625,0.399505615234375
1773063174913197568,86.36862134933472,-1.0012664794921875,0.192169189453125,0.3665313720703125
1773063174923253504,86.37867736816406,-0.9752044677734375,0.206451416015625,0.33544921875
1773063174933308672,86.38873243331909,-0.9273223876953125,0.216064453125,0.3218231201171875
1773063174943364352,86.39878821372986,-0.90484619140625,0.20068359375,0.302734375
1773063174953420288,86.4088442325592,-0.9102325439453125,0.1815032958984375,0.288177490234375
1773063174963475456,86.41889929771423,-0.9255523681640625,0.178741455078125,0.2993927001953125
1773063174973531392,86.42895531654358,-0.9309844970703125,0.16925048828125,0.315704345703125
1773063174983586560,86.43901038169861,-0.9328765869140625,0.1608734130859375,0.32562255859375
1773063174993642496,86.44906640052795,-0.9373779296875,0.1554107666015625,0.3198089599609375
1773063175003698688,86.4591224193573,-0.9377288818359375,0.1568603515625,0.311767578125
1773063175013753344,86.46917724609375,-0.9377288818359375,0.16156005859375,0.310760498046875
1773063175023809536,86.4792332649231,-0.9428253173828125,0.156494140625,0.294189453125
1773063175033865472,86.48928928375244,-0.939239501953125,0.1487884521484375,0.2780914306640625
1773063175043920640,86.49934434890747,-0.94769287109375,0.1581268310546875,0.281005859375
1773063175053976576,86.50940036773682,-0.976470947265625,0.1619720458984375,0.28070068359375
1773063175064032512,86.51945638656616,-0.990875244140625,0.1752471923828125,0.2719268798828125
1773063175074087424,86.52951121330261,-0.9868621826171875,0.1930694580078125,0.2800140380859375
1773063175084143360,86.53956723213196,-0.9747161865234375,0.1950531005859375,0.290496826171875
1773063175094199296,86.5496232509613,-0.9514617919921875,0.1832122802734375,0.2860107421875
1773063175104254464,86.55967831611633,-0.923797607421875,0.1632232666015625,0.285491943359375
1773063175114310400,86.56973433494568,-0.9058380126953125,0.1650543212890625,0.292449951171875
1773063175124365568,86.57978940010071,-0.9193572998046875,0.185455322265625,0.305206298828125
1773063175134421504,86.58984541893005,-0.95782470703125,0.208740234375,0.305328369140625
1773063175144477440,86.59990119934082,-0.9919586181640625,0.223663330078125,0.3128204345703125
1773063175154532352,86.60995626449585,-1.0076446533203125,0.23272705078125,0.319427490234375
1773063175164588544,86.6200122833252,-0.99591064453125,0.2116546630859375,0.324249267578125
1773063175174644480,86.63006830215454,-0.9626312255859375,0.1801910400390625,0.3261871337890625
1773063175184699648,86.64012336730957,-0.9326324462890625,0.1662139892578125,0.3106231689453125
1773063175194755584,86.65017938613892,-0.917327880859375,0.158966064453125,0.2935028076171875
1773063175204811520,86.66023540496826,-0.9083099365234375,0.1714935302734375,0.280120849609375
1773063175214866432,86.67029023170471,-0.9078369140625,0.1963348388671875,0.2813262939453125
1773063175224922368,86.68034625053406,-0.90728759765625,0.2160491943359375,0.2819671630859375
1773063175234977536,86.69040131568909,-0.89251708984375,0.2234344482421875,0.2890167236328125
1773063175245033472,86.70045733451843,-0.8720245361328125,0.214599609375,0.2970733642578125
1773063175255089408,86.71051335334778,-0.855499267578125,0.190826416015625,0.2918701171875
1773063175265144576,86.72056841850281,-0.856964111328125,0.174468994140625,0.2655029296875
1773063175275200256,86.73062419891357,-0.87347412109375,0.1790771484375,0.2412261962890625
1773063175285256448,86.74068021774292,-0.8931884765625,0.2033538818359375,0.243072509765625
1773063175295311360,86.75073528289795,-0.913543701171875,0.206573486328125,0.2569122314453125
1773063175305367552,86.7607913017273,-0.9294586181640625,0.2071533203125,0.2734375
1773063175315423488,86.77084732055664,-0.940277099609375,0.2059783935546875,0.2801055908203125
1773063175325478656,86.78090238571167,-0.92828369140625,0.2014923095703125,0.2742462158203125
1773063175335534592,86.79095840454102,-0.9263916015625,0.2064208984375,0.262969970703125
1773063175345589504,86.80101323127747,-0.948883056640625,0.2089385986328125,0.250152587890625
1773063175355645440,86.81106925010681,-0.9664764404296875,0.208831787109375,0.25848388671875
1773063175365701376,86.82112526893616,-0.9750518798828125,0.216949462890625,0.26470947265625
1773063175375756544,86.83118033409119,-0.9792633056640625,0.2021484375,0.257354736328125
1773063175385812480,86.84123635292053,-0.9459381103515625,0.180419921875,0.2521209716796875
1773063175395868416,86.85129237174988,-0.909576416015625,0.1682281494140625,0.2530517578125
1773063175405923328,86.86134719848633,-0.9012298583984375,0.1570892333984375,0.24444580078125
1773063175415979264,86.87140321731567,-0.907257080078125,0.1505584716796875,0.218231201171875
1773063175426035456,86.88145923614502,-0.89990234375,0.1628265380859375,0.2009735107421875
1773063175436089856,86.89151358604431,-0.8766021728515625,0.1872711181640625,0.21575927734375
1773063175446145792,86.90156960487366,-0.861480712890625,0.202056884765625,0.24285888671875
1773063175456201728,86.911625623703,-0.880035400390625,0.200836181640625,0.2857666015625
1773063175466256896,86.92168068885803,-0.9268951416015625,0.1964263916015625,0.32586669921875
1773063175476312832,86.93173670768738,-0.9643402099609375,0.172210693359375,0.3195953369140625
1773063175486368000,86.94179177284241,-0.9778900146484375,0.1547393798828125,0.2731170654296875
1773063175496423936,86.95184779167175,-0.9781341552734375,0.153778076171875,0.2280120849609375
1773063175506479872,86.9619038105011,-0.98431396484375,0.16912841796875,0.23834228515625
1773063175516534784,86.97195863723755,-0.9949951171875,0.203857421875,0.3028106689453125
1773063175526590720,86.9820146560669,-1.005950927734375,0.2229766845703125,0.34326171875
1773063175536646912,86.99207067489624,-1.0061798095703125,0.21142578125,0.32562255859375
1773063175546701824,87.00212574005127,-0.9627838134765625,0.19451904296875,0.3135833740234375
1773063175556758016,87.01218175888062,-0.9055633544921875,0.1691131591796875,0.321868896484375
1773063175566813952,87.02223777770996,-0.8903961181640625,0.1448516845703125,0.3162384033203125
1773063175576868864,87.03229260444641,-0.9229278564453125,0.125244140625,0.28076171875
1773063175586924800,87.04234862327576,-0.9439544677734375,0.1397705078125,0.245941162109375
1773063175596979968,87.05240368843079,-0.931549072265625,0.17279052734375,0.2515869140625
1773063175607035904,87.06245970726013,-0.9167327880859375,0.2015533447265625,0.2805633544921875
1773063175617091840,87.07251572608948,-0.929595947265625,0.2106475830078125,0.304779052734375
1773063175627147008,87.0825707912445,-0.9578094482421875,0.1820068359375,0.3187255859375
1773063175637202944,87.09262681007385,-0.9731903076171875,0.150299072265625,0.3327789306640625
1773063175647258880,87.10268259048462,-0.972503662109375,0.1365966796875,0.344940185546875
1773063175657313792,87.11273765563965,-0.9649200439453125,0.135040283203125,0.330841064453125
1773063175667369728,87.122793674469,-0.958709716796875,0.142486572265625,0.299652099609375
1773063175677425920,87.13284969329834,-0.955474853515625,0.161865234375,0.2688446044921875
1773063175687480832,87.14290475845337,-0.9520721435546875,0.1768951416015625,0.248291015625
1773063175697537024,87.15296077728271,-0.9497528076171875,0.1774444580078125,0.2436065673828125
1773063175707591680,87.16301560401917,-0.945343017578125,0.1643218994140625,0.2824249267578125
1773063175717647872,87.17307162284851,-0.934417724609375,0.157867431640625,0.3333587646484375
1773063175727703808,87.18312764167786,-0.9407501220703125,0.169921875,0.360198974609375
1773063175737758976,87.19318270683289,-0.9595184326171875,0.1621856689453125,0.329925537109375
1773063175747814912,87.20323872566223,-0.9473419189453125,0.1353912353515625,0.2669219970703125
1773063175757870848,87.21329474449158,-0.918731689453125,0.152313232421875,0.233642578125
1773063175767926016,87.2233498096466,-0.9220428466796875,0.176971435546875,0.24755859375
1773063175777981696,87.23340559005737,-0.9462127685546875,0.1717376708984375,0.273681640625
1773063175788037888,87.24346160888672,-0.9646148681640625,0.1490631103515625,0.2933349609375
1773063175798092800,87.25351667404175,-0.9634857177734375,0.1213226318359375,0.32220458984375
1773063175808148736,87.2635726928711,-0.94586181640625,0.12518310546875,0.32305908203125
1773063175818204928,87.27362871170044,-0.933685302734375,0.133392333984375,0.28851318359375
1773063175828259840,87.28368377685547,-0.9223175048828125,0.1446533203125,0.2554779052734375
1773063175838316032,87.29373979568481,-0.9267578125,0.173370361328125,0.246673583984375
1773063175848370688,87.30379462242126,-0.93939208984375,0.1796112060546875,0.2420196533203125
1773063175858426880,87.31385064125061,-0.9420623779296875,0.1535797119140625,0.2430419921875
1773063175868482816,87.32390666007996,-0.9346771240234375,0.1347198486328125,0.26861572265625
1773063175878537984,87.33396172523499,-0.9254302978515625,0.1307220458984375,0.3199310302734375
1773063175888593920,87.34401774406433,-0.9338836669921875,0.139312744140625,0.35400390625
1773063175898649856,87.35407376289368,-0.95343017578125,0.131011962890625,0.32281494140625
1773063175908704768,87.36412858963013,-0.958984375,0.1371307373046875,0.3020172119140625
1773063175918760704,87.37418460845947,-0.9564666748046875,0.162139892578125,0.3076019287109375
1773063175928816896,87.38424062728882,-0.955657958984375,0.1614990234375,0.3052520751953125
1773063175938871808,87.39429569244385,-0.96221923828125,0.1438446044921875,0.300872802734375
1773063175948928000,87.4043517112732,-0.9599609375,0.13970947265625,0.3069000244140625
1773063175958982912,87.41440677642822,-0.9456787109375,0.147552490234375,0.3176422119140625
1773063175969038848,87.42446279525757,-0.940704345703125,0.1534576416015625,0.3113861083984375
1773063175979094784,87.43451857566833,-0.94879150390625,0.1548919677734375,0.2863616943359375
1773063175989149696,87.44457364082336,-0.9606475830078125,0.153289794921875,0.265869140625
1773063175999205888,87.45462965965271,-0.9546661376953125,0.1489410400390625,0.2691802978515625
1773063176009261824,87.46468567848206,-0.9367828369140625,0.166717529296875,0.3058624267578125
1773063176019316992,87.47474074363708,-0.936737060546875,0.1604766845703125,0.3319549560546875
1773063176029372928,87.48479676246643,-0.930328369140625,0.1310882568359375,0.3228912353515625
1773063176039428864,87.49485278129578,-0.91827392578125,0.121978759765625,0.298370361328125
1773063176049483776,87.50490760803223,-0.9184722900390625,0.13885498046875,0.2788238525390625
1773063176059539712,87.51496362686157,-0.925567626953125,0.1609039306640625,0.253692626953125
1773063176069594880,87.5250186920166,-0.932403564453125,0.1687164306640625,0.2532501220703125
1773063176079650816,87.53507471084595,-0.941497802734375,0.166748046875,0.2834625244140625
1773063176089707008,87.5451307296753,-0.9524078369140625,0.1522369384765625,0.3052215576171875
1773063176099761920,87.55518579483032,-0.9585723876953125,0.126251220703125,0.3021392822265625
1773063176109817856,87.56524157524109,-0.9435272216796875,0.1148681640625,0.305084228515625
1773063176119873792,87.57529759407043,-0.920166015625,0.132171630859375,0.308990478515625
1773063176129928704,87.58535265922546,-0.9229278564453125,0.1544952392578125,0.3022613525390625
1773063176139984896,87.59540867805481,-0.943450927734375,0.1596527099609375,0.285369873046875
1773063176150040832,87.60546469688416,-0.9611968994140625,0.15667724609375,0.274932861328125
1773063176160096000,87.61551976203918,-0.9709014892578125,0.1604766845703125,0.3018798828125
1773063176170151936,87.62557578086853,-0.96270751953125,0.1632232666015625,0.32562255859375
1773063176180206848,87.63563060760498,-0.9539794921875,0.1368255615234375,0.3205413818359375
1773063176190262784,87.64568662643433,-0.9384307861328125,0.1237945556640625,0.3204803466796875
1773063176200318720,87.65574264526367,-0.919921875,0.1384735107421875,0.3242645263671875
1773063176210373888,87.6657977104187,-0.92431640625,0.144439697265625,0.3091278076171875
1773063176220429824,87.67585372924805,-0.94189453125,0.1478118896484375,0.2911529541015625
1773063176230486016,87.68590974807739,-0.95074462890625,0.1586761474609375,0.281585693359375
1773063176240540672,87.69596457481384,-0.9543914794921875,0.1698455810546875,0.284454345703125
1773063176250596864,87.70602059364319,-0.9558868408203125,0.1635284423828125,0.2943572998046875
1773063176260652800,87.71607661247253,-0.9483642578125,0.13690185546875,0.302581787109375
1773063176270707968,87.72613167762756,-0.9422760009765625,0.12188720703125,0.30718994140625
1773063176280763904,87.73618769645691,-0.943084716796875,0.1280517578125,0.309234619140625
1773063176290819840,87.74624371528625,-0.9437255859375,0.1422576904296875,0.297607421875
1773063176300875008,87.75629878044128,-0.94195556640625,0.154876708984375,0.270233154296875
1773063176310930944,87.76635479927063,-0.9387359619140625,0.15704345703125,0.252685546875
1773063176320985856,87.77640962600708,-0.9285736083984375,0.1560821533203125,0.2480316162109375
1773063176331041792,87.78646564483643,-0.9225311279296875,0.1451873779296875,0.2649993896484375
1773063176341097728,87.79652166366577,-0.93994140625,0.126556396484375,0.2881622314453125
1773063176351152896,87.8065767288208,-0.9597015380859375,0.1063232421875,0.3037109375
1773063176361208832,87.81663274765015,-0.96539306640625,0.102752685546875,0.3055877685546875
1773063176371265024,87.82668876647949,-0.9638671875,0.1180267333984375,0.300445556640625
1773063176381319680,87.83674359321594,-0.9614715576171875,0.14141845703125,0.287017822265625
1773063176391375872,87.84679961204529,-0.96270751953125,0.15374755859375,0.254302978515625
1773063176401431808,87.85685563087463,-0.9509429931640625,0.1489410400390625,0.2310638427734375
1773063176411486976,87.86691069602966,-0.9235992431640625,0.14990234375,0.2378692626953125
1773063176421542912,87.87696671485901,-0.910736083984375,0.161529541015625,0.2861328125
1773063176431597824,87.88702178001404,-0.941680908203125,0.1726226806640625,0.3420257568359375
1773063176441653248,87.89707708358765,-0.998077392578125,0.1634979248046875,0.3379974365234375
1773063176451709184,87.90713310241699,-1.0172576904296875,0.1412353515625,0.289581298828125
1773063176461764352,87.91718816757202,-0.9859771728515625,0.1374359130859375,0.24078369140625
1773063176471820032,87.92724394798279,-0.944854736328125,0.1562347412109375,0.20294189453125
1773063176481876224,87.93729996681213,-0.878509521484375,0.1309967041015625,0.184051513671875
1773063176491931136,87.94735503196716,-0.8249053955078125,0.1030731201171875,0.2085418701171875
1773063176501987328,87.95741105079651,-0.8802490234375,0.1384429931640625,0.275299072265625
1773063176512043264,87.96746706962585,-1.0084228515625,0.1513824462890625,0.2899017333984375
1773063176522098176,87.97752213478088,-1.0640869140625,0.1440582275390625,0.2952117919921875
1773063176532154368,87.98757815361023,-1.05401611328125,0.1329193115234375,0.2960052490234375
1773063176542209024,87.99763298034668,-1.0096282958984375,0.1331787109375,0.234100341796875
1773063176552265216,88.00768899917603,-0.9303436279296875,0.127410888671875,0.1594696044921875
1773063176562321152,88.01774501800537,-0.8563232421875,0.1235809326171875,0.1634979248046875
1773063176572376320,88.0278000831604,-0.8662261962890625,0.1414947509765625,0.2039642333984375
1773063176582432256,88.03785610198975,-0.914794921875,0.136962890625,0.2332305908203125
1773063176592488192,88.04791212081909,-0.957427978515625,0.115325927734375,0.25714111328125
1773063176602543360,88.05796718597412,-0.982421875,0.118072509765625,0.2706146240234375
1773063176612599040,88.06802296638489,-0.9934844970703125,0.12042236328125,0.2450714111328125
1773063176622655232,88.07807898521423,-0.984893798828125,0.128509521484375,0.1821441650390625
1773063176632710144,88.08813405036926,-0.9685516357421875,0.1533050537109375,0.158782958984375
1773063176642766336,88.09819006919861,-0.974273681640625,0.1794281005859375,0.1710968017578125
1773063176652821248,88.10824513435364,-0.992034912109375,0.1814422607421875,0.17083740234375
1773063176662877440,88.11830115318298,-0.987152099609375,0.1292877197265625,0.184326171875
1773063176672933376,88.12835717201233,-0.9743194580078125,0.09503173828125,0.229461669921875
1773063176682988288,88.13841199874878,-0.990997314453125,0.0833282470703125,0.2507476806640625
1773063176693044224,88.14846801757812,-1.013427734375,0.0908050537109375,0.257720947265625
1773063176703100160,88.15852403640747,-1.0419769287109375,0.109710693359375,0.233734130859375
1773063176713155328,88.1685791015625,-1.0263519287109375,0.1118316650390625,0.1855926513671875
1773063176723211264,88.17863512039185,-1.0049896240234375,0.1313629150390625,0.1973114013671875
1773063176733267200,88.18869113922119,-0.9888916015625,0.2027130126953125,0.2458343505859375
1773063176743322112,88.19874596595764,-1.000457763671875,0.22137451171875,0.323211669921875
1773063176753378048,88.20880198478699,-1.08148193359375,0.2018280029296875,0.3646087646484375
1773063176763433216,88.21885704994202,-1.1554107666015625,0.1629791259765625,0.35150146484375
1773063176773489152,88.22891306877136,-1.1592254638671875,0.1533203125,0.2815399169921875
1773063176783545344,88.23896908760071,-1.1038055419921875,0.166107177734375,0.2152862548828125
1773063176793600256,88.24902415275574,-1.011199951171875,0.194915771484375,0.2013092041015625
1773063176803656448,88.25908017158508,-0.9093170166015625,0.2047576904296875,0.197265625
1773063176813712128,88.26913595199585,-0.8274078369140625,0.17205810546875,0.174346923828125
1773063176823767296,88.27919101715088,-0.792572021484375,0.115936279296875,0.142486572265625
1773063176833823232,88.28924703598022,-0.8325042724609375,0.069366455078125,0.0968780517578125
1773063176843879168,88.29930305480957,-0.9139862060546875,0.131683349609375,-0.0174560546875
1773063176853934336,88.3093581199646,-0.87823486328125,0.1894073486328125,-0.070953369140625
1773063176863990272,88.31941413879395,-0.825927734375,0.1885833740234375,0.0386199951171875
1773063176874045184,88.3294689655304,-0.88482666015625,0.21978759765625,0.178558349609375
1773063176884101120,88.33952498435974,-1.008544921875,0.2043304443359375,0.225311279296875
1773063176894157056,88.34958100318909,-1.052001953125,0.131317138671875,0.22747802734375
1773063176904212224,88.35963606834412,-1.0344696044921875,0.1826019287109375,0.2310333251953125
1773063176914268160,88.36969208717346,-1.0453338623046875,0.29534912109375,0.08624267578125
1773063176924324352,88.37974810600281,-0.9512481689453125,0.259429931640625,0.0308685302734375
1773063176934379264,88.38980317115784,-0.8464508056640625,0.1401824951171875,0.1214752197265625
1773063176944435200,88.3998589515686,-0.8535308837890625,0.08709716796875,0.1365966796875
1773063176954491136,88.40991497039795,-0.918853759765625,0.1100921630859375,0.2063446044921875
1773063176964546304,88.41997003555298,-1.0489044189453125,0.2045745849609375,0.300048828125
1773063176974602240,88.43002605438232,-1.177490234375,0.289947509765625,0.1540069580078125
1773063176984658176,88.44008207321167,-1.092010498046875,0.3020477294921875,0.0709686279296875
1773063176994713344,88.4501371383667,-0.908538818359375,0.2473602294921875,-0.020599365234375
1773063177004769280,88.46019315719604,-0.7887420654296875,0.221221923828125,-0.128631591796875
1773063177014824192,88.4702479839325,-0.74835205078125,0.1717529296875,-0.0268096923828125
1773063177024880128,88.48030400276184,-0.9187774658203125,0.196197509765625,0.176513671875
1773063177034936064,88.49036002159119,-1.217681884765625,0.2157135009765625,0.2876739501953125
1773063177044991232,88.50041508674622,-1.3661651611328125,0.359222412109375,0.3608856201171875
1773063177055047168,88.51047110557556,-1.3310089111328125,0.382568359375,0.338226318359375
1773063177065103360,88.52052712440491,-1.1153564453125,0.1853485107421875,0.041656494140625
1773063177075158016,88.53058195114136,-0.857696533203125,0.2775726318359375,0.02734375
1773063177085214208,88.5406379699707,-0.88128662109375,0.3235931396484375,0.212615966796875
1773063177095269120,88.55069303512573,-1.118621826171875,0.31207275390625,0.3373870849609375
1773063177105325312,88.56074905395508,-1.2743682861328125,0.365997314453125,0.416290283203125
1773063177115381248,88.57080507278442,-1.29718017578125,0.345672607421875,0.3254241943359375
1773063177125436416,88.58086013793945,-1.1753387451171875,0.3636627197265625,0.322509765625
1773063177135492352,88.5909161567688,-1.09716796875,0.2586212158203125,0.17572021484375
1773063177145548288,88.60097217559814,-1.012908935546875,0.1554412841796875,0.0135650634765625
1773063177155603200,88.6110270023346,-0.9375762939453125,0.1187591552734375,-0.091766357421875
1773063177165659136,88.62108302116394,-0.969818115234375,0.1247100830078125,-0.0618743896484375
1773063177175715328,88.63113903999329,-1.022064208984375,0.110870361328125,0.06549072265625
1773063177185770240,88.64119410514832,-1.0535736083984375,0.0970611572265625,0.1083831787109375
1773063177195826176,88.65125012397766,-1.040283203125,0.2432861328125,0.1868896484375
1773063177205882368,88.661306142807,-1.0452880859375,0.33477783203125,0.1595611572265625
1773063177215937024,88.67136096954346,-1.0023193359375,0.2620697021484375,0.1062469482421875
1773063177225993216,88.6814169883728,-0.9244384765625,0.25347900390625,0.0909881591796875
1773063177236048128,88.69147205352783,-0.8730316162109375,0.3007659912109375,0.1401824951171875
1773063177246104320,88.70152807235718,-0.8829803466796875,0.3020477294921875,0.2238311767578125
1773063177256160256,88.71158409118652,-0.9063262939453125,0.3042755126953125,0.1778564453125
1773063177266215424,88.72163915634155,-0.9107208251953125,0.3765716552734375,0.145416259765625
1773063177276271360,88.7316951751709,-0.894805908203125,0.37548828125,0.2052154541015625
1773063177286327040,88.74175095558167,-0.8704071044921875,0.299591064453125,0.195953369140625
1773063177296382208,88.7518060207367,-0.8053131103515625,0.2397308349609375,0.16412353515625
1773063177306438144,88.76186203956604,-0.7601470947265625,0.18499755859375,0.127960205078125
1773063177316494336,88.77191805839539,-0.7548828125,0.118011474609375,0.1338958740234375
1773063177326549248,88.78197312355042,-0.785186767578125,0.1502532958984375,0.1676177978515625
1773063177336605184,88.79202914237976,-0.8455657958984375,0.2251434326171875,0.0662384033203125
1773063177346660096,88.80208396911621,-0.8392486572265625,0.2819061279296875,-0.0095062255859375
1773063177356716032,88.81213998794556,-0.8374481201171875,0.307159423828125,0.0088043212890625
1773063177366772224,88.8221960067749,-0.851165771484375,0.2877349853515625,0.0859222412109375
1773063177376827136,88.83225107192993,-0.84185791015625,0.265777587890625,0.1759490966796875
1773063177386883328,88.84230709075928,-0.8374176025390625,0.2584991455078125,0.2115478515625
1773063177396939264,88.85236310958862,-0.8268585205078125,0.2868499755859375,0.2298126220703125
1773063177406994432,88.86241817474365,-0.8454437255859375,0.3448333740234375,0.180877685546875
1773063177417050112,88.87247395515442,-0.85504150390625,0.36053466796875,0.0773162841796875
1773063177427106048,88.88252997398376,-0.8296661376953125,0.307281494140625,-0.0419158935546875
1773063177437161472,88.89258527755737,-0.7978973388671875,0.2326507568359375,-0.0876617431640625
1773063177447217408,88.90264129638672,-0.844635009765625,0.2102203369140625,-0.017486572265625
1773063177457272576,88.91269636154175,-0.933929443359375,0.173095703125,0.0592803955078125
1773063177467328512,88.9227523803711,-0.97235107421875,0.1641998291015625,0.1316680908203125
1773063177477384448,88.93280839920044,-0.9706573486328125,0.1916046142578125,0.1586456298828125
1773063177487439360,88.94286322593689,-0.9531402587890625,0.270233154296875,0.162200927734375
1773063177497495296,88.95291924476624,-0.9576263427734375,0.3548736572265625,0.1252899169921875
1773063177507551488,88.96297526359558,-0.9759674072265625,0.3482513427734375,0.0479736328125
1773063177517606400,88.97303032875061,-0.9874267578125,0.322479248046875,0.0115814208984375
1773063177527662592,88.98308634757996,-0.955047607421875,0.1872100830078125,-0.0364990234375
1773063177537718528,88.9931423664093,-0.9194793701171875,0.128021240234375,0.0117645263671875
1773063177547773696,89.00319743156433,-0.9496612548828125,0.137481689453125,0.0603485107421875
1773063177557829376,89.0132532119751,-0.974273681640625,0.1499176025390625,0.07769775390625
1773063177567884544,89.02330827713013,-0.986602783203125,0.2023468017578125,0.0930023193359375
1773063177577940480,89.03336429595947,-0.9873046875,0.24591064453125,0.0284271240234375
1773063177587996416,89.04342031478882,-0.9742431640625,0.2805938720703125,-0.003082275390625
1773063177598051584,89.05347537994385,-0.963165283203125,0.2360992431640625,0.0358123779296875
1773063177608107520,89.0635313987732,-0.9681549072265625,0.1607666015625,-0.028564453125
1773063177618163712,89.07358741760254,-0.9373779296875,0.1891326904296875,-0.0068206787109375
1773063177628218368,89.08364224433899,-0.919189453125,0.2175140380859375,0.0771942138671875
1773063177638274304,89.09369826316833,-0.988433837890625,0.2478485107421875,0.0623321533203125
1773063177648330496,89.10375428199768,-1.027801513671875,0.2495269775390625,-0.0142669677734375
1773063177658385408,89.11380934715271,-0.9736785888671875,0.2376861572265625,-0.04876708984375
1773063177668441600,89.12386536598206,-0.9043121337890625,0.24737548828125,-0.044219970703125
1773063177678496512,89.13392043113708,-0.89361572265625,0.2346343994140625,0.010009765625
1773063177688552448,89.14397621154785,-0.9510955810546875,0.2032623291015625,0.0654296875
1773063177698608384,89.1540322303772,-0.99224853515625,0.21478271484375,0.1078033447265625
1773063177708663552,89.16408729553223,-0.9865570068359375,0.294342041015625,0.133880615234375
1773063177718719488,89.17414331436157,-0.9574737548828125,0.3030242919921875,0.139892578125
1773063177728775424,89.18419933319092,-0.9512481689453125,0.287628173828125,0.107452392578125
1773063177738830592,89.19425439834595,-0.9763946533203125,0.30279541015625,0.0640869140625
1773063177748886528,89.2043104171753,-1.0051727294921875,0.2627716064453125,0.0493316650390625
1773063177758942720,89.21436643600464,-0.9721221923828125,0.1804656982421875,0.0142059326171875
1773063177768997376,89.22442126274109,-0.900970458984375,0.16839599609375,0.0305938720703125
1773063177779053568,89.23447728157043,-0.9011688232421875,0.1831512451171875,0.0593109130859375
1773063177789108480,89.24453234672546,-0.95343017578125,0.174407958984375,0.043243408203125
1773063177799164416,89.25458836555481,-0.987579345703125,0.199676513671875,0.046539306640625
1773063177809220608,89.26464438438416,-1.006103515625,0.2451629638671875,0.00750732421875
1773063177819275264,89.2746992111206,-1.0079345703125,0.2483367919921875,0.0088348388671875
1773063177829331456,89.28475522994995,-0.985076904296875,0.201812744140625,0.0388336181640625
1773063177839387392,89.2948112487793,-0.963104248046875,0.199981689453125,0.0702667236328125
1773063177849442560,89.30486631393433,-0.942962646484375,0.22015380859375,0.09820556640625
1773063177859498496,89.31492233276367,-0.932586669921875,0.2442474365234375,0.1173858642578125
1773063177869554432,89.32497835159302,-0.9432830810546875,0.2574920654296875,0.09259033203125
1773063177879609600,89.33503341674805,-0.9720306396484375,0.2580413818359375,0.0495147705078125
1773063177889665536,89.34508943557739,-0.9817047119140625,0.261962890625,0.021881103515625
1773063177899720448,89.35514426231384,-0.943939208984375,0.2075958251953125,0.02227783203125
1773063177909776384,89.36520028114319,-0.9214324951171875,0.1571044921875,0.014007568359375
1773063177919832576,89.37525629997253,-0.924285888671875,0.14825439453125,0.031982421875
1773063177929887488,89.38531136512756,-0.919158935546875,0.151519775390625,0.0456390380859375
1773063177939943680,89.39536738395691,-0.897735595703125,0.132232666015625,0.0550079345703125
1773063177949999616,89.40542340278625,-0.881622314453125,0.126434326171875,0.081695556640625
1773063177960054272,89.4154782295227,-0.8936004638671875,0.1437225341796875,0.1304931640625
1773063177970110464,89.42553424835205,-0.9122314453125,0.1175384521484375,0.07684326171875
1773063177980166400,89.4355902671814,-0.874267578125,0.1041107177734375,-0.0050048828125
1773063177990221568,89.44564533233643,-0.8296966552734375,0.1601409912109375,0.0426483154296875
1773063178000277504,89.45570135116577,-0.80633544921875,0.1665496826171875,0.033782958984375
1773063178010332672,89.4657564163208,-0.78515625,0.1304931640625,0.0351104736328125
1773063178020388608,89.47581243515015,-0.76165771484375,0.1012420654296875,0.1434478759765625
1773063178030444288,89.48586821556091,-0.8350067138671875,0.0999603271484375,0.2603302001953125
1773063178040499456,89.49592328071594,-0.994964599609375,0.2464599609375,0.1063232421875
1773063178050555392,89.50597929954529,-1.0204925537109375,0.31280517578125,0.0061187744140625
1773063178060611584,89.51603531837463,-0.915802001953125,0.2595977783203125,0.07940673828125
1773063178070666496,89.52609038352966,-0.8016815185546875,0.1202239990234375,0.0737762451171875
1773063178080722688,89.53614640235901,-0.7154541015625,-0.00433349609375,0.0850982666015625
1773063178090778624,89.54620242118835,-0.72601318359375,0.0207672119140625,0.1431427001953125
1773063178100833536,89.5562572479248,-0.910980224609375,0.13812255859375,0.2039337158203125
1773063178110889472,89.56631326675415,-1.0736846923828125,0.2042999267578125,0.0640411376953125
1773063178120944384,89.57636833190918,-1.0405426025390625,0.188751220703125,-0.003265380859375
1773063178131000576,89.58642435073853,-0.869781494140625,0.1953887939453125,0.0866546630859375
1773063178141056512,89.59648036956787,-0.73565673828125,0.0962371826171875,0.1132354736328125
1773063178151111680,89.6065354347229,-0.75152587890625,0.05474853515625,0.224609375
1773063178161167360,89.61659121513367,-0.9650115966796875,0.156707763671875,0.3221893310546875
1773063178171223296,89.62664723396301,-1.208160400390625,0.206787109375,0.2996368408203125
1773063178181278464,89.63670229911804,-1.2050628662109375,0.1328277587890625,0.162933349609375
1773063178191334400,89.64675831794739,-0.985260009765625,0.01141357421875,0.023345947265625
1773063178201390592,89.65681433677673,-0.7478485107421875,0.0104217529296875,0.041351318359375
1773063178211445504,89.66686940193176,-0.73785400390625,0.0473480224609375,0.04852294921875
1773063178221501696,89.67692542076111,-0.902740478515625,0.0394744873046875,0.0089263916015625
1773063178231556352,89.68698024749756,-0.97802734375,-0.0017547607421875,0.089569091796875
1773063178241612544,89.6970362663269,-0.984954833984375,-0.0220794677734375,0.271697998046875
1773063178251668480,89.70709228515625,-1.071990966796875,0.0024871826171875,0.1810455322265625
1773063178261723392,89.71714735031128,-1.0241851806640625,0.016357421875,0.1503753662109375
1773063178271779584,89.72720336914062,-0.91485595703125,0.008575439453125,0.0946044921875
1773063178281835520,89.73725938796997,-0.8558197021484375,-0.0200347900390625,0.01416015625
1773063178291890432,89.74731421470642,-0.8228912353515625,-0.012481689453125,0.05987548828125
1773063178301946368,89.75737023353577,-0.8541107177734375,-0.0333709716796875,0.084228515625
1773063178312002304,89.76742625236511,-0.870452880859375,-0.08880615234375,0.1497955322265625
1773063178322057472,89.77748131752014,-0.94036865234375,-0.118560791015625,0.273712158203125
1773063178332113408,89.78753733634949,-1.0493621826171875,-0.1040191650390625,0.1479644775390625
1773063178342168576,89.79759240150452,-0.9952392578125,-0.0650634765625,0.1140899658203125
1773063178352224512,89.80764842033386,-0.895111083984375,-0.036407470703125,0.0669708251953125
1773063178362280448,89.81770420074463,-0.8054046630859375,-0.0602569580078125,-0.0522918701171875
1773063178372335360,89.82775926589966,-0.754180908203125,-0.0329742431640625,-0.0711669921875
1773063178382391552,89.837815284729,-0.7696380615234375,-0.0943603515625,0.0486297607421875
1773063178392447488,89.84787130355835,-0.895843505859375,-0.1376953125,0.245452880859375
1773063178402502656,89.85792636871338,-1.102752685546875,-0.147064208984375,0.179962158203125
1773063178412558592,89.86798238754272,-1.0664215087890625,-0.07879638671875,0.1474609375
1773063178422614528,89.87803840637207,-0.943084716796875,-0.0547943115234375,0.1510467529296875
1773063178432669440,89.88809323310852,-0.8793182373046875,-0.1042938232421875,0.0764007568359375
1773063178442725632,89.89814949035645,-0.8348236083984375,-0.1807403564453125,-0.0042724609375
1773063178452781568,89.90820550918579,-0.8220062255859375,-0.1113739013671875,0.0095977783203125
1773063178462836736,89.91826057434082,-0.8476104736328125,-0.076568603515625,0.07562255859375
1773063178472892672,89.92831659317017,-0.966064453125,-0.09588623046875,0.2000885009765625
1773063178482947840,89.9383716583252,-1.134674072265625,-0.077423095703125,0.158355712890625
1773063178493003776,89.94842767715454,-1.084197998046875,-0.1607208251953125,0.1113128662109375
1773063178503059712,89.95848345756531,-0.9153594970703125,-0.247528076171875,0.1005859375
1773063178513114624,89.96853852272034,-0.8295745849609375,-0.232452392578125,0.047515869140625
1773063178523170816,89.97859454154968,-0.855224609375,-0.1993865966796875,0.0082855224609375
1773063178533226752,89.98865056037903,-0.9422607421875,-0.13006591796875,0.065185546875
1773063178543281920,89.99870562553406,-1.028411865234375,-0.081756591796875,0.159271240234375
1773063178553337856,90.0087616443634,-1.108306884765625,-0.0963592529296875,0.17926025390625
1773063178563392512,90.01881647109985,-1.0992889404296875,-0.143096923828125,0.16778564453125
1773063178573448704,90.0288724899292,-1.028656005859375,-0.20697021484375,0.0998382568359375
1773063178583504640,90.03892850875854,-0.9660491943359375,-0.26666259765625,0.0475311279296875
1773063178593559808,90.04898357391357,-0.9405364990234375,-0.22509765625,0.0230255126953125
1773063178603615744,90.05903959274292,-0.95611572265625,-0.1351776123046875,-0.02825927734375
1773063178613671680,90.06909561157227,-0.97265625,-0.1502838134765625,0.0481414794921875
1773063178623726848,90.0791506767273,-1.0816650390625,-0.1732025146484375,0.2041473388671875
1773063178633782528,90.08920645713806,-1.1900634765625,-0.2174072265625,0.1771697998046875
1773063178643838720,90.09926247596741,-1.1039581298828125,-0.28497314453125,0.1495819091796875
1773063178653893632,90.10931754112244,-1.0462493896484375,-0.141204833984375,0.1813812255859375
1773063178663949824,90.11937355995178,-1.062652587890625,-0.073272705078125,0.0845794677734375
1773063178674005760,90.12942957878113,-1.0330047607421875,-0.0891571044921875,0.0803985595703125
1773063178684060928,90.13948464393616,-1.0419464111328125,-0.0504150390625,0.1446990966796875
1773063178694116864,90.1495406627655,-1.1091461181640625,-0.1087493896484375,0.117279052734375
1773063178704171776,90.15959548950195,-1.148712158203125,-0.217193603515625,0.1328125
1773063178714227712,90.1696515083313,-1.140289306640625,-0.222137451171875,0.1066741943359375
1773063178724283648,90.17970752716064,-1.100372314453125,-0.19647216796875,0.05792236328125
1773063178734338816,90.18976259231567,-1.069915771484375,-0.168853759765625,0.07958984375
1773063178744394752,90.19981861114502,-1.100006103515625,-0.0889739990234375,0.143585205078125
1773063178754450688,90.20987462997437,-1.1658935546875,-0.0191192626953125,0.111419677734375
1773063178764505600,90.21992945671082,-1.153411865234375,-0.048736572265625,0.0214080810546875
1773063178774561536,90.22998547554016,-1.08154296875,-0.12548828125,0.045928955078125
1773063178784617728,90.2400414943695,-1.102386474609375,-0.1995391845703125,0.0614471435546875
1773063178794672640,90.25009655952454,-1.1539154052734375,-0.2241668701171875,0.0011138916015625
1773063178804728832,90.26015257835388,-1.149871826171875,-0.128082275390625,0.03790283203125
1773063178814783744,90.27020764350891,-1.1289520263671875,-0.150482177734375,0.072601318359375
1773063178824839936,90.28026366233826,-1.1431884765625,-0.1713714599609375,0.0615081787109375
1773063178834895872,90.2903196811676,-1.149444580078125,-0.1146392822265625,0.0116119384765625
1773063178844950784,90.30037450790405,-1.153411865234375,-0.0781402587890625,-0.0154266357421875
1773063178855006720,90.3104305267334,-1.13275146484375,-0.14202880859375,-0.0746917724609375
1773063178865062656,90.32048654556274,-1.0943603515625,-0.2108001708984375,-0.1449432373046875
1773063178875117824,90.33054161071777,-1.0808563232421875,-0.2081756591796875,-0.1002349853515625
1773063178885173760,90.34059762954712,-1.102142333984375,-0.0837554931640625,0.018798828125
1773063178895229696,90.35065364837646,-1.13568115234375,-0.080169677734375,0.016571044921875
1773063178905284608,90.36070847511292,-1.136260986328125,-0.1391448974609375,-0.00384521484375
1773063178915340544,90.37076449394226,-1.1321258544921875,-0.180633544921875,0.0247344970703125
1773063178925395712,90.38081955909729,-1.143951416015625,-0.214385986328125,-0.005126953125
1773063178935451648,90.39087557792664,-1.131500244140625,-0.2154693603515625,-0.106781005859375
1773063178945507840,90.40093159675598,-1.0929107666015625,-0.12640380859375,-0.129150390625
1773063178955562752,90.41098666191101,-1.0483551025390625,-0.0751495361328125,-0.1465606689453125
1773063178965618944,90.42104268074036,-1.0335540771484375,-0.1258544921875,-0.150146484375
1773063178975674624,90.43109846115112,-1.087371826171875,-0.191619873046875,-0.0428466796875
1773063178985729792,90.44115352630615,-1.1866607666015625,-0.2389678955078125,0.009735107421875
1773063178995785728,90.4512095451355,-1.2316436767578125,-0.2556304931640625,-0.0624237060546875
1773063179005841664,90.46126556396484,-1.199554443359375,-0.223907470703125,-0.031890869140625
1773063179015896832,90.47132062911987,-1.1444244384765625,-0.2389068603515625,-0.0102996826171875
1773063179025952768,90.48137664794922,-1.110107421875,-0.2421417236328125,-0.0711517333984375
1773063179036007680,90.49143147468567,-1.10577392578125,-0.21197509765625,-0.1153411865234375
1773063179046063616,90.50148749351501,-1.1390533447265625,-0.1871490478515625,-0.08013916015625
1773063179056119808,90.51154351234436,-1.1810760498046875,-0.1436004638671875,-0.0077362060546875
1773063179066174720,90.52159857749939,-1.2079925537109375,-0.0959014892578125,0.0712890625
1773063179076230656,90.53165459632874,-1.22369384765625,-0.15386962890625,0.0977325439453125
1773063179086286848,90.54171061515808,-1.1934051513671875,-0.2706756591796875,0.0596160888671875
1773063179096341760,90.55176568031311,-1.1341552734375,-0.3061981201171875,0.0418243408203125
1773063179106397696,90.56182146072388,-1.11773681640625,-0.2153778076171875,0.026824951171875
1773063179116453632,90.57187747955322,-1.1370697021484375,-0.2010955810546875,-0.0311279296875
1773063179126508800,90.58193254470825,-1.1212158203125,-0.25469970703125,-0.0570831298828125
1773063179136564736,90.5919885635376,-1.1229705810546875,-0.221588134765625,-0.0080413818359375
1773063179146619904,90.60204362869263,-1.1457366943359375,-0.2289886474609375,0.0145111083984375
1773063179156675840,90.61209964752197,-1.1379547119140625,-0.2805633544921875,-0.01251220703125
1773063179166731776,90.62215566635132,-1.0966339111328125,-0.2817535400390625,-0.0415496826171875
1773063179176786688,90.63221049308777,-1.0524444580078125,-0.3308563232421875,-0.026153564453125
1773063179186842624,90.64226651191711,-1.079498291015625,-0.3493804931640625,-0.0199432373046875
1773063179196898816,90.65232253074646,-1.0859832763671875,-0.2907867431640625,-0.0637054443359375
1773063179206953728,90.66237759590149,-1.0619964599609375,-0.2046661376953125,-0.0120086669921875
1773063179217009664,90.67243361473083,-1.06549072265625,-0.1971893310546875,0.0476837158203125
1773063179227065856,90.68248963356018,-1.085479736328125,-0.2563323974609375,0.0325775146484375
1773063179237120512,90.69254446029663,-1.050994873046875,-0.3343658447265625,-0.002166748046875
1773063179247176704,90.70260047912598,-0.9799041748046875,-0.3295745849609375,0.038177490234375
1773063179257231616,90.712655544281,-1.00750732421875,-0.1724700927734375,0.114837646484375
1773063179267287808,90.72271156311035,-1.0902557373046875,-0.1080169677734375,0.042388916015625
1773063179277343744,90.7327675819397,-1.0787506103515625,-0.2118988037109375,-0.017486572265625
1773063179287398912,90.74282264709473,-0.9992828369140625,-0.3305511474609375,0.00201416015625
1773063179297454848,90.75287866592407,-0.9261474609375,-0.37945556640625,0.102081298828125
1773063179307510784,90.76293468475342,-0.9711761474609375,-0.24627685546875,0.1774139404296875
1773063179317565696,90.77298951148987,-1.0532989501953125,-0.106658935546875,0.20465087890625
1773063179327621632,90.78304553031921,-1.08306884765625,-0.2012481689453125,0.1038665771484375
1773063179337677824,90.79310154914856,-1.0585174560546875,-0.250396728515625,-0.1171112060546875
1773063179347732736,90.80315661430359,-0.9472198486328125,-0.140380859375,-0.2332763671875
1773063179357788928,90.81321263313293,-0.858978271484375,-0.15869140625,-0.1718902587890625
1773063179367843584,90.82326745986938,-0.88848876953125,-0.264068603515625,-0.0548858642578125
1773063179377899520,90.83332347869873,-0.959442138671875,-0.3966522216796875,0.1609954833984375
1773063179387955712,90.84337949752808,-1.0306243896484375,-0.3855133056640625,0.2440338134765625
1773063179398010624,90.8534345626831,-1.1003570556640625,-0.2251434326171875,0.2798614501953125
1773063179408066816,90.86349058151245,-1.147918701171875,-0.1054534912109375,0.2363128662109375
1773063179418122752,90.8735466003418,-1.1121368408203125,-0.0577392578125,0.1029052734375
1773063179428177920,90.88360166549683,-1.0088043212890625,-0.0781707763671875,-0.183349609375
1773063179438234112,90.89365792274475,-0.8429107666015625,-0.1713714599609375,-0.1216278076171875
1773063179448290048,90.9037139415741,-0.8444061279296875,-0.251312255859375,0.151397705078125
1773063179458345216,90.91376900672913,-1.0264739990234375,-0.3106842041015625,0.2039642333984375
1773063179468401152,90.92382502555847,-1.116943359375,-0.2430877685546875,0.166259765625
1773063179478456320,90.9338800907135,-1.09002685546875,-0.1161651611328125,0.16619873046875
1773063179488512256,90.94393610954285,-1.041229248046875,-0.0685577392578125,0.0928955078125
1773063179498568192,90.95399212837219,-1.0013580322265625,-0.0384521484375,0.0047454833984375
1773063179508623104,90.96404695510864,-0.9487762451171875,-0.1150970458984375,0.0264739990234375
1773063179518679040,90.97410297393799,-0.933929443359375,-0.256011962890625,0.0972137451171875
1773063179528735232,90.98415899276733,-0.980926513671875,-0.223480224609375,0.0072479248046875
1773063179538790144,90.99421405792236,-0.9817352294921875,-0.11761474609375,0.0101470947265625
1773063179548846336,91.00427007675171,-0.993621826171875,-0.040496826171875,0.104949951171875
1773063179558902272,91.01432609558105,-1.0281982421875,-0.067291259765625,0.1471710205078125
1773063179568957184,91.0243809223175,-1.0513916015625,-0.02899169921875,0.1543121337890625
1773063179579013120,91.03443694114685,-1.057403564453125,0.0302886962890625,0.10015869140625
1773063179589069056,91.0444929599762,-0.9875335693359375,0.0143890380859375,0.089569091796875
1773063179599124224,91.05454802513123,-0.9475555419921875,-0.0774383544921875,-0.0174102783203125
1773063179609180160,91.06460404396057,-0.8761749267578125,-0.2578887939453125,-0.108978271484375
1773063179619235328,91.0746591091156,-0.84564208984375,-0.147979736328125,-0.0103302001953125
1773063179629291264,91.08471512794495,-0.9131622314453125,-0.071319580078125,0.053802490234375
1773063179639347200,91.09477090835571,-0.9629669189453125,0.0282745361328125,0.088592529296875
1773063179649402112,91.10482597351074,-1.0354461669921875,0.1876373291015625,0.2020416259765625
1773063179659458048,91.11488199234009,-1.084716796875,0.1715240478515625,0.1285858154296875
1773063179669514240,91.12493801116943,-1.0277252197265625,0.1533203125,0.0845947265625
1773063179679569152,91.13499307632446,-0.9132843017578125,0.1146392822265625,0.026458740234375
1773063179689625344,91.14504909515381,-0.78668212890625,0.0218353271484375,-0.04931640625
1773063179699680000,91.15510392189026,-0.7771759033203125,-0.039581298828125,-0.0506591796875
1773063179709736192,91.1651599407196,-0.8568115234375,0.018310546875,0.0171356201171875
1773063179719792128,91.17521595954895,-0.9392852783203125,0.123626708984375,0.0440826416015625
1773063179729847296,91.18527102470398,-0.9329833984375,0.104705810546875,-0.0429840087890625
1773063179739903232,91.19532704353333,-0.8755340576171875,0.1707305908203125,-0.048065185546875
1773063179749959168,91.20538306236267,-0.8265228271484375,0.191253662109375,-0.0771026611328125
1773063179760014336,91.2154381275177,-0.803863525390625,0.27764892578125,-0.0749359130859375
1773063179770070016,91.22549390792847,-0.7778472900390625,0.2080841064453125,0.039703369140625
1773063179780126208,91.23554992675781,-0.7686004638671875,0.2047882080078125,0.0987396240234375
1773063179790181120,91.24560499191284,-0.7722625732421875,0.356048583984375,0.121063232421875
1773063179800237056,91.25566101074219,-0.8099517822265625,0.4116363525390625,0.0948944091796875
1773063179810292224,91.26571607589722,-0.761810302734375,0.30010986328125,-0.068939208984375
1773063179820348160,91.27577209472656,-0.5904693603515625,0.202239990234375,-0.1259918212890625
1773063179830404352,91.28582811355591,-0.551605224609375,0.1107330322265625,0.0947723388671875
1773063179840459008,91.29588294029236,-0.638214111328125,-0.115264892578125,0.3550262451171875
1773063179850515200,91.3059389591217,-0.7337799072265625,-0.3403167724609375,0.2462310791015625
1773063179860571136,91.31599497795105,-0.8964080810546875,-0.052398681640625,0.0240631103515625
1773063179870626304,91.32605004310608,-0.9406585693359375,0.2945098876953125,-0.065643310546875
1773063179880682240,91.33610606193542,-0.8911895751953125,0.3814544677734375,-0.0262603759765625
1773063179890738176,91.34616208076477,-0.7840118408203125,0.42523193359375,0.07427978515625
1773063179900793088,91.35621690750122,-0.7184600830078125,0.3502044677734375,0.07550048828125
1773063179910849024,91.36627292633057,-0.6715850830078125,0.30438232421875,0.1234283447265625
1773063179920904192,91.3763279914856,-0.611114501953125,0.3950653076171875,0.16552734375
1773063179930960128,91.38638401031494,-0.64434814453125,0.4014739990234375,0.192901611328125
1773063179941016320,91.39644002914429,-0.7665557861328125,0.267120361328125,0.200775146484375
1773063179951071232,91.40649509429932,-0.898956298828125,0.22259521484375,0.2715301513671875
1773063179961127168,91.41655111312866,-1.0363311767578125,0.18389892578125,0.25799560546875
1773063179971183360,91.42660713195801,-1.0953826904296875,0.1977081298828125,0.172576904296875
1773063179981238016,91.43666195869446,-1.05401611328125,0.311767578125,0.1053009033203125
1773063179991294208,91.4467179775238,-0.91351318359375,0.3040008544921875,0.0216522216796875
1773063180001350144,91.45677399635315,-0.7553863525390625,0.3465118408203125,-0.0067291259765625
1773063180011405312,91.46682906150818,-0.7660064697265625,0.419342041015625,-0.004486083984375
1773063180021461248,91.47688508033752,-0.9217529296875,0.3243255615234375,0.0479583740234375
1773063180031516160,91.48693990707397,-1.064117431640625,0.2837371826171875,0.13812255859375
1773063180041572096,91.49699592590332,-1.1146697998046875,0.2183990478515625,0.1630859375
1773063180051628032,91.50705194473267,-1.1298828125,0.1750335693359375,0.1834716796875
1773063180061683200,91.5171070098877,-1.0955657958984375,0.2498321533203125,0.19927978515625
1773063180071739136,91.52716302871704,-1.0159149169921875,0.3572235107421875,0.16534423828125
1773063180081795328,91.53721904754639,-1.0027923583984375,0.3379058837890625,0.1162872314453125
1773063180091850240,91.54727411270142,-1.0015716552734375,0.3148651123046875,0.1208038330078125
1773063180101906176,91.55733013153076,-1.0139923095703125,0.315948486328125,0.1014251708984375
1773063180111962112,91.56738591194153,-1.0373992919921875,0.2815704345703125,0.131103515625
1773063180122017024,91.57744097709656,-1.0244903564453125,0.2247772216796875,0.1626434326171875
1773063180132073216,91.5874969959259,-0.9608154296875,0.28753662109375,0.2498016357421875
1773063180142128128,91.59755206108093,-0.947296142578125,0.286468505859375,0.267425537109375
1773063180152184320,91.60760807991028,-1.0257720947265625,0.245269775390625,0.2230224609375
1773063180162240256,91.61766409873962,-1.0572662353515625,0.253265380859375,0.1519927978515625
1773063180172295168,91.62771892547607,-0.9784698486328125,0.2569732666015625,0.129913330078125
1773063180182351104,91.63777494430542,-0.888916015625,0.159210205078125,0.139312744140625
1773063180192407040,91.64783096313477,-0.888336181640625,0.22650146484375,0.1406097412109375
1773063180202462208,91.6578860282898,-0.8774261474609375,0.2939300537109375,0.20184326171875
1773063180212518144,91.66794204711914,-0.866912841796875,0.3448944091796875,0.258209228515625
1773063180222574336,91.67799806594849,-0.9229583740234375,0.315216064453125,0.2690277099609375
1773063180232629248,91.68805313110352,-0.9122467041015625,0.2830047607421875,0.288970947265625
1773063180242685184,91.69810891151428,-0.902984619140625,0.253814697265625,0.21563720703125
1773063180252740096,91.70816397666931,-0.898101806640625,0.2484130859375,0.15191650390625
1773063180262796288,91.71821999549866,-0.8320770263671875,0.2905731201171875,0.1453399658203125
1773063180272852224,91.728276014328,-0.7763214111328125,0.3193817138671875,0.22113037109375
1773063180282907136,91.73833107948303,-0.807769775390625,0.3006744384765625,0.2999725341796875
1773063180292963328,91.74838709831238,-0.884002685546875,0.3078155517578125,0.2836456298828125
1773063180303019264,91.75844311714172,-0.944305419921875,0.3157806396484375,0.28704833984375
1773063180313074176,91.76849794387817,-0.9515380859375,0.264984130859375,0.2621917724609375
1773063180323130112,91.77855396270752,-0.9037933349609375,0.2613677978515625,0.2318115234375
1773063180333186048,91.78860998153687,-0.89825439453125,0.2997589111328125,0.1915283203125
1773063180343241216,91.7986650466919,-0.9354248046875,0.3137969970703125,0.150634765625
1773063180353297152,91.80872106552124,-0.940948486328125,0.296295166015625,0.1472320556640625
1773063180363352320,91.81877613067627,-0.8863067626953125,0.295379638671875,0.17034912109375
1773063180373408000,91.82883191108704,-0.8777313232421875,0.2908782958984375,0.1768798828125
1773063180383464192,91.83888792991638,-0.933624267578125,0.2970733642578125,0.19744873046875
1773063180393519104,91.84894299507141,-0.9994659423828125,0.325164794921875,0.19427490234375
1773063180403575296,91.85899901390076,-0.984161376953125,0.350189208984375,0.17352294921875
1773063180413631232,91.8690550327301,-0.953094482421875,0.345184326171875,0.182647705078125
1773063180423686144,91.87911009788513,-0.9780120849609375,0.3307037353515625,0.218780517578125
1773063180433742336,91.88916611671448,-1.0225830078125,0.2784423828125,0.1991119384765625
1773063180443798528,91.8992223739624,-0.973358154296875,0.271881103515625,0.1409759521484375
1773063180453853440,91.90927720069885,-0.899169921875,0.334808349609375,0.1446685791015625
1773063180463909376,91.9193332195282,-0.9411163330078125,0.3818206787109375,0.1011810302734375
1773063180473964544,91.92938828468323,-1.000030517578125,0.3979949951171875,0.1300201416015625
1773063180484020480,91.93944430351257,-0.9946136474609375,0.350433349609375,0.1185760498046875
1773063180494076416,91.94950032234192,-0.97637939453125,0.3280487060546875,0.02783203125
1773063180504131584,91.95955538749695,-0.868682861328125,0.390899658203125,0.3887481689453125
1773063180514187264,91.96961116790771,-0.952239990234375,0.670928955078125,0.289520263671875
1773063180524243456,91.97966718673706,-0.9992828369140625,-0.3187103271484375,-0.5601348876953125
1773063180534298368,91.98972225189209,-0.78131103515625,0.5460662841796875,0.6529693603515625
1773063180544354560,91.99977827072144,-1.109649658203125,0.38153076171875,0.186187744140625
1773063180554410496,92.00983428955078,-0.9610748291015625,0.4488067626953125,0.1690673828125
1773063180564465408,92.01988935470581,-0.9086761474609375,0.24530029296875,-0.1431884765625
1773063180574521600,92.02994537353516,-0.945465087890625,0.2079315185546875,0.004730224609375
1773063180584577536,92.0400013923645,-1.0505523681640625,0.1266632080078125,0.169677734375
1773063180594632448,92.05005621910095,-0.9801177978515625,0.4726409912109375,0.370208740234375
1773063180604688384,92.0601122379303,-0.90960693359375,0.27984619140625,0.13427734375
1773063180614743552,92.07016730308533,-0.8516387939453125,0.2998809814453125,0.00616455078125
1773063180624799488,92.08022332191467,-0.94879150390625,0.1110382080078125,0.0316925048828125
1773063180634855424,92.09027934074402,-1.041778564453125,0.304443359375,0.1300201416015625
1773063180644910336,92.10033416748047,-0.9969024658203125,0.403961181640625,0.187713623046875
1773063180654966272,92.11039018630981,-0.9167633056640625,0.3496551513671875,0.0635986328125
1773063180665022464,92.12044620513916,-0.88922119140625,0.1320648193359375,-0.0450439453125
1773063180675077376,92.13050127029419,-0.93536376953125,0.0128326416015625,0.003265380859375
1773063180685133568,92.14055728912354,-0.9807281494140625,0.1548309326171875,0.1685791015625
1773063180695188480,92.15061235427856,-0.9840087890625,0.367919921875,0.241241455078125
1773063180705244416,92.16066837310791,-0.9850616455078125,0.3922271728515625,0.1722259521484375
1773063180715300608,92.17072439193726,-0.9595489501953125,0.288238525390625,0.077606201171875
1773063180725355264,92.1807792186737,-0.9613189697265625,0.1388092041015625,0.0422210693359375
1773063180735411456,92.19083523750305,-0.971588134765625,0.193359375,0.1401214599609375
1773063180745467392,92.2008912563324,-0.9851531982421875,0.314788818359375,0.1992645263671875
1773063180755522560,92.21094632148743,-0.948638916015625,0.326751708984375,0.150146484375
1773063180765578496,92.22100234031677,-0.905120849609375,0.2105712890625,0.0519561767578125
1773063180775634432,92.23105835914612,-0.9091949462890625,0.1061859130859375,0.0177764892578125
1773063180785689344,92.24111318588257,-0.9603729248046875,0.1644439697265625,0.0899810791015625
1773063180795745280,92.25116920471191,-1.0001220703125,0.3305206298828125,0.1764984130859375
1773063180805800448,92.26122426986694,-0.9732208251953125,0.347381591796875,0.155120849609375
1773063180815856384,92.27128028869629,-0.907135009765625,0.24822998046875,0.101806640625
1773063180825912576,92.28133630752563,-0.9012298583984375,0.13214111328125,0.0984954833984375
1773063180835967488,92.29139137268066,-0.9694671630859375,0.1825408935546875,0.1710052490234375
1773063180846023680,92.30144739151001,-1.0125885009765625,0.31549072265625,0.2526092529296875
1773063180856079360,92.31150317192078,-0.9689788818359375,0.30670166015625,0.2925567626953125
1773063180866134528,92.3215582370758,-0.9160003662109375,0.4854583740234375,0.3394927978515625
1773063180876190464,92.33161425590515,-0.9683074951171875,0.0342864990234375,-0.3343963623046875
1773063180886246400,92.3416702747345,-0.81842041015625,0.117889404296875,0.1812286376953125
1773063180896301568,92.35172533988953,-0.9518585205078125,0.4310150146484375,0.2799072265625
1773063180906357504,92.36178135871887,-0.9827117919921875,0.391571044921875,0.295745849609375
1773063180916412416,92.37183618545532,-0.94830322265625,0.34039306640625,0.0682830810546875
1773063180926468352,92.38189220428467,-0.9076690673828125,0.1356658935546875,0.092254638671875
1773063180936524288,92.39194822311401,-0.9385833740234375,0.1168670654296875,0.1136474609375
1773063180946579456,92.40200328826904,-0.951324462890625,0.3823699951171875,0.3758697509765625
1773063180956635392,92.41205930709839,-0.9797210693359375,0.41668701171875,0.204437255859375
1773063180966691584,92.42211532592773,-0.9193572998046875,0.3668365478515625,0.096466064453125
1773063180976746496,92.43217039108276,-0.8627471923828125,0.074127197265625,-0.0330352783203125
1773063180986802432,92.44222617149353,-0.863800048828125,0.1461639404296875,0.1733551025390625
1773063180996858368,92.45228219032288,-0.967529296875,0.2995147705078125,0.3061676025390625
1773063181006913536,92.4623372554779,-1.0082244873046875,0.482818603515625,0.302886962890625
1773063181016969472,92.47239327430725,-0.932098388671875,0.2926025390625,0.1157379150390625
1773063181027024384,92.48244833946228,-0.8751220703125,0.1058807373046875,0.0941925048828125
1773063181037080576,92.49250435829163,-0.9442291259765625,0.0186767578125,0.2007598876953125
1773063181047136512,92.50256037712097,-1.04534912109375,0.247528076171875,0.29815673828125
1773063181057191424,92.51261520385742,-0.9944915771484375,0.3881683349609375,0.213958740234375
1773063181067247360,92.52267122268677,-0.870208740234375,0.343231201171875,0.095245361328125
1773063181077303296,92.53272724151611,-0.8364105224609375,0.1562957763671875,0.03363037109375
1773063181087358464,92.54278230667114,-0.9291229248046875,0.1478118896484375,0.1563720703125
1773063181097414400,92.55283832550049,-1.0555572509765625,0.2889251708984375,0.28570556640625
1773063181107470592,92.56289434432983,-1.035888671875,0.474822998046875,0.3160858154296875
1773063181117525248,92.57294917106628,-0.941162109375,0.3610076904296875,0.2120361328125
1773063181127581440,92.58300518989563,-0.888458251953125,0.1731719970703125,0.1058197021484375
1773063181137636352,92.59306025505066,-0.917022705078125,0.09637451171875,0.10693359375
1773063181147692544,92.60311627388,-0.9852447509765625,0.241607666015625,0.197174072265625
1773063181157748480,92.61317229270935,-0.9558258056640625,0.3955078125,0.341827392578125
1773063181167803648,92.62322735786438,-0.953826904296875,0.3793792724609375,0.2153778076171875
1773063181177859584,92.63328337669373,-0.8820648193359375,0.036590576171875,0.07318115234375
1773063181187915264,92.64333915710449,-0.84710693359375,0.2522125244140625,0.304046630859375
1773063181197970432,92.65339422225952,-0.9716339111328125,0.2503814697265625,0.2634735107421875
1773063181208026368,92.66345024108887,-0.9842071533203125,0.5570220947265625,0.3834686279296875
1773063181218082304,92.67350625991821,-0.9565277099609375,0.3335418701171875,0.11138916015625
1773063181228137472,92.68356132507324,-0.8314208984375,0.2515411376953125,0.15582275390625
1773063181238193408,92.69361734390259,-0.8504791259765625,0.129058837890625,0.1615142822265625
1773063181248249600,92.70367336273193,-0.8792724609375,0.228912353515625,0.5588531494140625
1773063181258304256,92.71372818946838,-0.903564453125,0.6491241455078125,0.8172149658203125
1773063181268360448,92.72378420829773,-0.958160400390625,0.126617431640625,0.11126708984375
1773063181278415360,92.73383927345276,-0.8574676513671875,0.3946685791015625,0.1459503173828125
1773063181288471552,92.7438952922821,-0.8344573974609375,-0.0340576171875,0.2196197509765625
1773063181298527488,92.75395131111145,-0.9895782470703125,0.6767578125,0.550872802734375
1773063181308582656,92.76400637626648,-1.02557373046875,0.1739044189453125,0.061065673828125
1773063181318638336,92.77406215667725,-0.8860015869140625,0.4620208740234375,0.0844268798828125
1773063181328694272,92.78411817550659,-0.91046142578125,-0.030364990234375,0.078826904296875
1773063181338749440,92.79417324066162,-0.9958343505859375,0.2928619384765625,0.3788299560546875
1773063181348805376,92.80422925949097,-1.03411865234375,0.2841949462890625,0.397369384765625
1773063181358861568,92.81428527832031,-0.9687347412109375,0.550140380859375,0.2211456298828125
1773063181368916480,92.82434034347534,-0.919281005859375,0.192291259765625,0.0217132568359375
1773063181378972416,92.83439636230469,-0.8835906982421875,0.1595306396484375,0.0315399169921875
1773063181389027328,92.84445118904114,-0.9316253662109375,0.1694793701171875,0.251953125
1773063181399083264,92.85450720787048,-1.008880615234375,0.4000701904296875,0.3131103515625
1773063181409139456,92.86456322669983,-0.956787109375,0.410797119140625,0.2926483154296875
1773063181419194368,92.87461829185486,-0.9358062744140625,0.2373199462890625,0.127349853515625
1773063181429250560,92.8846743106842,-0.930084228515625,0.1210174560546875,0.1329193115234375
1773063181439305728,92.89472961425781,-0.9750518798828125,0.137786865234375,0.185394287109375
1773063181449360896,92.90478467941284,-0.9525146484375,0.341552734375,0.2986297607421875
1773063181459416832,92.91484069824219,-0.8903045654296875,0.34161376953125,0.2131195068359375
1773063181469472768,92.92489671707153,-0.85638427734375,0.2596893310546875,0.14697265625
1773063181479527680,92.93495154380798,-0.912353515625,0.1651763916015625,0.1457061767578125
1773063181489583616,92.94500756263733,-1.0167999267578125,0.2266387939453125,0.229248046875
1773063181499638784,92.95506262779236,-1.0026702880859375,0.332550048828125,0.3001251220703125
1773063181509694720,92.9651186466217,-0.9055938720703125,0.373138427734375,0.2595062255859375
1773063181519750912,92.97517466545105,-0.8484039306640625,0.2238006591796875,0.1209716796875
1773063181529805824,92.98522973060608,-0.8683624267578125,0.149993896484375,0.070709228515625
1773063181539862016,92.99528574943542,-0.939605712890625,0.1971588134765625,0.14794921875
1773063181549917952,93.00534176826477,-0.9965972900390625,0.3658599853515625,0.2862091064453125
1773063181559972864,93.01539659500122,-0.9757080078125,0.3895111083984375,0.302398681640625
1773063181570028800,93.02545261383057,-0.928436279296875,0.2215423583984375,0.23858642578125
1773063181580084736,93.03550863265991,-0.941741943359375,0.0972747802734375,0.1651153564453125
1773063181590139904,93.04556369781494,-0.9459381103515625,0.16802978515625,0.229034423828125
1773063181600195840,93.05561971664429,-0.9089508056640625,0.3167877197265625,0.389892578125
1773063181610250752,93.06567454338074,-0.9249114990234375,0.2636871337890625,0.2811431884765625
1773063181620306688,93.07573056221008,-0.9380035400390625,0.3618927001953125,0.1681671142578125
1773063181630362624,93.08578658103943,-0.9116058349609375,0.2252044677734375,0.1398162841796875
1773063181640417792,93.09584164619446,-0.9392852783203125,0.2140350341796875,0.187591552734375
1773063181650473728,93.1058976650238,-0.9594268798828125,0.2560272216796875,0.2857513427734375
1773063181660529920,93.11595368385315,-0.938812255859375,0.358184814453125,0.3891448974609375
1773063181670584832,93.12600874900818,-0.883056640625,0.55413818359375,0.433349609375
1773063181680641024,93.13606476783752,-0.9688873291015625,-0.0637054443359375,-0.286224365234375
1773063181690696704,93.14612054824829,-0.81768798828125,0.2529296875,0.3297576904296875
1773063181700751872,93.15617561340332,-1.0128021240234375,0.42193603515625,0.4445953369140625
1773063181710807808,93.16623163223267,-1.010894775390625,0.265869140625,0.1867523193359375
1773063181720862976,93.1762866973877,-0.8287353515625,0.2857513427734375,0.1454925537109375
1773063181730918912,93.18634271621704,-0.8582916259765625,0.1539154052734375,0.1348876953125
1773063181740974848,93.19639873504639,-0.976806640625,0.11126708984375,0.2001190185546875
1773063181751029760,93.20645356178284,-0.9895172119140625,0.3723297119140625,0.41290283203125
1773063181761085696,93.21650958061218,-0.9803466796875,0.3812255859375,0.289154052734375
1773063181771141888,93.22656559944153,-0.8943634033203125,0.3114013671875,0.1955413818359375
1773063181781196800,93.23662066459656,-0.8757476806640625,0.113739013671875,0.0865478515625
1773063181791252736,93.2466766834259,-0.9008636474609375,0.1599273681640625,0.154510498046875
1773063181801308928,93.25673270225525,-0.9475555419921875,0.2394256591796875,0.2593536376953125
1773063181811363840,93.26678776741028,-0.967498779296875,0.3555908203125,0.2742919921875
1773063181821419776,93.27684354782104,-0.9287109375,0.2555999755859375,0.151824951171875
1773063181831474688,93.28689861297607,-0.89544677734375,0.166717529296875,0.110198974609375
1773063181841530880,93.29695463180542,-0.91571044921875,0.139678955078125,0.1560516357421875
1773063181851586816,93.30701065063477,-0.9618377685546875,0.23162841796875,0.2279815673828125
1773063181861641984,93.3170657157898,-0.9527587890625,0.3094024658203125,0.2630767822265625
1773063181871697920,93.32712173461914,-0.8977203369140625,0.240814208984375,0.19012451171875
1773063181881753856,93.33717775344849,-0.8868865966796875,0.1397705078125,0.12811279296875
1773063181891808768,93.34723258018494,-0.958343505859375,0.1476898193359375,0.167236328125
1773063181901864704,93.35728859901428,-0.940093994140625,0.3109893798828125,0.394256591796875
1773063181911920896,93.36734461784363,-0.98712158203125,0.5071563720703125,0.2714691162109375
1773063181921975808,93.37739968299866,-0.9136199951171875,-0.0138702392578125,-0.0673370361328125
1773063181932031744,93.387455701828,-0.8341522216796875,0.397216796875,0.378692626953125
1773063181942086912,93.39751076698303,-0.9493408203125,0.088348388671875,0.1087493896484375
1773063181952142592,93.4075665473938,-0.935302734375,0.39544677734375,0.261627197265625
1773063181962198784,93.41762256622314,-0.944427490234375,0.143280029296875,0.1072845458984375
1773063181972253696,93.42767763137817,-0.8675994873046875,0.2948455810546875,0.3325958251953125
1773063181982309888,93.43773365020752,-0.871185302734375,0.158843994140625,0.45013427734375
1773063181992365824,93.44778966903687,-0.9348602294921875,0.2245025634765625,0.3992919921875
1773063182002420992,93.4578447341919,-0.9266510009765625,0.2643585205078125,0.1964263916015625
1773063182012476928,93.46790075302124,-0.839599609375,0.26251220703125,0.1540069580078125
1773063182022532608,93.477956533432,-0.8622894287109375,0.2273406982421875,0.1487274169921875
1773063182032587776,93.48801159858704,-0.893585205078125,0.1863250732421875,0.239532470703125
1773063182042643712,93.49806761741638,-0.8794097900390625,0.355194091796875,0.4050140380859375
1773063182052699904,93.50812363624573,-0.9393157958984375,0.313385009765625,0.270965576171875
1773063182062754816,93.51817870140076,-0.9934844970703125,0.31231689453125,0.2661895751953125
1773063182072811008,93.5282347202301,-0.919586181640625,0.2184295654296875,0.2519683837890625
1773063182082865664,93.53828954696655,-0.8568572998046875,0.29949951171875,0.1663055419921875
1773063182092921856,93.5483455657959,-0.8552398681640625,0.1075592041015625,0.07708740234375
1773063182102977792,93.55840158462524,-0.9194183349609375,0.27838134765625,0.232147216796875
1773063182113032704,93.56845664978027,-0.9067230224609375,0.1443328857421875,0.2734222412109375
1773063182123088896,93.57851266860962,-0.91473388671875,0.446990966796875,0.354583740234375
1773063182133144832,93.58856868743896,-0.9931488037109375,0.2555084228515625,0.2471923828125
1773063182143200000,93.598623752594,-1.0029296875,0.3451690673828125,0.359405517578125
1773063182153255680,93.60867953300476,-0.972625732421875,0.2580108642578125,0.242156982421875
1773063182163311616,93.6187355518341,-0.90106201171875,0.2425689697265625,0.2531585693359375
1773063182173366784,93.62879061698914,-0.9124298095703125,0.24713134765625,0.2772979736328125
1773063182183422720,93.63884663581848,-0.958221435546875,0.1562957763671875,0.2371063232421875
1773063182193477888,93.64890170097351,-0.9699249267578125,0.2779083251953125,0.3057098388671875
1773063182203533824,93.65895771980286,-1.0044403076171875,0.217071533203125,0.269073486328125
1773063182213590016,93.6690137386322,-1.0112762451171875,0.30487060546875,0.324310302734375
1773063182223644672,93.67906856536865,-1.00689697265625,0.25079345703125,0.2550048828125
1773063182233700864,93.689124584198,-0.9356231689453125,0.1507415771484375,0.17291259765625
1773063182243756800,93.69918060302734,-0.875640869140625,0.2402496337890625,0.2573089599609375
1773063182253811712,93.70923566818237,-0.8965606689453125,0.1976470947265625,0.198944091796875
1773063182263867904,93.71929168701172,-0.9383544921875,0.18121337890625,0.2531280517578125
1773063182273923840,93.72934770584106,-0.96307373046875,0.225341796875,0.3139495849609375
1773063182283978752,93.73940253257751,-0.9848480224609375,0.1902313232421875,0.265533447265625
1773063182294034688,93.74945855140686,-0.9569091796875,0.2534942626953125,0.2985382080078125
1773063182304089856,93.75951361656189,-0.9416656494140625,0.23193359375,0.2606201171875
1773063182314145792,93.76956963539124,-0.88568115234375,0.2108154296875,0.23736572265625
1773063182324201728,93.77962565422058,-0.8541717529296875,0.2229156494140625,0.2566375732421875
1773063182334256896,93.78968071937561,-0.8961639404296875,0.19549560546875,0.2490386962890625
1773063182344312832,93.79973673820496,-0.9171142578125,0.2055206298828125,0.2903594970703125
1773063182354369024,93.8097927570343,-0.899322509765625,0.20941162109375,0.334136962890625
1773063182364423680,93.81984758377075,-0.900146484375,0.2047271728515625,0.3116455078125
1773063182374479872,93.8299036026001,-0.928253173828125,0.227294921875,0.2829437255859375
1773063182384535808,93.83995962142944,-0.9547119140625,0.2405548095703125,0.232391357421875
1773063182394590976,93.85001468658447,-0.91644287109375,0.2265472412109375,0.2406463623046875
1773063182404646912,93.86007070541382,-0.8721466064453125,0.246734619140625,0.2555389404296875
1773063182414701824,93.87012553215027,-0.867584228515625,0.2159576416015625,0.2272186279296875
1773063182424757760,93.88018155097961,-0.878082275390625,0.18170166015625,0.2611846923828125
1773063182434813696,93.89023756980896,-0.86407470703125,0.1666717529296875,0.29449462890625
1773063182444868864,93.90029263496399,-0.923370361328125,0.1927032470703125,0.3495330810546875
1773063182454924800,93.91034865379333,-1.0396728515625,0.271026611328125,0.3179473876953125
1773063182464980736,93.92040467262268,-1.0738525390625,0.2367401123046875,0.2761077880859375
1773063182475035904,93.93045973777771,-0.942657470703125,0.21014404296875,0.259552001953125
1773063182485091840,93.94051575660706,-0.8075408935546875,0.1360015869140625,0.2218475341796875
1773063182495148032,93.9505717754364,-0.770477294921875,0.1791534423828125,0.31170654296875
1773063182505202688,93.96062660217285,-0.8764801025390625,0.1814422607421875,0.2857208251953125
1773063182515258880,93.9706826210022,-0.9847564697265625,0.1225433349609375,0.207489013671875
1773063182525313792,93.98073768615723,-0.9595794677734375,0.2926025390625,0.4069061279296875
1773063182535369984,93.99079370498657,-0.943328857421875,0.227020263671875,0.3466339111328125
1773063182545425920,94.00084972381592,-0.945220947265625,0.1579742431640625,0.2758331298828125
1773063182555480832,94.01090478897095,-0.922149658203125,0.222686767578125,0.3261260986328125
1773063182565537024,94.0209608078003,-0.9092559814453125,0.08819580078125,0.1795501708984375
1773063182575592704,94.03101658821106,-0.8783416748046875,0.1593780517578125,0.227508544921875
1773063182585647872,94.04107165336609,-0.8206787109375,0.237152099609375,0.3358306884765625
1773063182595703808,94.05112767219543,-0.8522796630859375,0.1096038818359375,0.3472137451171875
1773063182605759744,94.06118369102478,-0.964630126953125,0.2714996337890625,0.5088348388671875
1773063182615814912,94.07123875617981,-1.1915435791015625,0.412200927734375,0.527374267578125
1773063182625870848,94.08129477500916,-1.4204864501953125,0.250335693359375,0.36224365234375
1773063182635925760,94.0913496017456,-1.1641082763671875,0.3913421630859375,0.5635223388671875
1773063182645981696,94.10140562057495,-1.073822021484375,0.0836639404296875,0.173309326171875
1773063182656037888,94.1114616394043,-0.9016265869140625,0.25347900390625,0.4317779541015625
1773063182666092800,94.12151670455933,-0.8745269775390625,0.3353271484375,0.16925048828125
1773063182676148992,94.13157272338867,-1.01007080078125,-0.208740234375,-0.0213623046875
1773063182686204928,94.14162874221802,-0.9499053955078125,0.48370361328125,0.385772705078125
1773063182696260096,94.15168380737305,-1.048553466796875,0.1386566162109375,0.4372100830078125
1773063182706315776,94.16173958778381,-0.977783203125,0.1527252197265625,0.2408294677734375
1773063182716371712,94.17179560661316,-0.8086395263671875,0.02056884765625,0.1373443603515625
1773063182726426880,94.18185067176819,-0.898895263671875,0.241943359375,0.2465667724609375
1773063182736482816,94.19190669059753,-1.0531158447265625,0.0961456298828125,0.069549560546875
1773063182746538752,94.20196270942688,-0.961212158203125,0.191741943359375,0.3505401611328125
1773063182756593920,94.21201777458191,-0.8306732177734375,0.126312255859375,0.3028717041015625
1773063182766649856,94.22207379341125,-0.7736663818359375,0.0486602783203125,0.245941162109375
1773063182776704768,94.2321286201477,-0.925140380859375,0.3011627197265625,0.3470611572265625
1773063182786760704,94.24218463897705,-1.1479949951171875,0.1594085693359375,0.2445068359375
1773063182796816896,94.2522406578064,-1.1015167236328125,0.207916259765625,0.3739013671875
1773063182806871808,94.26229572296143,-0.882232666015625,0.22515869140625,0.453704833984375
1773063182816928000,94.27235174179077,-0.76104736328125,0.160736083984375,0.3731689453125
1773063182826983936,94.28240776062012,-0.8716888427734375,0.1597747802734375,0.2743377685546875
1773063182837038848,94.29246258735657,-1.0437164306640625,0.208221435546875,0.218780517578125
1773063182847094784,94.30251860618591,-1.0228729248046875,0.223297119140625,0.306488037109375
1773063182857150720,94.31257462501526,-0.86572265625,0.1903839111328125,0.3691864013671875
1773063182867205888,94.32262969017029,-0.7755279541015625,0.131988525390625,0.3408203125
1773063182877261824,94.33268570899963,-0.83734130859375,0.16064453125,0.323638916015625
1773063182887316992,94.34274077415466,-0.989654541015625,0.187042236328125,0.30157470703125
1773063182897372928,94.35279679298401,-1.0662841796875,0.1587066650390625,0.2547760009765625
1773063182907428864,94.36285257339478,-0.9651641845703125,0.1389312744140625,0.289642333984375
1773063182917483776,94.3729076385498,-0.82208251953125,0.144683837890625,0.3548736572265625
1773063182927539712,94.38296365737915,-0.8173980712890625,0.130767822265625,0.3276824951171875
1773063182937595904,94.3930196762085,-0.93707275390625,0.13519287109375,0.262420654296875
1773063182947650816,94.40307474136353,-1.0439300537109375,0.168548583984375,0.2750701904296875
1773063182957707008,94.41313076019287,-1.0428924560546875,0.189910888671875,0.32952880859375
1773063182967762944,94.42318677902222,-0.9371185302734375,0.1639556884765625,0.357696533203125
1773063182977817856,94.43324160575867,-0.8271636962890625,0.1243438720703125,0.3297882080078125
1773063182987873792,94.44329762458801,-0.81488037109375,0.11614990234375,0.293182373046875
1773063182997928960,94.45335268974304,-0.8942108154296875,0.14215087890625,0.313079833984375
1773063183007984896,94.46340870857239,-0.9830169677734375,0.171905517578125,0.3545074462890625
1773063183018040832,94.47346472740173,-1.0160980224609375,0.1741790771484375,0.3363037109375
1773063183028096000,94.48351979255676,-0.944793701171875,0.17376708984375,0.3157958984375
1773063183038151680,94.49357557296753,-0.8500823974609375,0.1887664794921875,0.335296630859375
1773063183048207872,94.50363159179688,-0.84759521484375,0.1681976318359375,0.331024169921875
1773063183058262784,94.5136866569519,-0.912445068359375,0.12567138671875,0.3094482421875
1773063183068318720,94.52374267578125,-0.9653167724609375,0.1179351806640625,0.3270263671875
1773063183078374912,94.5337986946106,-0.966064453125,0.125,0.3584747314453125
1773063183088429824,94.54385375976562,-0.92584228515625,0.1095733642578125,0.3487701416015625
1773063183098486016,94.55390977859497,-0.8847198486328125,0.09112548828125,0.311065673828125
1773063183108541952,94.56396579742432,-0.876708984375,0.1220855712890625,0.30047607421875
1773063183118596864,94.57402062416077,-0.8995361328125,0.168914794921875,0.3262481689453125
1773063183128652800,94.58407664299011,-0.917083740234375,0.174591064453125,0.3259429931640625
1773063183138707968,94.59413170814514,-0.9101715087890625,0.1393890380859375,0.3104248046875
1773063183148763904,94.60418772697449,-0.8895263671875,0.1044158935546875,0.33795166015625
1773063183158819840,94.61424374580383,-0.8943634033203125,0.12298583984375,0.396148681640625
1773063183168875008,94.62429881095886,-0.959014892578125,0.146087646484375,0.3941192626953125
1773063183178930688,94.63435459136963,-1.008087158203125,0.1642303466796875,0.3308258056640625
1773063183188986880,94.64441061019897,-0.992919921875,0.138824462890625,0.292938232421875
1773063183199041792,94.654465675354,-0.936614990234375,0.126434326171875,0.2982635498046875
1773063183209097984,94.66452169418335,-0.88555908203125,0.1300506591796875,0.3149871826171875
1773063183219153920,94.6745777130127,-0.8797760009765625,0.1022186279296875,0.320343017578125
1773063183229208832,94.68463277816772,-0.8942718505859375,0.0664520263671875,0.322509765625
1773063183239265024,94.69468879699707,-0.9046630859375,0.0307159423828125,0.3164825439453125
1773063183249319680,94.70474362373352,-0.89447021484375,0.03369140625,0.3255615234375
1773063183259375872,94.71479964256287,-0.894683837890625,0.1208038330078125,0.375396728515625
1773063183269431808,94.72485566139221,-0.9352264404296875,0.1746368408203125,0.3907928466796875
1773063183279486976,94.73491072654724,-0.9601593017578125,0.1405029296875,0.33966064453125
1773063183289542912,94.74496674537659,-0.966217041015625,0.121795654296875,0.312408447265625
1773063183299598848,94.75502276420593,-0.981109619140625,0.123992919921875,0.3246307373046875
1773063183309653760,94.76507759094238,-0.9859619140625,0.0926361083984375,0.32928466796875
1773063183319709696,94.77513360977173,-0.9754638671875,0.0713653564453125,0.3539886474609375
1773063183329765888,94.78518962860107,-0.973907470703125,0.06793212890625,0.39141845703125
1773063183339820800,94.7952446937561,-0.9806060791015625,0.0664825439453125,0.415985107421875
1773063183349876992,94.80530071258545,-0.998809814453125,0.08660888671875,0.4147491455078125
1773063183359931904,94.81535577774048,-1.0127410888671875,0.0889129638671875,0.3825531005859375
1773063183369987840,94.82541179656982,-0.98980712890625,0.086273193359375,0.3409271240234375
1773063183380043776,94.83546757698059,-0.9457244873046875,0.0916290283203125,0.323486328125
1773063183390098688,94.84552264213562,-0.9108123779296875,0.100067138671875,0.3387603759765625
1773063183400154880,94.85557866096497,-0.897552490234375,0.1005401611328125,0.3590240478515625
1773063183410210816,94.86563467979431,-0.9169921875,0.09552001953125,0.364532470703125
1773063183420265984,94.87568974494934,-0.938446044921875,0.0774993896484375,0.3586273193359375
1773063183430321920,94.88574576377869,-0.9275665283203125,0.063507080078125,0.3524322509765625
1773063183440377600,94.89580130577087,-0.907867431640625,0.0619964599609375,0.3526763916015625
1773063183450432512,94.9058563709259,-0.91351318359375,0.08648681640625,0.362579345703125
1773063183460488448,94.91591238975525,-0.9540863037109375,0.1204986572265625,0.3573150634765625
1773063183470543360,94.9259672164917,-0.998992919921875,0.119598388671875,0.3449554443359375
1773063183480599296,94.93602323532104,-0.986083984375,0.08856201171875,0.3283843994140625
1773063183490655488,94.94607925415039,-0.938690185546875,0.0638427734375,0.3227691650390625
1773063183500710400,94.95613431930542,-0.9000244140625,0.0599822998046875,0.339599609375
1773063183510766592,94.96619033813477,-0.89385986328125,0.0651702880859375,0.351531982421875
1773063183520822528,94.97624635696411,-0.926483154296875,0.0544586181640625,0.357391357421875
1773063183530877440,94.98630118370056,-0.96087646484375,0.04266357421875,0.3232879638671875
1773063183540933376,94.99635720252991,-0.954254150390625,0.0408935546875,0.2805023193359375
1773063183550989312,95.00641322135925,-0.91162109375,0.069488525390625,0.2870025634765625
1773063183561044480,95.01646828651428,-0.8805999755859375,0.0959320068359375,0.3165283203125
1773063183571100416,95.02652430534363,-0.8892059326171875,0.0696258544921875,0.3201141357421875
1773063183581156608,95.03658032417297,-0.918701171875,0.038818359375,0.317596435546875
1773063183591211520,95.046635389328,-0.9273223876953125,0.0280609130859375,0.317596435546875
1773063183601267456,95.05669116973877,-0.9059600830078125,0.07403564453125,0.332977294921875
1773063183611322368,95.0667462348938,-0.91925048828125,0.16217041015625,0.3600311279296875
1773063183621378304,95.07680225372314,-0.9912261962890625,0.1414947509765625,0.3196563720703125
1773063183631434496,95.08685827255249,-1.024444580078125,0.0408477783203125,0.2640380859375
1773063183641489408,95.09691333770752,-0.9957122802734375,0.023681640625,0.306976318359375
1773063183651545600,95.10696935653687,-0.958648681640625,0.041412353515625,0.3578948974609375
1773063183661601536,95.11702537536621,-0.9400482177734375,0.040802001953125,0.3625030517578125
1773063183671656448,95.12708020210266,-0.9323577880859375,0.03009033203125,0.372406005859375
1773063183681712384,95.137136220932,-0.9399871826171875,0.042999267578125,0.3618621826171875
1773063183691768320,95.14719223976135,-0.958709716796875,0.0671539306640625,0.329437255859375
1773063183701823488,95.15724730491638,-0.959625244140625,0.0819854736328125,0.30224609375
1773063183711879424,95.16730332374573,-0.934906005859375,0.063446044921875,0.3067169189453125
1773063183721934592,95.17735838890076,-0.9080810546875,0.0551910400390625,0.3277740478515625
1773063183731990272,95.18741416931152,-0.920806884765625,0.08056640625,0.3581085205078125
1773063183742046464,95.19747018814087,-0.97503662109375,0.094818115234375,0.360931396484375
1773063183752101376,95.2075252532959,-1.010162353515625,0.072113037109375,0.3353729248046875
1773063183762157568,95.21758127212524,-0.9943695068359375,0.049468994140625,0.3187255859375
1773063183772213504,95.22763729095459,-0.949371337890625,0.042633056640625,0.3192138671875
1773063183782268416,95.23769235610962,-0.90924072265625,0.0337371826171875,0.3174591064453125
1773063183792324608,95.24774837493896,-0.8975982666015625,0.0329132080078125,0.311492919921875
1773063183802380544,95.25780439376831,-0.9158477783203125,0.039398193359375,0.3195037841796875
1773063183812435456,95.26785922050476,-0.944488525390625,0.0487213134765625,0.3357696533203125
1773063183822491392,95.2779152393341,-0.969268798828125,0.059967041015625,0.3461761474609375
1773063183832546560,95.28797030448914,-0.980072021484375,0.063690185546875,0.341949462890625
1773063183842602496,95.29802632331848,-0.9596405029296875,0.0583038330078125,0.33038330078125
1773063183852658432,95.30808234214783,-0.9350738525390625,0.0538330078125,0.32733154296875
1773063183862713344,95.31813716888428,-0.9362030029296875,0.040283203125,0.327667236328125
1773063183872769280,95.32819318771362,-0.949981689453125,0.0228424072265625,0.3220367431640625
1773063183882825472,95.33824920654297,-0.94696044921875,0.01495361328125,0.3065032958984375
1773063183892880384,95.348304271698,-0.92840576171875,0.0461578369140625,0.317413330078125
1773063183902936576,95.35836029052734,-0.93292236328125,0.1015167236328125,0.348175048828125
1773063183912992512,95.36841630935669,-0.96466064453125,0.0902862548828125,0.3405303955078125
1773063183923047424,95.37847137451172,-0.9763336181640625,0.05133056640625,0.3179779052734375
1773063183933103616,95.38852739334106,-0.9585723876953125,0.0304412841796875,0.3215484619140625
1773063183943159296,95.39858317375183,-0.937255859375,0.0064697265625,0.341461181640625
1773063183953214464,95.40863823890686,-0.9321441650390625,0.0102081298828125,0.35345458984375
1773063183963270400,95.4186942577362,-0.9588623046875,0.0351409912109375,0.3236083984375
1773063183973325568,95.42874932289124,-0.9748382568359375,0.048919677734375,0.2821044921875
1773063183983381504,95.43880534172058,-0.948455810546875,0.0723724365234375,0.2692413330078125
1773063183993437440,95.44886136054993,-0.9144287109375,0.0858612060546875,0.2972869873046875
1773063184003492352,95.45891618728638,-0.90460205078125,0.06512451171875,0.3242950439453125
1773063184013548288,95.46897220611572,-0.92047119140625,0.02655029296875,0.3339385986328125
1773063184023604480,95.47902822494507,-0.94598388671875,0.0087738037109375,0.3315582275390625
1773063184033659392,95.4890832901001,-0.9636077880859375,0.0165557861328125,0.32122802734375
1773063184043715584,95.49913930892944,-0.96490478515625,0.0410003662109375,0.3077850341796875
1773063184053771520,95.50919532775879,-0.9555816650390625,0.055877685546875,0.29046630859375
1773063184063826688,95.51925039291382,-0.9382781982421875,0.0537567138671875,0.280853271484375
1773063184073882368,95.52930617332458,-0.92535400390625,0.056488037109375,0.2930145263671875
1773063184083937280,95.53936123847961,-0.9355316162109375,0.053497314453125,0.3163299560546875
1773063184093993472,95.54941725730896,-0.9593505859375,0.0419769287109375,0.3311309814453125
1773063184104049408,95.5594732761383,-0.9740753173828125,0.0386505126953125,0.332122802734375
1773063184114104576,95.56952834129333,-0.965179443359375,0.0362396240234375,0.31805419921875
1773063184124160512,95.57958436012268,-0.9373626708984375,0.039031982421875,0.3045806884765625
1773063184134216448,95.58964037895203,-0.9217376708984375,0.047119140625,0.2975921630859375
1773063184144271360,95.59969520568848,-0.92352294921875,0.046295166015625,0.29229736328125
1773063184154327296,95.60975122451782,-0.935821533203125,0.036956787109375,0.298980712890625
1773063184164383488,95.61980724334717,-0.950286865234375,0.0301361083984375,0.3077545166015625
1773063184174438400,95.6298623085022,-0.9481353759765625,0.0316162109375,0.314971923828125
1773063184184494592,95.63991832733154,-0.939453125,0.0419464111328125,0.3371124267578125
1773063184194549504,95.64997339248657,-0.94921875,0.0507659912109375,0.3477935791015625
1773063184204605440,95.66002917289734,-0.967987060546875,0.044281005859375,0.3325653076171875
1773063184214661376,95.67008519172668,-0.96612548828125,0.041229248046875,0.312286376953125
1773063184224716544,95.68014025688171,-0.9441680908203125,0.045318603515625,0.3073883056640625
1773063184234772480,95.69019627571106,-0.92431640625,0.045654296875,0.313934326171875
1773063184244828416,95.7002522945404,-0.9267425537109375,0.04327392578125,0.3225250244140625
1773063184254883584,95.71030735969543,-0.9504547119140625,0.0417327880859375,0.324615478515625
1773063184264939520,95.72036337852478,-0.9757080078125,0.0473480224609375,0.3274688720703125
1773063184274995200,95.73041915893555,-0.9780731201171875,0.0586395263671875,0.3253936767578125
1773063184285050368,95.74047422409058,-0.9582061767578125,0.0528106689453125,0.3111572265625
1773063184295106304,95.75053024291992,-0.9337615966796875,0.0404510498046875,0.302947998046875
1773063184305162496,95.76058626174927,-0.92474365234375,0.0325775146484375,0.306854248046875
1773063184315217408,95.7706413269043,-0.9368133544921875,0.0319061279296875,0.3116302490234375
1773063184325273600,95.78069734573364,-0.9514923095703125,0.0276947021484375,0.29803466796875
1773063184335328256,95.79075217247009,-0.93792724609375,0.035919189453125,0.2863006591796875
1773063184345384448,95.80080819129944,-0.9158172607421875,0.0508880615234375,0.3113555908203125
1773063184355440384,95.81086421012878,-0.9248504638671875,0.0487060546875,0.339813232421875
1773063184365495552,95.82091927528381,-0.97125244140625,0.0447998046875,0.33367919921875
1773063184375551488,95.83097529411316,-0.9993438720703125,0.0420379638671875,0.308502197265625
1773063184385607424,95.8410313129425,-0.972747802734375,0.0542449951171875,0.3051300048828125
1773063184395662592,95.85108637809753,-0.92864990234375,0.0670166015625,0.3099365234375
1773063184405718272,95.8611421585083,-0.914642333984375,0.0557861328125,0.3148345947265625
1773063184415774464,95.87119817733765,-0.93359375,0.0373992919921875,0.3121337890625
1773063184425829376,95.88125324249268,-0.9590911865234375,0.0390167236328125,0.3077545166015625
1773063184435885312,95.89130926132202,-0.9627227783203125,0.0519561767578125,0.309417724609375
1773063184445941248,95.90136504173279,-0.946197509765625,0.0637359619140625,0.3238525390625
1773063184455997184,95.91142106056213,-0.94036865234375,0.055328369140625,0.3401641845703125
1773063184466053120,95.92147707939148,-0.95086669921875,0.0345916748046875,0.327239990234375
1773063184476108288,95.93153214454651,-0.957733154296875,0.03094482421875,0.3094024658203125
1773063184486164224,95.94158816337585,-0.9500579833984375,0.0474395751953125,0.2986602783203125
1773063184496220416,95.9516441822052,-0.9356842041015625,0.0611419677734375,0.2917938232421875
1773063184506275328,95.96169924736023,-0.933746337890625,0.0583953857421875,0.3026275634765625
1773063184516331520,95.97175526618958,-0.9447479248046875,0.0464630126953125,0.3210601806640625
1773063184526387200,95.98181104660034,-0.9565887451171875,0.0347442626953125,0.3282012939453125
1773063184536442368,95.99186611175537,-0.96142578125,0.0232696533203125,0.3279571533203125
1773063184546498304,96.00192213058472,-0.9521636962890625,0.0334930419921875,0.3226776123046875
1773063184556553472,96.01197719573975,-0.942718505859375,0.051727294921875,0.3084716796875
1773063184566609408,96.02203321456909,-0.9377899169921875,0.0656585693359375,0.2955322265625
1773063184576665344,96.03208923339844,-0.9347381591796875,0.0731658935546875,0.28887939453125
1773063184586720256,96.04214406013489,-0.9308013916015625,0.052337646484375,0.2912445068359375
1773063184596776192,96.05220007896423,-0.9357147216796875,0.0424041748046875,0.31219482421875
1773063184606832384,96.06225609779358,-0.949951171875,0.0336456298828125,0.3323822021484375
1773063184616887296,96.07231116294861,-0.966064453125,0.0322265625,0.337646484375
1773063184626943232,96.08236718177795,-0.9643707275390625,0.048248291015625,0.332550048828125
1773063184636999424,96.0924232006073,-0.9543609619140625,0.0655059814453125,0.32061767578125
1773063184647054336,96.10247826576233,-0.9456787109375,0.0644683837890625,0.29473876953125
1773063184657110272,96.1125340461731,-0.9361114501953125,0.0545501708984375,0.2870941162109375
1773063184667165184,96.12258911132812,-0.9331207275390625,0.060821533203125,0.308135986328125
1773063184677221376,96.13264513015747,-0.941497802734375,0.0536041259765625,0.3231353759765625
1773063184687277312,96.14270114898682,-0.948699951171875,0.03857421875,0.3203582763671875
1773063184697332480,96.15275621414185,-0.9481201171875,0.03448486328125,0.323272705078125
1773063184707388416,96.16281223297119,-0.9452362060546875,0.048065185546875,0.3306121826171875
1773063184717444352,96.17286825180054,-0.955322265625,0.06396484375,0.318450927734375
1773063184727499264,96.18292307853699,-0.960723876953125,0.0633087158203125,0.295989990234375
1773063184737555200,96.19297909736633,-0.95135498046875,0.0564727783203125,0.2906036376953125
1773063184747611392,96.20303511619568,-0.9375762939453125,0.0561981201171875,0.30206298828125
1773063184757666304,96.21309018135071,-0.93646240234375,0.0556182861328125,0.3127288818359375
1773063184767722496,96.22314620018005,-0.94598388671875,0.042755126953125,0.3101043701171875
1773063184777778432,96.2332022190094,-0.9458770751953125,0.04254150390625,0.3110198974609375
1773063184787833088,96.24325704574585,-0.9422607421875,0.0581817626953125,0.3254852294921875
1773063184797889280,96.2533130645752,-0.95184326171875,0.0589141845703125,0.3255615234375
1773063184807944192,96.26336812973022,-0.963043212890625,0.044647216796875,0.3163299560546875
1773063184818000384,96.27342414855957,-0.961883544921875,0.0446929931640625,0.3096771240234375
1773063184828056320,96.28348016738892,-0.9550628662109375,0.0445404052734375,0.308746337890625
1773063184838111488,96.29353523254395,-0.940673828125,0.041412353515625,0.2938079833984375
1773063184848167424,96.30359125137329,-0.9349365234375,0.045928955078125,0.296356201171875
1773063184858223104,96.31364703178406,-0.9516143798828125,0.0464019775390625,0.3234405517578125
1773063184868278272,96.32370209693909,-0.98406982421875,0.0443267822265625,0.343597412109375
1773063184878334208,96.33375811576843,-1.0202178955078125,0.0416107177734375,0.321441650390625
1773063184888390400,96.34381413459778,-1.0317535400390625,0.055877685546875,0.3038177490234375
1773063184898445312,96.35386919975281,-1.0070343017578125,0.0803680419921875,0.306243896484375
1773063184908501504,96.36392521858215,-0.9582672119140625,0.078369140625,0.3390655517578125
1773063184918556160,96.3739800453186,-0.9514617919921875,0.06689453125,0.3701934814453125
1773063184928612352,96.38403606414795,-1.0003662109375,0.0601806640625,0.3764801025390625
1773063184938668288,96.3940920829773,-1.0714874267578125,0.066864013671875,0.3495025634765625
1773063184948723200,96.40414714813232,-1.11041259765625,0.098907470703125,0.3150634765625
1773063184958779392,96.41420316696167,-1.0886688232421875,0.13665771484375,0.26611328125
1773063184968835328,96.42425918579102,-0.9793548583984375,0.0821990966796875,0.241455078125
1773063184978890496,96.43431425094604,-0.85406494140625,-0.0025787353515625,0.3392486572265625
1773063184988946176,96.44437003135681,-0.84661865234375,-0.04241943359375,0.4916534423828125
1773063184999002112,96.45442605018616,-1.013946533203125,-0.06793212890625,0.5453338623046875
1773063185009057280,96.46448111534119,-1.2734527587890625,0.0316619873046875,0.4418182373046875
1773063185019113216,96.47453713417053,-1.4178924560546875,0.2159423828125,0.2225189208984375
1773063185029168384,96.48459219932556,-1.2358245849609375,0.308135986328125,-0.0342254638671875
1773063185039224320,96.49464821815491,-0.7650604248046875,0.270599365234375,-0.09527587890625
1773063185049280512,96.50470423698425,-0.344451904296875,0.12152099609375,0.0733795166015625
1773063185059335168,96.5147590637207,-0.2019500732421875,-0.090118408203125,0.2674713134765625
1773063185069391360,96.52481508255005,-0.4038238525390625,-0.189300537109375,0.430908203125
1773063185079447296,96.5348711013794,-0.902008056640625,-0.1205291748046875,0.5283660888671875
1773063185089502208,96.54492616653442,-1.492706298828125,0.104095458984375,0.484893798828125
1773063185099558400,96.55498218536377,-1.634674072265625,0.4321136474609375,0.336029052734375
1773063185109614336,96.56503820419312,-1.1582489013671875,0.391143798828125,0.1051177978515625
1773063185119669248,96.57509303092957,-0.6692657470703125,0.133331298828125,-0.08416748046875
1773063185129725184,96.58514904975891,-0.4587860107421875,0.130645751953125,0.0657958984375
1773063185139781120,96.59520506858826,-0.6411590576171875,0.201904296875,0.2916717529296875
1773063185149836288,96.60526013374329,-1.034271240234375,0.065277099609375,0.2945098876953125
1773063185159892224,96.61531615257263,-1.2413330078125,-0.0294952392578125,0.3782501220703125
1773063185169947392,96.62537121772766,-1.190216064453125,0.0976409912109375,0.4687957763671875
1773063185180003328,96.635427236557,-1.04180908203125,0.2245941162109375,0.364959716796875
1773063185190059520,96.64548325538635,-0.89263916015625,0.25091552734375,0.2474517822265625
1773063185200114176,96.6555380821228,-0.7940826416015625,0.1090545654296875,0.0798797607421875
1773063185210170368,96.66559410095215,-0.7614288330078125,0.1602935791015625,0.16851806640625
1773063185220226304,96.6756501197815,-0.8370361328125,0.2477874755859375,0.3855133056640625
1773063185230281472,96.68570518493652,-1.013916015625,0.1006011962890625,0.3440399169921875
1773063185240337408,96.69576120376587,-1.0809783935546875,-0.07916259765625,0.275360107421875
1773063185250393344,96.70581722259521,-1.0375823974609375,0.1860198974609375,0.3971405029296875
1773063185260448256,96.71587204933167,-1.00799560546875,0.263092041015625,0.38385009765625
1773063185270504192,96.72592806816101,-1.004364013671875,0.181304931640625,0.2045135498046875
1773063185280559360,96.73598313331604,-0.94488525390625,0.1757659912109375,0.1609649658203125
1773063185290615296,96.74603915214539,-0.913818359375,0.2122039794921875,0.2596588134765625
1773063185300671232,96.75609517097473,-1.000640869140625,0.1876678466796875,0.339111328125
1773063185310726400,96.76615023612976,-1.108978271484375,0.1109771728515625,0.3128814697265625
1773063185320782336,96.7762062549591,-1.12457275390625,0.1748504638671875,0.326568603515625
1773063185330838272,96.78626203536987,-1.110382080078125,0.27862548828125,0.375457763671875
1773063185340893184,96.7963171005249,-1.1147918701171875,0.25335693359375,0.3135528564453125
1773063185350949376,96.80637311935425,-1.072418212890625,0.2167816162109375,0.2047576904296875
1773063185361005312,96.8164291381836,-0.96649169921875,0.2624359130859375,0.2702789306640625
1773063185371060480,96.82648420333862,-0.954864501953125,0.226226806640625,0.304840087890625
1773063185381116416,96.83654022216797,-0.999847412109375,0.1630096435546875,0.286956787109375
1773063185391171328,96.84659504890442,-1.024810791015625,0.23553466796875,0.3618316650390625
1773063185401227264,96.85665106773376,-1.06298828125,0.3455657958984375,0.441864013671875
1773063185411283200,96.86670708656311,-1.1216278076171875,0.38592529296875,0.4231719970703125
1773063185421338368,96.87676215171814,-1.1141815185546875,0.2755584716796875,0.231842041015625
1773063185431394304,96.88681817054749,-0.957427978515625,0.220306396484375,0.18035888671875
1773063185441449728,96.8968734741211,-0.8367767333984375,0.2357330322265625,0.1251373291015625
1773063185451504384,96.90692830085754,-0.8119964599609375,0.217681884765625,0.1550140380859375
1773063185461560576,96.91698431968689,-0.89630126953125,0.198638916015625,0.2113800048828125
1773063185471616512,96.92704033851624,-0.9582061767578125,0.1817169189453125,0.16412353515625
1773063185481671680,96.93709540367126,-0.9071502685546875,0.222869873046875,0.1492156982421875
1773063185491727616,96.94715142250061,-0.8806915283203125,0.2576141357421875,0.1138153076171875
1773063185501783552,96.95720744132996,-0.90069580078125,0.2773284912109375,0.1679229736328125
1773063185511838720,96.96726250648499,-0.9336090087890625,0.312347412109375,0.19085693359375
1773063185521894400,96.97731828689575,-0.9280242919921875,0.3179931640625,0.14849853515625
1773063185531949568,96.98737335205078,-0.86480712890625,0.3416595458984375,0.1765289306640625
1773063185542005504,96.99742937088013,-0.8492279052734375,0.3168792724609375,0.1943817138671875
1773063185552061440,97.00748538970947,-0.9220733642578125,0.3349761962890625,0.1852264404296875
1773063185562116608,97.0175404548645,-0.96685791015625,0.313629150390625,0.1827239990234375
1773063185572172544,97.02759647369385,-0.938507080078125,0.3313751220703125,0.1211090087890625
1773063185582228736,97.0376524925232,-0.870819091796875,0.3704071044921875,0.0328521728515625
1773063185592283392,97.04770731925964,-0.8250579833984375,0.3340606689453125,0.0797576904296875
1773063185602339584,97.05776333808899,-0.880615234375,0.2227020263671875,0.0810089111328125
1773063185612395520,97.06781935691833,-0.93072509765625,0.221405029296875,0.0973052978515625
1773063185622450688,97.07787442207336,-0.9180450439453125,0.2684173583984375,0.1501617431640625
1773063185632506624,97.08793044090271,-0.916015625,0.28399658203125,0.1582489013671875
1773063185642561792,97.09798550605774,-0.9231109619140625,0.281951904296875,0.1165924072265625
1773063185652617472,97.1080412864685,-0.9205780029296875,0.320465087890625,0.1016845703125
1773063185662673408,97.11809730529785,-0.9320526123046875,0.2957916259765625,0.0825653076171875
1773063185672728576,97.12815237045288,-0.9810943603515625,0.2180633544921875,0.01824951171875
1773063185682784512,97.13820838928223,-0.978973388671875,0.241302490234375,0.005523681640625
1773063185692840704,97.14826440811157,-0.8960113525390625,0.275970458984375,0.090728759765625
1773063185702895616,97.1583194732666,-0.8479461669921875,0.2615203857421875,0.1136932373046875
1773063185712951552,97.16837549209595,-0.8662261962890625,0.224334716796875,0.0593109130859375
1773063185723007744,97.1784315109253,-0.908905029296875,0.242095947265625,0.0454559326171875
1773063185733062400,97.18848633766174,-0.9769287109375,0.2221221923828125,0.0445098876953125
1773063185743118592,97.19854235649109,-1.028564453125,0.169036865234375,0.0838623046875
1773063185753173504,97.20859742164612,-1.0664825439453125,0.178131103515625,0.100799560546875
1773063185763229696,97.21865344047546,-1.0185546875,0.1628265380859375,0.1070556640625
1773063185773285632,97.22870945930481,-0.9270172119140625,0.1883392333984375,0.09625244140625
1773063185783340544,97.23876428604126,-0.8694305419921875,0.1862640380859375,0.0703887939453125
1773063185793396480,97.2488203048706,-0.8615875244140625,0.163665771484375,0.05950927734375
1773063185803452416,97.25887632369995,-0.9186859130859375,0.1744232177734375,0.0284423828125
1773063185813507584,97.26893138885498,-0.9728240966796875,0.12969970703125,0.0047149658203125
1773063185823563520,97.27898740768433,-0.9818115234375,0.123443603515625,-0.050140380859375
1773063185833619712,97.28904342651367,-0.9298553466796875,0.087646484375,-0.1114501953125
1773063185843674624,97.2990984916687,-0.88519287109375,0.020233154296875,-0.125762939453125
1773063185853730560,97.30915451049805,-0.8659820556640625,0.03662109375,-0.099853515625
1773063185863786496,97.31921029090881,-0.8818359375,0.0148162841796875,-0.0780487060546875
1773063185873841408,97.32926535606384,-0.9067230224609375,0.086273193359375,-0.047088623046875
1773063185883897600,97.33932137489319,-0.9293365478515625,0.1704254150390625,-0.0399169921875
1773063185893952512,97.34937644004822,-0.9655609130859375,0.15423583984375,-0.0567474365234375
1773063185904008704,97.35943245887756,-0.9221038818359375,0.1640625,-0.037445068359375
1773063185914064640,97.36948847770691,-0.879119873046875,0.2037506103515625,0.00054931640625
1773063185924119552,97.37954330444336,-0.894622802734375,0.22003173828125,0.0220184326171875
1773063185934175488,97.3895993232727,-0.9269866943359375,0.1763763427734375,0.06610107421875
1773063185944231424,97.39965534210205,-0.9739227294921875,0.138824462890625,0.0634918212890625
1773063185954286592,97.40971040725708,-1.00927734375,0.221038818359375,0.076873779296875
1773063185964342528,97.41976642608643,-1.0335693359375,0.228790283203125,0.0541229248046875
1773063185974398720,97.42982244491577,-0.9950714111328125,0.17706298828125,-0.023834228515625
1773063185984453632,97.4398775100708,-0.9069061279296875,0.19927978515625,-0.1057891845703125
1773063185994509568,97.44993329048157,-0.8987579345703125,0.1753692626953125,-0.134490966796875
1773063186004564480,97.4599883556366,-0.954925537109375,0.156982421875,-0.1271820068359375
1773063186014620416,97.47004437446594,-1.0037689208984375,0.1654205322265625,-0.081573486328125
1773063186024676608,97.48010039329529,-1.04547119140625,0.1532135009765625,-0.074127197265625
1773063186034731520,97.49015545845032,-1.0551605224609375,0.17718505859375,-0.078826904296875
1773063186044787712,97.50021147727966,-0.977752685546875,0.1925506591796875,-0.1268463134765625
1773063186054843648,97.51026749610901,-0.9404296875,0.1799163818359375,-0.1188507080078125
1773063186064898560,97.52032232284546,-0.9864349365234375,0.1900634765625,-0.098052978515625
1773063186074954496,97.5303783416748,-1.017913818359375,0.2009124755859375,-0.0205841064453125
1773063186085010432,97.54043436050415,-1.0421142578125,0.220733642578125,0.0380706787109375
1773063186095065600,97.55048942565918,-1.06353759765625,0.2595672607421875,0.0117034912109375
1773063186105121536,97.56054544448853,-1.0391998291015625,0.267608642578125,-0.0120086669921875
1773063186115176704,97.57060050964355,-0.98443603515625,0.205413818359375,-0.0275115966796875
1773063186125232384,97.58065629005432,-0.9409637451171875,0.179351806640625,-0.059722900390625
1773063186135288576,97.59071230888367,-0.950531005859375,0.18231201171875,-0.046142578125
1773063186145343488,97.6007673740387,-0.9920501708984375,0.152496337890625,-0.0155487060546875
1773063186155399680,97.61082339286804,-0.9971771240234375,0.1517181396484375,-0.0225830078125
1773063186165455616,97.62087941169739,-0.9839630126953125,0.1856231689453125,-0.02716064453125
1773063186175510528,97.63093447685242,-0.9878997802734375,0.1557769775390625,-0.020355224609375
1773063186185566720,97.64099049568176,-0.9788970947265625,0.11614990234375,-0.0470428466796875
1773063186195622656,97.65104651451111,-0.9433746337890625,0.14959716796875,-0.0659027099609375
1773063186205677568,97.66110134124756,-0.93182373046875,0.16400146484375,-0.0477752685546875
1773063186215733504,97.6711573600769,-0.9258880615234375,0.1694793701171875,-0.0118865966796875
1773063186225789440,97.68121337890625,-0.9141082763671875,0.200531005859375,0.01226806640625
1773063186235844608,97.69126844406128,-0.9584503173828125,0.2059326171875,0.038787841796875
1773063186245900544,97.70132446289062,-0.9990997314453125,0.2322540283203125,0.061676025390625
1773063186255955456,97.71137928962708,-0.9819488525390625,0.2368621826171875,0.052764892578125
1773063186266011392,97.72143530845642,-0.953765869140625,0.209686279296875,0.0399627685546875
1773063186276067584,97.73149132728577,-0.9406890869140625,0.191192626953125,0.0379486083984375
1773063186286122496,97.7415463924408,-0.9355316162109375,0.1836395263671875,0.0587921142578125
1773063186296178688,97.75160241127014,-0.95709228515625,0.17510986328125,0.052734375
1773063186306234624,97.76165843009949,-0.9655609130859375,0.15777587890625,0.00628662109375
1773063186316289536,97.77171349525452,-0.9798126220703125,0.15167236328125,-0.0121612548828125
1773063186326345728,97.78176951408386,-0.9922637939453125,0.153106689453125,-0.023345947265625
1773063186336401408,97.79182529449463,-0.9340057373046875,0.12945556640625,-0.071502685546875
1773063186346456576,97.80188035964966,-0.91131591796875,0.1148223876953125,-0.0612640380859375
1773063186356512512,97.811936378479,-0.9543914794921875,0.1455078125,-0.047576904296875
1773063186366567680,97.82199144363403,-0.958099365234375,0.1550445556640625,-0.0270843505859375
1773063186376623616,97.83204746246338,-0.93798828125,0.1633758544921875,0.002197265625
1773063186386679552,97.84210348129272,-0.930511474609375,0.1616973876953125,0.015045166015625
1773063186396734464,97.85215830802917,-0.921630859375,0.17095947265625,0.045074462890625
1773063186406790400,97.86221432685852,-0.928009033203125,0.1012420654296875,0.06427001953125
1773063186416846592,97.87227034568787,-0.914947509765625,0.0527801513671875,0.042083740234375
1773063186426901504,97.8823254108429,-0.8966064453125,0.1352691650390625,0.03466796875
1773063186436957696,97.89238142967224,-0.866363525390625,0.1739044189453125,0.023040771484375
1773063186447013888,97.90243768692017,-0.8525238037109375,0.1502685546875,0.06524658203125
1773063186457068800,97.9124927520752,-0.8435516357421875,0.146148681640625,0.0980682373046875
1773063186467124736,97.92254853248596,-0.827789306640625,0.100006103515625,0.0890960693359375
1773063186477179648,97.93260359764099,-0.8553314208984375,0.09490966796875,0.11669921875
1773063186487235840,97.94265961647034,-0.928466796875,0.153900146484375,0.1560516357421875
1773063186497291776,97.95271563529968,-0.998138427734375,0.11175537109375,0.1488494873046875
1773063186507346944,97.96277070045471,-0.9788970947265625,0.0238800048828125,0.1051177978515625
1773063186517402880,97.97282671928406,-0.8350067138671875,0.1014862060546875,0.08612060546875
1773063186527458816,97.9828827381134,-0.7374267578125,0.1986083984375,0.152618408203125
1773063186537513728,97.99293756484985,-0.7714996337890625,0.219512939453125,0.176666259765625
1773063186547569664,98.0029935836792,-0.8404541015625,0.13873291015625,0.198211669921875
1773063186557625856,98.01304960250854,-0.964874267578125,0.1016693115234375,0.160552978515625
1773063186567680768,98.02310466766357,-1.082855224609375,0.216033935546875,0.057098388671875
1773063186577736960,98.03316068649292,-1.02508544921875,0.2199249267578125,0.131195068359375
1773063186587791872,98.04321575164795,-0.8875885009765625,0.1401824951171875,0.1707305908203125
1773063186597847808,98.05327153205872,-0.811920166015625,0.0720062255859375,0.177825927734375
1773063186607903744,98.06332755088806,-0.8464508056640625,0.0639801025390625,0.1176605224609375
1773063186617958912,98.07338261604309,-0.8753509521484375,0.0768585205078125,0.066558837890625
1773063186628014848,98.08343863487244,-0.8931121826171875,0.0238037109375,0.111602783203125
1773063186638070784,98.09349465370178,-0.979583740234375,0.0768585205078125,0.1375274658203125
1773063186648125952,98.10354971885681,-1.05377197265625,0.12091064453125,0.1044464111328125
1773063186658181888,98.11360573768616,-1.0013427734375,0.0825042724609375,0.07391357421875
1773063186668237824,98.1236617565155,-0.8726348876953125,0.0851593017578125,0.0542755126953125
1773063186678292736,98.13371658325195,-0.77606201171875,0.116668701171875,0.067169189453125
1773063186688348672,98.1437726020813,-0.797119140625,0.12237548828125,0.1064910888671875
1773063186698404864,98.15382862091064,-0.9423065185546875,0.0891876220703125,0.257049560546875
1773063186708459776,98.16388368606567,-1.1447601318359375,0.071136474609375,0.1861114501953125
1773063186718515968,98.17393970489502,-1.1566162109375,0.0158538818359375,0.0852813720703125
1773063186728570624,98.18399453163147,-0.976806640625,-0.00885009765625,0.1785736083984375
1773063186738626816,98.19405055046082,-0.8380584716796875,0.049652099609375,0.1558685302734375
1773063186748682752,98.20410656929016,-0.79022216796875,0.052520751953125,0.0233001708984375
1773063186758737920,98.21416163444519,-0.80426025390625,0.128326416015625,-0.0173187255859375
1773063186768793856,98.22421765327454,-0.8675537109375,0.130462646484375,-0.0092926025390625
1773063186778849792,98.23427367210388,-0.9398345947265625,0.0124664306640625,0.087371826171875
1773063186788904960,98.24432873725891,-1.050323486328125,-0.056549072265625,0.137725830078125
1773063186798960896,98.25438475608826,-1.038543701171875,-0.0519256591796875,0.096649169921875
1773063186809016832,98.26444053649902,-0.8865203857421875,-0.0529327392578125,0.1152801513671875
1773063186819071744,98.27449560165405,-0.8220977783203125,0.0115509033203125,0.0264739990234375
1773063186829127680,98.2845516204834,-0.8317108154296875,0.0516815185546875,-0.06671142578125
1773063186839182848,98.29460668563843,-0.8627166748046875,0.0754547119140625,0.0202789306640625
1773063186849238784,98.30466270446777,-0.9561767578125,0.02337646484375,0.167510986328125
1773063186859294976,98.31471872329712,-1.06488037109375,0.0380859375,0.134765625
1773063186869349632,98.32477355003357,-1.0069580078125,-0.00469970703125,0.088714599609375
1773063186879405824,98.33482956886292,-0.86920166015625,-0.0316162109375,0.089874267578125
1773063186889461760,98.34488558769226,-0.8417816162109375,-0.0673828125,0.058502197265625
1773063186899516928,98.35494065284729,-0.9084625244140625,-0.0518035888671875,-0.037445068359375
1773063186909572864,98.36499667167664,-0.9340362548828125,0.0215606689453125,-0.0030975341796875
1773063186919628800,98.37505269050598,-0.9689178466796875,-0.0099334716796875,0.0791473388671875
1773063186929683968,98.38510775566101,-1.048858642578125,-0.08355712890625,0.0899505615234375
1773063186939739648,98.39516353607178,-1.0650177001953125,-0.08978271484375,0.1390838623046875
1773063186949794816,98.4052186012268,-1.060699462890625,-0.06121826171875,0.1449737548828125
1773063186959850752,98.41527462005615,-1.0084075927734375,-0.1347198486328125,-0.0109710693359375
1773063186969906688,98.4253306388855,-0.9250946044921875,-0.0548095703125,-0.1049041748046875
1773063186979961856,98.43538570404053,-0.910919189453125,-0.0217437744140625,-0.04058837890625
1773063186990017792,98.44544172286987,-1.00665283203125,-0.12445068359375,0.0225830078125
1773063187000073984,98.45549774169922,-1.08489990234375,-0.1751556396484375,0.1098785400390625
1773063187010128640,98.46555256843567,-1.09429931640625,-0.1809234619140625,0.115020751953125
1773063187020184832,98.47560858726501,-1.0648651123046875,-0.1854095458984375,0.128997802734375
1773063187030240768,98.48566460609436,-1.0824737548828125,-0.15924072265625,0.0960540771484375
1773063187040295936,98.49571967124939,-1.09136962890625,-0.1718292236328125,-0.062896728515625
1773063187050351872,98.50577569007874,-1.029144287109375,-0.0594024658203125,-0.048797607421875
1773063187060407040,98.51583075523376,-0.9931488037109375,0.0281524658203125,0.023681640625
1773063187070462720,98.52588653564453,-1.0251007080078125,-0.0786895751953125,0.1044464111328125
1773063187080518656,98.53594255447388,-1.124298095703125,-0.146636962890625,0.1977691650390625
1773063187090573824,98.5459976196289,-1.1949310302734375,-0.1597442626953125,0.1561279296875
1773063187100629760,98.55605363845825,-1.1470184326171875,-0.16998291015625,0.185943603515625
1773063187110685952,98.5661096572876,-1.0847015380859375,-0.169403076171875,0.1667022705078125
1773063187120740864,98.57616472244263,-1.04833984375,-0.1637725830078125,0.0782623291015625
1773063187130796800,98.58622074127197,-1.0285186767578125,-0.0931854248046875,0.08453369140625
1773063187140852992,98.59627676010132,-1.075103759765625,-0.047576904296875,0.1100616455078125
1773063187150907648,98.60633158683777,-1.12103271484375,-0.134674072265625,0.1259918212890625
1773063187160963840,98.61638760566711,-1.0973052978515625,-0.199493408203125,0.1374664306640625
1773063187171019776,98.62644362449646,-1.0268402099609375,-0.208038330078125,0.179534912109375
1773063187181074944,98.63649868965149,-1.012420654296875,-0.2222900390625,0.1558380126953125
1773063187191130880,98.64655470848083,-1.05377197265625,-0.211883544921875,0.1078948974609375
1773063187201185792,98.65660953521729,-1.096954345703125,-0.141815185546875,0.106842041015625
1773063187211241728,98.66666555404663,-1.121185302734375,-0.0928497314453125,0.147369384765625
1773063187221297664,98.67672157287598,-1.0978851318359375,-0.142364501953125,0.150482177734375
1773063187231352832,98.686776638031,-1.032196044921875,-0.1884765625,0.110198974609375
1773063187241408768,98.69683265686035,-0.9987335205078125,-0.2153167724609375,0.1320953369140625
1773063187251464960,98.7068886756897,-1.02032470703125,-0.2393798828125,0.13800048828125
1773063187261519872,98.71694374084473,-1.0521087646484375,-0.2197113037109375,0.110748291015625
1773063187271575808,98.72699975967407,-1.04864501953125,-0.14813232421875,0.0977325439453125
1773063187281631744,98.73705554008484,-1.021881103515625,-0.1328277587890625,0.106414794921875
1773063187291686656,98.74711060523987,-1.034332275390625,-0.159881591796875,0.1050262451171875
1773063187301742848,98.75716662406921,-1.01641845703125,-0.2119293212890625,0.08984375
1773063187311797760,98.76722168922424,-0.9982147216796875,-0.2170562744140625,0.109710693359375
1773063187321853952,98.77727770805359,-1.0166168212890625,-0.1839447021484375,0.1641082763671875
1773063187331909888,98.78733372688293,-1.03662109375,-0.15374755859375,0.160614013671875
1773063187341964800,98.79738855361938,-1.017486572265625,-0.159454345703125,0.1283111572265625
1773063187352020736,98.80744457244873,-0.9889068603515625,-0.158599853515625,0.1412811279296875
1773063187362076672,98.81750059127808,-1.02105712890625,-0.1651458740234375,0.1484375
1773063187372131840,98.8275556564331,-1.0500946044921875,-0.1833038330078125,0.126617431640625
1773063187382187776,98.83761167526245,-1.028961181640625,-0.147857666015625,0.1051025390625
1773063187392243968,98.8476676940918,-0.9820404052734375,-0.1400299072265625,0.1031341552734375
1773063187402298880,98.85772275924683,-0.9611358642578125,-0.1831207275390625,0.1100616455078125
1773063187412354816,98.86777853965759,-0.98895263671875,-0.1851043701171875,0.1251068115234375
1773063187422410752,98.87783455848694,-1.014862060546875,-0.1767578125,0.114776611328125
1773063187432465664,98.88788962364197,-1.0214996337890625,-0.15301513671875,0.1213531494140625
1773063187442521856,98.89794564247131,-1.0218963623046875,-0.1392364501953125,0.1241912841796875
1773063187452576256,98.9079999923706,-1.0183868408203125,-0.145660400390625,0.092681884765625
1773063187462632192,98.91805601119995,-0.9992218017578125,-0.134552001953125,0.08367919921875
1773063187472688128,98.9281120300293,-0.9780426025390625,-0.167144775390625,0.101409912109375
1773063187482743296,98.93816709518433,-0.99713134765625,-0.186492919921875,0.1354217529296875
1773063187492799232,98.94822311401367,-1.0261688232421875,-0.15234375,0.1395721435546875
1773063187502855424,98.95827913284302,-1.0466461181640625,-0.125,0.118896484375
1773063187512910080,98.96833395957947,-1.058135986328125,-0.1212158203125,0.1020660400390625
1773063187522966272,98.97838997840881,-1.0559844970703125,-0.1231689453125,0.110321044921875
1773063187533022208,98.98844599723816,-1.0614166259765625,-0.130126953125,0.1010589599609375
1773063187543077120,98.99850106239319,-1.050628662109375,-0.16796875,0.077056884765625
1773063187553133312,99.00855708122253,-1.0439300537109375,-0.14837646484375,0.119964599609375
1773063187563189248,99.01861310005188,-1.0734100341796875,-0.114349365234375,0.1511077880859375
1773063187573244160,99.02866792678833,-1.096160888671875,-0.1436614990234375,0.13714599609375
1773063187583300096,99.03872394561768,-1.104736328125,-0.177764892578125,0.1358489990234375
1773063187593355264,99.0487790107727,-1.0944976806640625,-0.18072509765625,0.108154296875
1773063187603411200,99.05883502960205,-1.077423095703125,-0.1617279052734375,0.08111572265625
1773063187613467136,99.0688910484314,-1.0761566162109375,-0.1135711669921875,0.0650787353515625
1773063187623522304,99.07894611358643,-1.087921142578125,-0.0768890380859375,0.0662841796875
1773063187633578240,99.08900213241577,-1.1230926513671875,-0.0848236083984375,0.1171875
1773063187643634176,99.09905791282654,-1.159576416015625,-0.1744842529296875,0.1374969482421875
1773063187653689088,99.10911297798157,-1.1679840087890625,-0.2679443359375,0.1283721923828125
1773063187663745280,99.11916899681091,-1.1613311767578125,-0.248626708984375,0.1318817138671875
1773063187673801216,99.12922501564026,-1.164642333984375,-0.17022705078125,0.0970306396484375
1773063187683856128,99.13928008079529,-1.1529541015625,-0.108489990234375,0.07281494140625
1773063187693912320,99.14933609962463,-1.142974853515625,-0.115997314453125,0.088531494140625
1773063187703966976,99.15939092636108,-1.1543731689453125,-0.1642303466796875,0.129974365234375
1773063187714023168,99.16944694519043,-1.19757080078125,-0.15570068359375,0.1690673828125
1773063187724079104,99.17950296401978,-1.2358551025390625,-0.2138214111328125,0.123870849609375
1773063187734134272,99.1895580291748,-1.2125396728515625,-0.2632904052734375,0.08428955078125
1773063187744190208,99.19961404800415,-1.175567626953125,-0.2029571533203125,0.081573486328125
1773063187754246144,99.2096700668335,-1.1579742431640625,-0.145538330078125,0.066741943359375
1773063187764301312,99.21972513198853,-1.15093994140625,-0.1765594482421875,0.0504913330078125
1773063187774356992,99.22978091239929,-1.165435791015625,-0.218841552734375,0.084381103515625
1773063187784413184,99.23983693122864,-1.182586669921875,-0.2683258056640625,0.102996826171875
1773063187794468096,99.24989199638367,-1.1659393310546875,-0.2806549072265625,0.0907440185546875
1773063187804524288,99.25994801521301,-1.134765625,-0.2544708251953125,0.0942230224609375
1773063187814580224,99.27000403404236,-1.13690185546875,-0.18768310546875,0.0951080322265625
1773063187824635392,99.28005909919739,-1.1614532470703125,-0.1686248779296875,0.0551910400390625
1773063187834691328,99.29011511802673,-1.1383819580078125,-0.233245849609375,0.0073394775390625
1773063187844746240,99.30016994476318,-1.082733154296875,-0.2816925048828125,0.02960205078125
1773063187854802176,99.31022596359253,-1.048614501953125,-0.2740478515625,0.05108642578125
1773063187864858112,99.32028198242188,-1.058380126953125,-0.3012542724609375,0.0420989990234375
1773063187874913280,99.3303370475769,-1.0699615478515625,-0.320648193359375,0.04205322265625
1773063187884969216,99.34039306640625,-1.0752410888671875,-0.26544189453125,0.0734100341796875
1773063187895025152,99.3504490852356,-1.0658416748046875,-0.2553253173828125,0.1158294677734375
1773063187905080064,99.36050391197205,-1.050750732421875,-0.239837646484375,0.130218505859375
1773063187915136000,99.37055993080139,-1.0416412353515625,-0.2169952392578125,0.1441650390625
1773063187925192192,99.38061594963074,-1.039703369140625,-0.239654541015625,0.0816650390625
1773063187935247104,99.39067101478577,-1.0168609619140625,-0.261688232421875,-0.0136260986328125
1773063187945303296,99.40072703361511,-0.95562744140625,-0.2541046142578125,0.0153045654296875
1773063187955358208,99.41078209877014,-0.9738616943359375,-0.240936279296875,0.0531158447265625
1773063187965414400,99.42083811759949,-1.0433349609375,-0.23345947265625,0.0706787109375
1773063187975470336,99.43089413642883,-1.0510406494140625,-0.270477294921875,0.0596466064453125
1773063187985525248,99.44094896316528,-1.015960693359375,-0.3045501708984375,0.0929107666015625
1773063187995581184,99.45100498199463,-0.9989166259765625,-0.3067626953125,0.1416168212890625
1773063188005637120,99.46106100082397,-0.9884490966796875,-0.2900390625,0.1136016845703125
1773063188015692288,99.471116065979,-0.962493896484375,-0.27471923828125,0.0099945068359375
1773063188025748224,99.48117208480835,-0.903472900390625,-0.2148895263671875,-0.04254150390625
1773063188035804160,99.4912281036377,-0.8923797607421875,-0.2191314697265625,-0.00933837890625
1773063188045859072,99.50128293037415,-0.9511566162109375,-0.215850830078125,0.0275115966796875
1773063188055915008,99.51133894920349,-1.0057830810546875,-0.259765625,0.13409423828125
1773063188065970176,99.52139401435852,-1.0774383544921875,-0.2266998291015625,0.1746673583984375
1773063188076026112,99.53145003318787,-1.0978851318359375,-0.207427978515625,0.159759521484375
1773063188086082304,99.54150605201721,-1.0290374755859375,-0.27728271484375,0.080108642578125
1773063188096137216,99.55156111717224,-0.91473388671875,-0.323394775390625,-0.071044921875
1773063188106193408,99.56161713600159,-0.8000640869140625,-0.2776336669921875,-0.1350555419921875
1773063188116249088,99.57167291641235,-0.753753662109375,-0.2725982666015625,-0.03753662109375
1773063188126304256,99.58172798156738,-0.8680572509765625,-0.2152252197265625,-0.0007781982421875
1773063188136360192,99.59178400039673,-1.0043182373046875,-0.19866943359375,0.0239715576171875
1773063188146416128,99.60184001922607,-1.071014404296875,-0.2228240966796875,0.1820831298828125
1773063188156471296,99.6118950843811,-1.130523681640625,-0.1328125,0.222625732421875
1773063188166527232,99.62195110321045,-1.0743408203125,-0.198699951171875,0.136505126953125
1773063188176583168,99.6320071220398,-0.938568115234375,-0.2784423828125,0.086151123046875
1773063188186638080,99.64206194877625,-0.834930419921875,-0.2337188720703125,0.005523681640625
1773063188196694016,99.65211796760559,-0.76593017578125,-0.222259521484375,-0.0325469970703125
1773063188206749184,99.66217303276062,-0.7991943359375,-0.2568359375,-0.027801513671875
1773063188216805120,99.67222905158997,-0.9368896484375,-0.2361602783203125,0.0525665283203125
1773063188226861312,99.68228507041931,-1.0322113037109375,-0.2533111572265625,0.0086669921875
1773063188236916224,99.69234013557434,-0.9843292236328125,-0.258453369140625,0.0183563232421875
1773063188246972160,99.70239591598511,-0.937042236328125,-0.135894775390625,0.0767974853515625
1773063188257028096,99.71245193481445,-0.9129180908203125,-0.1058807373046875,0.0969390869140625
1773063188267083264,99.72250699996948,-0.9412689208984375,-0.17218017578125,0.08477783203125
1773063188277139200,99.73256301879883,-0.9793701171875,-0.2091827392578125,-0.0052032470703125
1773063188287195136,99.74261903762817,-0.9230499267578125,-0.24639892578125,-0.09600830078125
1773063188297250304,99.7526741027832,-0.8531494140625,-0.198486328125,-0.099273681640625
1773063188307306240,99.76273012161255,-0.816497802734375,-0.1743621826171875,-0.004974365234375
1773063188317361152,99.772784948349,-0.855987548828125,-0.1907806396484375,0.105499267578125
1773063188327417088,99.78284096717834,-0.980010986328125,-0.1548309326171875,0.11187744140625
1773063188337473280,99.79289698600769,-1.0402984619140625,-0.1515350341796875,0.03631591796875
1773063188347528192,99.80295205116272,-0.96295166015625,-0.1297760009765625,0.011077880859375
1773063188357584128,99.81300806999207,-0.889923095703125,-0.1367034912109375,-0.06689453125
1773063188367640320,99.82306408882141,-0.83135986328125,-0.1260528564453125,-0.1476898193359375
1773063188377694976,99.83311891555786,-0.8001861572265625,-0.0635223388671875,-0.0031890869140625
1773063188387751168,99.8431749343872,-0.8919525146484375,-0.057861328125,0.0516357421875
1773063188397807104,99.85323095321655,-0.999267578125,-0.0321197509765625,0.066650390625
1773063188407862272,99.86328601837158,-1.0373992919921875,-0.002777099609375,0.095733642578125
1773063188417918208,99.87334203720093,-1.013702392578125,0.039520263671875,0.0756683349609375
1773063188427974144,99.88339805603027,-0.9963836669921875,-0.0557098388671875,0.11669921875
1773063188438029312,99.8934531211853,-0.9478607177734375,-0.184234619140625,0.107025146484375
1773063188448085504,99.90350937843323,-0.8779754638671875,-0.0800018310546875,0.0855255126953125
1773063188458140416,99.91356420516968,-0.84771728515625,0.0771484375,0.14306640625
1773063188468196352,99.92362022399902,-0.932403564453125,0.1162872314453125,0.151092529296875
1773063188478252288,99.93367624282837,-0.9987335205078125,0.07427978515625,0.0254669189453125
1773063188488307456,99.9437313079834,-0.9370880126953125,0.1029815673828125,0.0257110595703125
1773063188498363392,99.95378732681274,-0.8769378662109375,0.0570526123046875,0.017822265625
1773063188508419584,99.96384334564209,-0.8398895263671875,0.013671875,0.0079803466796875
1773063188518474240,99.97389817237854,-0.8172760009765625,-0.018829345703125,0.048980712890625
1773063188528530432,99.98395419120789,-0.8379364013671875,0.0183563232421875,0.0797576904296875
1773063188538586368,99.99401021003723,-0.905364990234375,0.0451812744140625,0.167083740234375
1773063188548641536,100.00406527519226,-0.9609375,0.0898895263671875,0.17437744140625
1773063188558697472,100.0141212940216,-0.9128265380859375,0.142425537109375,0.0696563720703125
1773063188568752640,100.02417635917664,-0.7922515869140625,0.1348724365234375,0.017059326171875
1773063188578808576,100.03423237800598,-0.760223388671875,0.1253662109375,0.0516815185546875
1773063188588864256,100.04428815841675,-0.8293914794921875,0.0604248046875,0.073974609375
1773063188598919424,100.05434322357178,-0.86090087890625,0.0341644287109375,0.0936126708984375
1773063188608975360,100.06439924240112,-0.812164306640625,0.1273345947265625,0.1172637939453125
1773063188619031552,100.07445526123047,-0.7551422119140625,0.1984100341796875,0.1380462646484375
1773063188629086464,100.0845103263855,-0.74853515625,0.2095184326171875,0.1109161376953125
1773063188639142400,100.09456634521484,-0.7770843505859375,0.1969757080078125,0.10638427734375
1773063188649198592,100.10462236404419,-0.8513641357421875,0.119293212890625,0.1774749755859375
1773063188659253248,100.11467719078064,-0.9349517822265625,-0.098297119140625,0.2816009521484375
1773063188669309440,100.12473320960999,-0.9596099853515625,0.0227203369140625,0.409881591796875
1773063188679364352,100.13478827476501,-0.947784423828125,0.2119903564453125,0.273895263671875
1773063188689420544,100.14484429359436,-0.7823028564453125,0.171417236328125,0.06036376953125
1773063188699476480,100.1549003124237,-0.6421661376953125,0.161590576171875,0.041168212890625
1773063188709531648,100.16495537757874,-0.709014892578125,0.208343505859375,0.0478668212890625
1773063188719587328,100.1750111579895,-0.877655029296875,0.183380126953125,0.0888824462890625
1773063188729643264,100.18506717681885,-0.964508056640625,0.170654296875,0.1401214599609375
1773063188739698432,100.19512224197388,-0.9781036376953125,0.189971923828125,0.250244140625
1773063188749754368,100.20517826080322,-0.959991455078125,0.2509613037109375,0.311248779296875
1773063188759810560,100.21523427963257,-0.9646759033203125,0.261322021484375,0.2436981201171875
1773063188769865472,100.2252893447876,-0.91156005859375,0.3177337646484375,0.148834228515625
1773063188779921408,100.23534536361694,-0.8651580810546875,0.3254547119140625,0.109771728515625
1773063188789976320,100.2454001903534,-0.93536376953125,0.2111663818359375,0.1132659912109375
1773063188800032256,100.25545620918274,-1.032989501953125,0.1288299560546875,0.1373443603515625
1773063188810088448,100.26551222801208,-0.750518798828125,0.66864013671875,2.038665771484375
1773063188820143360,100.27556729316711,-1.47064208984375,0.8892822265625,-0.5137176513671875
1773063188830199552,100.28562331199646,-0.7518157958984375,-1.4136199951171875,-1.407470703125
1773063188840255488,100.2956793308258,-0.67303466796875,1.1954803466796875,1.5992431640625
1773063188850310400,100.30573415756226,-1.6182098388671875,0.4392852783203125,0.5470428466796875
1773063188860366336,100.3157901763916,-1.061737060546875,0.3753509521484375,-0.3000030517578125
1773063188870422272,100.32584619522095,-0.79315185546875,-0.226898193359375,-0.6342010498046875
1773063188880477440,100.33590126037598,-1.03546142578125,-0.0865325927734375,-0.314453125
1773063188890533376,100.34595727920532,-1.2747802734375,0.2618560791015625,0.7287750244140625
1773063188900588544,100.35601234436035,-1.100921630859375,0.637847900390625,0.681732177734375
1773063188910644480,100.3660683631897,-0.8603973388671875,0.3397369384765625,0.2460174560546875
1773063188920700672,100.37612438201904,-0.855133056640625,-0.0303192138671875,-0.4294586181640625
1773063188930755328,100.3861792087555,-1.0245361328125,-0.0506591796875,-0.0513153076171875
1773063188940811520,100.39623522758484,-1.1889495849609375,0.2057342529296875,0.3641204833984375
1773063188950867456,100.40629124641418,-1.0497283935546875,0.527435302734375,0.5682830810546875
1773063188960922368,100.41634631156921,-0.861175537109375,0.2335357666015625,-0.0522308349609375
1773063188970978560,100.42640233039856,-0.6167755126953125,-0.02020263671875,-0.48834228515625
1773063188981034496,100.4364583492279,-0.743896484375,-0.1471099853515625,-0.2293548583984375
1773063188991089408,100.44651317596436,-0.956756591796875,0.19598388671875,0.2631988525390625
1773063189001145344,100.4565691947937,-0.9887847900390625,0.6130828857421875,0.544952392578125
1773063189011201280,100.46662521362305,-0.9917449951171875,0.5385894775390625,0.2968292236328125
1773063189021256448,100.47668027877808,-0.851776123046875,0.0328521728515625,-0.096282958984375
1773063189031312384,100.48673629760742,-0.857086181640625,-0.13714599609375,0.0449371337890625
1773063189041367552,100.49679136276245,-0.9885711669921875,0.2864990234375,0.396575927734375
1773063189051423488,100.5068473815918,-0.986358642578125,0.63037109375,0.4108123779296875
1773063189061479424,100.51690316200256,-0.8560028076171875,0.4553985595703125,-0.0384521484375
1773063189071534336,100.52695822715759,-0.63201904296875,0.0707550048828125,-0.4140625
1773063189081590528,100.53701424598694,-0.736968994140625,-0.2154541015625,-0.2760772705078125
1773063189091646464,100.54707026481628,-0.9612579345703125,-0.05841064453125,0.1499786376953125
1773063189101701376,100.55712532997131,-1.0123748779296875,0.418853759765625,0.45806884765625
1773063189111757568,100.56718134880066,-1.01446533203125,0.600555419921875,0.2107696533203125
1773063189121813504,100.57723736763,-0.8477630615234375,0.3900299072265625,-0.158538818359375
1773063189131868416,100.58729219436646,-0.8218231201171875,0.102813720703125,-0.1195220947265625
1773063189141924352,100.5973482131958,-1.0016326904296875,0.0912628173828125,0.135986328125
1773063189151979520,100.60740327835083,-1.0284423828125,0.504364013671875,0.365753173828125
1773063189162035456,100.61745929718018,-0.9838714599609375,0.590057373046875,0.2025146484375
1773063189172091392,100.62751531600952,-0.878570556640625,0.2925872802734375,-0.0971221923828125
1773063189182146560,100.63757038116455,-0.8990020751953125,-0.0217742919921875,-0.103515625
1773063189192202240,100.64762616157532,-1.0471649169921875,0.09686279296875,0.1107635498046875
1773063189202258432,100.65768218040466,-1.0260009765625,0.4869232177734375,0.2992095947265625
1773063189212313344,100.66773724555969,-1.0048370361328125,0.594268798828125,0.1554718017578125
1773063189222369536,100.67779326438904,-0.9711151123046875,0.36883544921875,-0.1226043701171875
1773063189232425472,100.68784928321838,-0.9669342041015625,0.108001708984375,-0.1837005615234375
1773063189242480640,100.69790434837341,-1.0303802490234375,0.1580352783203125,0.0124969482421875
1773063189252536576,100.70796036720276,-0.9999542236328125,0.4815826416015625,0.2833099365234375
1773063189262591488,100.71801519393921,-0.948455810546875,0.597412109375,0.2733001708984375
1773063189272647424,100.72807121276855,-0.902679443359375,0.3815460205078125,0.00701904296875
1773063189282703360,100.7381272315979,-0.912689208984375,0.1647186279296875,-0.1491546630859375
1773063189292758528,100.74818229675293,-1.0059814453125,0.17425537109375,0.0127716064453125
1773063189302814464,100.75823831558228,-1.0269622802734375,0.4202880859375,0.2272186279296875
1773063189312870400,100.76829433441162,-0.927154541015625,0.589202880859375,0.2291412353515625
1773063189322925312,100.77834916114807,-0.813018798828125,0.498748779296875,0.055145263671875
1773063189332981248,100.78840517997742,-0.8328704833984375,0.2494659423828125,-0.0503997802734375
1773063189343037440,100.79846119880676,-0.9405517578125,0.16650390625,0.03411865234375
1773063189353092352,100.80851626396179,-0.9774932861328125,0.44158935546875,0.31414794921875
1773063189363148544,100.81857228279114,-0.982330322265625,0.6280517578125,0.3841552734375
1773063189373203456,100.82862734794617,-0.9333648681640625,0.467742919921875,0.107025146484375
1773063189383259648,100.83868336677551,-0.8342132568359375,0.1859130859375,-0.1057281494140625
1773063189393315584,100.84873938560486,-0.87615966796875,0.0865936279296875,0.0026397705078125
1773063189403370496,100.85879421234131,-0.9514923095703125,0.307220458984375,0.296630859375
1773063189413426432,100.86885023117065,-0.9426422119140625,0.58099365234375,0.3522186279296875
1773063189423482368,100.87890625,-0.8913421630859375,0.5874176025390625,0.171356201171875
1773063189433537536,100.88896131515503,-0.8746490478515625,0.3236083984375,-0.0071563720703125
1773063189443593472,100.89901733398438,-0.9460601806640625,0.1711883544921875,-0.00830078125
1773063189453649664,100.9090735912323,-0.9605712890625,0.2943878173828125,0.1580352783203125
1773063189463704832,100.91912865638733,-0.921356201171875,0.4577789306640625,0.273529052734375
1773063189473760768,100.92918467521667,-0.8997039794921875,0.44915771484375,0.2274169921875
1773063189483816960,100.93924069404602,-0.9082794189453125,0.2773284912109375,0.04266357421875
1773063189493871872,100.94929575920105,-0.9517822265625,0.222320556640625,0.0220489501953125
1773063189503927808,100.95935153961182,-1.003814697265625,0.3597412109375,0.1633148193359375
1773063189513982720,100.96940660476685,-1.0149993896484375,0.49932861328125,0.2917938232421875
1773063189524038912,100.97946262359619,-0.945159912109375,0.4461212158203125,0.19390869140625
1773063189534094848,100.98951864242554,-0.8833770751953125,0.239227294921875,0.011138916015625
1773063189544149760,100.99957370758057,-0.91326904296875,0.1483306884765625,0.0324554443359375
1773063189554205952,101.00962972640991,-0.9662628173828125,0.24853515625,0.168792724609375
1773063189564261888,101.01968574523926,-0.9446563720703125,0.44451904296875,0.3039093017578125
1773063189574316800,101.02974057197571,-0.9604034423828125,0.434906005859375,0.1883392333984375
1773063189584372736,101.03979659080505,-0.9257965087890625,0.278717041015625,0.0126800537109375
1773063189594428672,101.0498526096344,-0.9107818603515625,0.1934967041015625,0.05419921875
1773063189604483840,101.05990767478943,-0.9757232666015625,0.2568206787109375,0.220489501953125
1773063189614539776,101.06996369361877,-0.9688873291015625,0.42083740234375,0.342193603515625
1773063189624594944,101.0800187587738,-0.9112548828125,0.50335693359375,0.264801025390625
1773063189634650624,101.09007453918457,-0.8623504638671875,0.367034912109375,0.0588226318359375
1773063189644706816,101.10013055801392,-0.8623809814453125,0.1967010498046875,-0.0125732421875
1773063189654761728,101.11018562316895,-0.9100799560546875,0.230743408203125,0.0808868408203125
1773063189664817920,101.12024164199829,-0.9228973388671875,0.3817901611328125,0.245697021484375
1773063189674873856,101.13029766082764,-0.937591552734375,0.43634033203125,0.27203369140625
1773063189684928768,101.14035272598267,-0.913421630859375,0.359283447265625,0.1828460693359375
1773063189694984960,101.15040874481201,-0.8787078857421875,0.287109375,0.09967041015625
1773063189705040896,101.16046476364136,-0.9144439697265625,0.333892822265625,0.1754150390625
1773063189715095808,101.17051959037781,-0.9548187255859375,0.42755126953125,0.2378997802734375
1773063189725151744,101.18057560920715,-0.9379425048828125,0.4676361083984375,0.1837921142578125
1773063189735206912,101.19063067436218,-0.9058990478515625,0.4007110595703125,0.0824432373046875
1773063189745262848,101.20068669319153,-0.9056243896484375,0.2793731689453125,0.006378173828125
1773063189755318784,101.21074271202087,-0.9335784912109375,0.2693939208984375,0.10638427734375
1773063189765373696,101.22079753875732,-0.946014404296875,0.3700714111328125,0.2433624267578125
1773063189775429632,101.23085355758667,-0.936492919921875,0.476043701171875,0.25689697265625
1773063189785485824,101.24090957641602,-0.924896240234375,0.41839599609375,0.13043212890625
1773063189795540736,101.25096464157104,-0.9263458251953125,0.320159912109375,0.00518798828125
1773063189805596928,101.26102066040039,-0.95367431640625,0.3012237548828125,0.0604400634765625
1773063189815652864,101.27107667922974,-0.981414794921875,0.391754150390625,0.1308441162109375
1773063189825708032,101.28113174438477,-0.9453887939453125,0.4837799072265625,0.2195892333984375
1773063189835763968,101.29118776321411,-0.9222412109375,0.45068359375,0.19805908203125
1773063189845819648,101.30124354362488,-0.9144744873046875,0.3370361328125,0.1200714111328125
1773063189855874816,101.31129860877991,-0.9232635498046875,0.282073974609375,0.0893402099609375
1773063189865930752,101.32135462760925,-0.9298095703125,0.3928375244140625,0.186737060546875
1773063189875985920,101.33140969276428,-0.9627532958984375,0.4656982421875,0.1885528564453125
1773063189886041856,101.34146571159363,-0.959930419921875,0.4008331298828125,0.1095123291015625
1773063189896097792,101.35152173042297,-0.917083740234375,0.3148345947265625,0.0497894287109375
1773063189906152704,101.36157655715942,-0.899505615234375,0.3044891357421875,0.0890045166015625
1773063189916208640,101.37163257598877,-0.9227752685546875,0.3755340576171875,0.1957244873046875
1773063189926264832,101.38168859481812,-0.95703125,0.471405029296875,0.2703704833984375
1773063189936319744,101.39174365997314,-0.970123291015625,0.42120361328125,0.1882476806640625
1773063189946375936,101.40179967880249,-0.9174652099609375,0.324859619140625,0.0626220703125
1773063189956431872,101.41185569763184,-0.882232666015625,0.2678985595703125,0.0233001708984375
1773063189966487040,101.42191076278687,-0.892181396484375,0.3207550048828125,0.1366119384765625
1773063189976542720,101.43196654319763,-0.9114990234375,0.3945159912109375,0.24053955078125
1773063189986597888,101.44202160835266,-0.914886474609375,0.4097747802734375,0.2046356201171875
1773063189996653824,101.452077627182,-0.9127655029296875,0.352783203125,0.1523895263671875
1773063190006709760,101.46213364601135,-0.908843994140625,0.11322021484375,0.192352294921875
1773063190016764928,101.47218871116638,-0.639129638671875,0.40869140625,1.317840576171875
1773063190026820864,101.48224472999573,-1.287750244140625,0.5421295166015625,-0.7473907470703125
1773063190036876800,101.49230074882507,-0.6588897705078125,-0.1578826904296875,0.71551513671875
1773063190046931712,101.50235557556152,-1.143310546875,1.0054779052734375,0.7044677734375
1773063190056987648,101.51241159439087,-0.9561767578125,0.056671142578125,0.09527587890625
1773063190067043840,101.52246761322021,-0.674407958984375,0.569000244140625,-0.2637176513671875
1773063190077098752,101.53252267837524,-0.870330810546875,-0.005279541015625,-0.0262451171875
1773063190087154944,101.54257869720459,-1.0988006591796875,0.170684814453125,0.138946533203125
1773063190097209856,101.55263376235962,-0.9681854248046875,0.34246826171875,0.6131591796875
1773063190107265792,101.56268954277039,-0.899932861328125,0.5600433349609375,0.2380218505859375
1773063190117321728,101.57274556159973,-0.85992431640625,0.342437744140625,-0.0458526611328125
1773063190127376896,101.58280062675476,-0.9091033935546875,0.1199493408203125,-0.219635009765625
1773063190137432832,101.5928566455841,-0.91827392578125,0.1446990966796875,0.2617340087890625
1773063190147488768,101.60291266441345,-1.0229339599609375,0.4206085205078125,0.4757080078125
1773063190157543936,101.61296772956848,-0.988922119140625,0.5870819091796875,0.3992767333984375
1773063190167599872,101.62302374839783,-0.9088134765625,0.3707122802734375,-0.02880859375
1773063190177655808,101.63307976722717,-0.8408050537109375,0.0948638916015625,-0.1454925537109375
1773063190187710720,101.64313459396362,-0.8458251953125,0.0974578857421875,0.34344482421875
1773063190197766656,101.65319061279297,-0.951263427734375,0.594451904296875,0.9244537353515625
1773063190207821824,101.663245677948,-1.0998687744140625,0.3970489501953125,0.2418975830078125
1773063190217877760,101.67330169677734,-0.888824462890625,0.5216827392578125,-0.0400390625
1773063190227933952,101.68335771560669,-0.81781005859375,-0.0332183837890625,-0.131744384765625
1773063190237988608,101.69341254234314,-0.8557891845703125,0.2903900146484375,0.2939605712890625
1773063190248044800,101.70346856117249,-0.9562835693359375,0.1263275146484375,0.3948211669921875
1773063190258100736,101.71352458000183,-0.9841461181640625,0.4965362548828125,0.31903076171875
1773063190268155904,101.72357964515686,-0.9372711181640625,0.25921630859375,-0.0268402099609375
1773063190278211840,101.7336356639862,-0.861846923828125,0.2023773193359375,0.14501953125
1773063190288267776,101.74369168281555,-0.8955078125,0.1863555908203125,0.361572265625
1773063190298322944,101.75374674797058,-0.958251953125,0.235687255859375,0.3613433837890625
1773063190308378880,101.76380276679993,-0.9621734619140625,0.3308868408203125,0.1611328125
1773063190318434816,101.7738585472107,-0.8891754150390625,0.3458251953125,0.103546142578125
1773063190328489728,101.78391361236572,-0.8657073974609375,0.159332275390625,0.14178466796875
1773063190338545920,101.79396963119507,-0.848602294921875,0.221893310546875,0.410369873046875
1773063190348600832,101.8040246963501,-0.96923828125,0.26629638671875,0.3965911865234375
1773063190358656768,101.81408071517944,-1.0052642822265625,0.3449859619140625,0.228668212890625
1773063190368712960,101.82413673400879,-0.9350433349609375,0.3327178955078125,0.1633758544921875
1773063190378767616,101.83419156074524,-0.8560943603515625,0.1660919189453125,0.248504638671875
1773063190388823808,101.84424757957458,-0.86529541015625,-0.0360870361328125,0.6151885986328125
1773063190398879744,101.85430359840393,-1.826141357421875,0.5147552490234375,0.81341552734375
1773063190408934912,101.86435866355896,-0.9888153076171875,-0.36041259765625,-0.7947540283203125
1773063190418990848,101.8744146823883,-0.0826873779296875,0.0261688232421875,0.3733673095703125
1773063190429046784,101.88447070121765,-0.4776611328125,0.9317779541015625,1.026092529296875
1773063190439101952,101.89452576637268,-1.8708038330078125,0.407928466796875,0.3461151123046875
1773063190449157376,101.90458130836487,-1.232086181640625,-0.2255706787109375,-0.5551300048828125
1773063190459213568,101.91463732719421,0.0086517333984375,-0.1494598388671875,0.3062896728515625
1773063190469268480,101.92469239234924,-0.1493377685546875,0.0441131591796875,0.3836669921875
1773063190479324416,101.93474817276001,-1.123260498046875,0.4469146728515625,0.7312164306640625
1773063190489379328,101.94480323791504,-1.610443115234375,0.3167572021484375,0.03460693359375
1773063190499435520,101.95485925674438,-0.94085693359375,0.18035888671875,-0.136627197265625
1773063190509491456,101.96491527557373,-0.377471923828125,-0.26715087890625,0.0078582763671875
1773063190519546624,101.97497034072876,-0.483642578125,0.2326812744140625,0.81329345703125
1773063190529602560,101.9850263595581,-1.4735107421875,0.7494964599609375,0.919891357421875
1773063190539658496,101.99508237838745,-1.0247802734375,-0.1619720458984375,-0.48760986328125
1773063190549713408,102.0051372051239,-0.440826416015625,0.16094970703125,0.43115234375
1773063190559769344,102.01519322395325,-0.5871734619140625,0.47125244140625,0.3883819580078125
1773063190569824512,102.02524828910828,-1.18951416015625,0.0904388427734375,0.466583251953125
1773063190579880448,102.03530430793762,-0.987152099609375,0.1387481689453125,0.1376190185546875
1773063190589936384,102.04536032676697,-0.7043304443359375,0.16058349609375,-0.00677490234375
1773063190599991552,102.055415391922,-0.792510986328125,0.4340057373046875,0.5842132568359375
1773063190610047232,102.06547117233276,-0.9612579345703125,0.23883056640625,0.2867431640625
1773063190620103424,102.07552719116211,-0.9005584716796875,-0.099090576171875,0.18988037109375
1773063190630158336,102.08558225631714,-0.865264892578125,0.2675933837890625,0.276458740234375
1773063190640214528,102.09563827514648,-1.0236053466796875,0.4866180419921875,0.46453857421875
1773063190650270464,102.10569429397583,-0.85009765625,-0.0437164306640625,-0.11651611328125
1773063190660325632,102.11574935913086,-0.477996826171875,0.1138916015625,0.5623779296875
1773063190670381568,102.1258053779602,-0.7843017578125,0.50274658203125,0.959747314453125
1773063190680437248,102.13586115837097,-1.680938720703125,0.37664794921875,0.209381103515625
1773063190690492416,102.145916223526,-1.886260986328125,0.2695465087890625,0.3495025634765625
1773063190700548352,102.15597224235535,-1.361236572265625,0.7015228271484375,0.765838623046875
1773063190710603520,102.16602730751038,-1.168060302734375,-0.350067138671875,-0.261322021484375
1773063190720659456,102.17608332633972,-0.6594390869140625,0.738861083984375,1.2568359375
1773063190730715392,102.18613934516907,-1.073089599609375,0.47283935546875,0.2603607177734375
1773063190740770304,102.19619417190552,-0.9350128173828125,-0.5221405029296875,-0.6023406982421875
1773063190750826240,102.20625019073486,-0.5695953369140625,0.2009124755859375,0.3129119873046875
1773063190760882432,102.21630620956421,-0.886749267578125,0.4764251708984375,0.536285400390625
1773063190770937344,102.22636127471924,-1.12457275390625,0.0725860595703125,0.44989013671875
1773063190780993536,102.23641729354858,-0.9549560546875,0.18658447265625,-0.023651123046875
1773063190791049472,102.24647331237793,-0.9400482177734375,0.07391357421875,0.0648040771484375
1773063190801104640,102.25652837753296,-0.9785919189453125,0.0774688720703125,-0.0787506103515625
1773063190811160320,102.26658415794373,-0.8795166015625,0.2214508056640625,0.479217529296875
1773063190821215488,102.27663922309875,-0.9056549072265625,0.2569122314453125,0.5875091552734375
1773063190831271424,102.2866952419281,-0.751068115234375,0.0717010498046875,0.2395172119140625
1773063190841327360,102.29675126075745,-0.8201141357421875,0.156005859375,0.118011474609375
1773063190851382528,102.30680632591248,-1.0206756591796875,0.1000213623046875,0.09869384765625
1773063190861438464,102.31686234474182,-1.232330322265625,0.234130859375,0.4276123046875
1773063190871494656,102.32691836357117,-1.1193389892578125,0.3583526611328125,0.6259918212890625
1773063190881549312,102.33697319030762,-0.725616455078125,0.2402496337890625,0.4820709228515625
1773063190891605504,102.34702920913696,-0.649688720703125,0.0554962158203125,0.206390380859375
1773063190901661440,102.35708522796631,-0.9200286865234375,0.0403289794921875,0.0532379150390625
1773063190911716352,102.36714029312134,-1.08416748046875,0.3247528076171875,0.479888916015625
1773063190921772544,102.37719631195068,-1.1723785400390625,0.3651275634765625,0.6077880859375
1773063190931827456,102.38725137710571,-0.875274658203125,0.1896514892578125,0.4617767333984375
1773063190941883392,102.39730715751648,-0.64410400390625,0.1974334716796875,0.3464202880859375
1773063190951939328,102.40736317634583,-0.81170654296875,0.1243896484375,0.2007293701171875
1773063190961994496,102.41741824150085,-1.0152587890625,0.1782684326171875,0.239227294921875
1773063190972050432,102.4274742603302,-1.0834503173828125,0.2271881103515625,0.427825927734375
1773063190982106368,102.43753027915955,-0.913970947265625,0.2788543701171875,0.4924468994140625
1773063190992161536,102.44758534431458,-0.671630859375,0.1920318603515625,0.3256072998046875
1773063191002217472,102.45764136314392,-0.686737060546875,0.0257568359375,0.1286468505859375
1773063191012273664,102.46769738197327,-0.845428466796875,0.0766143798828125,0.23504638671875
1773063191022328320,102.47775220870972,-1.052947998046875,0.185089111328125,0.4088897705078125
1773063191032384512,102.48780822753906,-1.0748138427734375,0.2016143798828125,0.44097900390625
1773063191042439424,102.49786329269409,-0.8620147705078125,0.15289306640625,0.361968994140625
1773063191052495360,102.50791931152344,-0.734375,0.1053009033203125,0.2523193359375
1773063191062551552,102.51797533035278,-0.7736053466796875,0.11541748046875,0.2405853271484375
1773063191072606208,102.52803015708923,-0.9098358154296875,0.14215087890625,0.310821533203125
1773063191082662400,102.53808617591858,-1.015594482421875,0.175750732421875,0.3968658447265625
1773063191092718336,102.54814219474792,-0.9854736328125,0.221527099609375,0.456695556640625
1773063191102773504,102.55819725990295,-0.8699951171875,0.23095703125,0.4160614013671875
1773063191112829440,102.5682532787323,-0.8440704345703125,0.197967529296875,0.2883758544921875
1773063191122885376,102.57830929756165,-0.898681640625,0.204254150390625,0.2814788818359375
1773063191132940544,102.58836436271667,-0.953125,0.240203857421875,0.3945159912109375
1773063191142996480,102.59842038154602,-0.967620849609375,0.2829742431640625,0.4929962158203125
1773063191153052416,102.60847616195679,-0.9080657958984375,0.2953643798828125,0.514251708984375
1773063191163107328,102.61853122711182,-0.8268890380859375,0.27264404296875,0.4503173828125
1773063191173163520,102.62858724594116,-0.790679931640625,0.2760772705078125,0.4149322509765625
1773063191183218432,102.63864231109619,-0.8071136474609375,0.3235931396484375,0.457183837890625
1773063191193274624,102.64869832992554,-0.871490478515625,0.3561553955078125,0.44024658203125
1773063191203330560,102.65875434875488,-0.8414459228515625,0.299041748046875,0.5458831787109375
1773063191213385216,102.66880917549133,-0.7100677490234375,0.272491455078125,0.58868408203125
1773063191223441408,102.67886519432068,-0.7057647705078125,0.1790771484375,0.4819793701171875
1773063191233497344,102.68892121315002,-0.740325927734375,0.168853759765625,0.528350830078125
1773063191243552512,102.69897627830505,-0.6714935302734375,0.3055267333984375,0.81927490234375
1773063191253608448,102.7090322971344,-0.5901031494140625,0.659912109375,0.9350128173828125
1773063191263664384,102.71908831596375,-0.6988372802734375,0.5513763427734375,0.466705322265625
1773063191273719552,102.72914338111877,-0.645782470703125,0.3965911865234375,0.3327484130859375
1773063191283775232,102.73919916152954,-0.620849609375,0.420928955078125,0.0969390869140625
1773063191293830400,102.74925422668457,-0.5947265625,0.210845947265625,1.463897705078125
1773063191303886336,102.75931024551392,-0.73870849609375,-0.0593414306640625,1.46490478515625
1773063191313942528,102.76936626434326,-0.55364990234375,0.1392822265625,1.2964324951171875
1773063191323997440,102.77942132949829,-0.3254852294921875,0.353912353515625,1.3360748291015625
1773063191334053632,102.78947734832764,-0.2647705078125,0.4295196533203125,1.1124420166015625
1773063191344109568,102.79953336715698,-0.33612060546875,0.46136474609375,0.899993896484375
1773063191354164480,102.80958819389343,-0.502044677734375,0.3472747802734375,0.938934326171875
1773063191364220416,102.81964421272278,-0.4861297607421875,0.2175750732421875,1.0528411865234375
1773063191374276352,102.82970023155212,-0.4031829833984375,0.3658905029296875,1.1150054931640625
1773063191384331520,102.83975529670715,-0.3903045654296875,0.4996185302734375,1.0641632080078125
1773063191394387456,102.8498113155365,-0.4424896240234375,0.5588226318359375,1.0467529296875
1773063191404442624,102.85986638069153,-0.5959014892578125,0.5037078857421875,1.1370697021484375
1773063191414498304,102.8699221611023,-0.5326385498046875,0.4424591064453125,1.083251953125
1773063191424554240,102.87997817993164,-0.40899658203125,0.41949462890625,1.0522918701171875
1773063191434609408,102.89003324508667,-0.4320526123046875,0.44635009765625,1.0095977783203125
1773063191444665344,102.90008926391602,-0.462554931640625,0.499420166015625,0.932769775390625
1773063191454722048,102.9101459980011,-0.4974822998046875,0.5298309326171875,0.8078155517578125
1773063191464776960,102.92020082473755,-0.5248260498046875,0.5145416259765625,0.759246826171875
1773063191474832896,102.9302568435669,-0.519134521484375,0.4956207275390625,0.7054901123046875
1773063191484889088,102.94031286239624,-0.4752044677734375,0.5103912353515625,0.61883544921875
1773063191494944000,102.95036792755127,-0.405181884765625,0.5456390380859375,0.48565673828125
1773063191505000192,102.96042394638062,-0.3385162353515625,0.5639801025390625,0.328521728515625
1773063191515056128,102.97047996520996,-0.2864837646484375,0.538330078125,0.1571044921875
1773063191525111040,102.98053479194641,-0.259063720703125,0.464874267578125,-0.0276947021484375
1773063191535166976,102.99059081077576,-0.263763427734375,0.369873046875,-0.2306365966796875
1773063191545222144,103.00064587593079,-0.2796173095703125,0.280303955078125,-0.4761505126953125
1773063191555278080,103.01070189476013,-0.317718505859375,0.15863037109375,-0.75140380859375
1773063191565334016,103.02075791358948,-0.40960693359375,0.0496368408203125,-0.97308349609375
1773063191575389184,103.0308129787445,-0.4955902099609375,0.023040771484375,-1.0157928466796875
1773063191585445120,103.04086899757385,-0.607666015625,0.1322174072265625,-0.9624481201171875
1773063191595501312,103.0509250164032,-0.65887451171875,0.2803497314453125,-0.9282684326171875
1773063191605555968,103.06097984313965,-0.6492919921875,0.4165496826171875,-1.0033416748046875
1773063191615611904,103.071035861969,-0.60455322265625,0.4518280029296875,-1.184051513671875
1773063191625668096,103.08109188079834,-0.5304718017578125,0.3411712646484375,-1.3480224609375
1773063191635723008,103.09114694595337,-0.4503936767578125,0.2565460205078125,-1.4021148681640625
1773063191645779200,103.10120296478271,-0.5042572021484375,0.260955810546875,-1.490692138671875
1773063191655833856,103.11125779151917,-0.4945526123046875,0.2755126953125,-1.5373992919921875
1773063191665890048,103.12131381034851,-0.52362060546875,0.2535247802734375,-1.4897308349609375
1773063191675945984,103.13136982917786,-0.514373779296875,0.1900634765625,-1.3951873779296875
1773063191686001152,103.14142489433289,-0.4930267333984375,0.146636962890625,-1.34429931640625
1773063191696057088,103.15148091316223,-0.459991455078125,0.1403350830078125,-1.351165771484375
1773063191706113024,103.16153693199158,-0.4123992919921875,0.1217041015625,-1.4205322265625
1773063191716168192,103.1715919971466,-0.3474578857421875,0.0536651611328125,-1.5106048583984375
1773063191726224128,103.18164801597595,-0.282135009765625,-0.0381927490234375,-1.5750732421875
1773063191736280064,103.19170379638672,-0.2447357177734375,-0.127655029296875,-1.6179046630859375
1773063191746334976,103.20175886154175,-0.2354583740234375,-0.2288970947265625,-1.6442413330078125
1773063191756391168,103.2118148803711,-0.2594757080078125,-0.3415069580078125,-1.5247039794921875
1773063191766446080,103.22186994552612,-0.259552001953125,-0.4298095703125,-1.2554779052734375
1773063191776502016,103.23192596435547,-0.23114013671875,-0.3685455322265625,-1.0782012939453125
1773063191786558208,103.24198198318481,-0.165679931640625,-0.210418701171875,-1.0465240478515625
1773063191796612864,103.25203680992126,-0.0496673583984375,-0.1444091796875,-1.1648712158203125
1773063191806669056,103.26209282875061,0.083404541015625,-0.2590484619140625,-1.3410797119140625
1773063191816724992,103.27214884757996,0.183746337890625,-0.4904937744140625,-1.457855224609375
1773063191826780160,103.28220391273499,0.2100830078125,-0.698822021484375,-1.4374847412109375
1773063191836836096,103.29225993156433,0.1598358154296875,-0.7983245849609375,-1.338623046875
1773063191846892032,103.30231595039368,0.0945281982421875,-0.8035430908203125,-1.175140380859375
1773063191856947200,103.3123710155487,0.0718841552734375,-0.7801666259765625,-1.07049560546875
1773063191867002880,103.32242679595947,0.06781005859375,-0.7177276611328125,-0.9690093994140625
1773063191877058048,103.3324818611145,0.07421875,-0.6786956787109375,-0.98321533203125
1773063191887113984,103.34253787994385,0.102508544921875,-0.6997528076171875,-1.0379638671875
1773063191897170176,103.3525938987732,0.0908355712890625,-0.736328125,-1.068634033203125
1773063191907225088,103.36264896392822,0.0751800537109375,-0.7477874755859375,-1.0277252197265625
1773063191917281024,103.37270498275757,0.0677490234375,-0.7343292236328125,-0.9867401123046875
1773063191927337216,103.38276100158691,0.0484771728515625,-0.7226715087890625,-0.9677886962890625
1773063191937391872,103.39281582832336,0.0346221923828125,-0.733062744140625,-0.9344329833984375
1773063191947448064,103.40287184715271,0.0342559814453125,-0.728302001953125,-0.8500823974609375
1773063191957504000,103.41292786598206,0.0449981689453125,-0.6796722412109375,-0.738006591796875
1773063191967559168,103.42298293113708,0.043426513671875,-0.634521484375,-0.6341094970703125
1773063191977615104,103.43303894996643,0.0507659912109375,-0.6383514404296875,-0.59136962890625
1773063191987670272,103.44309401512146,0.06939697265625,-0.6822509765625,-0.6453399658203125
1773063191997725952,103.45314979553223,0.071197509765625,-0.7010498046875,-0.73779296875
1773063192007781888,103.46320581436157,0.1063079833984375,-0.6872100830078125,-0.8028411865234375
1773063192017837056,103.4732608795166,0.1197967529296875,-0.68963623046875,-0.8337249755859375
1773063192027892992,103.48331689834595,0.11285400390625,-0.707427978515625,-0.863128662109375
1773063192037949184,103.4933729171753,0.123504638671875,-0.721160888671875,-0.860015869140625
1773063192048004096,103.50342798233032,0.1273345947265625,-0.69891357421875,-0.8229827880859375
1773063192058060288,103.51348400115967,0.09088134765625,-0.663116455078125,-0.7741241455078125
1773063192068115968,103.52353978157043,0.04791259765625,-0.6092681884765625,-0.74102783203125
1773063192078171136,103.53359484672546,0.028564453125,-0.5579833984375,-0.67498779296875
1773063192088227072,103.54365086555481,0.0457916259765625,-0.521270751953125,-0.689727783203125
1773063192098283008,103.55370688438416,0.0703277587890625,-0.496856689453125,-0.7233123779296875
1773063192108338176,103.56376194953918,0.0917510986328125,-0.496063232421875,-0.7644500732421875
1773063192118394112,103.57381796836853,0.1006927490234375,-0.497406005859375,-0.791748046875
1773063192128449024,103.58387279510498,0.0884246826171875,-0.5098419189453125,-0.797332763671875
1773063192138504960,103.59392881393433,0.0636749267578125,-0.540618896484375,-0.7474822998046875
1773063192148560896,103.60398483276367,0.0516357421875,-0.580535888671875,-0.7089385986328125
1773063192158616064,103.6140398979187,0.04791259765625,-0.6119842529296875,-0.6455078125
1773063192168672000,103.62409591674805,0.044921875,-0.633758544921875,-0.6362457275390625
1773063192178728192,103.63415193557739,0.0798797607421875,-0.577117919921875,-0.689727783203125
1773063192188783104,103.64420700073242,0.096221923828125,-0.5137176513671875,-0.7906494140625
1773063192198839040,103.65426278114319,0.0899658203125,-0.5130462646484375,-0.887725830078125
1773063192208894976,103.66431879997253,0.07257080078125,-0.5113677978515625,-0.888946533203125
1773063192218950144,103.67437386512756,0.176849365234375,-0.41571044921875,-0.8893585205078125
1773063192229006080,103.68442988395691,0.000457763671875,-0.6990203857421875,-0.871490478515625
1773063192239060992,103.69448494911194,0.020172119140625,-0.7076263427734375,-0.7384796142578125
1773063192249117184,103.70454096794128,0.090789794921875,-0.760223388671875,-0.6108551025390625
1773063192259173120,103.71459698677063,0.095855712890625,-0.8221893310546875,-0.5782318115234375
1773063192269228032,103.72465181350708,0.136627197265625,-0.7550048828125,-0.6445770263671875
1773063192279283968,103.73470783233643,0.15972900390625,-0.6304779052734375,-0.7674407958984375
1773063192289339904,103.74476385116577,0.1212921142578125,-0.51055908203125,-0.8880157470703125
1773063192299395072,103.7548189163208,0.0918426513671875,-0.4538421630859375,-0.9336700439453125
1773063192309451008,103.76487493515015,0.086456298828125,-0.4602813720703125,-0.9129791259765625
1773063192319507200,103.77493095397949,0.0749053955078125,-0.5077362060546875,-0.884124755859375
1773063192329562112,103.78498601913452,0.07550048828125,-0.53955078125,-0.8463592529296875
1773063192339618048,103.79504179954529,0.069793701171875,-0.5273590087890625,-0.7724761962890625
1773063192349672960,103.80509686470032,0.07208251953125,-0.4640960693359375,-0.687896728515625
1773063192359729152,103.81515288352966,0.0455474853515625,-0.4367218017578125,-0.70892333984375
1773063192369785088,103.82520890235901,0.0621795654296875,-0.3903961181640625,-0.772216796875
1773063192379840256,103.83526396751404,0.123931884765625,-0.395599365234375,-0.82293701171875
1773063192389896192,103.84531998634338,0.101898193359375,-0.5261688232421875,-0.857177734375
1773063192399952128,103.85537600517273,0.120513916015625,-0.5703582763671875,-0.8698883056640625
1773063192410007040,103.86543083190918,0.11724853515625,-0.5818634033203125,-0.9107818603515625
1773063192420062976,103.87548685073853,0.090972900390625,-0.55108642578125,-0.93072509765625
1773063192430118912,103.88554286956787,0.090057373046875,-0.524322509765625,-0.9437713623046875
1773063192440174080,103.8955979347229,0.0897369384765625,-0.5312652587890625,-0.9680023193359375
1773063192450229760,103.90565347671509,0.1190643310546875,-0.5560760498046875,-0.958221435546875
1773063192460284416,103.91570830345154,0.1363372802734375,-0.5937042236328125,-0.9308929443359375
1773063192470340608,103.92576432228088,0.125885009765625,-0.6007537841796875,-0.9107818603515625
1773063192480396544,103.93582034111023,0.10577392578125,-0.584075927734375,-0.8577880859375
1773063192490451456,103.94587540626526,0.10626220703125,-0.5656890869140625,-0.817718505859375
1773063192500507648,103.9559314250946,0.11505126953125,-0.5279083251953125,-0.8123321533203125
1773063192510563584,103.96598744392395,0.134063720703125,-0.4689483642578125,-0.8638153076171875
1773063192520618752,103.97604250907898,0.1248779296875,-0.39990234375,-0.911224365234375
1773063192530674432,103.98609828948975,0.10296630859375,-0.3821258544921875,-0.94110107421875
1773063192540730368,103.99615430831909,0.0889434814453125,-0.46044921875,-0.9194183349609375
1773063192550785536,104.00620937347412,0.0930023193359375,-0.55621337890625,-0.88861083984375
1773063192560841472,104.01626539230347,0.12652587890625,-0.594451904296875,-0.871856689453125
1773063192570896640,104.0263204574585,0.1195831298828125,-0.63372802734375,-0.8466339111328125
1773063192580952576,104.03637647628784,0.101470947265625,-0.632720947265625,-0.80078125
1773063192591008768,104.04643249511719,0.0751190185546875,-0.58453369140625,-0.83111572265625
1773063192601063424,104.05648732185364,0.0621490478515625,-0.493072509765625,-0.8934783935546875
1773063192611119616,104.06654334068298,0.0550537109375,-0.4588775634765625,-0.92327880859375
1773063192621175552,104.07659935951233,0.0582427978515625,-0.5059356689453125,-0.9184112548828125
1773063192631230720,104.08665442466736,0.0660858154296875,-0.556732177734375,-0.907623291015625
1773063192641286656,104.0967104434967,0.0628509521484375,-0.5714111328125,-0.900054931640625
1773063192651342592,104.10676646232605,0.05316162109375,-0.5513916015625,-0.8575286865234375
1773063192661397504,104.1168212890625,0.042724609375,-0.519287109375,-0.82635498046875
1773063192671453440,104.12687730789185,0.016326904296875,-0.4991912841796875,-0.7989654541015625
1773063192681508608,104.13693237304688,0.0074462890625,-0.50885009765625,-0.784881591796875
1773063192691564544,104.14698839187622,0.0103759765625,-0.555572509765625,-0.76470947265625
1773063192701620480,104.15704441070557,0.0171051025390625,-0.5852813720703125,-0.782379150390625
1773063192711675648,104.1670994758606,0.0312042236328125,-0.5858917236328125,-0.7935638427734375
1773063192721731584,104.17715549468994,0.0157318115234375,-0.5699310302734375,-0.7931365966796875
1773063192731787776,104.18721151351929,-0.0595245361328125,-0.4671630859375,-0.717132568359375
1773063192741842432,104.19726634025574,-0.0327606201171875,-0.3220062255859375,-0.8389129638671875
1773063192751898624,104.20732235908508,0.104827880859375,-0.5756988525390625,-0.7771759033203125
1773063192761954560,104.21737837791443,0.047882080078125,-0.72320556640625,-0.8372802734375
1773063192772009728,104.22743344306946,-0.0318603515625,-0.5904388427734375,-0.8421478271484375
1773063192782065664,104.2374894618988,-0.0411529541015625,-0.47454833984375,-0.7960662841796875
1773063192792120576,104.24754428863525,-0.0168304443359375,-0.462615966796875,-0.796417236328125
1773063192802176512,104.2576003074646,0.0056610107421875,-0.5900726318359375,-0.74066162109375
1773063192812232448,104.26765632629395,0.029815673828125,-0.7110137939453125,-0.69427490234375
1773063192822287616,104.27771139144897,0.0497894287109375,-0.6746978759765625,-0.7321929931640625
1773063192832343552,104.28776741027832,0.0638580322265625,-0.561370849609375,-0.839263916015625
1773063192842399488,104.29782342910767,0.0587921142578125,-0.4620513916015625,-0.9062042236328125
1773063192852454656,104.3078784942627,0.0478668212890625,-0.4404449462890625,-0.9130859375
1773063192862510592,104.31793451309204,0.0431365966796875,-0.488433837890625,-0.9012603759765625
1773063192872566528,104.32799029350281,0.0492095947265625,-0.5568389892578125,-0.8562469482421875
1773063192882621440,104.33804535865784,0.0666046142578125,-0.5954132080078125,-0.80450439453125
1773063192892677632,104.34810137748718,0.0686187744140625,-0.5571441650390625,-0.8123016357421875
1773063192902733568,104.35815739631653,0.0520172119140625,-0.5089263916015625,-0.85723876953125
1773063192912788736,104.36821246147156,0.03118896484375,-0.5227813720703125,-0.8877716064453125
1773063192922844672,104.3782684803009,0.03289794921875,-0.5478515625,-0.942657470703125
1773063192932899584,104.38832330703735,0.0650787353515625,-0.526702880859375,-0.9812774658203125
1773063192942955520,104.3983793258667,0.0779876708984375,-0.5365447998046875,-0.94158935546875
1773063192953011456,104.40843534469604,0.05731201171875,-0.5715179443359375,-0.887115478515625
1773063192963066624,104.41849040985107,0.043212890625,-0.57904052734375,-0.84014892578125
1773063192973122560,104.42854642868042,0.04296875,-0.57464599609375,-0.800567626953125
1773063192983178496,104.43860244750977,0.0389404296875,-0.5755767822265625,-0.7889404296875
1773063192993233664,104.4486575126648,0.0321807861328125,-0.56732177734375,-0.800750732421875
1773063193003289344,104.45871329307556,0.0318145751953125,-0.5454864501953125,-0.83428955078125
1773063193013345536,104.46876931190491,0.0334930419921875,-0.5230712890625,-0.85858154296875
1773063193023400448,104.47882437705994,0.0454559326171875,-0.49847412109375,-0.8774566650390625
1773063193033456640,104.48888039588928,0.058685302734375,-0.48468017578125,-0.8841552734375
1773063193043511552,104.49893546104431,0.0687713623046875,-0.4869537353515625,-0.85626220703125
1773063193053567744,104.50899147987366,0.070831298828125,-0.502044677734375,-0.8353424072265625
1773063193063623680,104.519047498703,0.06396484375,-0.536773681640625,-0.80535888671875
1773063193073678592,104.52910232543945,0.05859375,-0.5582427978515625,-0.780059814453125
1773063193083734528,104.5391583442688,0.06744384765625,-0.56280517578125,-0.792724609375
1773063193093790464,104.54921436309814,0.0792236328125,-0.5751495361328125,-0.82720947265625
1773063193103845632,104.55926942825317,0.0823211669921875,-0.5859527587890625,-0.8343963623046875
1773063193113901568,104.56932544708252,0.0785369873046875,-0.578216552734375,-0.8484039306640625
1773063193123957760,104.57938146591187,0.0768585205078125,-0.56756591796875,-0.843536376953125
1773063193134012416,104.58943629264832,0.075836181640625,-0.552398681640625,-0.829132080078125
1773063193144068352,104.59949231147766,0.0770721435546875,-0.533660888671875,-0.8068695068359375
1773063193154123520,104.60954737663269,0.074462890625,-0.5146331787109375,-0.7924041748046875
1773063193164179456,104.61960339546204,0.065155029296875,-0.5074615478515625,-0.81451416015625
1773063193174235648,104.62965941429138,0.06439208984375,-0.523406982421875,-0.82647705078125
1773063193184290560,104.63971447944641,0.081512451171875,-0.555023193359375,-0.8200531005859375
1773063193194346752,104.64977049827576,0.099456787109375,-0.5789031982421875,-0.8338470458984375
1773063193204402688,104.6598265171051,0.10748291015625,-0.5817413330078125,-0.8568572998046875
1773063193214457600,104.66988134384155,0.106689453125,-0.5739898681640625,-0.85137939453125
1773063193224513536,104.6799373626709,0.09075927734375,-0.5820159912109375,-0.82635498046875
1773063193234569472,104.68999338150024,0.0838775634765625,-0.607391357421875,-0.8027191162109375
1773063193244624640,104.70004844665527,0.085296630859375,-0.597259521484375,-0.802978515625
1773063193254680576,104.71010446548462,0.083770751953125,-0.521087646484375,-0.8522491455078125
1773063193264736768,104.72016048431396,0.088958740234375,-0.468536376953125,-0.8939056396484375
1773063193274791424,104.73021531105042,0.099365234375,-0.4915313720703125,-0.8838653564453125
1773063193284847616,104.74027132987976,0.111846923828125,-0.551544189453125,-0.8477020263671875
1773063193294902528,104.75032639503479,0.1243133544921875,-0.576446533203125,-0.8261260986328125
1773063193304958464,104.76038241386414,0.121002197265625,-0.5665435791015625,-0.829803466796875
1773063193315014656,104.77043843269348,0.1043853759765625,-0.5552215576171875,-0.8296966552734375
1773063193325069568,104.78049349784851,0.0906219482421875,-0.5580596923828125,-0.803619384765625
1773063193335125760,104.79054951667786,0.0835418701171875,-0.563018798828125,-0.781646728515625
1773063193345181440,104.80060529708862,0.076263427734375,-0.5521392822265625,-0.807281494140625
1773063193355236608,104.81066036224365,0.077667236328125,-0.5233154296875,-0.8402099609375
1773063193365292544,104.820716381073,0.091522216796875,-0.50872802734375,-0.8568572998046875
1773063193375348480,104.83077239990234,0.104156494140625,-0.5228118896484375,-0.8498992919921875
1773063193385403648,104.84082746505737,0.110198974609375,-0.5495758056640625,-0.8349151611328125
1773063193395459584,104.85088348388672,0.11529541015625,-0.567352294921875,-0.82000732421875
1773063193405514496,104.86093831062317,0.113677978515625,-0.5692291259765625,-0.815185546875
1773063193415570432,104.87099432945251,0.109527587890625,-0.567169189453125,-0.8158416748046875
1773063193425626624,104.88105034828186,0.115325927734375,-0.547943115234375,-0.8369903564453125
1773063193435681536,104.89110541343689,0.1136474609375,-0.5305633544921875,-0.8537445068359375
1773063193445737728,104.90116143226624,0.106903076171875,-0.5394134521484375,-0.8578948974609375
1773063193455793408,104.911217212677,0.1085968017578125,-0.5518951416015625,-0.8520965576171875
1773063193465848320,104.92127227783203,0.1167144775390625,-0.5584869384765625,-0.8326263427734375
1773063193475904512,104.93132829666138,0.1222381591796875,-0.5639801025390625,-0.8329925537109375
1773063193485960448,104.94138431549072,0.12615966796875,-0.55108642578125,-0.833831787109375
1773063193496015616,104.95143938064575,0.1212921142578125,-0.5310516357421875,-0.8218841552734375
1773063193506071552,104.9614953994751,0.1107025146484375,-0.5125732421875,-0.8176727294921875
1773063193516127488,104.97155141830444,0.1015472412109375,-0.499603271484375,-0.8146514892578125
1773063193526182400,104.9816062450409,0.1023406982421875,-0.5124969482421875,-0.8145599365234375
1773063193536238336,104.99166226387024,0.113128662109375,-0.539520263671875,-0.832061767578125
1773063193546293504,105.00171732902527,0.1310577392578125,-0.5595550537109375,-0.8445281982421875
1773063193556349440,105.01177334785461,0.1353302001953125,-0.5751495361328125,-0.843902587890625
1773063193566405632,105.02182936668396,0.126861572265625,-0.58416748046875,-0.839630126953125
1773063193576460544,105.03188443183899,0.11456298828125,-0.5780029296875,-0.8397674560546875
1773063193586516480,105.04194021224976,0.1041412353515625,-0.54693603515625,-0.8310699462890625
1773063193596572416,105.0519962310791,0.1003265380859375,-0.5247802734375,-0.83160400390625
1773063193606627584,105.06205129623413,0.100433349609375,-0.52178955078125,-0.830413818359375
1773063193616683520,105.07210731506348,0.103057861328125,-0.5339508056640625,-0.8511962890625
1773063193626739456,105.08216333389282,0.1161956787109375,-0.5496368408203125,-0.8628692626953125
1773063193636794624,105.09221839904785,0.1256103515625,-0.57421875,-0.865325927734375
1773063193646850560,105.1022744178772,0.1230621337890625,-0.579620361328125,-0.8729248046875
1773063193656905472,105.11232924461365,0.114776611328125,-0.5644989013671875,-0.8548126220703125
1773063193666961408,105.122385263443,0.1013946533203125,-0.561248779296875,-0.8277587890625
1773063193677017344,105.13244128227234,0.091796875,-0.5615997314453125,-0.816680908203125
1773063193687072512,105.14249634742737,0.066619873046875,-0.548553466796875,-0.8127593994140625
1773063193697128448,105.15255236625671,0.0564422607421875,-0.462982177734375,-0.811431884765625
1773063193707184640,105.16260838508606,0.1227874755859375,-0.5157928466796875,-0.7734832763671875
1773063193717239296,105.17266321182251,0.1712493896484375,-0.6429595947265625,-0.82305908203125
1773063193727295488,105.18271923065186,0.2020263671875,-0.684539794921875,-0.814239501953125
1773063193737351424,105.1927752494812,0.1369171142578125,-0.6280670166015625,-0.8314361572265625
1773063193747406592,105.20283031463623,0.0472412109375,-0.5284423828125,-0.8505096435546875
1773063193757462528,105.21288633346558,0.0435333251953125,-0.4897308349609375,-0.8218841552734375
1773063193767517440,105.2229413986206,0.07781982421875,-0.5025787353515625,-0.774932861328125
1773063193777573632,105.23299741744995,0.083404541015625,-0.542510986328125,-0.7470245361328125
1773063193787629312,105.24305319786072,0.0922088623046875,-0.560302734375,-0.726776123046875
