time,seconds_elapsed,x,y,z
1773062431972908544,0.01367044448852539,0.059844970703125,-0.43170166015625,-0.902557373046875
1773062431982964480,0.023726463317871094,0.0842132568359375,-0.4678192138671875,-0.8954010009765625
1773062431993019648,0.03378152847290039,0.1078338623046875,-0.48077392578125,-0.8910980224609375
1773062432003075584,0.043837547302246094,0.0999298095703125,-0.4853515625,-0.8974456787109375
1773062432013130752,0.05389261245727539,0.0885467529296875,-0.477630615234375,-0.903045654296875
1773062432023186688,0.0639486312866211,0.087432861328125,-0.465545654296875,-0.9017181396484375
1773062432033241600,0.07400345802307129,0.0855255126953125,-0.453125,-0.902557373046875
1773062432043296512,0.08405852317810059,0.0831756591796875,-0.44537353515625,-0.8974456787109375
1773062432053352704,0.09411454200744629,0.08233642578125,-0.442352294921875,-0.8914794921875
1773062432063407616,0.10416960716247559,0.07763671875,-0.442138671875,-0.885162353515625
1773062432073463552,0.11422562599182129,0.069122314453125,-0.44317626953125,-0.8770599365234375
1773062432083518464,0.12428045272827148,0.0679168701171875,-0.4333038330078125,-0.8680419921875
1773062432093574400,0.1343364715576172,0.07318115234375,-0.4240875244140625,-0.8672637939453125
1773062432103629568,0.14439153671264648,0.078369140625,-0.4232177734375,-0.8673553466796875
1773062432113684736,0.15444660186767578,0.08746337890625,-0.4327850341796875,-0.864410400390625
1773062432123740672,0.16450262069702148,0.092315673828125,-0.4448699951171875,-0.8659820556640625
1773062432133795584,0.17455744743347168,0.0851593017578125,-0.444366455078125,-0.868377685546875
1773062432143851520,0.18461346626281738,0.0836944580078125,-0.43328857421875,-0.8699493408203125
1773062432153906688,0.19466853141784668,0.086669921875,-0.4246673583984375,-0.870513916015625
1773062432163962624,0.20472455024719238,0.0839080810546875,-0.4255523681640625,-0.869049072265625
1773062432174017792,0.21477961540222168,0.09637451171875,-0.4228057861328125,-0.8582000732421875
1773062432184072448,0.22483444213867188,0.1602325439453125,-0.4053497314453125,-0.842193603515625
1773062432194128640,0.23489046096801758,0.1977386474609375,-0.4391326904296875,-0.8131103515625
1773062432204183552,0.24494552612304688,0.0830230712890625,-0.4876708984375,-0.8634033203125
1773062432214239488,0.2550015449523926,0.0948333740234375,-0.437286376953125,-0.8696441650390625
1773062432224294656,0.2650566101074219,0.1793670654296875,-0.3683929443359375,-0.853424072265625
1773062432234350592,0.2751126289367676,0.1375579833984375,-0.4393310546875,-0.8489990234375
1773062432244405504,0.2851674556732178,0.103302001953125,-0.495391845703125,-0.87890625
1773062432254461440,0.2952234745025635,0.1777496337890625,-0.4290008544921875,-0.8443450927734375
1773062432264516608,0.3052785396575928,0.236114501953125,-0.4130859375,-0.84185791015625
1773062432274571776,0.31533360481262207,0.238861083984375,-0.41619873046875,-0.8366851806640625
1773062432284627712,0.3253896236419678,0.2543792724609375,-0.4192657470703125,-0.8174285888671875
1773062432294682624,0.33544445037841797,0.28076171875,-0.4330902099609375,-0.7856597900390625
1773062432304738560,0.34550046920776367,0.29217529296875,-0.4579620361328125,-0.7669525146484375
1773062432314793472,0.35555553436279297,0.3076629638671875,-0.466156005859375,-0.763580322265625
1773062432324848640,0.36561059951782227,0.324951171875,-0.4467010498046875,-0.7653656005859375
1773062432334904576,0.37566661834716797,0.3287200927734375,-0.4068756103515625,-0.79095458984375
1773062432344959488,0.38572144508361816,0.3112335205078125,-0.384613037109375,-0.747650146484375
1773062432355015424,0.39577746391296387,0.3453826904296875,-0.3627471923828125,-0.7419586181640625
1773062432365070592,0.40583252906799316,0.3505706787109375,-0.309417724609375,-0.8082427978515625
1773062432375126528,0.41588854789733887,0.2932586669921875,-0.2901763916015625,-0.9053955078125
1773062432385181696,0.42594361305236816,0.2020721435546875,-0.3238525390625,-0.9583587646484375
1773062432395237632,0.43599963188171387,0.149444580078125,-0.378509521484375,-0.9080657958984375
1773062432405292544,0.44605445861816406,0.111846923828125,-0.4191436767578125,-0.8932342529296875
1773062432415347456,0.45610952377319336,0.025390625,-0.485321044921875,-0.86126708984375
1773062432425403648,0.46616554260253906,-0.014312744140625,-0.5490570068359375,-0.80523681640625
1773062432435458560,0.47622060775756836,0.00494384765625,-0.5887298583984375,-0.8055419921875
1773062432445514752,0.48627662658691406,-0.0119476318359375,-0.67803955078125,-0.8380889892578125
1773062432455569408,0.49633145332336426,-0.055328369140625,-0.7748565673828125,-0.8911895751953125
1773062432465625600,0.50638747215271,-0.0867156982421875,-0.7855377197265625,-0.9634246826171875
1773062432475680512,0.5164425373077393,-0.10418701171875,-0.7256927490234375,-0.9491729736328125
1773062432485735680,0.5264976024627686,-0.1221466064453125,-0.64923095703125,-0.9901580810546875
1773062432495791616,0.5365536212921143,-0.2024078369140625,-0.6319732666015625,-1.1065216064453125
1773062432505846528,0.5466084480285645,-0.30047607421875,-0.706207275390625,-1.108978271484375
1773062432515902464,0.5566644668579102,-0.353790283203125,-0.7396240234375,-1.02398681640625
1773062432525957632,0.5667195320129395,-0.4141387939453125,-0.702728271484375,-0.9284210205078125
1773062432536013568,0.5767755508422852,-0.4833526611328125,-0.58343505859375,-0.795806884765625
1773062432546068736,0.5868306159973145,-0.5394439697265625,-0.4331817626953125,-0.6482086181640625
1773062432556123392,0.5968854427337646,-0.5699615478515625,-0.368011474609375,-0.5754852294921875
1773062432566179584,0.6069414615631104,-0.5843048095703125,-0.372344970703125,-0.525665283203125
1773062432576234496,0.6169965267181396,-0.6071929931640625,-0.3575592041015625,-0.5194244384765625
1773062432586290688,0.6270525455474854,-0.6696929931640625,-0.277587890625,-0.5355072021484375
1773062432596345600,0.6371076107025146,-0.750213623046875,-0.1649322509765625,-0.57977294921875
1773062432606401792,0.6471636295318604,-0.781158447265625,-0.049774169921875,-0.6996612548828125
1773062432616456448,0.6572184562683105,-0.7713623046875,0.04754638671875,-0.84991455078125
1773062432626511616,0.6672735214233398,-0.7478790283203125,0.11224365234375,-0.9777679443359375
1773062432636567552,0.6773295402526855,-0.7270965576171875,0.15118408203125,-1.025665283203125
1773062432646622720,0.6873846054077148,-0.7319793701171875,0.1583404541015625,-1.0096282958984375
1773062432656678656,0.6974406242370605,-0.7283782958984375,0.1336517333984375,-0.9652252197265625
1773062432666733568,0.7074954509735107,-0.7170257568359375,0.1170654296875,-0.9361419677734375
1773062432676789504,0.7175514698028564,-0.7301788330078125,0.0838623046875,-0.9290771484375
1773062432686844672,0.7276065349578857,-0.73779296875,0.0266571044921875,-0.9254608154296875
1773062432696899584,0.737661600112915,-0.6929779052734375,-0.0165252685546875,-0.9521484375
1773062432706955776,0.7477176189422607,-0.736480712890625,-0.0725250244140625,-0.7433929443359375
1773062432717010432,0.7577724456787109,-0.7070159912109375,-0.1424560546875,-0.8829193115234375
1773062432727066624,0.7678284645080566,-0.636383056640625,-0.0596771240234375,-0.8161468505859375
1773062432737121536,0.7778835296630859,-0.6383056640625,-0.009918212890625,-0.7984466552734375
1773062432747177728,0.7879395484924316,-0.6598052978515625,-0.0322723388671875,-0.813140869140625
1773062432757232640,0.7979946136474609,-0.620269775390625,-0.0445709228515625,-0.836029052734375
1773062432767287808,0.8080496788024902,-0.586029052734375,-0.0113372802734375,-0.9147491455078125
1773062432777343488,0.8181054592132568,-0.6154022216796875,-0.069549560546875,-0.9614715576171875
1773062432787398656,0.8281605243682861,-0.6172332763671875,-0.204193115234375,-0.94097900390625
1773062432797454592,0.8382165431976318,-0.557891845703125,-0.288726806640625,-0.8980712890625
1773062432807509760,0.8482716083526611,-0.5058746337890625,-0.3014373779296875,-0.884490966796875
1773062432817565696,0.8583276271820068,-0.4884490966796875,-0.2877960205078125,-0.869842529296875
1773062432827620608,0.868382453918457,-0.491851806640625,-0.29669189453125,-0.8474578857421875
1773062432837675520,0.8784375190734863,-0.4926300048828125,-0.339202880859375,-0.8226776123046875
1773062432847731712,0.888493537902832,-0.468963623046875,-0.36126708984375,-0.78802490234375
1773062432857786624,0.8985486030578613,-0.4230499267578125,-0.3148040771484375,-0.74566650390625
1773062432867842560,0.908604621887207,-0.396575927734375,-0.260528564453125,-0.7252960205078125
1773062432877897472,0.9186594486236572,-0.396820068359375,-0.223052978515625,-0.761871337890625
1773062432887953408,0.9287154674530029,-0.41937255859375,-0.1972198486328125,-0.8236236572265625
1773062432898008576,0.9387705326080322,-0.4289703369140625,-0.1610870361328125,-0.84375
1773062432908063744,0.9488255977630615,-0.420013427734375,-0.10888671875,-0.856109619140625
1773062432918119680,0.9588816165924072,-0.421722412109375,-0.0426788330078125,-0.8443603515625
1773062432928174848,0.9689366817474365,-0.4444122314453125,-0.0247039794921875,-0.806732177734375
1773062432938230528,0.9789924621582031,-0.4842376708984375,-0.0601654052734375,-0.748077392578125
1773062432948285696,0.9890475273132324,-0.511138916015625,-0.1016998291015625,-0.780120849609375
1773062432958341632,0.9991035461425781,-0.5576629638671875,-0.1579742431640625,-0.8122711181640625
1773062432968396544,1.0091586112976074,-0.5929718017578125,-0.224884033203125,-0.8276214599609375
1773062432978452736,1.0192146301269531,-0.557708740234375,-0.24932861328125,-0.81573486328125
1773062432988507392,1.0292694568634033,-0.5185546875,-0.23651123046875,-0.7830810546875
1773062432998562560,1.0393245220184326,-0.5503082275390625,-0.21478271484375,-0.75341796875
1773062433008618496,1.0493805408477783,-0.609832763671875,-0.182708740234375,-0.7283477783203125
1773062433018673664,1.0594356060028076,-0.6424713134765625,-0.138885498046875,-0.7093353271484375
1773062433028729600,1.0694916248321533,-0.6280364990234375,-0.0965423583984375,-0.693450927734375
1773062433038784512,1.0795464515686035,-0.6149749755859375,-0.1325836181640625,-0.6928558349609375
1773062433048840448,1.0896024703979492,-0.5997467041015625,-0.2108001708984375,-0.70233154296875
1773062433058895616,1.0996575355529785,-0.5844268798828125,-0.32061767578125,-0.68255615234375
1773062433068950528,1.1097126007080078,-0.558563232421875,-0.39080810546875,-0.669342041015625
1773062433079006720,1.1197686195373535,-0.533477783203125,-0.3668060302734375,-0.6640167236328125
1773062433089061632,1.1298236846923828,-0.538299560546875,-0.302978515625,-0.6700592041015625
1773062433099117568,1.1398794651031494,-0.55511474609375,-0.228912353515625,-0.7344818115234375
1773062433109172480,1.1499345302581787,-0.5628814697265625,-0.1528167724609375,-0.8247222900390625
1773062433119228672,1.1599905490875244,-0.581878662109375,-0.1185455322265625,-0.9089202880859375
1773062433129283584,1.1700456142425537,-0.591522216796875,-0.116363525390625,-0.992462158203125
1773062433139338752,1.180100679397583,-0.5518951416015625,-0.1759490966796875,-0.9916229248046875
1773062433149394432,1.1901564598083496,-0.4976806640625,-0.261627197265625,-0.9627685546875
1773062433159449600,1.200211524963379,-0.4921875,-0.3243408203125,-0.8735504150390625
1773062433169505536,1.2102675437927246,-0.506591796875,-0.3328704833984375,-0.7699127197265625
1773062433179560704,1.220322608947754,-0.5244293212890625,-0.2360687255859375,-0.7768096923828125
1773062433189616640,1.2303786277770996,-0.5330963134765625,-0.121826171875,-0.7829132080078125
1773062433199671552,1.2404334545135498,-0.51788330078125,0.0009002685546875,-0.8046112060546875
1773062433209726464,1.250488519668579,-0.5351409912109375,0.0909423828125,-0.806427001953125
1773062433219782656,1.2605445384979248,-0.576934814453125,0.110260009765625,-0.8563385009765625
1773062433229837568,1.270599603652954,-0.623291015625,0.04486083984375,-0.865020751953125
1773062433239893760,1.2806556224822998,-0.6530303955078125,-0.0316162109375,-0.8498992919921875
1773062433249948416,1.29071044921875,-0.646209716796875,-0.0733489990234375,-0.8381195068359375
1773062433260004608,1.3007664680480957,-0.6445465087890625,-0.1638031005859375,-0.8197784423828125
1773062433270059520,1.310821533203125,-0.63006591796875,-0.261749267578125,-0.7925872802734375
1773062433280114688,1.3208765983581543,-0.568572998046875,-0.265869140625,-0.751953125
1773062433290170624,1.3309326171875,-0.5630340576171875,-0.2291259765625,-0.7019805908203125
1773062433300225792,1.3409876823425293,-0.5989227294921875,-0.1998138427734375,-0.704071044921875
1773062433310281472,1.351043462753296,-0.607666015625,-0.1880035400390625,-0.7186737060546875
1773062433320336640,1.3610985279083252,-0.6118927001953125,-0.2131195068359375,-0.7731781005859375
1773062433330392576,1.371154546737671,-0.6227874755859375,-0.2646942138671875,-0.79571533203125
1773062433340447744,1.3812096118927002,-0.6046142578125,-0.2805023193359375,-0.8174285888671875
1773062433350502656,1.3912646770477295,-0.5929718017578125,-0.2786407470703125,-0.87908935546875
1773062433360558592,1.401320457458496,-0.5966033935546875,-0.293609619140625,-0.9344635009765625
1773062433370613504,1.4113755226135254,-0.516845703125,-0.2142486572265625,-0.9713592529296875
1773062433380669696,1.421431541442871,-0.467315673828125,-0.096710205078125,-0.9445953369140625
1773062433390724608,1.4314866065979004,-0.5058135986328125,-0.054351806640625,-0.9080047607421875
1773062433400780800,1.441542625427246,-0.55096435546875,-0.075347900390625,-0.8571929931640625
1773062433410835456,1.4515974521636963,-0.5491485595703125,-0.1114044189453125,-0.804901123046875
1773062433420891648,1.461653470993042,-0.524658203125,-0.127960205078125,-0.8010101318359375
1773062433430946560,1.4717085361480713,-0.5125732421875,-0.1349334716796875,-0.853179931640625
1773062433441001728,1.4817636013031006,-0.5090484619140625,-0.2026824951171875,-0.8612213134765625
1773062433451057664,1.4918196201324463,-0.5145721435546875,-0.320953369140625,-0.8467559814453125
1773062433461112576,1.5018744468688965,-0.5293426513671875,-0.3729248046875,-0.8059234619140625
1773062433471168512,1.5119304656982422,-0.52447509765625,-0.3346710205078125,-0.6808624267578125
1773062433481223680,1.5219855308532715,-0.48443603515625,-0.1981658935546875,-0.54119873046875
1773062433491279616,1.5320415496826172,-0.4829254150390625,-0.04095458984375,-0.4833831787109375
1773062433501334784,1.5420966148376465,-0.5488739013671875,0.038238525390625,-0.545196533203125
1773062433511389696,1.5521516799926758,-0.61865234375,0.0086669921875,-0.76971435546875
1773062433521445632,1.5622074604034424,-0.6120147705078125,-0.1392822265625,-0.9303436279296875
1773062433531500544,1.5722625255584717,-0.5300750732421875,-0.3512725830078125,-0.9427642822265625
1773062433541556480,1.5823185443878174,-0.491729736328125,-0.41119384765625,-0.8898162841796875
1773062433551611648,1.5923736095428467,-0.4908905029296875,-0.4008636474609375,-0.8176422119140625
1773062433561667584,1.6024296283721924,-0.4705963134765625,-0.2496490478515625,-0.7608184814453125
1773062433571722496,1.6124844551086426,-0.5284576416015625,-0.045623779296875,-0.7982635498046875
1773062433581777664,1.6225395202636719,-0.628173828125,0.0440826416015625,-0.973388671875
1773062433591833600,1.6325955390930176,-0.67425537109375,-0.0595245361328125,-1.014678955078125
1773062433601888768,1.6426506042480469,-0.6860504150390625,-0.309783935546875,-0.8576507568359375
1773062433611944704,1.6527066230773926,-0.665008544921875,-0.468017578125,-0.6894073486328125
1773062433621999616,1.6627614498138428,-0.671722412109375,-0.3823089599609375,-0.608154296875
1773062433632055552,1.6728174686431885,-0.7033233642578125,-0.2822418212890625,-0.5384979248046875
1773062433642110464,1.6828725337982178,-0.6808624267578125,-0.31402587890625,-0.5342864990234375
1773062433652165632,1.692927598953247,-0.5820770263671875,-0.325958251953125,-0.5369415283203125
1773062433662221568,1.7029836177825928,-0.4957275390625,-0.294403076171875,-0.6002349853515625
1773062433672276736,1.713038682937622,-0.5269622802734375,-0.1517333984375,-0.7343902587890625
1773062433682332416,1.7230944633483887,-0.6150360107421875,-0.0800018310546875,-0.85137939453125
1773062433692387584,1.733149528503418,-0.6772613525390625,-0.1058197021484375,-0.878662109375
1773062433702443520,1.7432055473327637,-0.6255645751953125,-0.1563720703125,-0.8584747314453125
1773062433712498688,1.753260612487793,-0.5171661376953125,-0.1668701171875,-0.8755950927734375
1773062433722553856,1.7633156776428223,-0.45343017578125,-0.1863250732421875,-0.8974456787109375
1773062433732609536,1.7733714580535889,-0.4567718505859375,-0.209320068359375,-0.855194091796875
1773062433742664448,1.7834265232086182,-0.4786834716796875,-0.198333740234375,-0.7949981689453125
1773062433752720640,1.7934825420379639,-0.4751434326171875,-0.23876953125,-0.80718994140625
1773062433762775552,1.8035376071929932,-0.4997100830078125,-0.3287353515625,-0.785675048828125
1773062433772832000,1.813593864440918,-0.5483551025390625,-0.328155517578125,-0.792999267578125
1773062433782886656,1.8236486911773682,-0.5514068603515625,-0.3126068115234375,-0.8838958740234375
1773062433792942848,1.8337047100067139,-0.556671142578125,-0.3653717041015625,-0.953704833984375
1773062433802997760,1.8437597751617432,-0.544403076171875,-0.3547210693359375,-0.960235595703125
1773062433813052928,1.8538148403167725,-0.5462646484375,-0.38427734375,-0.9438018798828125
1773062433823108864,1.8638708591461182,-0.5992279052734375,-0.3990020751953125,-0.921966552734375
1773062433833163776,1.8739256858825684,-0.6328125,-0.37646484375,-0.9627532958984375
1773062433843219712,1.883981704711914,-0.6116485595703125,-0.3394775390625,-1.039581298828125
1773062433853274880,1.8940367698669434,-0.5885467529296875,-0.37310791015625,-0.969451904296875
1773062433863330816,1.904092788696289,-0.631317138671875,-0.401336669921875,-0.9179840087890625
1773062433873385984,1.9141478538513184,-0.65362548828125,-0.3471832275390625,-0.937469482421875
1773062433883440640,1.9242026805877686,-0.641754150390625,-0.318572998046875,-0.97119140625
1773062433893496832,1.9342586994171143,-0.6510162353515625,-0.336639404296875,-0.960113525390625
1773062433903551744,1.9443137645721436,-0.6877288818359375,-0.3930816650390625,-0.842376708984375
1773062433913607936,1.9543697834014893,-0.7176055908203125,-0.3515625,-0.8177490234375
1773062433923662848,1.9644248485565186,-0.684539794921875,-0.29107666015625,-0.8159332275390625
1773062433933719040,1.9744808673858643,-0.6496734619140625,-0.301055908203125,-0.8204345703125
1773062433943773696,1.9845356941223145,-0.6372222900390625,-0.2999114990234375,-0.8072357177734375
1773062433953829888,1.9945917129516602,-0.608428955078125,-0.267791748046875,-0.8068084716796875
1773062433963884800,2.0046467781066895,-0.6181488037109375,-0.3314971923828125,-0.7651214599609375
1773062433973939968,2.0147018432617188,-0.6249237060546875,-0.4070892333984375,-0.69512939453125
1773062433983995904,2.0247578620910645,-0.6040802001953125,-0.3302001953125,-0.66058349609375
1773062433994050816,2.0348126888275146,-0.597747802734375,-0.2608795166015625,-0.63446044921875
1773062434004106752,2.0448687076568604,-0.6174468994140625,-0.2125396728515625,-0.6355133056640625
1773062434014161920,2.0549237728118896,-0.5986480712890625,-0.2036895751953125,-0.6605072021484375
1773062434024217856,2.0649797916412354,-0.5835418701171875,-0.24652099609375,-0.6348114013671875
1773062434034273024,2.0750348567962646,-0.565521240234375,-0.2804412841796875,-0.57318115234375
1773062434044327680,2.085089683532715,-0.5713348388671875,-0.2553253173828125,-0.522918701171875
1773062434054383872,2.0951457023620605,-0.574859619140625,-0.2282257080078125,-0.5242767333984375
1773062434064438784,2.10520076751709,-0.5933990478515625,-0.224700927734375,-0.501312255859375
1773062434074494720,2.1152567863464355,-0.6296539306640625,-0.19732666015625,-0.4662017822265625
1773062434084549888,2.125311851501465,-0.615020751953125,-0.175262451171875,-0.4923095703125
1773062434094605824,2.1353678703308105,-0.60577392578125,-0.1774139404296875,-0.524200439453125
1773062434104660736,2.1454226970672607,-0.623748779296875,-0.185211181640625,-0.502960205078125
1773062434114715904,2.15547776222229,-0.61322021484375,-0.193145751953125,-0.4625244140625
1773062434124771840,2.1655337810516357,-0.598663330078125,-0.2086029052734375,-0.4827880859375
1773062434134827008,2.175588846206665,-0.5959625244140625,-0.227935791015625,-0.502227783203125
1773062434144882944,2.1856448650360107,-0.6079559326171875,-0.1981353759765625,-0.454620361328125
1773062434154937856,2.195699691772461,-0.6483612060546875,-0.13330078125,-0.4165191650390625
1773062434164993792,2.2057557106018066,-0.69183349609375,-0.14410400390625,-0.4340972900390625
1773062434175048704,2.215810775756836,-0.705230712890625,-0.148223876953125,-0.455291748046875
1773062434185104896,2.2258667945861816,-0.66876220703125,-0.1161041259765625,-0.4772186279296875
1773062434195159808,2.235921859741211,-0.663482666015625,-0.154815673828125,-0.5322418212890625
1773062434205214720,2.245976686477661,-0.6867218017578125,-0.1795196533203125,-0.581939697265625
1773062434215270656,2.256032705307007,-0.6708221435546875,-0.194244384765625,-0.52557373046875
1773062434225325824,2.266087770462036,-0.6894378662109375,-0.2176666259765625,-0.48486328125
1773062434235381760,2.276143789291382,-0.7440643310546875,-0.18548583984375,-0.4445343017578125
1773062434245436928,2.286198854446411,-0.8014068603515625,-0.13128662109375,-0.412261962890625
1773062434255492864,2.296254873275757,-0.8245391845703125,-0.1432647705078125,-0.468658447265625
1773062434265547776,2.306309700012207,-0.7818603515625,-0.1928253173828125,-0.518035888671875
1773062434275602944,2.3163647651672363,-0.74755859375,-0.194732666015625,-0.5507049560546875
1773062434285658880,2.326420783996582,-0.7309417724609375,-0.20928955078125,-0.57354736328125
1773062434295713792,2.3364758491516113,-0.7469482421875,-0.20928955078125,-0.5513763427734375
1773062434305769984,2.346531867980957,-0.76776123046875,-0.20611572265625,-0.5558319091796875
1773062434315824640,2.3565866947174072,-0.7961883544921875,-0.1717071533203125,-0.540740966796875
1773062434325880832,2.366642713546753,-0.785491943359375,-0.1850128173828125,-0.5818634033203125
1773062434335935744,2.3766977787017822,-0.758392333984375,-0.251434326171875,-0.6019439697265625
1773062434345990912,2.3867528438568115,-0.764556884765625,-0.2641448974609375,-0.5887298583984375
1773062434356046848,2.3968088626861572,-0.8311920166015625,-0.17413330078125,-0.5809173583984375
1773062434366101760,2.4068636894226074,-0.8100128173828125,-0.1496124267578125,-0.5914154052734375
1773062434376157696,2.416919708251953,-0.7657470703125,-0.20953369140625,-0.6182708740234375
1773062434386212864,2.4269747734069824,-0.740142822265625,-0.261627197265625,-0.6072235107421875
1773062434396268800,2.437030792236328,-0.7322540283203125,-0.26904296875,-0.580169677734375
1773062434406323968,2.4470858573913574,-0.754119873046875,-0.2707366943359375,-0.57281494140625
1773062434416379904,2.457141876220703,-0.7769317626953125,-0.25579833984375,-0.572418212890625
1773062434426434816,2.4671967029571533,-0.76165771484375,-0.216827392578125,-0.606231689453125
1773062434436489728,2.4772517681121826,-0.754241943359375,-0.201812744140625,-0.639068603515625
1773062434446545920,2.4873077869415283,-0.7541046142578125,-0.20654296875,-0.65374755859375
1773062434456600832,2.4973628520965576,-0.7274932861328125,-0.25439453125,-0.7008209228515625
1773062434466657024,2.5074188709259033,-0.6792755126953125,-0.313751220703125,-0.7215423583984375
1773062434476711680,2.5174736976623535,-0.6960906982421875,-0.2908782958984375,-0.695587158203125
1773062434486767872,2.527529716491699,-0.7288665771484375,-0.278564453125,-0.6448211669921875
1773062434496822784,2.5375847816467285,-0.7392730712890625,-0.33929443359375,-0.654449462890625
1773062434506877952,2.547639846801758,-0.694061279296875,-0.3803863525390625,-0.6623687744140625
1773062434516933888,2.5576958656311035,-0.65374755859375,-0.3182830810546875,-0.6805572509765625
1773062434526988800,2.5677506923675537,-0.648895263671875,-0.3035736083984375,-0.731292724609375
1773062434537044736,2.5778067111968994,-0.63592529296875,-0.3530120849609375,-0.720977783203125
1773062434547099904,2.5878617763519287,-0.5806732177734375,-0.3950653076171875,-0.7044525146484375
1773062434557155840,2.5979177951812744,-0.634765625,-0.41094970703125,-0.716888427734375
1773062434567211008,2.6079728603363037,-0.675323486328125,-0.318267822265625,-0.6780548095703125
1773062434577266944,2.6180288791656494,-0.629150390625,-0.32220458984375,-0.645721435546875
1773062434587321856,2.6280837059020996,-0.632293701171875,-0.40972900390625,-0.6093902587890625
1773062434597376768,2.638138771057129,-0.6132965087890625,-0.3134307861328125,-0.609954833984375
1773062434607432960,2.6481947898864746,-0.5927886962890625,-0.2578582763671875,-0.65576171875
1773062434617487872,2.658249855041504,-0.5775146484375,-0.2853851318359375,-0.6986083984375
1773062434627543808,2.6683058738708496,-0.4971923828125,-0.3154449462890625,-0.7245941162109375
1773062434637598720,2.6783607006073,-0.407989501953125,-0.493896484375,-0.907073974609375
1773062434647654656,2.6884167194366455,-0.4854278564453125,-0.7752838134765625,-0.916961669921875
1773062434657709824,2.698471784591675,-0.537078857421875,-0.4402008056640625,-0.532318115234375
1773062434667764992,2.708526849746704,-0.4217071533203125,-0.1766510009765625,-0.5203704833984375
1773062434677820928,2.71858286857605,-0.4572906494140625,-0.370513916015625,-0.7028961181640625
1773062434687875840,2.7286376953125,-0.4095306396484375,-0.375396728515625,-0.64691162109375
1773062434697931776,2.7386937141418457,-0.357330322265625,-0.29144287109375,-0.5981292724609375
1773062434707986944,2.748748779296875,-0.37213134765625,-0.3632049560546875,-0.681243896484375
1773062434718042880,2.7588047981262207,-0.28875732421875,-0.5254669189453125,-0.837432861328125
1773062434728097792,2.76885986328125,-0.3026123046875,-0.542877197265625,-0.946563720703125
1773062434738152704,2.7789146900177,-0.2700347900390625,-0.348114013671875,-0.8062591552734375
1773062434748208640,2.788970708847046,-0.30975341796875,-0.3965606689453125,-0.513671875
1773062434758263808,2.799025774002075,-0.4185333251953125,-0.248931884765625,-0.352630615234375
1773062434768319488,2.809081554412842,-0.3621826171875,-0.0987548828125,-0.4605865478515625
1773062434778374656,2.819136619567871,-0.2785491943359375,-0.2266082763671875,-0.712371826171875
1773062434788430592,2.829192638397217,-0.2030181884765625,-0.30059814453125,-0.8417816162109375
1773062434798485504,2.839247465133667,-0.1345367431640625,-0.3956298828125,-0.7530059814453125
1773062434808541440,2.8493034839630127,-0.1702117919921875,-0.4218597412109375,-0.7639923095703125
1773062434818596608,2.859358549118042,-0.16082763671875,-0.1494903564453125,-0.7970123291015625
1773062434828651776,2.8694136142730713,-0.1351318359375,-0.1382598876953125,-0.572784423828125
1773062434838707712,2.879469633102417,-0.154266357421875,-0.2098388671875,-0.524322509765625
1773062434848762624,2.889524459838867,-0.0875396728515625,-0.1961517333984375,-0.6791534423828125
1773062434858818560,2.899580478668213,-0.00323486328125,-0.175323486328125,-0.790618896484375
1773062434868873472,2.909635543823242,0.023895263671875,-0.1591796875,-0.873138427734375
1773062434878929664,2.919691562652588,0.06884765625,-0.2548675537109375,-0.99713134765625
1773062434888984576,2.929746627807617,0.072723388671875,-0.3178558349609375,-0.9082183837890625
1773062434899040512,2.939802408218384,0.1319122314453125,-0.1779022216796875,-0.9373321533203125
1773062434909095424,2.949857473373413,0.141265869140625,-0.2221832275390625,-0.8278350830078125
1773062434919150592,2.9599125385284424,0.16986083984375,-0.1951446533203125,-0.6857452392578125
1773062434929206528,2.969968557357788,0.2263641357421875,-0.1262664794921875,-0.776885986328125
1773062434939261696,2.9800236225128174,0.2799224853515625,-0.1257476806640625,-0.9982147216796875
1773062434949317632,2.990079641342163,0.35760498046875,-0.13348388671875,-1.0979156494140625
1773062434959372544,3.0001344680786133,0.444671630859375,-0.229400634765625,-1.053680419921875
1773062434969428480,3.010190486907959,0.4741363525390625,-0.24578857421875,-0.8824005126953125
1773062434979483648,3.0202455520629883,0.4851531982421875,-0.08709716796875,-0.749542236328125
1773062434989538560,3.0303006172180176,0.4784698486328125,0.0016021728515625,-0.799530029296875
1773062434999594752,3.0403566360473633,0.481536865234375,-0.0131378173828125,-0.9023284912109375
1773062435009649408,3.0504114627838135,0.560821533203125,0.031341552734375,-0.8399505615234375
1773062435019705600,3.060467481613159,0.7034454345703125,0.0896759033203125,-0.9736785888671875
1773062435029760512,3.0705225467681885,0.749298095703125,0.0344696044921875,-1.0664520263671875
1773062435039816704,3.080578565597534,0.81134033203125,-0.0838623046875,-0.895599365234375
1773062435049871616,3.0906336307525635,0.862152099609375,-0.0317840576171875,-0.7871856689453125
1773062435059927552,3.10068941116333,0.8199920654296875,-0.013580322265625,-0.66766357421875
1773062435069982464,3.1107444763183594,0.793182373046875,-0.0154266357421875,-0.613861083984375
1773062435080037632,3.1207995414733887,0.820220947265625,0.0582275390625,-0.706146240234375
1773062435090093568,3.1308555603027344,0.844970703125,0.1226806640625,-0.9086761474609375
1773062435100148736,3.1409106254577637,0.9266204833984375,0.10101318359375,-1.0629119873046875
1773062435110204416,3.1509664058685303,0.936126708984375,-0.01654052734375,-0.8668060302734375
1773062435120259584,3.1610214710235596,1.101409912109375,0.0361328125,-0.6481781005859375
1773062435130315520,3.1710774898529053,1.2034454345703125,0.031524658203125,-0.558074951171875
1773062435140370688,3.1811325550079346,1.0138397216796875,-0.0326080322265625,-0.5668792724609375
1773062435150425600,3.191187620162964,0.9237213134765625,0.0478668212890625,-0.6915283203125
1773062435160481792,3.2012436389923096,0.98345947265625,0.11236572265625,-0.7960968017578125
1773062435170536448,3.2112984657287598,1.040557861328125,0.0183258056640625,-0.7003936767578125
1773062435180592640,3.2213544845581055,1.0352783203125,-0.0717620849609375,-0.6883087158203125
1773062435190647552,3.2314095497131348,1.040008544921875,-0.0001220703125,-0.736083984375
1773062435200703744,3.2414655685424805,1.040802001953125,0.04180908203125,-0.6920013427734375
1773062435210758656,3.2515206336975098,1.0092926025390625,-0.0050811767578125,-0.6439208984375
1773062435220814592,3.2615764141082764,1.001922607421875,0.02020263671875,-0.6128387451171875
1773062435230869504,3.2716314792633057,1.0530548095703125,0.0472564697265625,-0.639068603515625
1773062435240924672,3.281686544418335,1.002105712890625,0.0500030517578125,-0.717742919921875
1773062435250980608,3.2917425632476807,0.9111480712890625,-0.005035400390625,-0.70404052734375
1773062435261035776,3.30179762840271,0.940185546875,0.027008056640625,-0.5528564453125
1773062435271091456,3.3118534088134766,0.98175048828125,0.09527587890625,-0.494476318359375
1773062435281146624,3.321908473968506,0.9756011962890625,0.1084747314453125,-0.5265960693359375
1773062435291202560,3.3319644927978516,0.973052978515625,0.12652587890625,-0.52899169921875
1773062435301257728,3.342019557952881,0.986175537109375,0.114044189453125,-0.4976806640625
1773062435311313664,3.3520755767822266,0.9887542724609375,0.086761474609375,-0.467864990234375
1773062435321368576,3.362130641937256,0.9794464111328125,0.0821380615234375,-0.47344970703125
1773062435331423488,3.372185468673706,0.959991455078125,0.010772705078125,-0.47808837890625
1773062435341479424,3.3822414875030518,0.93975830078125,-0.0613555908203125,-0.4849700927734375
1773062435351534592,3.392296552658081,0.9323272705078125,-0.0386962890625,-0.4627532958984375
1773062435361590528,3.4023525714874268,0.955047607421875,-0.029449462890625,-0.4227752685546875
1773062435371645696,3.412407636642456,0.9853515625,-0.0182037353515625,-0.41351318359375
1773062435381701376,3.4224634170532227,1.000579833984375,0.0262298583984375,-0.439422607421875
1773062435391756544,3.432518482208252,1.0070648193359375,0.0250091552734375,-0.4329071044921875
1773062435401811712,3.4425735473632812,0.993377685546875,0.0088958740234375,-0.3875885009765625
1773062435411867648,3.452629566192627,0.969329833984375,-0.0125732421875,-0.36773681640625
1773062435421922560,3.4626846313476562,0.958251953125,-0.0260467529296875,-0.39385986328125
1773062435431978496,3.472740411758423,0.9918975830078125,0.006103515625,-0.3921661376953125
1773062435442033408,3.482795476913452,0.98876953125,-0.0294342041015625,-0.3572998046875
1773062435452089600,3.492851495742798,0.9575347900390625,-0.092071533203125,-0.3660430908203125
1773062435462144512,3.502906560897827,0.948394775390625,-0.0931854248046875,-0.394622802734375
1773062435472200704,3.512962579727173,0.97222900390625,-0.1153564453125,-0.3914337158203125
1773062435482255360,3.523017406463623,0.99688720703125,-0.1291656494140625,-0.356964111328125
1773062435492310528,3.5330724716186523,0.9979705810546875,-0.0877838134765625,-0.336029052734375
1773062435502366464,3.543128490447998,0.9712982177734375,-0.09185791015625,-0.3409576416015625
1773062435512421632,3.5531835556030273,0.9394989013671875,-0.1254425048828125,-0.33935546875
1773062435522477568,3.563239574432373,0.935455322265625,-0.0888824462890625,-0.359893798828125
1773062435532532736,3.5732946395874023,0.9633331298828125,-0.0947265625,-0.4085235595703125
1773062435542588416,3.583350419998169,0.99786376953125,-0.1435089111328125,-0.4158782958984375
1773062435552643584,3.5934054851531982,1.018218994140625,-0.130767822265625,-0.3402862548828125
1773062435562699520,3.603461503982544,1.0146484375,-0.124969482421875,-0.3011322021484375
1773062435572754688,3.6135165691375732,0.990020751953125,-0.1529541015625,-0.368194580078125
1773062435582809600,3.6235716342926025,0.9850311279296875,-0.105224609375,-0.427154541015625
1773062435592865536,3.633627414703369,1.0478363037109375,-0.0732269287109375,-0.4593353271484375
1773062435602920448,3.6436824798583984,1.1128997802734375,-0.122955322265625,-0.4457244873046875
1773062435612976640,3.653738498687744,1.11871337890625,-0.1758270263671875,-0.395751953125
1773062435623031552,3.6637935638427734,1.079925537109375,-0.1619415283203125,-0.40460205078125
1773062435633087744,3.673849582672119,1.0305328369140625,-0.11676025390625,-0.4101409912109375
1773062435643142400,3.6839044094085693,1.008819580078125,-0.06353759765625,-0.418975830078125
1773062435653198592,3.693960428237915,1.0399932861328125,0.0029144287109375,-0.4922637939453125
1773062435663253504,3.7040154933929443,1.094482421875,-0.044921875,-0.568939208984375
1773062435673308672,3.7140705585479736,1.1402130126953125,-0.1014556884765625,-0.58941650390625
1773062435683364608,3.7241265773773193,1.1797027587890625,-0.1233673095703125,-0.60784912109375
1773062435693419776,3.7341816425323486,1.1737823486328125,-0.099517822265625,-0.6202239990234375
1773062435703475456,3.7442374229431152,1.1393280029296875,-0.017333984375,-0.5837249755859375
1773062435713530624,3.7542924880981445,1.08477783203125,0.0448150634765625,-0.5775604248046875
1773062435723586560,3.7643485069274902,1.0244903564453125,0.0060272216796875,-0.6641387939453125
1773062435733641728,3.7744035720825195,0.9864654541015625,-0.0625762939453125,-0.725006103515625
1773062435743696640,3.784458637237549,1.0093536376953125,-0.0459747314453125,-0.7300567626953125
1773062435753752576,3.7945144176483154,1.0528564453125,0.026275634765625,-0.7099609375
1773062435763807488,3.8045694828033447,1.0503692626953125,0.0485687255859375,-0.712005615234375
1773062435773864448,3.814626455307007,0.9936065673828125,-0.0159759521484375,-0.7484588623046875
1773062435783919616,3.824681520462036,0.92803955078125,-0.05657958984375,-0.7927093505859375
1773062435793975552,3.834737539291382,0.9130859375,-0.0433502197265625,-0.8153228759765625
1773062435804030720,3.844792604446411,0.93121337890625,0.00372314453125,-0.8270416259765625
1773062435814086656,3.854848623275757,0.9323883056640625,0.0225830078125,-0.7909393310546875
1773062435824141568,3.864903450012207,0.8739166259765625,-0.0498199462890625,-0.770660400390625
1773062435834196480,3.8749585151672363,0.7909088134765625,-0.0690765380859375,-0.7996368408203125
1773062435844252672,3.885014533996582,0.7363128662109375,-0.0288238525390625,-0.8926849365234375
1773062435854307584,3.8950695991516113,0.7642364501953125,-0.0382080078125,-0.9768524169921875
1773062435864363776,3.905125617980957,0.8179779052734375,-0.09014892578125,-0.9619598388671875
1773062435874418432,3.9151804447174072,0.8188018798828125,-0.100341796875,-0.925567626953125
1773062435884474624,3.925236463546753,0.7631988525390625,-0.0605621337890625,-0.893707275390625
1773062435894529536,3.9352915287017822,0.705963134765625,-0.0529022216796875,-0.866943359375
1773062435904585472,3.945347547531128,0.6472015380859375,-0.0482635498046875,-0.887359619140625
1773062435914640640,3.9554026126861572,0.596038818359375,-0.0571136474609375,-0.9485321044921875
1773062435924695552,3.9654574394226074,0.5816497802734375,-0.0959320068359375,-0.9698638916015625
1773062435934751488,3.975513458251953,0.5539703369140625,-0.1345062255859375,-0.9582061767578125
1773062435944806656,3.9855685234069824,0.53759765625,-0.11505126953125,-0.9528961181640625
1773062435954862592,3.995624542236328,0.5266265869140625,-0.1341705322265625,-0.9409332275390625
1773062435964917760,4.005679607391357,0.5028533935546875,-0.1312713623046875,-0.950531005859375
1773062435974973696,4.015735626220703,0.48895263671875,-0.0902252197265625,-0.937896728515625
1773062435985028608,4.025790452957153,0.4534149169921875,-0.1279754638671875,-0.9156036376953125
1773062435995084544,4.035846471786499,0.38372802734375,-0.17999267578125,-0.957183837890625
1773062436005139712,4.045901536941528,0.327880859375,-0.2041168212890625,-1.0257720947265625
1773062436015194624,4.055956602096558,0.31402587890625,-0.1789398193359375,-1.018310546875
1773062436025250560,4.066012620925903,0.295379638671875,-0.1174163818359375,-0.9286041259765625
1773062436035305472,4.0760674476623535,0.284515380859375,-0.0832366943359375,-0.881805419921875
1773062436045361408,4.086123466491699,0.254119873046875,-0.0934600830078125,-0.888214111328125
1773062436055416576,4.0961785316467285,0.2255859375,-0.1049957275390625,-0.9688720703125
1773062436065472512,4.106234550476074,0.2111053466796875,-0.15521240234375,-0.964630126953125
1773062436075527680,4.1162896156311035,0.1690673828125,-0.1978912353515625,-0.911224365234375
1773062436085583616,4.126345634460449,0.1214141845703125,-0.172943115234375,-0.8991241455078125
1773062436095638528,4.136400461196899,0.0856475830078125,-0.1852874755859375,-0.9035797119140625
1773062436105693696,4.146455526351929,0.0581207275390625,-0.1881103515625,-0.889251708984375
1773062436115749632,4.156511545181274,0.017242431640625,-0.109130859375,-0.8650970458984375
1773062436125804544,4.166566610336304,-0.004852294921875,-0.1175384521484375,-0.886871337890625
1773062436135860736,4.176622629165649,-0.0151824951171875,-0.1757659912109375,-0.9132080078125
1773062436145915392,4.1866774559021,-0.03656005859375,-0.250335693359375,-0.909637451171875
1773062436155971584,4.196733474731445,-0.0892486572265625,-0.2264404296875,-0.872802734375
1773062436166026496,4.206788539886475,-0.09625244140625,-0.197021484375,-0.8939208984375
1773062436176082688,4.21684455871582,-0.0738983154296875,-0.178497314453125,-0.9114837646484375
1773062436186137600,4.22689962387085,-0.101715087890625,-0.230743408203125,-0.8588714599609375
1773062436196192512,4.2369544506073,-0.1866607666015625,-0.189300537109375,-0.7174224853515625
1773062436206248448,4.2470104694366455,-0.2542877197265625,-0.0980224609375,-0.7108001708984375
1773062436216303616,4.257065534591675,-0.2354278564453125,-0.1440277099609375,-0.777191162109375
1773062436226359552,4.2671215534210205,-0.245635986328125,-0.183380126953125,-0.84991455078125
1773062436236414720,4.27717661857605,-0.2265777587890625,-0.1182861328125,-0.884246826171875
1773062436246470656,4.2872326374053955,-0.2055816650390625,-0.08441162109375,-0.8231201171875
1773062436256525568,4.297287464141846,-0.2318878173828125,-0.1593475341796875,-0.7198028564453125
1773062436266580480,4.307342529296875,-0.2928924560546875,-0.2218780517578125,-0.67669677734375
1773062436276636672,4.317398548126221,-0.3437957763671875,-0.2100982666015625,-0.6345977783203125
1773062436286691584,4.32745361328125,-0.404388427734375,-0.1023406982421875,-0.57586669921875
1773062436296747776,4.337509632110596,-0.445770263671875,-0.1088714599609375,-0.5906829833984375
1773062436306802432,4.347564458847046,-0.4514312744140625,-0.1558074951171875,-0.61163330078125
1773062436316858624,4.357620477676392,-0.38787841796875,-0.1230621337890625,-0.6771392822265625
1773062436326913536,4.367675542831421,-0.409515380859375,-0.215423583984375,-0.682220458984375
1773062436336969728,4.377731561660767,-0.39886474609375,-0.210784912109375,-0.649627685546875
1773062436347024640,4.387786626815796,-0.4974212646484375,-0.264434814453125,-0.6375274658203125
1773062436357079552,4.397841453552246,-0.507843017578125,-0.1933746337890625,-0.5512847900390625
1773062436367135488,4.407897472381592,-0.5421905517578125,-0.1240997314453125,-0.47808837890625
1773062436377190656,4.417952537536621,-0.58203125,-0.116668701171875,-0.4384307861328125
1773062436387246592,4.428008556365967,-0.6020355224609375,-0.1220245361328125,-0.46875
1773062436397301760,4.438063621520996,-0.607208251953125,-0.088958740234375,-0.539886474609375
1773062436407357696,4.448119640350342,-0.567291259765625,-0.1044921875,-0.6297607421875
1773062436417412608,4.458174467086792,-0.538726806640625,-0.314239501953125,-0.7005462646484375
1773062436427468544,4.468230485916138,-0.5890960693359375,-0.30902099609375,-0.571624755859375
1773062436437523712,4.478285551071167,-0.6257476806640625,-0.098724365234375,-0.439788818359375
1773062436447578624,4.488340616226196,-0.6880950927734375,-0.0835113525390625,-0.357208251953125
1773062436457634560,4.498396635055542,-0.75750732421875,-0.08306884765625,-0.3170623779296875
1773062436467689472,4.508451461791992,-0.7758941650390625,-0.10015869140625,-0.3446044921875
1773062436477745408,4.518507480621338,-0.779327392578125,-0.1280059814453125,-0.3780975341796875
1773062436487800576,4.528562545776367,-0.7759552001953125,-0.0856781005859375,-0.4140472412109375
1773062436497856512,4.538618564605713,-0.7487335205078125,-0.0701446533203125,-0.4322662353515625
1773062436507911680,4.548673629760742,-0.764190673828125,-0.0855712890625,-0.3792572021484375
1773062436517967360,4.558729410171509,-0.8009185791015625,-0.13330078125,-0.4020843505859375
1773062436528022528,4.568784475326538,-0.817657470703125,-0.1137542724609375,-0.3503570556640625
1773062436538077696,4.578839540481567,-0.831878662109375,-0.0577850341796875,-0.303497314453125
1773062436548133632,4.588895559310913,-0.8462066650390625,-0.063079833984375,-0.2570648193359375
1773062436558188800,4.598950624465942,-0.882171630859375,-0.062042236328125,-0.2318267822265625
1773062436568244480,4.609006404876709,-0.9162445068359375,-0.05859375,-0.2532806396484375
1773062436578299648,4.619061470031738,-0.921356201171875,-0.013031005859375,-0.2439422607421875
1773062436588355584,4.629117488861084,-0.9191436767578125,-0.001800537109375,-0.2641448974609375
1773062436598410496,4.639172554016113,-0.9227142333984375,-0.047943115234375,-0.32196044921875
1773062436608466688,4.649228572845459,-0.89752197265625,-0.071014404296875,-0.254150390625
1773062436618521600,4.659283638000488,-0.934906005859375,-0.061187744140625,-0.220916748046875
1773062436628576512,4.6693384647369385,-0.9756317138671875,-0.0687408447265625,-0.2181243896484375
1773062436638632448,4.679394483566284,-0.9809722900390625,-0.049041748046875,-0.197540283203125
1773062436648687616,4.6894495487213135,-0.9820709228515625,-0.0039825439453125,-0.1641082763671875
1773062436658743552,4.699505567550659,-0.98760986328125,-0.0140838623046875,-0.18438720703125
1773062436668798720,4.7095606327056885,-0.9879913330078125,-0.029388427734375,-0.259033203125
1773062436678854400,4.719616413116455,-0.9483795166015625,-0.033477783203125,-0.2770538330078125
1773062436688909568,4.729671478271484,-0.934356689453125,0.0001373291015625,-0.225006103515625
1773062436698965504,4.73972749710083,-0.9646148681640625,0.0087127685546875,-0.15972900390625
1773062436709020672,4.749782562255859,-1.0082550048828125,0.0103302001953125,-0.1359710693359375
1773062436719075584,4.759837627410889,-1.023223876953125,0.0190887451171875,-0.13018798828125
1773062436729131520,4.769893407821655,-1.0185394287109375,0.05426025390625,-0.1350860595703125
1773062436739186432,4.779948472976685,-1.017059326171875,0.0752410888671875,-0.1128082275390625
1773062436749242624,4.79000449180603,-1.01220703125,0.06964111328125,-0.075164794921875
1773062436759297536,4.80005955696106,-1.0348358154296875,0.0352783203125,-0.1119384765625
1773062436769353216,4.810115098953247,-1.0245819091796875,0.020355224609375,-0.1763916015625
1773062436779408128,4.820170164108276,-1.0678863525390625,0.0173492431640625,-0.167694091796875
1773062436789464320,4.830226182937622,-1.0876007080078125,0.05877685546875,-0.160003662109375
1773062436799519232,4.840281248092651,-1.0680999755859375,0.111083984375,-0.1891021728515625
1773062436809575424,4.850337266921997,-1.0955047607421875,0.05413818359375,-0.122467041015625
1773062436819630080,4.860392093658447,-1.09161376953125,0.092376708984375,-0.12042236328125
1773062436829685248,4.870447158813477,-1.092041015625,0.03790283203125,-0.1529693603515625
1773062436839741184,4.880503177642822,-1.05133056640625,0.0085296630859375,-0.158233642578125
1773062436849796352,4.890558242797852,-1.02349853515625,-0.0453338623046875,-0.256591796875
1773062436859852288,4.900614261627197,-1.0298919677734375,0.058868408203125,-0.1891326904296875
1773062436869907200,4.9106690883636475,-1.0310516357421875,0.2417449951171875,-0.1488800048828125
1773062436879963136,4.920725107192993,-0.99267578125,0.0448455810546875,-0.22674560546875
1773062436890018304,4.9307801723480225,-1.0003509521484375,0.0219268798828125,-0.192047119140625
1773062436900074240,4.940836191177368,-0.9873046875,0.01763916015625,-0.171783447265625
1773062436910129408,4.9508912563323975,-0.969451904296875,0.050537109375,-0.19976806640625
1773062436920184064,4.960946083068848,-0.941131591796875,0.10479736328125,-0.233123779296875
1773062436930240256,4.971002101898193,-0.9199066162109375,0.1146240234375,-0.263031005859375
1773062436940295168,4.981057167053223,-0.9115447998046875,0.071685791015625,-0.247833251953125
1773062436950351360,4.991113185882568,-0.90484619140625,0.00140380859375,-0.25811767578125
1773062436960406272,5.001168251037598,-0.8939971923828125,-0.0130462646484375,-0.2173309326171875
1773062436970462208,5.011224031448364,-0.88775634765625,0.0034332275390625,-0.1842193603515625
1773062436980517120,5.0212790966033936,-0.8798828125,0.01177978515625,-0.20947265625
1773062436990573056,5.031335115432739,-0.8740234375,0.0124359130859375,-0.2432708740234375
1773062437000628224,5.0413901805877686,-0.8654937744140625,-0.031707763671875,-0.293914794921875
1773062437010683392,5.051445245742798,-0.847320556640625,-0.1226806640625,-0.3668365478515625
1773062437020739328,5.0615012645721436,-0.845703125,-0.12005615234375,-0.3644866943359375
1773062437030794240,5.071556091308594,-0.821014404296875,-0.0415802001953125,-0.33465576171875
1773062437040850176,5.0816121101379395,-0.8189544677734375,-0.01544189453125,-0.2934417724609375
1773062437050905344,5.091667175292969,-0.855377197265625,-0.03204345703125,-0.28448486328125
1773062437060961280,5.1017231941223145,-0.84405517578125,-0.058319091796875,-0.330810546875
1773062437071016192,5.111778259277344,-0.7984466552734375,-0.1376953125,-0.3593597412109375
1773062437081072128,5.12183403968811,-0.749542236328125,-0.2150726318359375,-0.4903564453125
1773062437091127040,5.13188910484314,-0.752166748046875,-0.1722564697265625,-0.4953460693359375
1773062437101182208,5.141944169998169,-0.73486328125,-0.07489013671875,-0.5123138427734375
1773062437111238144,5.152000188827515,-0.7285614013671875,-0.0751190185546875,-0.4841766357421875
1773062437121293312,5.162055253982544,-0.7297821044921875,-0.1013336181640625,-0.4587860107421875
1773062437131348992,5.1721110343933105,-0.734130859375,-0.1300811767578125,-0.4061737060546875
1773062437141404160,5.18216609954834,-0.76275634765625,-0.1739959716796875,-0.4002227783203125
1773062437151460096,5.1922221183776855,-0.7452850341796875,-0.155975341796875,-0.474884033203125
1773062437161515264,5.202277183532715,-0.6747589111328125,-0.0723876953125,-0.57977294921875
1773062437171571200,5.2123332023620605,-0.6055450439453125,-0.077911376953125,-0.6710357666015625
1773062437181626368,5.22238826751709,-0.6177215576171875,-0.136810302734375,-0.602325439453125
1773062437191681024,5.23244309425354,-0.6014404296875,-0.1356353759765625,-0.6494140625
1773062437201737216,5.242499113082886,-0.551239013671875,-0.1760101318359375,-0.650665283203125
1773062437211792128,5.252554178237915,-0.586822509765625,-0.2908782958984375,-0.6971893310546875
1773062437221848320,5.262610197067261,-0.61651611328125,-0.1893310546875,-0.58087158203125
1773062437231903232,5.27266526222229,-0.5714111328125,-0.059051513671875,-0.5836944580078125
1773062437241959168,5.282721042633057,-0.5706634521484375,-0.0789947509765625,-0.7550811767578125
1773062437252014080,5.292776107788086,-0.52081298828125,-0.1126708984375,-0.8011627197265625
1773062437262070272,5.302832126617432,-0.484588623046875,-0.1961822509765625,-0.8114013671875
1773062437272125184,5.312887191772461,-0.5021514892578125,-0.31024169921875,-0.7890472412109375
1773062437282180352,5.32294225692749,-0.485595703125,-0.26446533203125,-0.745208740234375
1773062437292236032,5.332998037338257,-0.4615478515625,-0.165802001953125,-0.757720947265625
1773062437302291200,5.343053102493286,-0.483551025390625,-0.1812591552734375,-0.6905517578125
1773062437312347136,5.353109121322632,-0.51824951171875,-0.1927490234375,-0.6602020263671875
1773062437322402304,5.363164186477661,-0.49273681640625,-0.179473876953125,-0.7642669677734375
1773062437332458240,5.373220205307007,-0.4230804443359375,-0.263885498046875,-1.0235137939453125
1773062437342513152,5.383275032043457,-0.39691162109375,-0.2438201904296875,-1.11676025390625
1773062437352569088,5.393331050872803,-0.33258056640625,-0.098907470703125,-0.9402313232421875
1773062437362624256,5.403386116027832,-0.2816925048828125,-0.1468353271484375,-0.8414306640625
1773062437372679168,5.413441181182861,-0.33941650390625,-0.2598419189453125,-0.7169952392578125
1773062437382735360,5.423497200012207,-0.3752593994140625,-0.2272186279296875,-0.600128173828125
1773062437392790272,5.433552265167236,-0.34442138671875,-0.18572998046875,-0.70501708984375
1773062437402846208,5.443608045578003,-0.3184967041015625,-0.2730865478515625,-0.9476318359375
1773062437412901120,5.453663110733032,-0.3314971923828125,-0.207366943359375,-1.04730224609375
1773062437422957056,5.463719129562378,-0.2735748291015625,-0.026336669921875,-0.936492919921875
1773062437433012224,5.473774194717407,-0.16278076171875,-0.0443115234375,-0.9397735595703125
1773062437443068160,5.483830213546753,-0.1247406005859375,-0.142608642578125,-0.88970947265625
1773062437453123072,5.493885040283203,-0.1566162109375,-0.1674957275390625,-0.7366790771484375
1773062437463179008,5.503941059112549,-0.14593505859375,-0.1940155029296875,-0.748779296875
1773062437473234176,5.513996124267578,-0.1151275634765625,-0.326202392578125,-0.845123291015625
1773062437483289344,5.524051189422607,-0.11358642578125,-0.28863525390625,-0.9470367431640625
1773062437493345280,5.534107208251953,-0.0856475830078125,-0.06671142578125,-1.0135498046875
1773062437503400192,5.544162034988403,-0.068206787109375,0.02374267578125,-1.211334228515625
1773062437513456128,5.554218053817749,-0.0152740478515625,0.00665283203125,-1.10113525390625
1773062437523511296,5.564273118972778,0.014862060546875,-0.09967041015625,-0.7762908935546875
1773062437533567232,5.574329137802124,-0.0095367431640625,-0.25323486328125,-0.7216796875
1773062437543622144,5.584384202957153,0.0765533447265625,-0.3059234619140625,-0.786865234375
1773062437553678336,5.594440221786499,0.0909881591796875,-0.3398284912109375,-0.96270751953125
1773062437563732992,5.604495048522949,0.1005706787109375,-0.1083831787109375,-1.1387786865234375
1773062437573788160,5.6145501136779785,0.197021484375,0.219635009765625,-1.20318603515625
1773062437583844096,5.624606132507324,0.28662109375,0.178192138671875,-1.1217803955078125
1773062437593899264,5.6346611976623535,0.11041259765625,-0.0898284912109375,-0.712799072265625
1773062437603955200,5.644717216491699,0.21185302734375,-0.1723175048828125,-0.5872344970703125
1773062437614010112,5.654772043228149,0.2635650634765625,-0.214508056640625,-0.8079071044921875
1773062437624066048,5.664828062057495,0.334564208984375,-0.251007080078125,-1.005279541015625
1773062437634121216,5.674883127212524,0.3964385986328125,-0.1273040771484375,-1.0955810546875
1773062437644177152,5.68493914604187,0.3873748779296875,0.0619964599609375,-1.0174407958984375
1773062437654232320,5.694994211196899,0.37725830078125,0.0522308349609375,-1.1048583984375
1773062437664286976,5.70504903793335,0.3900146484375,-0.02545166015625,-1.1007537841796875
1773062437674343168,5.715105056762695,0.4454803466796875,-0.0735015869140625,-0.877593994140625
1773062437684398080,5.725160121917725,0.42987060546875,-0.3032379150390625,-0.7081298828125
1773062437694454272,5.73521614074707,0.38311767578125,-0.3318023681640625,-0.7929840087890625
1773062437704509184,5.7452712059021,0.4664154052734375,-0.1278228759765625,-1.0423583984375
1773062437714565376,5.755327224731445,0.507781982421875,0.164031982421875,-1.14031982421875
1773062437724620032,5.7653820514678955,0.554534912109375,0.2542877197265625,-1.11688232421875
1773062437734676224,5.775438070297241,0.5341339111328125,0.0502471923828125,-1.00799560546875
1773062437744731136,5.7854931354522705,0.4808349609375,-0.172637939453125,-0.8214111328125
1773062437754787328,5.795549154281616,0.506134033203125,-0.2117767333984375,-0.7255096435546875
1773062437764842240,5.8056042194366455,0.5250396728515625,-0.24560546875,-0.750518798828125
1773062437774897152,5.815659046173096,0.5304718017578125,-0.2080230712890625,-0.8929595947265625
1773062437784953088,5.825715065002441,0.58447265625,0.034454345703125,-0.9678497314453125
1773062437795008256,5.835770130157471,0.6539764404296875,0.179443359375,-1.06524658203125
1773062437805064192,5.845826148986816,0.7084503173828125,0.152313232421875,-1.193572998046875
1773062437815119360,5.855881214141846,0.7164459228515625,0.039306640625,-1.016021728515625
1773062437825175296,5.865937232971191,0.6788482666015625,-0.14569091796875,-0.6971282958984375
1773062437835230208,5.875992059707642,0.6040496826171875,-0.3424835205078125,-0.7216949462890625
1773062437845286144,5.886048078536987,0.600006103515625,-0.1847686767578125,-0.805145263671875
1773062437855341312,5.896103143692017,0.723876953125,0.1837158203125,-1.08038330078125
1773062437865396224,5.906158208847046,0.80023193359375,0.0379791259765625,-1.1576995849609375
1773062437875452160,5.916214227676392,0.7140655517578125,-0.0491180419921875,-0.8983612060546875
1773062437885507072,5.926269054412842,0.6521759033203125,-0.1092071533203125,-0.5753021240234375
1773062437895563008,5.9363250732421875,0.6882171630859375,-0.03515625,-0.560821533203125
1773062437905618176,5.946380138397217,0.762176513671875,-0.01654052734375,-0.797821044921875
1773062437915674112,5.9564361572265625,0.770721435546875,-0.078857421875,-0.978515625
1773062437925729280,5.966491222381592,0.81683349609375,0.104888916015625,-0.951873779296875
1773062437935785216,5.9765472412109375,0.892333984375,0.2414703369140625,-0.799224853515625
1773062437945840128,5.986602067947388,0.8697967529296875,0.14447021484375,-0.635040283203125
1773062437955895296,5.996657133102417,0.83099365234375,0.0050506591796875,-0.4127349853515625
1773062437965951232,6.006713151931763,0.857940673828125,-0.046356201171875,-0.3886566162109375
1773062437976006144,6.016768217086792,0.908447265625,-0.0411529541015625,-0.636810302734375
1773062437986062336,6.026824235916138,0.8966827392578125,-0.137298583984375,-0.9362640380859375
1773062437996116992,6.036879062652588,0.804656982421875,-0.09271240234375,-0.8556976318359375
1773062438006173184,6.046935081481934,0.8270416259765625,0.166412353515625,-0.6739349365234375
1773062438016228096,6.056990146636963,0.892608642578125,0.1752777099609375,-0.626068115234375
1773062438026284288,6.067046165466309,0.8645477294921875,-0.0045013427734375,-0.520050048828125
1773062438036339200,6.077101230621338,0.896392822265625,-0.02587890625,-0.543121337890625
1773062438046394112,6.087156057357788,0.9623870849609375,0.060546875,-0.62176513671875
1773062438056450048,6.097212076187134,0.956878662109375,0.07586669921875,-0.6233062744140625
1773062438066505216,6.107267141342163,0.8967742919921875,0.075714111328125,-0.6167144775390625
1773062438076561152,6.117323160171509,0.789093017578125,0.1380767822265625,-0.6119537353515625
1773062438086616320,6.127378225326538,0.7078857421875,0.21490478515625,-0.5905303955078125
1773062438096672256,6.137434244155884,0.67449951171875,0.1870574951171875,-0.569000244140625
1773062438106727168,6.147489070892334,0.7003631591796875,0.0959014892578125,-0.5346832275390625
1773062438116783104,6.15754508972168,0.75848388671875,-0.0308380126953125,-0.533477783203125
1773062438126838272,6.167600154876709,0.78485107421875,-0.13201904296875,-0.56512451171875
1773062438136894208,6.177656173706055,0.7978515625,-0.053558349609375,-0.611602783203125
1773062438146949376,6.187711238861084,0.8182830810546875,0.1234893798828125,-0.6722869873046875
1773062438157004032,6.197766065597534,0.79595947265625,0.162445068359375,-0.705810546875
1773062438167060224,6.20782208442688,0.7453765869140625,0.112548828125,-0.660491943359375
1773062438177115136,6.217877149581909,0.71209716796875,0.0903778076171875,-0.545684814453125
1773062438187171328,6.227933168411255,0.7493133544921875,0.133087158203125,-0.482574462890625
1773062438197226240,6.237988233566284,0.81982421875,0.122039794921875,-0.47979736328125
1773062438207282432,6.24804425239563,0.8755035400390625,0.0110626220703125,-0.5060577392578125
1773062438217337088,6.25809907913208,0.905120849609375,-0.0086669921875,-0.5279693603515625
1773062438227393024,6.268155097961426,0.9380035400390625,0.0988311767578125,-0.5683135986328125
1773062438237448192,6.278210163116455,0.9618377685546875,0.1822509765625,-0.6103057861328125
1773062438247503360,6.288265228271484,0.9851226806640625,0.1207275390625,-0.62139892578125
1773062438257559296,6.29832124710083,1.00897216796875,-0.0452728271484375,-0.6281585693359375
1773062438267614208,6.30837607383728,1.033843994140625,-0.142913818359375,-0.5831146240234375
1773062438277670144,6.318432092666626,1.0729217529296875,-0.137939453125,-0.5139312744140625
1773062438287725312,6.328487157821655,1.0865631103515625,-0.1050872802734375,-0.413330078125
1773062438297781248,6.338543176651001,1.0912017822265625,0.0733184814453125,-0.395416259765625
1773062438307836416,6.34859824180603,1.1003265380859375,0.187744140625,-0.5544281005859375
1773062438317892352,6.358654260635376,1.0880584716796875,0.050262451171875,-0.8094940185546875
1773062438327947264,6.368709087371826,1.0455169677734375,-0.0760040283203125,-0.8780364990234375
1773062438338002176,6.3787641525268555,1.0462493896484375,-0.092987060546875,-0.7724761962890625
1773062438348058112,6.388820171356201,1.043701171875,-0.061492919921875,-0.6337432861328125
1773062438358113280,6.3988752365112305,1.0181427001953125,0.0489654541015625,-0.5860137939453125
1773062438368169216,6.408931255340576,0.9997406005859375,0.1776123046875,-0.733856201171875
1773062438378224128,6.418986082077026,0.96295166015625,0.153076171875,-0.8668670654296875
1773062438388280064,6.429042100906372,0.91522216796875,0.0649566650390625,-0.89764404296875
1773062438398335232,6.439097166061401,0.9076080322265625,-0.0002593994140625,-0.8602752685546875
1773062438408391168,6.449153184890747,0.93780517578125,-0.023162841796875,-0.781524658203125
1773062438418446336,6.459208250045776,0.9791717529296875,0.0941314697265625,-0.7185821533203125
1773062438428502016,6.469264030456543,0.9634552001953125,0.1575775146484375,-0.62615966796875
1773062438438557184,6.479319095611572,0.94287109375,0.09112548828125,-0.639801025390625
1773062438448612096,6.489374160766602,0.927886962890625,0.031463623046875,-0.786407470703125
1773062438458668288,6.499430179595947,0.8643951416015625,0.0188751220703125,-0.89617919921875
1773062438468723200,6.509485244750977,0.829986572265625,0.0693511962890625,-0.9320068359375
1773062438478779392,6.519541263580322,0.785552978515625,0.07513427734375,-0.8698577880859375
1773062438488834048,6.5295960903167725,0.74810791015625,0.0962677001953125,-0.796417236328125
1773062438498890240,6.539652109146118,0.768035888671875,0.1055450439453125,-0.8422088623046875
1773062438508945152,6.5497071743011475,0.791534423828125,0.0369873046875,-0.89764404296875
1773062438519001344,6.559763193130493,0.7873687744140625,-0.0218963623046875,-0.854339599609375
1773062438529056256,6.5698182582855225,0.8052215576171875,-0.0066375732421875,-0.9150238037109375
1773062438539111168,6.579873085021973,0.7734222412109375,0.0365142822265625,-1.08642578125
1773062438549167104,6.589929103851318,0.6871185302734375,0.0850677490234375,-1.06201171875
1773062438559222272,6.599984169006348,0.71240234375,0.0877685546875,-0.915771484375
1773062438569278208,6.610040187835693,0.756591796875,0.0771484375,-0.8470916748046875
1773062438579333376,6.620095252990723,0.72296142578125,0.1168060302734375,-0.88226318359375
1773062438589389056,6.630151033401489,0.690887451171875,0.09918212890625,-0.97735595703125
1773062438599444224,6.6402060985565186,0.643890380859375,0.039947509765625,-1.0503082275390625
1773062438609500160,6.650262117385864,0.59869384765625,-0.018341064453125,-1.062286376953125
1773062438619555328,6.6603171825408936,0.599853515625,-0.0776824951171875,-1.0231170654296875
1773062438629611264,6.670373201370239,0.615936279296875,0.030792236328125,-0.9461517333984375
1773062438639666432,6.6804282665252686,0.613006591796875,0.0933074951171875,-0.9214935302734375
1773062438649721088,6.690483093261719,0.5661468505859375,0.05517578125,-0.90631103515625
1773062438659777280,6.7005391120910645,0.5189971923828125,0.0691680908203125,-0.9228515625
1773062438669832192,6.710594177246094,0.4807891845703125,0.0757904052734375,-1.05859375
1773062438679888128,6.7206501960754395,0.4269866943359375,0.0700836181640625,-1.0975799560546875
1773062438689943296,6.730705261230469,0.392364501953125,-0.03057861328125,-1.0787506103515625
1773062438699998976,6.740761041641235,0.3655242919921875,-0.0936737060546875,-1.001708984375
1773062438710054144,6.750816106796265,0.3608856201171875,0.034393310546875,-0.87176513671875
1773062438720110080,6.76087212562561,0.370147705078125,0.0895538330078125,-0.862091064453125
1773062438730165248,6.77092719078064,0.3137969970703125,0.0047454833984375,-0.90704345703125
1773062438740220416,6.780982255935669,0.246185302734375,-0.0318603515625,-0.92120361328125
1773062438750276096,6.7910380363464355,0.2086181640625,-0.0108489990234375,-0.98651123046875
1773062438760331264,6.801093101501465,0.2007904052734375,-0.0307769775390625,-1.0555572509765625
1773062438770387456,6.81114935874939,0.183685302734375,-0.0848846435546875,-0.9995880126953125
1773062438780442112,6.82120418548584,0.1385650634765625,-0.0608062744140625,-0.8008575439453125
1773062438790498304,6.8312602043151855,0.0946502685546875,-0.001678466796875,-0.693328857421875
1773062438800553216,6.841315269470215,0.0354461669921875,-0.0192108154296875,-0.764617919921875
1773062438810609408,6.8513712882995605,-0.0430908203125,-0.012847900390625,-0.87896728515625
1773062438820664320,6.86142635345459,-0.07281494140625,0.0193939208984375,-0.96209716796875
1773062438830720512,6.8714823722839355,-0.0635223388671875,-0.040802001953125,-0.965362548828125
1773062438840775168,6.881537199020386,-0.0567779541015625,-0.0891571044921875,-0.93267822265625
1773062438850830336,6.891592264175415,-0.0700225830078125,-0.0997467041015625,-0.855133056640625
1773062438860886272,6.901648283004761,-0.1127777099609375,-0.1306304931640625,-0.7334442138671875
1773062438870941440,6.91170334815979,-0.170013427734375,-0.064361572265625,-0.6984100341796875
1773062438880997376,6.921759366989136,-0.2149200439453125,-0.0016021728515625,-0.7139434814453125
1773062438891052288,6.931814193725586,-0.236480712890625,-0.043914794921875,-0.7637176513671875
1773062438901108224,6.941870212554932,-0.2574615478515625,-0.11785888671875,-0.867523193359375
1773062438911163392,6.951925277709961,-0.2762908935546875,-0.1180267333984375,-0.9747772216796875
1773062438921219328,6.961981296539307,-0.2409210205078125,-0.1083526611328125,-0.87109375
1773062438931274496,6.972036361694336,-0.2597198486328125,-0.1161651611328125,-0.6940765380859375
1773062438941329152,6.982091188430786,-0.33856201171875,-0.083099365234375,-0.61651611328125
1773062438951385344,6.992147207260132,-0.40020751953125,-0.0785675048828125,-0.619476318359375
1773062438961440256,7.002202272415161,-0.4194793701171875,-0.0583343505859375,-0.692291259765625
1773062438971496448,7.012258291244507,-0.3994293212890625,-0.0979156494140625,-0.7521209716796875
1773062438981551360,7.022313356399536,-0.4135589599609375,-0.16162109375,-0.7059478759765625
1773062438991607552,7.032369375228882,-0.4150848388671875,-0.088104248046875,-0.703765869140625
1773062439001662208,7.042424201965332,-0.3709716796875,-0.034454345703125,-0.697967529296875
1773062439011718400,7.052480220794678,-0.3838958740234375,-0.0260009765625,-0.5836029052734375
1773062439021773312,7.062535285949707,-0.48046875,-0.0233001708984375,-0.4509429931640625
1773062439031829248,7.072591304779053,-0.5191192626953125,-0.0308074951171875,-0.513580322265625
1773062439041884416,7.082646369934082,-0.6335906982421875,0.011932373046875,-0.5089111328125
1773062439051939328,7.092701196670532,-0.6167144775390625,-0.031829833984375,-0.456207275390625
1773062439061995264,7.102757215499878,-0.5662078857421875,-0.1233978271484375,-0.6005096435546875
1773062439072050432,7.112812280654907,-0.53546142578125,-0.1546173095703125,-0.621826171875
1773062439082106368,7.122868299484253,-0.51605224609375,-0.1168975830078125,-0.558074951171875
1773062439092161536,7.132923364639282,-0.6031341552734375,-0.1196136474609375,-0.5368194580078125
1773062439102217472,7.142979383468628,-0.67138671875,-0.2136077880859375,-0.47955322265625
1773062439112272384,7.153034210205078,-0.7414398193359375,-0.297760009765625,-0.360595703125
1773062439122328320,7.163090229034424,-0.7982025146484375,-0.2223358154296875,-0.2230987548828125
1773062439132383232,7.173145294189453,-0.8365325927734375,-0.0711669921875,-0.30999755859375
1773062439142439424,7.183201313018799,-0.8174591064453125,-0.07342529296875,-0.454376220703125
1773062439152494336,7.193256378173828,-0.7569732666015625,-0.081939697265625,-0.4793548583984375
1773062439162549248,7.203311204910278,-0.7257080078125,-0.0685577392578125,-0.4488067626953125
1773062439172605184,7.213367223739624,-0.747161865234375,-0.118682861328125,-0.3929901123046875
1773062439182660352,7.223422288894653,-0.7838134765625,-0.1352081298828125,-0.326385498046875
1773062439192716288,7.233478307723999,-0.84210205078125,-0.132354736328125,-0.31170654296875
1773062439202771456,7.243533372879028,-0.8849029541015625,-0.1290283203125,-0.3159332275390625
1773062439212827392,7.253589391708374,-0.891265869140625,-0.0850982666015625,-0.2909393310546875
1773062439222882304,7.263644218444824,-0.8760833740234375,-0.0254364013671875,-0.280059814453125
1773062439232938240,7.27370023727417,-0.8478240966796875,-0.0128326416015625,-0.31365966796875
1773062439242993408,7.283755302429199,-0.8431396484375,-0.0251922607421875,-0.3324737548828125
1773062439253048320,7.2938103675842285,-0.850311279296875,-0.02239990234375,-0.3360748291015625
1773062439263104512,7.303866386413574,-0.86407470703125,-0.0289764404296875,-0.3032379150390625
1773062439273159168,7.313921213150024,-0.8892059326171875,-0.0709075927734375,-0.2685394287109375
1773062439283215360,7.32397723197937,-0.9306182861328125,-0.0411529541015625,-0.2469024658203125
1773062439293270272,7.334032297134399,-0.92230224609375,-0.0017852783203125,-0.2119903564453125
1773062439303326464,7.344088315963745,-0.91748046875,-0.019683837890625,-0.1837310791015625
1773062439313381376,7.354143381118774,-0.9297637939453125,0.01080322265625,-0.2167816162109375
1773062439323437312,7.364199161529541,-0.91461181640625,0.0314178466796875,-0.2906341552734375
1773062439333492224,7.37425422668457,-0.8731231689453125,0.0040740966796875,-0.319732666015625
1773062439343548416,7.384310245513916,-0.8387298583984375,0.0172271728515625,-0.25537109375
1773062439353603328,7.394365310668945,-0.90777587890625,0.0303497314453125,-0.1971893310546875
1773062439363658496,7.404420375823975,-0.9589080810546875,-0.003662109375,-0.1599273681640625
1773062439373714176,7.414476156234741,-0.9819183349609375,0.018463134765625,-0.1569976806640625
1773062439383769344,7.4245312213897705,-1.0082855224609375,-0.00225830078125,-0.1274566650390625
1773062439393825280,7.434587240219116,-1.015594482421875,0.0041656494140625,-0.183624267578125
1773062439403880448,7.4446423053741455,-0.997650146484375,0.0044097900390625,-0.1978912353515625
1773062439413936384,7.454698324203491,-0.9617156982421875,0.0388336181640625,-0.144317626953125
1773062439423991552,7.4647533893585205,-0.9852142333984375,0.054473876953125,-0.1053924560546875
1773062439434047232,7.474809169769287,-1.0528717041015625,0.0413818359375,-0.09136962890625
1773062439444102400,7.484864234924316,-1.093353271484375,0.0490875244140625,-0.08917236328125
1773062439454157312,7.494919300079346,-1.119049072265625,0.0634765625,-0.069793701171875
1773062439464213248,7.504975318908691,-1.115478515625,0.0531463623046875,-0.0788726806640625
1773062439474268416,7.515030384063721,-1.09661865234375,0.0028533935546875,-0.12091064453125
1773062439484324096,7.525086164474487,-1.0634002685546875,-0.019317626953125,-0.142669677734375
1773062439494379264,7.535141229629517,-1.0608978271484375,0.0346527099609375,-0.1121673583984375
1773062439504435200,7.545197248458862,-1.0836181640625,0.0469970703125,-0.093780517578125
1773062439514490368,7.555252313613892,-1.0826568603515625,0.0462646484375,-0.087188720703125
1773062439524546304,7.565308332443237,-1.0650634765625,0.062896728515625,-0.0971527099609375
1773062439534601216,7.5753631591796875,-1.038787841796875,0.0958251953125,-0.1360015869140625
1773062439544657152,7.585419178009033,-0.990753173828125,0.101531982421875,-0.1827545166015625
1773062439554712320,7.5954742431640625,-0.9550018310546875,0.09197998046875,-0.22845458984375
1773062439564767488,7.605529308319092,-0.935516357421875,0.0923004150390625,-0.24847412109375
1773062439574823424,7.6155853271484375,-0.9296722412109375,0.090423583984375,-0.224639892578125
1773062439584878336,7.625640392303467,-0.9397125244140625,0.0916290283203125,-0.2251739501953125
1773062439594934272,7.635696172714233,-0.938934326171875,0.0736846923828125,-0.240020751953125
1773062439604989184,7.645751237869263,-0.922088623046875,0.0765380859375,-0.245086669921875
1773062439615045376,7.655807256698608,-0.90484619140625,0.105438232421875,-0.2710418701171875
1773062439625100288,7.665862321853638,-0.8739471435546875,0.0909423828125,-0.3077545166015625
1773062439635156480,7.675918340682983,-0.8664703369140625,0.0499267578125,-0.3273162841796875
1773062439645211136,7.685973167419434,-0.8568267822265625,0.072845458984375,-0.316558837890625
1773062439655267328,7.696029186248779,-0.8529510498046875,0.109222412109375,-0.2945098876953125
1773062439665322240,7.706084251403809,-0.8557891845703125,0.0997772216796875,-0.295684814453125
1773062439675377408,7.716139316558838,-0.8424835205078125,0.101806640625,-0.3360748291015625
1773062439685433344,7.726195335388184,-0.8076629638671875,0.07696533203125,-0.371368408203125
1773062439695488256,7.736250162124634,-0.78179931640625,0.0367279052734375,-0.4345550537109375
1773062439705544192,7.7463061809539795,-0.779022216796875,0.0056610107421875,-0.4671478271484375
1773062439715599360,7.756361246109009,-0.7772064208984375,0.0365142822265625,-0.4546661376953125
1773062439725655296,7.7664172649383545,-0.75897216796875,0.0662384033203125,-0.4324188232421875
1773062439735710464,7.776472330093384,-0.7621307373046875,0.0433197021484375,-0.3994598388671875
1773062439745766400,7.7865283489227295,-0.754425048828125,0.0411529541015625,-0.3701171875
1773062439755821312,7.79658317565918,-0.7533111572265625,0.0475616455078125,-0.409576416015625
1773062439765876224,7.806638240814209,-0.7348480224609375,0.0426177978515625,-0.50848388671875
1773062439775932672,7.816694736480713,-0.6816558837890625,0.0020294189453125,-0.5901947021484375
1773062439785987840,7.826749801635742,-0.6856842041015625,0.0012969970703125,-0.6145172119140625
1773062439796043776,7.836805820465088,-0.67596435546875,0.064056396484375,-0.5848236083984375
1773062439806098944,7.846860885620117,-0.677093505859375,0.066162109375,-0.5475921630859375
1773062439816154624,7.856916666030884,-0.695068359375,0.0457763671875,-0.4931182861328125
1773062439826209792,7.866971731185913,-0.6910400390625,0.0219573974609375,-0.4006805419921875
1773062439836265728,7.877027750015259,-0.6922454833984375,-0.0046844482421875,-0.38702392578125
1773062439846320896,7.887082815170288,-0.6446380615234375,-0.0478973388671875,-0.526702880859375
1773062439856376832,7.897138833999634,-0.6014251708984375,-0.1065826416015625,-0.721588134765625
1773062439866431744,7.907193660736084,-0.58001708984375,0.0150604248046875,-0.6827239990234375
1773062439876486656,7.917248725891113,-0.5339202880859375,0.121307373046875,-0.63372802734375
1773062439886542848,7.927304744720459,-0.5710296630859375,0.0336761474609375,-0.566619873046875
1773062439896597760,7.937359809875488,-0.5745697021484375,-0.0030975341796875,-0.4722747802734375
1773062439906653952,7.947415828704834,-0.5509796142578125,-0.0319671630859375,-0.503448486328125
1773062439916708608,7.957470655441284,-0.4790802001953125,-0.077728271484375,-0.630767822265625
1773062439926764800,7.96752667427063,-0.388641357421875,-0.078369140625,-0.7916259765625
1773062439936819712,7.977581739425659,-0.381195068359375,-0.0092620849609375,-0.8301239013671875
1773062439946875904,7.987637758255005,-0.3495635986328125,0.099090576171875,-0.8491668701171875
1773062439956930816,7.997692823410034,-0.3570709228515625,0.0613861083984375,-0.8203277587890625
1773062439966987008,8.00774884223938,-0.37884521484375,0.008697509765625,-0.612152099609375
1773062439977041664,8.01780366897583,-0.3835296630859375,-0.0244903564453125,-0.607391357421875
1773062439987096832,8.02785873413086,-0.3163909912109375,-0.00848388671875,-0.7736053466796875
1773062439997152768,8.037914752960205,-0.2401580810546875,-0.0193939208984375,-0.9261016845703125
1773062440007207936,8.047969818115234,-0.2260894775390625,-0.0055999755859375,-0.99700927734375
1773062440017263872,8.05802583694458,-0.1485137939453125,0.1192169189453125,-0.9133453369140625
1773062440027318784,8.06808066368103,-0.0842742919921875,0.121612548828125,-0.936309814453125
1773062440037374720,8.078136682510376,-0.1094818115234375,0.0180206298828125,-0.92242431640625
1773062440047429888,8.088191747665405,-0.1478424072265625,-0.033203125,-0.701904296875
1773062440057485824,8.098247766494751,-0.1481781005859375,-0.0763092041015625,-0.6769866943359375
1773062440067540992,8.10830283164978,-0.0800323486328125,-0.095550537109375,-0.876373291015625
1773062440077596928,8.118358850479126,0.019561767578125,0.0186309814453125,-1.0901641845703125
1773062440087651840,8.128413677215576,0.07476806640625,0.1844024658203125,-1.123443603515625
1773062440097706752,8.138468742370605,0.1159515380859375,0.2072906494140625,-1.0435791015625
1773062440107762688,8.148524761199951,0.1019134521484375,0.1508026123046875,-0.97509765625
1773062440117817856,8.15857982635498,0.0871429443359375,-0.0042572021484375,-0.6772613525390625
1773062440127873792,8.168635845184326,0.058807373046875,-0.1551513671875,-0.675537109375
1773062440137928704,8.178690671920776,0.1554412841796875,-0.1363983154296875,-0.8607940673828125
1773062440147984640,8.188746690750122,0.30780029296875,-0.0451507568359375,-1.0953369140625
1773062440158039808,8.198801755905151,0.3463287353515625,0.139678955078125,-1.2894744873046875
1773062440168095744,8.208857774734497,0.4723052978515625,0.270111083984375,-1.088165283203125
1773062440178150912,8.218912839889526,0.3929443359375,0.1018218994140625,-0.9126434326171875
1773062440188206848,8.228968858718872,0.277313232421875,-0.0172882080078125,-0.752655029296875
1773062440198261760,8.239023685455322,0.377471923828125,-0.0400848388671875,-0.8491058349609375
1773062440208316928,8.249078750610352,0.4448699951171875,0.0045166015625,-1.04339599609375
1773062440218372864,8.259134769439697,0.506683349609375,0.01519775390625,-1.1998138427734375
1773062440228427776,8.269189834594727,0.530517578125,-0.0289306640625,-1.1418609619140625
1773062440238483968,8.279245853424072,0.5543365478515625,0.0351409912109375,-0.9460906982421875
1773062440248538624,8.289300680160522,0.52679443359375,0.0659027099609375,-0.7998046875
1773062440258594816,8.299356698989868,0.5618133544921875,0.156829833984375,-0.821685791015625
1773062440268649728,8.309411764144897,0.592620849609375,0.123199462890625,-0.94219970703125
1773062440278705920,8.319467782974243,0.583770751953125,-0.0086669921875,-1.01605224609375
1773062440288760832,8.329522848129272,0.6405029296875,-0.055908203125,-1.025848388671875
1773062440298817024,8.339578866958618,0.7175750732421875,-0.07061767578125,-0.990570068359375
1773062440308871680,8.349633693695068,0.747222900390625,0.0199737548828125,-0.9644317626953125
1773062440318926848,8.359688758850098,0.7408447265625,0.0684661865234375,-0.9112548828125
1773062440328982784,8.369744777679443,0.7105865478515625,0.053619384765625,-0.8422393798828125
1773062440339037952,8.379799842834473,0.692108154296875,0.068603515625,-0.7883758544921875
1773062440349093888,8.389855861663818,0.72021484375,0.0802764892578125,-0.888641357421875
1773062440359148800,8.399910688400269,0.7729034423828125,0.095184326171875,-0.9967498779296875
1773062440369204736,8.409966707229614,0.81494140625,0.0018463134765625,-0.958404541015625
1773062440379259904,8.420021772384644,0.8333892822265625,-0.121185302734375,-0.97003173828125
1773062440389315840,8.43007779121399,0.769866943359375,-0.13165283203125,-0.8008880615234375
1773062440399371008,8.440132856369019,0.7337493896484375,-0.0273590087890625,-0.685882568359375
1773062440409426944,8.450188875198364,0.770782470703125,0.1582794189453125,-0.72137451171875
1773062440419481856,8.460243701934814,0.8373870849609375,0.208251953125,-0.73614501953125
1773062440429536768,8.470298767089844,0.900115966796875,0.0813140869140625,-0.8297119140625
1773062440439592960,8.48035478591919,0.9311370849609375,-0.0146331787109375,-0.851959228515625
1773062440449647872,8.490409851074219,0.9363555908203125,-0.1000823974609375,-0.8321380615234375
1773062440459703808,8.500465869903564,0.9035797119140625,-0.177093505859375,-0.7678375244140625
1773062440469758720,8.510520696640015,0.880706787109375,-0.0898590087890625,-0.638092041015625
1773062440479814656,8.52057671546936,0.915283203125,0.044830322265625,-0.6445159912109375
1773062440489869824,8.53063178062439,0.9302978515625,0.1467132568359375,-0.6575775146484375
1773062440499925760,8.540687799453735,0.9674072265625,0.1665802001953125,-0.6420135498046875
1773062440509980928,8.550742864608765,0.991455078125,0.0993194580078125,-0.677215576171875
1773062440520036864,8.56079888343811,0.9734039306640625,0.0301055908203125,-0.678985595703125
1773062440530091776,8.57085371017456,0.9454345703125,-0.0867462158203125,-0.6528778076171875
1773062440540146944,8.58090877532959,0.922027587890625,-0.1479644775390625,-0.674072265625
1773062440550202880,8.590964794158936,0.9073333740234375,-0.0776214599609375,-0.6497039794921875
1773062440560257792,8.601019859313965,0.9225616455078125,-0.027252197265625,-0.5464019775390625
1773062440570313984,8.61107587814331,0.9199981689453125,-0.0234222412109375,-0.5056304931640625
1773062440580368640,8.62113070487976,0.907012939453125,0.044677734375,-0.5351715087890625
1773062440590424832,8.631186723709106,0.9318084716796875,0.07476806640625,-0.589752197265625
1773062440600479744,8.641241788864136,0.9536590576171875,-0.028900146484375,-0.621307373046875
1773062440610535936,8.651297807693481,0.935272216796875,-0.1027679443359375,-0.5969696044921875
1773062440620590848,8.66135287284851,0.9228363037109375,-0.084991455078125,-0.547210693359375
1773062440630647040,8.671408891677856,0.91717529296875,-0.0699310302734375,-0.5262451171875
1773062440640701696,8.681463718414307,0.9096221923828125,-0.0296173095703125,-0.524169921875
1773062440650756864,8.691518783569336,0.921905517578125,0.0102996826171875,-0.5103912353515625
1773062440660812800,8.701574802398682,0.9464263916015625,-0.00054931640625,-0.484222412109375
1773062440670867968,8.711629867553711,0.9648590087890625,-0.04296875,-0.523895263671875
1773062440680923904,8.721685886383057,0.96990966796875,-0.0185394287109375,-0.602935791015625
1773062440690978816,8.731740713119507,0.9580230712890625,-0.0527191162109375,-0.5972137451171875
1773062440701034752,8.741796731948853,0.9444580078125,-0.0836944580078125,-0.549468994140625
1773062440711089920,8.751851797103882,0.9353179931640625,-0.0686798095703125,-0.5119171142578125
1773062440721145856,8.761907815933228,0.9427947998046875,-0.04541015625,-0.5320892333984375
1773062440731201024,8.771962881088257,0.9599761962890625,-0.064605712890625,-0.550048828125
1773062440741256704,8.782018661499023,0.966217041015625,-0.1043853759765625,-0.561676025390625
1773062440751311872,8.792073726654053,0.9774322509765625,-0.0325164794921875,-0.602813720703125
1773062440761366784,8.802128791809082,1.0082855224609375,0.0154571533203125,-0.6553802490234375
1773062440771421696,8.812183618545532,1.031341552734375,-0.0198211669921875,-0.5933380126953125
1773062440781476608,8.822238445281982,1.02178955078125,-0.0201416015625,-0.5379486083984375
1773062440791532544,8.832294464111328,0.9920654296875,-0.055908203125,-0.576080322265625
1773062440801587456,8.842349529266357,0.981109619140625,-0.0994415283203125,-0.6653900146484375
1773062440811643648,8.852405548095703,1.01116943359375,-0.085296630859375,-0.6898956298828125
1773062440821698560,8.862460613250732,1.0379791259765625,-0.0897979736328125,-0.683013916015625
1773062440831754752,8.872516632080078,1.037322998046875,-0.0323638916015625,-0.751190185546875
1773062440841809408,8.882571458816528,1.0212249755859375,0.0374755859375,-0.71258544921875
1773062440851865600,8.892627477645874,1.0053558349609375,0.0370330810546875,-0.6363067626953125
1773062440861920512,8.902682542800903,0.98590087890625,-0.008880615234375,-0.6607208251953125
1773062440871975680,8.912737607955933,0.962249755859375,-0.08154296875,-0.748443603515625
1773062440882031616,8.922793626785278,0.9695892333984375,-0.044158935546875,-0.81671142578125
1773062440892086528,8.932848453521729,1.00347900390625,-0.034027099609375,-0.7907257080078125
1773062440902142464,8.942904472351074,1.003875732421875,-0.0597381591796875,-0.756317138671875
1773062440912197632,8.952959537506104,0.98297119140625,0.019317626953125,-0.7605133056640625
1773062440922253568,8.96301555633545,0.9465484619140625,0.1067352294921875,-0.72308349609375
1773062440932308736,8.973070621490479,0.909088134765625,0.0913848876953125,-0.705780029296875
1773062440942364672,8.983126640319824,0.880126953125,0.0135955810546875,-0.8039703369140625
1773062440952419584,8.993181467056274,0.8649444580078125,-0.0262298583984375,-0.871490478515625
1773062440962475520,9.00323748588562,0.8893280029296875,-0.0391693115234375,-0.9071197509765625
1773062440972530688,9.01329255104065,0.9007110595703125,-0.0665130615234375,-0.9169921875
1773062440982585600,9.023347616195679,0.8916778564453125,-0.000640869140625,-0.880401611328125
1773062440992641792,9.033403635025024,0.8712615966796875,0.1144561767578125,-0.83087158203125
1773062441002696448,9.043458461761475,0.826446533203125,0.0577392578125,-0.8029327392578125
1773062441012752640,9.05351448059082,0.76080322265625,-0.07611083984375,-0.8662261962890625
1773062441022807552,9.06356954574585,0.703704833984375,-0.045074462890625,-0.9775238037109375
1773062441032863744,9.073625564575195,0.7313995361328125,0.0012664794921875,-0.990203857421875
1773062441042918656,9.083680629730225,0.77276611328125,0.0307464599609375,-0.908355712890625
1773062441052974336,9.093736410140991,0.7445220947265625,0.03216552734375,-0.8951873779296875
1773062441063029504,9.10379147529602,0.68829345703125,0.048797607421875,-0.88946533203125
1773062441073085440,9.113847494125366,0.6478729248046875,0.0489044189453125,-0.8596954345703125
1773062441083140608,9.123902559280396,0.6155853271484375,-0.02166748046875,-0.8833465576171875
1773062441093195776,9.133957624435425,0.5622406005859375,-0.04559326171875,-0.91583251953125
1773062441103251456,9.144013404846191,0.552886962890625,-0.0105743408203125,-0.9568328857421875
1773062441113306624,9.15406847000122,0.56048583984375,-0.0454254150390625,-0.979827880859375
1773062441123362560,9.164124488830566,0.53204345703125,-0.04058837890625,-0.9673004150390625
1773062441133417728,9.174179553985596,0.4906005859375,0.0142364501953125,-0.9404144287109375
1773062441143473664,9.184235572814941,0.4546966552734375,-0.0099334716796875,-0.8852996826171875
1773062441153528576,9.19429063796997,0.4045257568359375,-0.045074462890625,-0.8297119140625
1773062441163584512,9.204346418380737,0.3507843017578125,-0.0499725341796875,-0.86590576171875
1773062441173639424,9.214401483535767,0.3271026611328125,-0.0509185791015625,-0.9714813232421875
1773062441183695616,9.224457502365112,0.3036041259765625,-0.04241943359375,-0.99945068359375
1773062441193750528,9.234512567520142,0.2881317138671875,-0.0475616455078125,-0.990142822265625
1773062441203805696,9.244567632675171,0.2743988037109375,-0.0731048583984375,-0.9743804931640625
1773062441213861376,9.254623413085938,0.2567138671875,-0.0901947021484375,-0.953460693359375
1773062441223916544,9.264678478240967,0.2230072021484375,-0.0949249267578125,-0.8472747802734375
1773062441233972480,9.274734497070312,0.18023681640625,-0.049560546875,-0.823455810546875
1773062441244027648,9.284789562225342,0.1357421875,-0.0399627685546875,-0.861480712890625
1773062441254083584,9.294845581054688,0.0812835693359375,-0.068817138671875,-0.86553955078125
1773062441264138496,9.304900407791138,0.0551910400390625,-0.0927276611328125,-0.9169921875
1773062441274194432,9.314956426620483,0.03204345703125,-0.1157073974609375,-0.9646148681640625
1773062441284249600,9.325011491775513,0.0210418701171875,-0.1159515380859375,-0.9379425048828125
1773062441294305536,9.335067510604858,-0.0068359375,-0.14959716796875,-0.8022308349609375
1773062441304360704,9.345122575759888,-0.0543060302734375,-0.121063232421875,-0.70574951171875
1773062441314415616,9.355177640914917,-0.10931396484375,-0.116729736328125,-0.732940673828125
1773062441324471552,9.365233421325684,-0.1544952392578125,-0.1175384521484375,-0.7780609130859375
1773062441334526464,9.375288486480713,-0.1927947998046875,-0.1292572021484375,-0.7945556640625
1773062441344582656,9.385344505310059,-0.232147216796875,-0.1108551025390625,-0.82940673828125
1773062441354637568,9.395399570465088,-0.2321014404296875,-0.1222381591796875,-0.8260650634765625
1773062441364693760,9.405455589294434,-0.2359619140625,-0.1699066162109375,-0.8115692138671875
1773062441374748416,9.415510416030884,-0.256500244140625,-0.217132568359375,-0.7542572021484375
1773062441384804608,9.42556643486023,-0.287872314453125,-0.259185791015625,-0.652984619140625
1773062441394859520,9.435621500015259,-0.33746337890625,-0.19805908203125,-0.6183929443359375
1773062441404915456,9.445677518844604,-0.3596038818359375,-0.0976715087890625,-0.66912841796875
1773062441414970624,9.455732583999634,-0.368408203125,-0.107147216796875,-0.6624908447265625
1773062441425025536,9.465787410736084,-0.40606689453125,-0.1546173095703125,-0.6385955810546875
1773062441435081472,9.47584342956543,-0.4240264892578125,-0.156341552734375,-0.6839599609375
1773062441445136640,9.485898494720459,-0.4046783447265625,-0.1499481201171875,-0.7396240234375
1773062441455192576,9.495954513549805,-0.3770904541015625,-0.1207275390625,-0.808502197265625
1773062441465247744,9.506009578704834,-0.3870849609375,-0.2505950927734375,-0.68115234375
1773062441475303680,9.51606559753418,-0.555572509765625,-0.3011932373046875,-0.4444732666015625
1773062441485358592,9.52612042427063,-0.5904388427734375,-0.0904693603515625,-0.327423095703125
1773062441495414528,9.536176443099976,-0.5872650146484375,-0.1083984375,-0.434356689453125
1773062441505469440,9.546231508255005,-0.593414306640625,-0.085205078125,-0.558868408203125
1773062441515525632,9.55628752708435,-0.5865020751953125,-0.025665283203125,-0.602569580078125
1773062441525580544,9.56634259223938,-0.5833282470703125,-0.1928863525390625,-0.56707763671875
1773062441535636736,9.576398611068726,-0.57598876953125,-0.2230682373046875,-0.559600830078125
1773062441545691392,9.586453437805176,-0.610626220703125,-0.19775390625,-0.534027099609375
1773062441555746560,9.596508502960205,-0.6241455078125,-0.2036590576171875,-0.4851531982421875
1773062441565802496,9.60656452178955,-0.6594390869140625,-0.2235565185546875,-0.385284423828125
1773062441575857664,9.61661958694458,-0.7181549072265625,-0.16375732421875,-0.37744140625
1773062441585913600,9.626675605773926,-0.73248291015625,-0.0987701416015625,-0.377532958984375
1773062441595968512,9.636730432510376,-0.74072265625,-0.0997772216796875,-0.4317779541015625
1773062441606024448,9.646786451339722,-0.748199462890625,-0.10107421875,-0.497528076171875
1773062441616079616,9.656841516494751,-0.730133056640625,-0.0946197509765625,-0.5408782958984375
1773062441626135552,9.666897535324097,-0.7034912109375,-0.1259613037109375,-0.53155517578125
1773062441636190720,9.676952600479126,-0.73028564453125,-0.1732025146484375,-0.415679931640625
1773062441646246656,9.687008619308472,-0.8005218505859375,-0.200592041015625,-0.3415374755859375
1773062441656301568,9.697063446044922,-0.84210205078125,-0.1911163330078125,-0.34124755859375
1773062441666357504,9.707119464874268,-0.8563995361328125,-0.093475341796875,-0.3241119384765625
1773062441676412672,9.717174530029297,-0.86114501953125,-0.042938232421875,-0.3355255126953125
1773062441686467584,9.727229595184326,-0.852783203125,-0.071044921875,-0.377716064453125
1773062441696523776,9.737285614013672,-0.8288421630859375,-0.08184814453125,-0.431732177734375
1773062441706578432,9.747340440750122,-0.798583984375,-0.09375,-0.4485015869140625
1773062441716634624,9.757396459579468,-0.8010406494140625,-0.1157684326171875,-0.393035888671875
1773062441726689536,9.767451524734497,-0.825439453125,-0.09320068359375,-0.38177490234375
1773062441736745472,9.777507543563843,-0.8456878662109375,-0.0863494873046875,-0.3291473388671875
1773062441746800640,9.787562608718872,-0.8732147216796875,-0.10504150390625,-0.2601776123046875
1773062441756856576,9.797618627548218,-0.922271728515625,-0.0771636962890625,-0.234619140625
1773062441766911488,9.807673454284668,-0.9527587890625,-0.0461883544921875,-0.26348876953125
1773062441776967936,9.817729949951172,-0.9360809326171875,-0.06414794921875,-0.34893798828125
1773062441787023104,9.827785015106201,-0.900390625,-0.11932373046875,-0.36688232421875
1773062441797078016,9.83784008026123,-0.909576416015625,-0.1071319580078125,-0.3397216796875
1773062441807134208,9.847896099090576,-0.9167633056640625,-0.0723419189453125,-0.3478546142578125
1773062441817189120,9.857951164245605,-0.914398193359375,-0.044281005859375,-0.355987548828125
1773062441827245312,9.868007183074951,-0.947418212890625,-0.058319091796875,-0.3252716064453125
1773062441837299968,9.878062009811401,-0.9716339111328125,-0.1079559326171875,-0.2350616455078125
1773062441847356160,9.888118028640747,-1.001007080078125,-0.090118408203125,-0.1676788330078125
1773062441857411072,9.898173093795776,-1.0334320068359375,-0.069000244140625,-0.1674652099609375
1773062441867467264,9.908229112625122,-1.0526885986328125,-0.0717315673828125,-0.207550048828125
1773062441877522176,9.918284177780151,-1.0359039306640625,-0.0623016357421875,-0.2319488525390625
1773062441887578112,9.928339958190918,-1.000701904296875,-0.0583953857421875,-0.2640838623046875
1773062441897633024,9.938395023345947,-0.9999237060546875,-0.094879150390625,-0.3080596923828125
1773062441907689216,9.948451042175293,-1.0216827392578125,-0.0888824462890625,-0.2898712158203125
1773062441917744128,9.958506107330322,-1.0440521240234375,-0.0675201416015625,-0.25897216796875
1773062441927799296,9.968561172485352,-1.064727783203125,-0.0554656982421875,-0.235809326171875
1773062441937854976,9.978616952896118,-0.9781494140625,-0.004364013671875,-0.2035675048828125
1773062441947910144,9.988672018051147,-1.036468505859375,-0.0193023681640625,-0.231658935546875
1773062441957966080,9.998728036880493,-1.018798828125,-0.0272674560546875,-0.23779296875
1773062441968021248,10.008783102035522,-0.979766845703125,-0.0250396728515625,-0.237762451171875
1773062441978077184,10.018839120864868,-0.9579620361328125,-0.0453033447265625,-0.2558135986328125
1773062441988132096,10.028893947601318,-0.9309539794921875,-0.015869140625,-0.270050048828125
1773062441998188032,10.038949966430664,-0.9350433349609375,-0.0173187255859375,-0.2987060546875
1773062442008243200,10.049005031585693,-0.9167022705078125,0.0191650390625,-0.3033905029296875
1773062442018299136,10.059061050415039,-0.885955810546875,0.0402374267578125,-0.2886962890625
1773062442028354048,10.069116115570068,-0.8740234375,0.0213470458984375,-0.2741851806640625
1773062442038409216,10.079171180725098,-0.8766937255859375,0.0123291015625,-0.2528228759765625
1773062442048464896,10.089226961135864,-0.87872314453125,0.0132598876953125,-0.271453857421875
1773062442058520064,10.099282026290894,-0.86126708984375,-0.0110626220703125,-0.3196868896484375
1773062442068576000,10.10933804512024,-0.8437652587890625,-0.041778564453125,-0.3557891845703125
1773062442078631168,10.119393110275269,-0.83843994140625,-0.0297088623046875,-0.355224609375
1773062442088687104,10.129449129104614,-0.8465576171875,0.01611328125,-0.317474365234375
1773062442098742016,10.139503955841064,-0.8498077392578125,0.0431365966796875,-0.3040924072265625
1773062442108797952,10.14955997467041,-0.8231353759765625,0.01837158203125,-0.3450775146484375
1773062442118853120,10.15961503982544,-0.78851318359375,-0.0091094970703125,-0.3848114013671875
1773062442128909056,10.169671058654785,-0.769500732421875,-0.0161590576171875,-0.421417236328125
1773062442138964224,10.179726123809814,-0.7513580322265625,-0.0411834716796875,-0.490631103515625
1773062442149020160,10.18978214263916,-0.7412872314453125,-0.0471954345703125,-0.531158447265625
1773062442159075072,10.19983696937561,-0.7222442626953125,0.0167999267578125,-0.5469970703125
1773062442169129984,10.20989203453064,-0.7237396240234375,0.0380096435546875,-0.5370635986328125
1773062442179186176,10.219948053359985,-0.740509033203125,-0.0105438232421875,-0.514068603515625
1773062442189241088,10.230003118515015,-0.75018310546875,-0.0392913818359375,-0.50341796875
1773062442199297280,10.24005913734436,-0.7178802490234375,-0.048858642578125,-0.5709991455078125
1773062442209351936,10.25011396408081,-0.6582183837890625,-0.0598602294921875,-0.6188812255859375
1773062442219408128,10.260169982910156,-0.65728759765625,-0.0894927978515625,-0.6405029296875
1773062442229463040,10.270225048065186,-0.6995697021484375,-0.061004638671875,-0.5774993896484375
1773062442239519232,10.280281066894531,-0.7224578857421875,0.0366973876953125,-0.4814453125
1773062442249574144,10.29033613204956,-0.727996826171875,0.0323333740234375,-0.421661376953125
1773062442259630080,10.300392150878906,-0.70733642578125,-0.0288848876953125,-0.5147552490234375
1773062442269684992,10.310446977615356,-0.6455078125,-0.0527801513671875,-0.670867919921875
1773062442279740160,10.320502042770386,-0.582550048828125,-0.0313262939453125,-0.779449462890625
1773062442289796096,10.330558061599731,-0.531097412109375,0.052703857421875,-0.7707366943359375
1773062442299851264,10.34061312675476,-0.5123291015625,0.04376220703125,-0.7003021240234375
1773062442309907200,10.350669145584106,-0.540802001953125,-0.027099609375,-0.5848846435546875
1773062442319962112,10.360723972320557,-0.5426788330078125,-0.102386474609375,-0.4976654052734375
1773062442330018048,10.370779991149902,-0.49676513671875,-0.1278839111328125,-0.5063629150390625
1773062442340073216,10.380835056304932,-0.48150634765625,-0.111785888671875,-0.60028076171875
1773062442350129152,10.390891075134277,-0.461212158203125,0.0056304931640625,-0.636016845703125
1773062442360184320,10.400946140289307,-0.4143829345703125,0.1074981689453125,-0.807281494140625
1773062442370240256,10.411002159118652,-0.353424072265625,0.10430908203125,-0.859130859375
1773062442380294912,10.421056985855103,-0.32049560546875,0.0532379150390625,-0.8540496826171875
1773062442390351104,10.431113004684448,-0.3373260498046875,-0.033111572265625,-0.9162750244140625
1773062442400406016,10.441168069839478,-0.309783935546875,-0.079315185546875,-0.9051055908203125
1773062442410461184,10.451223134994507,-0.2859039306640625,-0.0748748779296875,-0.7059173583984375
1773062442420517120,10.461279153823853,-0.3385772705078125,-0.1146697998046875,-0.51361083984375
1773062442430572032,10.471333980560303,-0.389556884765625,-0.1024932861328125,-0.54962158203125
1773062442440627968,10.481389999389648,-0.361297607421875,-0.0261993408203125,-0.7263031005859375
1773062442450683136,10.491445064544678,-0.2786865234375,0.14654541015625,-0.9390716552734375
1773062442460739072,10.501501083374023,-0.2005462646484375,0.271820068359375,-1.09735107421875
1773062442470794240,10.511556148529053,-0.1674346923828125,0.2757415771484375,-1.195343017578125
1773062442480850176,10.521612167358398,-0.0955963134765625,0.2059326171875,-1.193145751953125
1773062442490905088,10.531666994094849,-0.072418212890625,-0.005157470703125,-0.8109893798828125
1773062442500961024,10.541723012924194,-0.091033935546875,-0.282501220703125,-0.4667816162109375
1773062442511016192,10.551778078079224,-0.1229400634765625,-0.352294921875,-0.39605712890625
1773062442521071104,10.561833143234253,-0.0289154052734375,-0.0962677001953125,-0.6703643798828125
1773062442531127296,10.571889162063599,0.078216552734375,0.20892333984375,-1.125640869140625
1773062442541181952,10.581943988800049,0.1584625244140625,0.402252197265625,-1.310302734375
1773062442551238144,10.592000007629395,0.157562255859375,0.3529510498046875,-1.347503662109375
1773062442561293056,10.602055072784424,0.17803955078125,0.25146484375,-1.078125
1773062442571349248,10.61211109161377,0.17333984375,-0.036529541015625,-0.572052001953125
1773062442581404160,10.622166156768799,0.1403350830078125,-0.2912445068359375,-0.2935638427734375
1773062442591460352,10.632222175598145,0.24114990234375,-0.1712799072265625,-0.6691741943359375
1773062442601515008,10.642277002334595,0.378326416015625,0.0986175537109375,-1.1979522705078125
1773062442611571200,10.65233302116394,0.455108642578125,0.347869873046875,-1.4254150390625
1773062442621626112,10.66238808631897,0.4806060791015625,0.3282012939453125,-1.294921875
1773062442631682048,10.672444105148315,0.456817626953125,0.1767578125,-1.1708831787109375
1773062442641737216,10.682499170303345,0.4414825439453125,0.0811920166015625,-0.987030029296875
1773062442651792128,10.692553997039795,0.4365692138671875,-0.064605712890625,-0.709259033203125
1773062442661848064,10.70261001586914,0.40570068359375,-0.14190673828125,-0.34234619140625
1773062442671903232,10.71266508102417,0.4576263427734375,-0.0729522705078125,-0.73822021484375
1773062442681959168,10.722721099853516,0.5410919189453125,0.17669677734375,-1.174224853515625
1773062442692014336,10.732776165008545,0.5590362548828125,0.3659210205078125,-1.4444427490234375
1773062442702070272,10.74283218383789,0.558258056640625,0.320220947265625,-1.289154052734375
1773062442712125184,10.75288701057434,0.66534423828125,0.3043060302734375,-1.0854034423828125
1773062442722181120,10.762943029403687,0.7224884033203125,0.1486968994140625,-0.991363525390625
1773062442732236032,10.772998094558716,0.7153778076171875,0.05303955078125,-0.92559814453125
1773062442742292224,10.783054113388062,0.70513916015625,-0.038299560546875,-0.7611236572265625
1773062442752347136,10.79310917854309,0.71588134765625,-0.0587921142578125,-0.669219970703125
1773062442762403072,10.803164958953857,0.75927734375,0.0759124755859375,-0.79541015625
1773062442772457984,10.813220024108887,0.7584686279296875,0.287139892578125,-0.9289093017578125
1773062442782512640,10.823274612426758,0.723968505859375,0.3703155517578125,-0.956512451171875
1773062442792568576,10.833330631256104,0.7563629150390625,0.364990234375,-1.0416259765625
1773062442802623488,10.843385457992554,0.8169708251953125,0.2674713134765625,-0.9477386474609375
1773062442812679424,10.8534414768219,0.8465423583984375,0.037384033203125,-0.6887359619140625
1773062442822734592,10.863496541976929,0.879150390625,-0.1044769287109375,-0.5992279052734375
1773062442832790528,10.873552560806274,0.906158447265625,-0.0522613525390625,-0.781585693359375
1773062442842845696,10.883607625961304,0.88189697265625,0.1421661376953125,-0.906219482421875
1773062442852901376,10.89366340637207,0.835540771484375,0.2990875244140625,-0.8910064697265625
1773062442862956544,10.9037184715271,0.8209228515625,0.2742919921875,-0.7717132568359375
1773062442873012480,10.913774490356445,0.81658935546875,0.163177490234375,-0.6294708251953125
1773062442883067648,10.923829555511475,0.8301849365234375,0.1418609619140625,-0.6515350341796875
1773062442893122560,10.933884620666504,0.8808746337890625,0.16693115234375,-0.7278289794921875
1773062442903178752,10.94394063949585,0.9300689697265625,0.0507659912109375,-0.7688446044921875
1773062442913233408,10.9539954662323,0.9296112060546875,-0.062255859375,-0.840667724609375
1773062442923289600,10.964051485061646,0.890869140625,0.0435333251953125,-0.83306884765625
1773062442933344512,10.974106550216675,0.872314453125,0.18505859375,-0.7388458251953125
1773062442943400704,10.98416256904602,0.8500518798828125,0.1520538330078125,-0.645782470703125
1773062442953455616,10.99421763420105,0.7998046875,0.1103668212890625,-0.54132080078125
1773062442963511552,11.004273414611816,0.780731201171875,0.132659912109375,-0.5293731689453125
1773062442973566464,11.014328479766846,0.8089752197265625,0.1767578125,-0.636199951171875
1773062442983622656,11.024384498596191,0.8246002197265625,0.132232666015625,-0.700775146484375
1773062442993677568,11.03443956375122,0.8172454833984375,0.0359344482421875,-0.71612548828125
1773062443003733760,11.044495582580566,0.8330078125,0.0622711181640625,-0.71630859375
1773062443013788416,11.054550409317017,0.8630523681640625,0.0775299072265625,-0.5769195556640625
1773062443023843584,11.064605474472046,0.8865814208984375,0.029296875,-0.507904052734375
1773062443033899520,11.074661493301392,0.868011474609375,0.055145263671875,-0.5511016845703125
1773062443043954688,11.084716558456421,0.8494873046875,0.1002197265625,-0.617919921875
1773062443054010624,11.094772577285767,0.8626708984375,0.118865966796875,-0.6453399658203125
1773062443064065792,11.104827642440796,0.8447723388671875,0.0662078857421875,-0.5496978759765625
1773062443074121472,11.114883422851562,0.8293609619140625,-0.0154571533203125,-0.4342041015625
1773062443084176640,11.124938488006592,0.8389739990234375,-0.018157958984375,-0.4685516357421875
1773062443094232576,11.134994506835938,0.867889404296875,0.0902557373046875,-0.5554962158203125
1773062443104287744,11.145049571990967,0.93377685546875,0.1428375244140625,-0.5594635009765625
1773062443114343680,11.155105590820312,1.0027923583984375,0.0316314697265625,-0.5048065185546875
1773062443124398592,11.165160417556763,1.0210418701171875,-0.0777435302734375,-0.46044921875
1773062443134454528,11.175216436386108,1.0129547119140625,-0.1198577880859375,-0.4958953857421875
1773062443144509440,11.185271501541138,0.97027587890625,-0.1157684326171875,-0.519622802734375
1773062443154564608,11.195326566696167,0.9951019287109375,-0.010711669921875,-0.4212799072265625
1773062443164620544,11.205382585525513,1.069488525390625,0.1150970458984375,-0.419036865234375
1773062443174675456,11.215437412261963,1.068511962890625,0.0579986572265625,-0.4471282958984375
1773062443184731392,11.225493431091309,1.0544586181640625,-0.070648193359375,-0.4479827880859375
1773062443194786560,11.235548496246338,1.05364990234375,-0.057098388671875,-0.4835968017578125
1773062443204842496,11.245604515075684,1.037353515625,-0.0633544921875,-0.5692291259765625
1773062443214897664,11.255659580230713,1.0413818359375,-0.0900115966796875,-0.642669677734375
1773062443224953600,11.265715599060059,1.076690673828125,-0.0273284912109375,-0.6795196533203125
1773062443235008512,11.275770425796509,1.1021728515625,0.061676025390625,-0.6331024169921875
1773062443245064448,11.285826444625854,1.0633392333984375,0.135833740234375,-0.485748291015625
1773062443255119616,11.295881509780884,0.972930908203125,0.1378173828125,-0.49456787109375
1773062443265175552,11.30593752861023,0.908843994140625,0.0425262451171875,-0.7082366943359375
1773062443275230720,11.315992593765259,0.87652587890625,-0.0673370361328125,-0.86724853515625
1773062443285285376,11.326047420501709,0.9401702880859375,-0.0334625244140625,-0.883209228515625
1773062443295341568,11.336103439331055,1.0270233154296875,0.122283935546875,-0.815032958984375
1773062443305396480,11.346158504486084,1.0258636474609375,0.302276611328125,-0.6472625732421875
1773062443315452672,11.35621452331543,0.96478271484375,0.2090606689453125,-0.5258331298828125
1773062443325507584,11.366269588470459,0.8782806396484375,0.0194854736328125,-0.664825439453125
1773062443335563776,11.376325607299805,0.7951202392578125,-0.0216522216796875,-0.8881988525390625
1773062443345618432,11.386380434036255,0.8216400146484375,0.0237579345703125,-0.95001220703125
1773062443355674624,11.3964364528656,0.9388580322265625,0.07476806640625,-0.927398681640625
1773062443365729536,11.40649151802063,0.98101806640625,0.1323394775390625,-0.8698272705078125
1773062443375785472,11.416547536849976,0.9466705322265625,0.195953369140625,-0.7391815185546875
1773062443385840640,11.426602602005005,0.9358978271484375,0.2143707275390625,-0.6755523681640625
1773062443395895552,11.436657428741455,0.9335174560546875,0.1110992431640625,-0.73529052734375
1773062443405951488,11.4467134475708,0.9346771240234375,0.00927734375,-0.8630523681640625
1773062443416006656,11.45676851272583,0.9418182373046875,-0.0006866455078125,-1.0001678466796875
1773062443426062592,11.466824531555176,0.8810577392578125,0.0513153076171875,-0.98974609375
1773062443436117760,11.476879596710205,0.8438720703125,0.1343994140625,-0.919219970703125
1773062443446173696,11.48693561553955,0.886871337890625,0.1066436767578125,-0.8989105224609375
1773062443456228608,11.496990442276001,0.8243408203125,0.0880279541015625,-0.8363800048828125
1773062443466284544,11.507046461105347,0.7874603271484375,0.2233123779296875,-0.8044891357421875
1773062443476339456,11.517101526260376,0.8105010986328125,0.105316162109375,-0.8542938232421875
1773062443486395648,11.527157545089722,0.8044891357421875,0.0201568603515625,-0.91448974609375
1773062443496450560,11.537212610244751,0.78253173828125,0.0822906494140625,-0.9907073974609375
1773062443506506752,11.547268629074097,0.7325286865234375,0.0685577392578125,-1.0243072509765625
1773062443516561408,11.557323455810547,0.6882476806640625,0.051727294921875,-0.9729461669921875
1773062443526616576,11.567378520965576,0.6892242431640625,0.186126708984375,-0.9199371337890625
1773062443536672512,11.577434539794922,0.6538543701171875,0.2303466796875,-0.8926544189453125
1773062443546727680,11.587489604949951,0.6129150390625,0.122802734375,-0.8753204345703125
1773062443556783616,11.597545623779297,0.624176025390625,0.038238525390625,-0.913909912109375
1773062443566838528,11.607600450515747,0.601715087890625,0.0447845458984375,-0.93719482421875
1773062443576894464,11.617656469345093,0.5709991455078125,0.0364990234375,-0.98724365234375
1773062443586949632,11.627711534500122,0.5309906005859375,0.0284576416015625,-1.0677642822265625
1773062443597005568,11.637767553329468,0.4691009521484375,0.0493316650390625,-1.0006103515625
1773062443607060736,11.647822618484497,0.423980712890625,0.0740509033203125,-0.86865234375
1773062443617116672,11.657878637313843,0.4117889404296875,0.0784454345703125,-0.8631439208984375
1773062443627171584,11.667933464050293,0.354217529296875,0.0755462646484375,-0.88330078125
1773062443637227520,11.677989482879639,0.307525634765625,0.071533203125,-0.866973876953125
1773062443647282688,11.688044548034668,0.2999267578125,0.0031585693359375,-0.9459075927734375
1773062443657337600,11.698099613189697,0.2707672119140625,-0.048431396484375,-1.0201416015625
1773062443667393792,11.708155632019043,0.230621337890625,0.0036163330078125,-1.055633544921875
1773062443677448448,11.718210458755493,0.1942596435546875,-0.0278472900390625,-0.9425201416015625
1773062443687504640,11.728266477584839,0.1672210693359375,-0.0647735595703125,-0.82080078125
1773062443697559552,11.738321542739868,0.1431732177734375,-0.022705078125,-0.80328369140625
1773062443707615488,11.748377561569214,0.0909881591796875,-0.0426025390625,-0.8328399658203125
1773062443717670656,11.758432626724243,0.0553131103515625,0.0169525146484375,-0.8062744140625
1773062443727726336,11.76848840713501,0.0266571044921875,0.0391845703125,-0.8420867919921875
1773062443737781504,11.778543472290039,-0.011627197265625,-0.00592041015625,-0.91357421875
1773062443747837440,11.788599491119385,-0.0277862548828125,-0.0662994384765625,-0.9198150634765625
1773062443757892608,11.798654556274414,-0.043609619140625,-0.041778564453125,-0.810821533203125
1773062443767948544,11.80871057510376,-0.0596466064453125,0.007354736328125,-0.7396240234375
1773062443778004224,11.818766117095947,-0.0889892578125,-0.047027587890625,-0.727294921875
1773062443788058880,11.828820943832397,-0.1245880126953125,-0.0702362060546875,-0.767913818359375
1773062443798115072,11.838876962661743,-0.1523590087890625,-0.0191192626953125,-0.7347564697265625
1773062443808169984,11.848932027816772,-0.198974609375,-0.023773193359375,-0.7385406494140625
1773062443818226176,11.858988046646118,-0.24578857421875,-0.0618438720703125,-0.8182220458984375
1773062443828281088,11.869043111801147,-0.2525634765625,-0.0819549560546875,-0.87274169921875
1773062443838337280,11.879099130630493,-0.24853515625,-0.112701416015625,-0.7772674560546875
1773062443848391936,11.889153957366943,-0.2768402099609375,-0.21673583984375,-0.634857177734375
1773062443858448128,11.899209976196289,-0.3238067626953125,-0.1961212158203125,-0.5798492431640625
1773062443868503040,11.909265041351318,-0.3635711669921875,-0.0792388916015625,-0.6347808837890625
1773062443878559232,11.919321060180664,-0.3795318603515625,-0.0550537109375,-0.6844635009765625
1773062443888614144,11.929376125335693,-0.3904571533203125,-0.0850830078125,-0.6721649169921875
1773062443898670080,11.93943190574646,-0.42413330078125,-0.1241455078125,-0.686065673828125
1773062443908724992,11.94948697090149,-0.450836181640625,-0.1043701171875,-0.74871826171875
1773062443918780160,11.959542036056519,-0.4437713623046875,-0.0577392578125,-0.8312225341796875
1773062443928836096,11.969598054885864,-0.4319305419921875,-0.069000244140625,-0.794097900390625
1773062443938891264,11.979653120040894,-0.473114013671875,-0.2426605224609375,-0.485687255859375
1773062443948947200,11.98970913887024,-0.5557708740234375,-0.2783966064453125,-0.3531951904296875
1773062443959002112,11.99976396560669,-0.5677947998046875,-0.13885498046875,-0.487945556640625
1773062443969058048,12.009819984436035,-0.5809783935546875,-0.0702667236328125,-0.659820556640625
1773062443979113216,12.019875049591064,-0.5725250244140625,-0.0693359375,-0.67547607421875
1773062443989169152,12.02993106842041,-0.60919189453125,-0.0468597412109375,-0.5142364501953125
1773062443999224064,12.03998613357544,-0.5923919677734375,-0.164886474609375,-0.649017333984375
1773062444009280000,12.050041913986206,-0.52227783203125,-0.17315673828125,-0.55517578125
1773062444019334912,12.060096979141235,-0.5936279296875,-0.27545166015625,-0.4803009033203125
1773062444029391104,12.070152997970581,-0.67816162109375,-0.2707366943359375,-0.4232940673828125
1773062444039446016,12.08020806312561,-0.7049713134765625,-0.1643218994140625,-0.3692779541015625
1773062444049501184,12.09026312828064,-0.7510528564453125,-0.132049560546875,-0.3865203857421875
1773062444059556864,12.100318908691406,-0.7918701171875,-0.121246337890625,-0.400634765625
1773062444069612032,12.110373973846436,-0.77783203125,-0.1214752197265625,-0.5030670166015625
1773062444079667968,12.120429992675781,-0.7327117919921875,-0.141693115234375,-0.549285888671875
1773062444089723136,12.13048505783081,-0.7226409912109375,-0.2069549560546875,-0.50830078125
1773062444099779072,12.140541076660156,-0.7631683349609375,-0.25128173828125,-0.445220947265625
1773062444109834240,12.150596141815186,-0.7837982177734375,-0.179351806640625,-0.3860015869140625
1773062444119889920,12.160651922225952,-0.7855377197265625,-0.156890869140625,-0.3648223876953125
1773062444129945088,12.170706987380981,-0.830902099609375,-0.19378662109375,-0.312286376953125
1773062444140001024,12.180763006210327,-0.890960693359375,-0.2052154541015625,-0.287109375
1773062444150056192,12.190818071365356,-0.9062042236328125,-0.173126220703125,-0.369903564453125
1773062444160112128,12.200874090194702,-0.868438720703125,-0.21026611328125,-0.4959564208984375
1773062444170167040,12.210928916931152,-0.860992431640625,-0.2146759033203125,-0.52410888671875
1773062444180221952,12.220983982086182,-0.8397674560546875,-0.1508941650390625,-0.4219818115234375
1773062444190278144,12.231040000915527,-0.86767578125,-0.161529541015625,-0.324798583984375
1773062444200333056,12.241095066070557,-0.92041015625,-0.216064453125,-0.2678985595703125
1773062444210389248,12.251151084899902,-0.9475555419921875,-0.2542724609375,-0.2475433349609375
1773062444220443904,12.261205911636353,-0.94647216796875,-0.222442626953125,-0.31500244140625
1773062444230500096,12.271261930465698,-0.903472900390625,-0.1261749267578125,-0.405029296875
1773062444240555008,12.281316995620728,-0.8604583740234375,-0.0904083251953125,-0.46417236328125
1773062444250610944,12.291373014450073,-0.85723876953125,-0.1483154296875,-0.4880523681640625
1773062444260666112,12.301428079605103,-0.8637847900390625,-0.241058349609375,-0.3923187255859375
1773062444270722048,12.311484098434448,-0.9002838134765625,-0.25189208984375,-0.2984771728515625
1773062444280776960,12.321538925170898,-0.9310455322265625,-0.17822265625,-0.2729034423828125
1773062444290832128,12.331593990325928,-0.9699554443359375,-0.1398468017578125,-0.2311553955078125
1773062444300888064,12.341650009155273,-1.0166015625,-0.157470703125,-0.2523193359375
1773062444310943232,12.351705074310303,-0.9906768798828125,-0.13134765625,-0.321685791015625
1773062444320999168,12.361761093139648,-0.919281005859375,-0.0300750732421875,-0.356475830078125
1773062444331054080,12.371815919876099,-0.9020538330078125,-0.092529296875,-0.3400421142578125
1773062444341110016,12.381871938705444,-0.9375762939453125,-0.2174072265625,-0.339141845703125
1773062444351165184,12.391927003860474,-0.9507904052734375,-0.1472320556640625,-0.25714111328125
1773062444361221120,12.40198302268982,-0.9543609619140625,-0.1148834228515625,-0.181182861328125
1773062444371276032,12.412038087844849,-1.003204345703125,-0.191802978515625,-0.1949615478515625
1773062444381332224,12.422094106674194,-1.00738525390625,-0.165374755859375,-0.186553955078125
1773062444391386880,12.432148933410645,-0.990753173828125,-0.11761474609375,-0.2280731201171875
1773062444401443072,12.44220495223999,-0.9370269775390625,-0.0377197265625,-0.2725677490234375
1773062444411497984,12.45226001739502,-0.93328857421875,-0.045684814453125,-0.2458648681640625
1773062444421554176,12.462316036224365,-0.9430084228515625,-0.07830810546875,-0.2212677001953125
1773062444431609088,12.472371101379395,-0.96075439453125,-0.1253814697265625,-0.197601318359375
1773062444441664000,12.482425928115845,-0.9798736572265625,-0.136749267578125,-0.175628662109375
1773062444451719936,12.49248194694519,-0.9855194091796875,-0.11663818359375,-0.189697265625
1773062444461775104,12.50253701210022,-0.979278564453125,-0.12957763671875,-0.2158660888671875
1773062444471831040,12.512593030929565,-0.965606689453125,-0.117889404296875,-0.203887939453125
1773062444481886208,12.522648096084595,-0.9710845947265625,-0.090789794921875,-0.1945343017578125
1773062444491942144,12.53270411491394,-0.97802734375,-0.0602569580078125,-0.177001953125
1773062444501997056,12.54275894165039,-0.955657958984375,-0.0566864013671875,-0.1577606201171875
1773062444512052992,12.552814960479736,-0.9389190673828125,-0.117706298828125,-0.15234375
1773062444522108160,12.562870025634766,-0.939849853515625,-0.13714599609375,-0.154571533203125
1773062444532164096,12.572926044464111,-0.953521728515625,-0.0911102294921875,-0.161956787109375
1773062444542219264,12.58298110961914,-0.9593353271484375,-0.0840606689453125,-0.1603240966796875
1773062444552275200,12.593037128448486,-0.9459381103515625,-0.1300048828125,-0.161712646484375
1773062444562330112,12.603091955184937,-0.9153594970703125,-0.143310546875,-0.1708221435546875
1773062444572385024,12.613147020339966,-0.8995819091796875,-0.133636474609375,-0.18597412109375
1773062444582441216,12.623203039169312,-0.911956787109375,-0.1529083251953125,-0.205780029296875
1773062444592496128,12.63325810432434,-0.9052734375,-0.1108856201171875,-0.2060546875
1773062444602552064,12.643314123153687,-0.898834228515625,-0.099639892578125,-0.2183990478515625
1773062444612606976,12.653368949890137,-0.8934783935546875,-0.1239166259765625,-0.2284698486328125
1773062444622662912,12.663424968719482,-0.8973846435546875,-0.1308135986328125,-0.2230377197265625
1773062444632718080,12.673480033874512,-0.906494140625,-0.1355133056640625,-0.2181854248046875
1773062444642774016,12.683536052703857,-0.890411376953125,-0.1533203125,-0.2538604736328125
1773062444652829184,12.693591117858887,-0.868194580078125,-0.1445770263671875,-0.29339599609375
1773062444662885120,12.703647136688232,-0.8549957275390625,-0.118896484375,-0.2901611328125
1773062444672940032,12.713701963424683,-0.8607177734375,-0.1142120361328125,-0.319244384765625
1773062444682995968,12.723757982254028,-0.86724853515625,-0.116241455078125,-0.316314697265625
1773062444693051136,12.733813047409058,-0.8542633056640625,-0.1319732666015625,-0.296875
1773062444703106048,12.743868112564087,-0.8511199951171875,-0.13909912109375,-0.323089599609375
1773062444713162240,12.753924131393433,-0.852294921875,-0.166961669921875,-0.357452392578125
1773062444723216896,12.763978958129883,-0.85302734375,-0.1798858642578125,-0.39874267578125
1773062444733273088,12.774034976959229,-0.850494384765625,-0.15582275390625,-0.4053497314453125
1773062444743328000,12.784090042114258,-0.8509674072265625,-0.1404876708984375,-0.397308349609375
1773062444753384192,12.794146060943604,-0.8635101318359375,-0.1524658203125,-0.3838958740234375
1773062444763439104,12.804201126098633,-0.841217041015625,-0.147979736328125,-0.3935699462890625
1773062444773495040,12.8142569065094,-0.8129730224609375,-0.148590087890625,-0.4084320068359375
1773062444783550464,12.824312448501587,-0.7859954833984375,-0.195159912109375,-0.422821044921875
1773062444793606400,12.834368467330933,-0.7819061279296875,-0.2909393310546875,-0.4875030517578125
1773062444803661568,12.844423532485962,-0.7811126708984375,-0.25390625,-0.53936767578125
1773062444813717504,12.854479551315308,-0.7877349853515625,-0.134613037109375,-0.548492431640625
1773062444823772672,12.864534616470337,-0.81610107421875,-0.1532745361328125,-0.5191650390625
1773062444833827584,12.874589443206787,-0.77484130859375,-0.1387939453125,-0.465179443359375
1773062444843883520,12.884645462036133,-0.71136474609375,-0.1001739501953125,-0.417144775390625
1773062444853938688,12.894700527191162,-0.7140045166015625,-0.1443328857421875,-0.4815673828125
1773062444863994624,12.904756546020508,-0.706756591796875,-0.2442474365234375,-0.601898193359375
1773062444874049536,12.914811611175537,-0.7120208740234375,-0.2777862548828125,-0.6379547119140625
1773062444884105728,12.924867630004883,-0.73907470703125,-0.14996337890625,-0.547576904296875
1773062444894160384,12.934922456741333,-0.7191925048828125,-0.1166839599609375,-0.6185455322265625
1773062444904216576,12.944978475570679,-0.6603851318359375,-0.15924072265625,-0.6925506591796875
1773062444914271488,12.955033540725708,-0.6112518310546875,-0.1656036376953125,-0.601654052734375
1773062444924327680,12.965089559555054,-0.6351776123046875,-0.1222076416015625,-0.600250244140625
1773062444934382592,12.975144624710083,-0.617889404296875,-0.100311279296875,-0.5955963134765625
1773062444944438528,12.98520040512085,-0.6045989990234375,-0.2602996826171875,-0.7050323486328125
1773062444954493440,12.995255470275879,-0.6422271728515625,-0.32379150390625,-0.7230987548828125
1773062444964548608,13.005310535430908,-0.645172119140625,-0.1657257080078125,-0.6166229248046875
1773062444974604544,13.015366554260254,-0.622283935546875,-0.076324462890625,-0.6397552490234375
1773062444984659712,13.025421619415283,-0.5689239501953125,-0.1255950927734375,-0.6977691650390625
1773062444994715648,13.035477638244629,-0.500244140625,-0.1246795654296875,-0.640289306640625
1773062445004770560,13.045532464981079,-0.4822845458984375,-0.1102752685546875,-0.65216064453125
1773062445014826496,13.055588483810425,-0.4271697998046875,-0.233245849609375,-0.7811737060546875
1773062445024881664,13.065643548965454,-0.3809661865234375,-0.3089752197265625,-0.8201751708984375
1773062445034937600,13.0756995677948,-0.439453125,-0.2281494140625,-0.7265167236328125
1773062445044992768,13.085754632949829,-0.5099639892578125,-0.0636749267578125,-0.6774444580078125
1773062445055048448,13.095810413360596,-0.535247802734375,-0.0679931640625,-0.6923675537109375
1773062445065103616,13.105865478515625,-0.467437744140625,-0.114532470703125,-0.651275634765625
1773062445075159552,13.11592149734497,-0.3530426025390625,-0.0986785888671875,-0.6578826904296875
1773062445085214720,13.1259765625,-0.245880126953125,-0.0968017578125,-0.81158447265625
1773062445095270656,13.136032581329346,-0.1787872314453125,-0.13238525390625,-0.9784698486328125
1773062445105325568,13.146087408065796,-0.17822265625,-0.1635589599609375,-1.0306854248046875
1773062445115380480,13.156142473220825,-0.226959228515625,-0.127105712890625,-0.9157562255859375
1773062445125436672,13.166198492050171,-0.2565460205078125,-0.2821807861328125,-0.718414306640625
1773062445135491584,13.1762535572052,-0.314971923828125,-0.330322265625,-0.565216064453125
1773062445145547520,13.186309576034546,-0.33343505859375,-0.179412841796875,-0.57879638671875
1773062445155602688,13.196364641189575,-0.22210693359375,-0.0856170654296875,-0.8604888916015625
1773062445165658368,13.206420421600342,-0.113983154296875,-0.0223388671875,-1.16461181640625
1773062445175713536,13.216475486755371,-0.0111541748046875,-0.099334716796875,-1.2405548095703125
1773062445185769472,13.226531505584717,0.009033203125,-0.25286865234375,-1.1053009033203125
1773062445195824640,13.236586570739746,-0.056884765625,-0.249847412109375,-0.7731475830078125
1773062445205880576,13.246642589569092,-0.0831298828125,-0.1875152587890625,-0.7336578369140625
1773062445215935488,13.256697416305542,-0.09466552734375,-0.2017669677734375,-0.757232666015625
1773062445225991424,13.266753435134888,-0.0734405517578125,-0.1263580322265625,-0.895782470703125
1773062445236046592,13.276808500289917,0.0142669677734375,-0.049072265625,-1.0287628173828125
1773062445246101504,13.286863565444946,0.1528167724609375,-0.09674072265625,-1.1496124267578125
1773062445256157696,13.296919584274292,0.288604736328125,-0.2309722900390625,-1.3600006103515625
1773062445266212352,13.306974411010742,0.3248443603515625,-0.0824127197265625,-1.17401123046875
1773062445276268544,13.317030429840088,0.3397216796875,-0.013885498046875,-0.9686431884765625
1773062445286323456,13.327085494995117,0.243072509765625,-0.2377166748046875,-0.658905029296875
1773062445296379648,13.337141513824463,0.07513427734375,-0.188873291015625,-0.3519439697265625
1773062445306434560,13.347196578979492,0.0476531982421875,0.034912109375,-0.640869140625
1773062445316490752,13.357252597808838,0.0633087158203125,0.0741119384765625,-1.162384033203125
1773062445326545408,13.367307424545288,0.2717742919921875,0.1388092041015625,-1.66015625
1773062445336601600,13.377363443374634,0.5043487548828125,0.1629638671875,-1.559356689453125
1773062445346656512,13.387418508529663,0.5368194580078125,0.1099700927734375,-1.1006317138671875
1773062445356712704,13.397474527359009,0.54254150390625,0.014404296875,-0.921295166015625
1773062445366767616,13.407529592514038,0.48895263671875,-0.0952911376953125,-0.9235076904296875
1773062445376822528,13.417584419250488,0.423736572265625,-0.162567138671875,-0.631103515625
1773062445386878464,13.427640438079834,0.3717498779296875,-0.171783447265625,-0.479217529296875
1773062445396933632,13.437695503234863,0.3364105224609375,-0.0791473388671875,-0.7474822998046875
1773062445406989568,13.447751522064209,0.3134918212890625,0.0512542724609375,-1.2047882080078125
1773062445417044736,13.457806587219238,0.3288421630859375,0.163665771484375,-1.29248046875
1773062445427100672,13.467862606048584,0.51251220703125,0.3058624267578125,-1.0919189453125
1773062445437155584,13.477917432785034,0.6977996826171875,0.220794677734375,-1.007843017578125
1773062445447211520,13.48797345161438,0.7012939453125,-0.0543212890625,-0.825042724609375
1773062445457266688,13.49802851676941,0.67034912109375,-0.133148193359375,-0.706756591796875
1773062445467322624,13.508084535598755,0.6202239990234375,-0.192230224609375,-0.7587432861328125
1773062445477377536,13.518139600753784,0.571380615234375,-0.1976318359375,-0.926361083984375
1773062445487433728,13.52819561958313,0.5533905029296875,-0.0560455322265625,-0.989715576171875
1773062445497488384,13.53825044631958,0.584625244140625,0.115234375,-0.89630126953125
1773062445507543552,13.54830551147461,0.6407928466796875,0.2081146240234375,-0.8854217529296875
1773062445517599488,13.558361530303955,0.6277923583984375,0.1077117919921875,-0.883697509765625
1773062445527654656,13.568416595458984,0.6348724365234375,-0.0624847412109375,-0.7965087890625
1773062445537710592,13.57847261428833,0.6624603271484375,-0.26312255859375,-0.618621826171875
1773062445547765504,13.58852744102478,0.6591644287109375,-0.40557861328125,-0.5305633544921875
1773062445557821440,13.598583459854126,0.7166748046875,-0.13262939453125,-0.7624664306640625
1773062445567876608,13.608638525009155,0.735992431640625,0.3578643798828125,-1.018035888671875
1773062445577932544,13.618694543838501,0.83251953125,0.601593017578125,-1.07318115234375
1773062445587987712,13.62874960899353,0.9802398681640625,0.3264312744140625,-0.9274139404296875
1773062445598043648,13.638805627822876,0.9264373779296875,-0.0858917236328125,-0.66552734375
1773062445608098560,13.648860454559326,0.8505401611328125,-0.208404541015625,-0.485687255859375
1773062445618154496,13.658916473388672,0.8273468017578125,-0.1582183837890625,-0.57550048828125
1773062445628209664,13.668971538543701,0.79364013671875,-0.084197998046875,-0.7031707763671875
1773062445638264576,13.67902660369873,0.7657623291015625,-0.0068511962890625,-0.7179412841796875
1773062445648320768,13.689082622528076,0.794189453125,0.0597381591796875,-0.7657928466796875
1773062445658375424,13.699137449264526,0.8311614990234375,0.1439666748046875,-0.6950225830078125
1773062445668431616,13.709193468093872,0.8545989990234375,0.1069488525390625,-0.566131591796875
1773062445678486528,13.719248533248901,0.8763427734375,0.0065155029296875,-0.6197052001953125
1773062445688542720,13.729304552078247,0.8272705078125,-0.0494537353515625,-0.6900482177734375
1773062445698597632,13.739359617233276,0.807159423828125,-0.068328857421875,-0.606842041015625
1773062445708653568,13.749415636062622,0.833099365234375,-0.0896148681640625,-0.52490234375
1773062445718708480,13.759470462799072,0.8587799072265625,-0.06927490234375,-0.56048583984375
1773062445728764416,13.769526481628418,0.8597869873046875,-0.0303802490234375,-0.58734130859375
1773062445738819584,13.779581546783447,0.8750457763671875,-0.0090484619140625,-0.6168060302734375
1773062445748875520,13.789637565612793,0.8808441162109375,0.0654296875,-0.6070556640625
1773062445758930688,13.799692630767822,0.8853302001953125,0.0433502197265625,-0.578765869140625
1773062445768985600,13.809747457504272,0.9023590087890625,-0.0369720458984375,-0.5509490966796875
1773062445779041280,13.819803237915039,0.9178466796875,-0.08197021484375,-0.4612274169921875
1773062445789096448,13.829858303070068,0.9800262451171875,-0.0862884521484375,-0.441436767578125
1773062445799152384,13.839914321899414,1.03656005859375,-0.0646209716796875,-0.5047454833984375
1773062445809207552,13.849969387054443,1.0760498046875,-0.0316925048828125,-0.54205322265625
1773062445819263232,13.86002516746521,1.095977783203125,-0.04132080078125,-0.4747772216796875
1773062445829318400,13.87008023262024,1.099578857421875,-0.0438232421875,-0.3722991943359375
1773062445839374336,13.880136251449585,1.0802459716796875,-0.060150146484375,-0.33721923828125
1773062445849429248,13.890191316604614,1.0378570556640625,-0.072662353515625,-0.3553009033203125
1773062445859485440,13.90024733543396,0.991973876953125,-0.031768798828125,-0.377471923828125
1773062445869540096,13.91030216217041,0.98492431640625,-0.07061767578125,-0.3986663818359375
1773062445879596288,13.920358180999756,1.0012969970703125,-0.177642822265625,-0.37530517578125
1773062445889651200,13.930413246154785,1.009246826171875,-0.2431182861328125,-0.2990875244140625
1773062445899707392,13.94046926498413,1.02349853515625,-0.213134765625,-0.2458038330078125
1773062445909762304,13.95052433013916,1.0506439208984375,-0.1466827392578125,-0.248382568359375
1773062445919817216,13.96057915687561,1.0507965087890625,-0.113800048828125,-0.250579833984375
1773062445929873152,13.970635175704956,1.0226287841796875,-0.1197967529296875,-0.230499267578125
1773062445939928320,13.980690240859985,0.996063232421875,-0.1273651123046875,-0.25616455078125
1773062445949984256,13.990746259689331,0.9800872802734375,-0.15496826171875,-0.33734130859375
1773062445960039424,14.00080132484436,0.99237060546875,-0.151763916015625,-0.40948486328125
1773062445970095360,14.010857343673706,1.0310821533203125,-0.1455230712890625,-0.450531005859375
1773062445980150272,14.020912170410156,1.037994384765625,-0.1669769287109375,-0.3915252685546875
1773062445990206208,14.030968189239502,1.02813720703125,-0.1662445068359375,-0.3172149658203125
1773062446000261376,14.041023254394531,1.006256103515625,-0.1390228271484375,-0.3175506591796875
1773062446010317312,14.051079273223877,0.987274169921875,-0.1465911865234375,-0.320556640625
1773062446020372480,14.061134338378906,0.9803619384765625,-0.1484375,-0.354522705078125
1773062446030428416,14.071190357208252,0.990386962890625,-0.188232421875,-0.407989501953125
1773062446040483328,14.081245183944702,1.0210418701171875,-0.2450408935546875,-0.3886871337890625
1773062446050539264,14.091301202774048,1.063629150390625,-0.1827545166015625,-0.3642578125
1773062446060594432,14.101356267929077,1.0939178466796875,-0.098724365234375,-0.4381866455078125
1773062446070649344,14.111411333084106,1.112091064453125,-0.034088134765625,-0.438262939453125
1773062446080705280,14.121467351913452,1.101409912109375,-0.027618408203125,-0.3347320556640625
1773062446090760192,14.131522178649902,1.0877685546875,-0.09332275390625,-0.4228973388671875
1773062446100816128,14.141578197479248,1.0683441162109375,-0.1557464599609375,-0.57025146484375
1773062446110871296,14.151633262634277,1.063568115234375,-0.2072296142578125,-0.6024169921875
1773062446120927232,14.161689281463623,1.0747528076171875,-0.1429290771484375,-0.560089111328125
1773062446130982400,14.171744346618652,1.096649169921875,0.061798095703125,-0.5156097412109375
1773062446141038336,14.181800365447998,1.09320068359375,0.0870513916015625,-0.49652099609375
1773062446151093248,14.191855192184448,1.0285797119140625,0.0316314697265625,-0.4864654541015625
1773062446161149184,14.201911211013794,0.931640625,-0.03704833984375,-0.5628509521484375
1773062446171204352,14.211966276168823,0.847320556640625,-0.1464996337890625,-0.753082275390625
1773062446181260288,14.222022294998169,0.891082763671875,-0.1934967041015625,-0.89141845703125
1773062446191315456,14.232077360153198,1.0200042724609375,-0.2072601318359375,-0.8697052001953125
1773062446201370112,14.242132186889648,1.10162353515625,-0.1182861328125,-0.77703857421875
1773062446211426304,14.252188205718994,1.1118621826171875,-0.003326416015625,-0.6750335693359375
1773062446221481216,14.262243270874023,1.0648956298828125,0.0076904296875,-0.5620574951171875
1773062446231537408,14.27229928970337,0.9823150634765625,0.04559326171875,-0.51171875
1773062446241592320,14.282354354858398,0.9280548095703125,0.0998687744140625,-0.6329803466796875
1773062446251648512,14.292410373687744,0.9019775390625,0.063201904296875,-0.7987213134765625
1773062446261703168,14.302465200424194,0.912506103515625,0.011962890625,-0.8765869140625
1773062446271759360,14.31252121925354,0.9442138671875,-0.07171630859375,-0.875885009765625
1773062446281814272,14.32257628440857,0.95367431640625,-0.089019775390625,-0.8570709228515625
1773062446291870464,14.332632303237915,0.9485626220703125,-0.0676422119140625,-0.814300537109375
1773062446301925376,14.342687368392944,0.9319915771484375,0.0064544677734375,-0.71734619140625
1773062446311981312,14.35274338722229,0.946868896484375,0.1237640380859375,-0.69537353515625
1773062446322036224,14.36279821395874,0.9252166748046875,0.0927276611328125,-0.719329833984375
1773062446332091392,14.37285327911377,0.861297607421875,0.0787353515625,-0.8105926513671875
1773062446342147328,14.382909297943115,0.77423095703125,0.0499420166015625,-0.910614013671875
1773062446352202496,14.392964363098145,0.6489105224609375,-0.09356689453125,-0.9217071533203125
1773062446362258432,14.40302038192749,0.606201171875,-0.08740234375,-0.871124267578125
1773062446372313344,14.41307520866394,0.6798248291015625,0.040435791015625,-0.8815155029296875
1773062446382369280,14.423131227493286,0.76898193359375,0.0335235595703125,-0.9161529541015625
1773062446392424448,14.433186292648315,0.7757415771484375,0.007781982421875,-0.87908935546875
1773062446402480384,14.443242311477661,0.720458984375,0.03045654296875,-0.8066558837890625
1773062446412535552,14.45329737663269,0.6590118408203125,0.0559844970703125,-0.815521240234375
1773062446422591232,14.463353157043457,0.608489990234375,0.0389862060546875,-0.8269500732421875
1773062446432646400,14.473408222198486,0.533111572265625,0.0251617431640625,-0.8019561767578125
1773062446442702336,14.483464241027832,0.47564697265625,0.017303466796875,-0.825958251953125
1773062446452757248,14.493519306182861,0.4268341064453125,-0.0336456298828125,-0.9591217041015625
1773062446462813440,14.503575325012207,0.3832855224609375,-0.04925537109375,-0.9936981201171875
1773062446472868352,14.513630390167236,0.37188720703125,-0.091949462890625,-0.918060302734375
1773062446482923264,14.523685216903687,0.4102020263671875,-0.1017913818359375,-0.910858154296875
1773062446492979200,14.533741235733032,0.4224853515625,-0.0346221923828125,-0.9202117919921875
1773062446503034368,14.543796300888062,0.3834381103515625,-0.0532684326171875,-0.901092529296875
1773062446513090304,14.553852319717407,0.314544677734375,-0.120819091796875,-0.9168243408203125
1773062446523145472,14.563907384872437,0.236297607421875,-0.108306884765625,-0.9481964111328125
1773062446533201152,14.573963165283203,0.1981353759765625,-0.1281890869140625,-0.96435546875
1773062446543256320,14.584018230438232,0.191131591796875,-0.1474609375,-0.9571533203125
1773062446553312256,14.594074249267578,0.1938323974609375,-0.141876220703125,-0.929229736328125
1773062446563367424,14.604129314422607,0.18438720703125,-0.121490478515625,-0.9020843505859375
1773062446573423360,14.614185333251953,0.171112060546875,-0.112060546875,-0.9055938720703125
1773062446583478272,14.624240159988403,0.157318115234375,-0.1446685791015625,-0.8871002197265625
1773062446593534208,14.634296178817749,0.1166839599609375,-0.16497802734375,-0.8830108642578125
1773062446603589376,14.644351243972778,0.0774383544921875,-0.13385009765625,-0.9134063720703125
1773062446613644288,14.654406309127808,0.0592803955078125,-0.149169921875,-0.8609771728515625
1773062446623700480,14.664462327957153,0.0508880615234375,-0.2310333251953125,-0.77252197265625
1773062446633755136,14.674517154693604,-0.0378875732421875,-0.2839508056640625,-0.7428131103515625
1773062446643811328,14.68457317352295,-0.15228271484375,-0.182281494140625,-0.7461090087890625
1773062446653866240,14.694628238677979,-0.19183349609375,-0.1113128662109375,-0.79656982421875
1773062446663922432,14.704684257507324,-0.2019195556640625,-0.1787261962890625,-0.82806396484375
1773062446673977344,14.714739322662354,-0.228668212890625,-0.2470855712890625,-0.8875274658203125
1773062446684033280,14.7247953414917,-0.226043701171875,-0.164031982421875,-0.86370849609375
1773062446694088192,14.73485016822815,-0.2223663330078125,-0.190765380859375,-0.865814208984375
1773062446704144128,14.744906187057495,-0.298675537109375,-0.2638397216796875,-0.826324462890625
1773062446714199296,14.754961252212524,-0.3733978271484375,-0.1702728271484375,-0.7109527587890625
1773062446724255232,14.76501727104187,-0.382415771484375,-0.1385650634765625,-0.6924285888671875
1773062446734310400,14.7750723361969,-0.337738037109375,-0.207733154296875,-0.7065887451171875
1773062446744365312,14.78512716293335,-0.3271484375,-0.2818145751953125,-0.7887420654296875
1773062446754421248,14.795183181762695,-0.354644775390625,-0.2491912841796875,-0.777557373046875
1773062446764476416,14.805238246917725,-0.3619232177734375,-0.2036895751953125,-0.75579833984375
1773062446774532352,14.81529426574707,-0.36163330078125,-0.24444580078125,-0.7125396728515625
1773062446784587008,14.825348854064941,-0.3759613037109375,-0.264923095703125,-0.696624755859375
1773062446794642944,14.835404872894287,-0.4240570068359375,-0.3157501220703125,-0.695770263671875
1773062446804698112,14.845459938049316,-0.5240936279296875,-0.2491455078125,-0.6340179443359375
1773062446814754048,14.855515956878662,-0.5713043212890625,-0.2866973876953125,-0.5587310791015625
1773062446824808960,14.865570783615112,-0.595672607421875,-0.1841888427734375,-0.4989776611328125
1773062446834864896,14.875626802444458,-0.606475830078125,-0.157073974609375,-0.515228271484375
1773062446844919808,14.885681867599487,-0.5537109375,-0.1952667236328125,-0.562835693359375
1773062446854976000,14.895737886428833,-0.5449066162109375,-0.3012847900390625,-0.6827392578125
1773062446865030912,14.905792951583862,-0.56182861328125,-0.4286651611328125,-0.709228515625
1773062446875087104,14.915848970413208,-0.5787200927734375,-0.35455322265625,-0.5515289306640625
1773062446885141760,14.925903797149658,-0.6193695068359375,-0.189422607421875,-0.388916015625
1773062446895196928,14.935958862304688,-0.6655731201171875,-0.1820831298828125,-0.33465576171875
1773062446905252864,14.946014881134033,-0.71923828125,-0.1890106201171875,-0.3760986328125
1773062446915308032,14.956069946289062,-0.7136383056640625,-0.1745147705078125,-0.39617919921875
1773062446925363968,14.966125965118408,-0.67242431640625,-0.1992034912109375,-0.4063568115234375
1773062446935418880,14.976180791854858,-0.665496826171875,-0.2498931884765625,-0.501220703125
1773062446945474816,14.986236810684204,-0.6568756103515625,-0.255035400390625,-0.5194244384765625
1773062446955529984,14.996291875839233,-0.6418914794921875,-0.1952667236328125,-0.4900360107421875
1773062446965585920,15.006347894668579,-0.676116943359375,-0.186126708984375,-0.449371337890625
1773062446975641088,15.016402959823608,-0.70379638671875,-0.2003021240234375,-0.326141357421875
1773062446985697024,15.026458978652954,-0.744354248046875,-0.17974853515625,-0.2271881103515625
1773062446995751936,15.036513805389404,-0.802093505859375,-0.1670684814453125,-0.2193450927734375
1773062447005807872,15.04656982421875,-0.8185272216796875,-0.15936279296875,-0.2792205810546875
1773062447015863040,15.05662488937378,-0.780364990234375,-0.1551971435546875,-0.390167236328125
1773062447025917952,15.066679954528809,-0.7443695068359375,-0.1907806396484375,-0.492919921875
1773062447035974144,15.076735973358154,-0.7354888916015625,-0.1517486572265625,-0.406951904296875
1773062447046028800,15.086790800094604,-0.7357177734375,-0.12518310546875,-0.3555145263671875
1773062447056084992,15.09684681892395,-0.7747955322265625,-0.139984130859375,-0.2777252197265625
1773062447066139904,15.10690188407898,-0.8424530029296875,-0.0994720458984375,-0.1786041259765625
1773062447076195840,15.116957902908325,-0.9062042236328125,-0.100494384765625,-0.1449432373046875
1773062447086251008,15.127012968063354,-0.9432525634765625,-0.1116180419921875,-0.1805419921875
1773062447096306944,15.1370689868927,-0.93060302734375,-0.0564117431640625,-0.2532196044921875
1773062447106361856,15.14712381362915,-0.8795013427734375,-0.033294677734375,-0.34698486328125
1773062447116417792,15.157179832458496,-0.8294525146484375,-0.1316375732421875,-0.418304443359375
1773062447126472960,15.167234897613525,-0.8630218505859375,-0.166351318359375,-0.354949951171875
1773062447136528896,15.177290916442871,-0.900665283203125,-0.105224609375,-0.248809814453125
1773062447146584064,15.1873459815979,-0.9599151611328125,-0.0817718505859375,-0.2045745849609375
1773062447156640000,15.197402000427246,-0.952362060546875,-0.05712890625,-0.1904754638671875
1773062447166694912,15.207456827163696,-1.0172882080078125,-0.06317138671875,-0.2183837890625
1773062447176749824,15.217511892318726,-0.99383544921875,0.003265380859375,-0.2459564208984375
1773062447186806016,15.227567911148071,-1.003662109375,-0.0359039306640625,-0.230255126953125
1773062447196860928,15.2376229763031,-1.0077056884765625,-0.0459136962890625,-0.2935943603515625
1773062447206917120,15.247678995132446,-1.007476806640625,-0.095947265625,-0.3155059814453125
1773062447216971776,15.257733821868896,-1.007537841796875,-0.0948944091796875,-0.3094940185546875
1773062447227027968,15.267789840698242,-1.02423095703125,-0.0797576904296875,-0.2891693115234375
1773062447237082880,15.277844905853271,-1.0206298828125,-0.0365753173828125,-0.287750244140625
1773062447247139072,15.287900924682617,-1.0384521484375,-0.00244140625,-0.2586669921875
1773062447257193984,15.297955989837646,-1.0602874755859375,0.0077667236328125,-0.2112884521484375
1773062447267250176,15.308012008666992,-1.0597686767578125,-0.0107269287109375,-0.2052001953125
1773062447277304832,15.318066835403442,-1.0430755615234375,-0.02447509765625,-0.246795654296875
1773062447287361024,15.328122854232788,-1.02081298828125,-0.0129241943359375,-0.28167724609375
1773062447297415936,15.338177919387817,-0.9989013671875,0.014923095703125,-0.2984619140625
1773062447307471104,15.348232984542847,-0.9775848388671875,6.103515625e-05,-0.3226776123046875
1773062447317527040,15.358289003372192,-0.9653472900390625,-0.0106964111328125,-0.3187408447265625
1773062447327581952,15.368343830108643,-0.9609375,0.016937255859375,-0.2878265380859375
1773062447337637888,15.378399848937988,-0.9574127197265625,0.0206146240234375,-0.2755126953125
1773062447347693056,15.388454914093018,-0.943939208984375,0.0037841796875,-0.28643798828125
1773062447357748992,15.398510932922363,-0.9347686767578125,-0.01171875,-0.3271331787109375
1773062447367804160,15.408565998077393,-0.916259765625,-0.0274200439453125,-0.3816680908203125
1773062447377860096,15.418622016906738,-0.8919525146484375,-0.0281829833984375,-0.414764404296875
1773062447387915008,15.428676843643188,-0.8604736328125,-0.010467529296875,-0.387451171875
1773062447397970944,15.438732862472534,-0.8814697265625,-0.01470947265625,-0.3572540283203125
1773062447408025856,15.448787927627563,-0.8890533447265625,-0.0183258056640625,-0.3780517578125
1773062447418082048,15.45884394645691,-0.8494415283203125,-0.0256500244140625,-0.426483154296875
1773062447428136960,15.468899011611938,-0.8240814208984375,-0.0584259033203125,-0.447601318359375
1773062447438192896,15.478954792022705,-0.815277099609375,-0.0841522216796875,-0.4626922607421875
1773062447448247808,15.489009857177734,-0.815765380859375,-0.08172607421875,-0.5018768310546875
1773062447458302976,15.499064922332764,-0.8136138916015625,-0.0529327392578125,-0.4972076416015625
1773062447468358912,15.50912094116211,-0.8132781982421875,-0.0303497314453125,-0.4477691650390625
1773062447478414080,15.519176006317139,-0.8282928466796875,-0.054595947265625,-0.464111328125
1773062447488469760,15.529231786727905,-0.7877655029296875,-0.072052001953125,-0.5209197998046875
1773062447498524928,15.539286851882935,-0.7552337646484375,-0.080780029296875,-0.5616302490234375
1773062447508580864,15.54934287071228,-0.735748291015625,-0.0973663330078125,-0.5916748046875
1773062447518636032,15.55939793586731,-0.7218780517578125,-0.122802734375,-0.604095458984375
1773062447528691968,15.569453954696655,-0.7524566650390625,-0.1459197998046875,-0.55120849609375
1773062447538746880,15.579508781433105,-0.7816314697265625,-0.1016845703125,-0.511688232421875
1773062447548802816,15.589564800262451,-0.78839111328125,-0.08172607421875,-0.5040435791015625
1773062447558857984,15.59961986541748,-0.7449188232421875,-0.079315185546875,-0.5110626220703125
1773062447568913920,15.609675884246826,-0.705841064453125,-0.0938568115234375,-0.5698089599609375
1773062447578969088,15.619730949401855,-0.649169921875,-0.1243743896484375,-0.6900634765625
1773062447589025024,15.629786968231201,-0.6180419921875,-0.1558380126953125,-0.7470855712890625
1773062447599079936,15.639841794967651,-0.63629150390625,-0.138092041015625,-0.6469573974609375
1773062447609134848,15.64989686012268,-0.66204833984375,-0.102569580078125,-0.5568084716796875
1773062447619191040,15.659952878952026,-0.6881866455078125,-0.136077880859375,-0.5287322998046875
1773062447629245952,15.670007944107056,-0.706634521484375,-0.1568603515625,-0.5367279052734375
1773062447639301888,15.680063962936401,-0.6829376220703125,-0.1713714599609375,-0.657623291015625
1773062447649356800,15.690118789672852,-0.599884033203125,-0.197296142578125,-0.7974395751953125
1773062447659412736,15.700174808502197,-0.51947021484375,-0.183502197265625,-0.81890869140625
1773062447669467904,15.710229873657227,-0.4944610595703125,-0.155029296875,-0.732391357421875
1773062447679523840,15.720285892486572,-0.528564453125,-0.1678924560546875,-0.644500732421875
1773062447689579008,15.730340957641602,-0.5668792724609375,-0.1840667724609375,-0.5948333740234375
1773062447699634944,15.740396976470947,-0.6016693115234375,-0.1964569091796875,-0.575897216796875
1773062447709689856,15.750451803207397,-0.6132354736328125,-0.2186279296875,-0.625518798828125
1773062447719745792,15.760507822036743,-0.5731201171875,-0.215057373046875,-0.7497711181640625
1773062447729800960,15.770562887191772,-0.4964141845703125,-0.1633453369140625,-0.9349517822265625
1773062447739856896,15.780618906021118,-0.3991546630859375,-0.1336669921875,-0.98876953125
1773062447749912064,15.790673971176147,-0.310546875,-0.1563873291015625,-0.864471435546875
1773062447759966976,15.800728797912598,-0.3329620361328125,-0.2390594482421875,-0.6824951171875
1773062447770022912,15.810784816741943,-0.42962646484375,-0.2952117919921875,-0.58477783203125
1773062447780078080,15.820840120315552,-0.469635009765625,-0.2835540771484375,-0.5739593505859375
1773062447790134272,15.830896139144897,-0.47869873046875,-0.3071746826171875,-0.6603851318359375
1773062447800188928,15.840950965881348,-0.4793243408203125,-0.2752532958984375,-0.7509002685546875
1773062447810245120,15.851006984710693,-0.39404296875,-0.1251983642578125,-0.8820343017578125
1773062447820300032,15.861062049865723,-0.2853851318359375,-0.067108154296875,-1.014892578125
1773062447830356224,15.871118068695068,-0.213134765625,-0.0844268798828125,-0.859649658203125
1773062447840411136,15.881173133850098,-0.2173309326171875,-0.1446685791015625,-0.73675537109375
1773062447850467328,15.891229152679443,-0.22442626953125,-0.3143463134765625,-0.7541046142578125
1773062447860521984,15.901283979415894,-0.2396240234375,-0.375946044921875,-0.7319793701171875
1773062447870578176,15.91133999824524,-0.275360107421875,-0.3158721923828125,-0.74810791015625
1773062447880633088,15.921395063400269,-0.2891387939453125,-0.216217041015625,-0.7939605712890625
1773062447890689024,15.931451082229614,-0.1862030029296875,-0.0665435791015625,-0.9127655029296875
1773062447900744192,15.941506147384644,-0.1036529541015625,-0.0368804931640625,-1.00775146484375
1773062447910799104,15.951560974121094,-0.06072998046875,-0.0570068359375,-0.895843505859375
1773062447920855040,15.96161699295044,-0.03070068359375,-0.16748046875,-0.789154052734375
1773062447930910208,15.971672058105469,-0.066650390625,-0.3581085205078125,-0.8921356201171875
1773062447940966144,15.981728076934814,-0.0204620361328125,-0.35699462890625,-0.8597259521484375
1773062447951021312,15.991783142089844,-0.007232666015625,-0.2378692626953125,-0.7751922607421875
1773062447961077248,16.00183916091919,-0.0081787109375,-0.2431793212890625,-0.897186279296875
1773062447971132160,16.01189398765564,0.0233612060546875,-0.0756683349609375,-0.8730010986328125
1773062447981188096,16.021950006484985,0.1077117919921875,-0.0010833740234375,-0.989013671875
1773062447991243008,16.032005071640015,0.1609039306640625,-0.150299072265625,-1.084869384765625
1773062448001299200,16.04206109046936,0.1744384765625,-0.267822265625,-0.9652099609375
1773062448011354112,16.05211615562439,0.30352783203125,-0.313079833984375,-1.00006103515625
1773062448021410304,16.062172174453735,0.2608795166015625,-0.4317169189453125,-0.9503021240234375
1773062448031464960,16.072227001190186,0.205902099609375,-0.3503570556640625,-0.827606201171875
1773062448041521152,16.08228302001953,0.191925048828125,-0.262237548828125,-0.830078125
1773062448051576064,16.09233808517456,0.2044830322265625,-0.1511383056640625,-0.9252777099609375
1773062448061631232,16.10239315032959,0.267669677734375,-0.0432281494140625,-1.0387725830078125
1773062448071687168,16.112449169158936,0.3398895263671875,-0.0133819580078125,-1.0022125244140625
1773062448081742080,16.122503995895386,0.393890380859375,-0.1516571044921875,-1.0084228515625
1773062448091798016,16.13256001472473,0.3575897216796875,-0.376617431640625,-0.93719482421875
1773062448101853184,16.14261507987976,0.3307952880859375,-0.3485565185546875,-0.864471435546875
1773062448111909120,16.152671098709106,0.309539794921875,-0.2136383056640625,-0.8939971923828125
1773062448121964288,16.162726163864136,0.3697357177734375,-0.108062744140625,-0.94134521484375
1773062448132020224,16.17278218269348,0.384552001953125,-0.0586090087890625,-0.8684234619140625
1773062448142075136,16.18283700942993,0.43927001953125,-0.0211639404296875,-0.904449462890625
1773062448152131072,16.192893028259277,0.5039520263671875,-0.0076141357421875,-1.064666748046875
1773062448162186240,16.202948093414307,0.580535888671875,-0.156982421875,-1.1226348876953125
1773062448172242176,16.213004112243652,0.558258056640625,-0.3525543212890625,-0.9707183837890625
1773062448182297344,16.22305917739868,0.4522552490234375,-0.3007965087890625,-0.7032318115234375
1773062448192353024,16.23311495780945,0.387603759765625,-0.1737823486328125,-0.6660919189453125
1773062448202408192,16.243170022964478,0.379180908203125,-0.0510711669921875,-0.809051513671875
1773062448212463104,16.253225088119507,0.49468994140625,0.023040771484375,-0.9489898681640625
1773062448222519040,16.263281106948853,0.6197509765625,-0.0465545654296875,-1.0113525390625
1773062448232574208,16.273336172103882,0.703857421875,-0.0979461669921875,-0.958404541015625
1773062448242629888,16.28339195251465,0.732879638671875,-0.2348480224609375,-0.9232635498046875
1773062448252685056,16.293447017669678,0.6832122802734375,-0.36651611328125,-0.9389495849609375
1773062448262740992,16.303503036499023,0.6448974609375,-0.136199951171875,-0.802337646484375
1773062448272796160,16.313558101654053,0.58245849609375,-0.0358734130859375,-0.7060394287109375
1773062448282852096,16.3236141204834,0.58074951171875,-0.1166839599609375,-0.694000244140625
1773062448292907008,16.33366894721985,0.60595703125,-0.034698486328125,-0.7552642822265625
1773062448302962944,16.343724966049194,0.6884918212890625,0.0394439697265625,-0.952056884765625
1773062448313018112,16.353780031204224,0.8392333984375,0.0561676025390625,-1.04693603515625
1773062448323074048,16.36383605003357,0.9037322998046875,-0.1700592041015625,-0.930633544921875
1773062448333129216,16.3738911151886,0.903472900390625,-0.3810272216796875,-0.7452850341796875
1773062448343185152,16.383947134017944,0.8361358642578125,-0.174163818359375,-0.539520263671875
1773062448353240064,16.394001960754395,0.7448883056640625,0.0028839111328125,-0.5631103515625
1773062448363294976,16.404057025909424,0.7342071533203125,0.0097198486328125,-0.701385498046875
1773062448373351168,16.41411304473877,0.7841033935546875,0.010467529296875,-0.72412109375
1773062448383406080,16.4241681098938,0.8348541259765625,-0.0370330810546875,-0.6942901611328125
1773062448393462272,16.434224128723145,0.9000244140625,-0.1187591552734375,-0.788604736328125
1773062448403516928,16.444278955459595,1.0007781982421875,-0.1293182373046875,-0.8675384521484375
1773062448413573120,16.45433497428894,1.0308380126953125,-0.1348724365234375,-0.6358795166015625
1773062448423628032,16.46439003944397,0.99298095703125,-0.1666107177734375,-0.5502166748046875
1773062448433684224,16.474446058273315,0.9356536865234375,-0.1434478759765625,-0.6245269775390625
1773062448443739136,16.484501123428345,0.88702392578125,-0.0574951171875,-0.6107177734375
1773062448453795072,16.49455714225769,0.8919830322265625,-0.0582427978515625,-0.5492706298828125
1773062448463849984,16.50461196899414,0.90972900390625,-0.1278533935546875,-0.5563507080078125
1773062448473905920,16.514667987823486,0.9306488037109375,-0.118072509765625,-0.5891571044921875
1773062448483961088,16.524723052978516,0.9371795654296875,-0.136505126953125,-0.5928192138671875
1773062448494017024,16.53477907180786,0.9595184326171875,-0.150115966796875,-0.5816497802734375
1773062448504072192,16.54483413696289,0.9822998046875,-0.0732269287109375,-0.60003662109375
1773062448514127104,16.55488896369934,1.0157470703125,-0.001373291015625,-0.564788818359375
1773062448524183040,16.564944982528687,1.0350189208984375,-0.0326995849609375,-0.4746246337890625
1773062448534238208,16.575000047683716,1.0253448486328125,-0.1089630126953125,-0.4971160888671875
1773062448544294144,16.58505606651306,1.0062713623046875,-0.152557373046875,-0.5618133544921875
1773062448554349312,16.59511113166809,0.9867401123046875,-0.16448974609375,-0.5420684814453125
1773062448564405248,16.605167150497437,0.9729461669921875,-0.2226409912109375,-0.4977569580078125
1773062448574459904,16.615221977233887,0.9622344970703125,-0.1971588134765625,-0.47320556640625
1773062448584516096,16.625277996063232,0.9688873291015625,-0.0632476806640625,-0.4827880859375
1773062448594571008,16.63533306121826,0.988189697265625,0.0102996826171875,-0.512298583984375
1773062448604627200,16.645389080047607,0.98779296875,0.00152587890625,-0.4944915771484375
1773062448614682112,16.655444145202637,0.9737396240234375,-0.037261962890625,-0.46514892578125
1773062448624738304,16.665500164031982,0.962188720703125,-0.102813720703125,-0.4930877685546875
1773062448634792960,16.675554990768433,0.9224090576171875,-0.169342041015625,-0.470306396484375
1773062448644849152,16.68561100959778,0.8979949951171875,-0.194671630859375,-0.4833221435546875
1773062448654904064,16.695666074752808,0.931854248046875,-0.1804351806640625,-0.4942169189453125
1773062448664959232,16.705721139907837,0.9833831787109375,-0.1110076904296875,-0.4614715576171875
1773062448675015168,16.715777158737183,1.0061187744140625,-0.10870361328125,-0.5074615478515625
1773062448685070080,16.725831985473633,0.9914703369140625,-0.1117095947265625,-0.61480712890625
1773062448695126016,16.73588800430298,0.9870452880859375,-0.0933990478515625,-0.6334381103515625
1773062448705181184,16.745943069458008,1.005401611328125,-0.1241302490234375,-0.51690673828125
1773062448715237120,16.755999088287354,1.011505126953125,-0.150543212890625,-0.4396820068359375
1773062448725292288,16.766054153442383,0.994140625,-0.1200408935546875,-0.4518280029296875
1773062448735348224,16.77611017227173,0.9849700927734375,-0.1047515869140625,-0.54833984375
1773062448745403136,16.78616499900818,1.00140380859375,-0.1523895263671875,-0.6295623779296875
1773062448755459072,16.796221017837524,1.02117919921875,-0.1084747314453125,-0.6460418701171875
1773062448765514240,16.806276082992554,1.0602264404296875,-0.051544189453125,-0.6716156005859375
1773062448775570176,16.8163321018219,1.0615234375,-0.1534881591796875,-0.6618499755859375
1773062448785625344,16.82638716697693,1.028076171875,-0.1883697509765625,-0.6143035888671875
1773062448795681280,16.836443185806274,1.0135955810546875,-0.0742950439453125,-0.634490966796875
1773062448805736192,16.846498250961304,1.03076171875,-0.0437469482421875,-0.6796722412109375
1773062448815791360,16.856553316116333,1.0316314697265625,-0.0283355712890625,-0.6513519287109375
1773062448825847296,16.86660933494568,1.028472900390625,0.0028839111328125,-0.659149169921875
1773062448835902208,16.87666416168213,1.0328369140625,-0.0098419189453125,-0.69219970703125
1773062448845958144,16.886720180511475,1.0015869140625,-0.0686798095703125,-0.706085205078125
1773062448856013312,16.896775245666504,0.9411163330078125,-0.209197998046875,-0.69818115234375
1773062448866069248,16.90683126449585,0.8982696533203125,-0.199920654296875,-0.6971893310546875
1773062448876124416,16.91688632965088,0.8758392333984375,-0.16845703125,-0.72344970703125
1773062448886180352,16.926942348480225,0.866485595703125,-0.06378173828125,-0.738189697265625
1773062448896235264,16.936997175216675,0.8826751708984375,0.07977294921875,-0.728240966796875
1773062448906291200,16.94705319404602,0.893524169921875,0.1042633056640625,-0.7401580810546875
1773062448916346368,16.95710825920105,0.900299072265625,-0.01617431640625,-0.777252197265625
1773062448926402304,16.967164278030396,0.9138336181640625,-0.1807098388671875,-0.79656982421875
1773062448936457472,16.977219343185425,0.8843841552734375,-0.278656005859375,-0.7941741943359375
1773062448946513408,16.98727536201477,0.83331298828125,-0.275604248046875,-0.8230133056640625
1773062448956568320,16.99733018875122,0.8349761962890625,-0.19525146484375,-0.8720703125
1773062448966623232,17.00738525390625,0.8282318115234375,-0.0390472412109375,-0.838470458984375
1773062448976679424,17.017441272735596,0.8094635009765625,0.1416778564453125,-0.7538299560546875
1773062448986734336,17.027496337890625,0.771942138671875,0.21820068359375,-0.7256622314453125
1773062448996790528,17.03755235671997,0.7630615234375,0.0868682861328125,-0.76177978515625
1773062449006845184,17.04760718345642,0.7401123046875,-0.1746368408203125,-0.810394287109375
1773062449016901376,17.057663202285767,0.6864166259765625,-0.2825927734375,-0.9062652587890625
1773062449026956288,17.067718267440796,0.6753997802734375,-0.2049560546875,-0.98248291015625
1773062449037012224,17.07777428627014,0.718475341796875,-0.125244140625,-0.927459716796875
1773062449047067392,17.08782935142517,0.7460174560546875,-0.1072845458984375,-0.8784332275390625
1773062449057123328,17.097885370254517,0.6772918701171875,0.014251708984375,-0.86651611328125
1773062449067178240,17.107940196990967,0.6141204833984375,0.0803680419921875,-0.8350372314453125
1773062449077234176,17.117996215820312,0.56951904296875,-0.0273284912109375,-0.8490753173828125
1773062449087289344,17.128051280975342,0.5278778076171875,-0.117279052734375,-0.9293975830078125
1773062449097345280,17.138107299804688,0.5086212158203125,-0.1394500732421875,-0.986419677734375
1773062449107400448,17.148162364959717,0.5191497802734375,-0.2712554931640625,-0.9917755126953125
1773062449117455360,17.158217191696167,0.4736785888671875,-0.295257568359375,-0.9525604248046875
1773062449127511296,17.168273210525513,0.4371337890625,-0.092529296875,-0.9171295166015625
1773062449137566208,17.178328275680542,0.4560546875,-0.000762939453125,-0.934173583984375
1773062449147622400,17.188384294509888,0.44464111328125,-0.0606231689453125,-0.9332733154296875
1773062449157677312,17.198439359664917,0.388671875,-0.113311767578125,-0.9056854248046875
1773062449167733504,17.208495378494263,0.3118438720703125,-0.1756439208984375,-0.89910888671875
1773062449177788160,17.218550205230713,0.2708740234375,-0.271881103515625,-0.9375
1773062449187844352,17.22860622406006,0.2179412841796875,-0.3096466064453125,-0.910003662109375
1773062449197899264,17.238661289215088,0.16937255859375,-0.2941741943359375,-0.9302978515625
1773062449207955456,17.248717308044434,0.166534423828125,-0.21270751953125,-0.9512786865234375
1773062449218010368,17.258772373199463,0.187103271484375,-0.178009033203125,-0.977630615234375
1773062449228066560,17.26882839202881,0.161773681640625,-0.2379608154296875,-0.9439697265625
1773062449238121216,17.27888321876526,0.11773681640625,-0.253173828125,-0.8668670654296875
1773062449248177408,17.288939237594604,0.0808868408203125,-0.292388916015625,-0.859039306640625
1773062449258232320,17.298994302749634,0.0408782958984375,-0.3311004638671875,-0.852996826171875
1773062449268288256,17.30905032157898,0.035125732421875,-0.3907318115234375,-0.860137939453125
1773062449278343424,17.31910538673401,-0.0030517578125,-0.284210205078125,-0.879058837890625
1773062449288398336,17.32916021347046,-0.0142822265625,-0.2121734619140625,-0.912322998046875
1773062449298454272,17.339216232299805,-0.0171661376953125,-0.2819976806640625,-0.9002838134765625
1773062449308509440,17.349271297454834,-0.0185394287109375,-0.32525634765625,-0.8027191162109375
1773062449318565376,17.35932731628418,-0.05694580078125,-0.3123016357421875,-0.773773193359375
1773062449328620544,17.36938238143921,-0.091278076171875,-0.23577880859375,-0.749969482421875
1773062449338676224,17.379438161849976,-0.1121368408203125,-0.2465972900390625,-0.7584075927734375
1773062449348731392,17.389493227005005,-0.1439056396484375,-0.3305816650390625,-0.7725677490234375
1773062449358787328,17.39954924583435,-0.18133544921875,-0.3861846923828125,-0.7561798095703125
1773062449368842240,17.40960431098938,-0.218109130859375,-0.30279541015625,-0.687835693359375
1773062449378898432,17.419660329818726,-0.2367401123046875,-0.2420501708984375,-0.7643280029296875
1773062449388953088,17.429715156555176,-0.2500457763671875,-0.317230224609375,-0.7482452392578125
1773062449399009280,17.43977117538452,-0.26837158203125,-0.321563720703125,-0.6655120849609375
1773062449409064192,17.44982624053955,-0.2788543701171875,-0.307861328125,-0.62567138671875
1773062449419120384,17.459882259368896,-0.3026123046875,-0.329681396484375,-0.65447998046875
1773062449429175296,17.469937324523926,-0.3350982666015625,-0.3820037841796875,-0.7078857421875
1773062449439230464,17.479992389678955,-0.3707122802734375,-0.3626556396484375,-0.677154541015625
1773062449449286144,17.49004817008972,-0.409820556640625,-0.3050537109375,-0.6546173095703125
1773062449459341312,17.50010323524475,-0.403717041015625,-0.3483428955078125,-0.5871429443359375
1773062449469397248,17.510159254074097,-0.4503936767578125,-0.2963104248046875,-0.4672393798828125
1773062449479452416,17.520214319229126,-0.5091400146484375,-0.3476104736328125,-0.5731048583984375
1773062449489508352,17.53027033805847,-0.4835205078125,-0.2812042236328125,-0.6121063232421875
1773062449499563264,17.540325164794922,-0.4910125732421875,-0.2346038818359375,-0.5868072509765625
1773062449509619200,17.550381183624268,-0.4902496337890625,-0.33050537109375,-0.5928955078125
1773062449519674368,17.560436248779297,-0.50830078125,-0.4117584228515625,-0.478759765625
1773062449529730304,17.570492267608643,-0.556976318359375,-0.3825225830078125,-0.4104156494140625
1773062449539785472,17.580547332763672,-0.587615966796875,-0.3353118896484375,-0.444366455078125
1773062449549841408,17.590603351593018,-0.595184326171875,-0.31982421875,-0.4752655029296875
1773062449559896320,17.600658178329468,-0.6056976318359375,-0.333465576171875,-0.5302886962890625
1773062449569952256,17.610714197158813,-0.6057281494140625,-0.26690673828125,-0.484893798828125
1773062449580007424,17.620769262313843,-0.614044189453125,-0.2538604736328125,-0.429290771484375
1773062449590063360,17.63082528114319,-0.6263427734375,-0.3054351806640625,-0.4126434326171875
1773062449600118272,17.640880346298218,-0.6757659912109375,-0.3116455078125,-0.4515838623046875
1773062449610173184,17.650935173034668,-0.6558837890625,-0.27716064453125,-0.480682373046875
1773062449620229120,17.660991191864014,-0.6356048583984375,-0.27508544921875,-0.4617462158203125
1773062449630284288,17.671046257019043,-0.659271240234375,-0.2963409423828125,-0.473114013671875
1773062449640340224,17.68110227584839,-0.6749725341796875,-0.26300048828125,-0.3564453125
1773062449650395392,17.691157341003418,-0.7315826416015625,-0.2140655517578125,-0.3196258544921875
1773062449660451328,17.701213359832764,-0.7880401611328125,-0.234893798828125,-0.2868194580078125
1773062449670506240,17.711268186569214,-0.827880859375,-0.258270263671875,-0.28997802734375
1773062449680562176,17.72132420539856,-0.8288421630859375,-0.2667388916015625,-0.3741607666015625
1773062449690617344,17.73137927055359,-0.8019866943359375,-0.277923583984375,-0.372344970703125
1773062449700673280,17.741435289382935,-0.804046630859375,-0.2648468017578125,-0.3676300048828125
1773062449710728448,17.751490354537964,-0.8372039794921875,-0.2736968994140625,-0.368011474609375
1773062449720784384,17.76154637336731,-0.864776611328125,-0.263946533203125,-0.326751708984375
1773062449730839296,17.77160120010376,-0.8946685791015625,-0.25823974609375,-0.2862091064453125
1773062449740895232,17.781657218933105,-0.913177490234375,-0.2532196044921875,-0.2913665771484375
1773062449750950400,17.791712284088135,-0.941375732421875,-0.2277984619140625,-0.291656494140625
1773062449761006336,17.80176830291748,-0.9671630859375,-0.2075347900390625,-0.2970123291015625
1773062449771061504,17.81182336807251,-0.9445037841796875,-0.21649169921875,-0.3143463134765625
1773062449781115648,17.821877479553223,-0.9216766357421875,-0.2566986083984375,-0.3492279052734375
1773062449791171584,17.83193349838257,-0.9434661865234375,-0.2754058837890625,-0.3177490234375
1773062449801226496,17.841988563537598,-0.961181640625,-0.21826171875,-0.2774658203125
1773062449811282688,17.852044582366943,-0.9867095947265625,-0.189544677734375,-0.267852783203125
1773062449821337344,17.862099409103394,-1.0104522705078125,-0.16357421875,-0.2678680419921875
1773062449831393536,17.87215542793274,-1.0002593994140625,-0.13360595703125,-0.28680419921875
1773062449841448448,17.88221049308777,-0.9789886474609375,-0.1505889892578125,-0.26202392578125
1773062449851504640,17.892266511917114,-0.9671173095703125,-0.160797119140625,-0.2963714599609375
1773062449861559552,17.902321577072144,-0.9243011474609375,-0.1480255126953125,-0.3371734619140625
1773062449871615744,17.91237759590149,-0.9228057861328125,-0.15045166015625,-0.3149566650390625
1773062449881670400,17.92243242263794,-0.938568115234375,-0.2015838623046875,-0.2978363037109375
1773062449891726592,17.932488441467285,-0.94390869140625,-0.23388671875,-0.3188629150390625
1773062449901781504,17.942543506622314,-0.92803955078125,-0.1925201416015625,-0.3303070068359375
1773062449911837696,17.95259952545166,-0.9076690673828125,-0.10028076171875,-0.28448486328125
1773062449921892608,17.96265459060669,-0.904571533203125,-0.084259033203125,-0.293853759765625
1773062449931948544,17.972710609436035,-0.8878631591796875,-0.1448974609375,-0.3326263427734375
1773062449942003456,17.982765436172485,-0.845062255859375,-0.159210205078125,-0.3649749755859375
1773062449952058624,17.992820501327515,-0.8078460693359375,-0.1696624755859375,-0.380157470703125
1773062449962114560,18.00287652015686,-0.798614501953125,-0.198150634765625,-0.4056396484375
1773062449972169728,18.01293158531189,-0.796539306640625,-0.208953857421875,-0.4319915771484375
1773062449982225664,18.022987604141235,-0.77435302734375,-0.1942291259765625,-0.430267333984375
1773062449992280576,18.033042430877686,-0.77899169921875,-0.136383056640625,-0.389617919921875
1773062450002336512,18.04309844970703,-0.78240966796875,-0.1181182861328125,-0.40521240234375
1773062450012391680,18.05315351486206,-0.7517242431640625,-0.136322021484375,-0.4147491455078125
1773062450022447616,18.063209533691406,-0.7252044677734375,-0.160888671875,-0.407440185546875
1773062450032502528,18.073264598846436,-0.7207489013671875,-0.228118896484375,-0.487701416015625
1773062450042558720,18.08332061767578,-0.69439697265625,-0.2804718017578125,-0.5871734619140625
1773062450052613376,18.09337544441223,-0.6640167236328125,-0.2613525390625,-0.5589141845703125
1773062450062669568,18.103431463241577,-0.652923583984375,-0.1820831298828125,-0.4928741455078125
1773062450072724480,18.113486528396606,-0.667755126953125,-0.1359710693359375,-0.5186920166015625
1773062450082780672,18.123542547225952,-0.639404296875,-0.1471099853515625,-0.5093536376953125
1773062450092835584,18.13359761238098,-0.6313323974609375,-0.1771392822265625,-0.487152099609375
1773062450102890496,18.14365243911743,-0.641143798828125,-0.22821044921875,-0.5177154541015625
1773062450112946432,18.153708457946777,-0.603057861328125,-0.2596893310546875,-0.67193603515625
1773062450123001600,18.163763523101807,-0.535614013671875,-0.3080596923828125,-0.732696533203125
1773062450133057536,18.173819541931152,-0.568603515625,-0.2572021484375,-0.65985107421875
1773062450143112704,18.18387460708618,-0.562408447265625,-0.2256927490234375,-0.6285247802734375
1773062450153168640,18.193930625915527,-0.5350341796875,-0.1818084716796875,-0.612518310546875
1773062450163223552,18.203985452651978,-0.529571533203125,-0.0886688232421875,-0.583953857421875
1773062450173279488,18.214041471481323,-0.529693603515625,-0.115753173828125,-0.621429443359375
1773062450183334656,18.224096536636353,-0.502655029296875,-0.184478759765625,-0.6398468017578125
1773062450193390592,18.2341525554657,-0.4251251220703125,-0.3213043212890625,-0.671722412109375
1773062450203445760,18.244207620620728,-0.4785003662109375,-0.4374542236328125,-0.7527313232421875
1773062450213501696,18.254263639450073,-0.4938812255859375,-0.238189697265625,-0.7042388916015625
1773062450223556608,18.264318466186523,-0.4620361328125,-0.0944366455078125,-0.754730224609375
1773062450233612544,18.27437448501587,-0.414794921875,-0.115081787109375,-0.7508392333984375
1773062450243667712,18.2844295501709,-0.3512420654296875,-0.156036376953125,-0.6778411865234375
1773062450253723648,18.294485569000244,-0.3217315673828125,-0.1994781494140625,-0.692779541015625
1773062450263778560,18.304540634155273,-0.273406982421875,-0.2587890625,-0.769989013671875
1773062450273833472,18.314595460891724,-0.26123046875,-0.3941497802734375,-0.8554534912109375
1773062450283889408,18.32465147972107,-0.3066253662109375,-0.3343048095703125,-0.80413818359375
1773062450293944576,18.3347065448761,-0.309295654296875,-0.154388427734375,-0.7451324462890625
1773062450304000512,18.344762563705444,-0.286041259765625,-0.1656341552734375,-0.7960357666015625
1773062450314055680,18.354817628860474,-0.2652587890625,-0.1786956787109375,-0.775634765625
1773062450324111360,18.36487340927124,-0.21282958984375,-0.167327880859375,-0.840576171875
1773062450334166528,18.37492847442627,-0.1127777099609375,-0.221221923828125,-0.95452880859375
1773062450344222464,18.384984493255615,-0.0464324951171875,-0.404327392578125,-0.9295654296875
1773062450354277632,18.395039558410645,-0.118011474609375,-0.3921356201171875,-0.821441650390625
1773062450364333568,18.40509557723999,-0.0925140380859375,-0.146209716796875,-0.7469635009765625
1773062450374388736,18.41515064239502,-0.0142059326171875,-0.086639404296875,-0.832489013671875
1773062450384444416,18.425206422805786,-0.0114898681640625,-0.1658935546875,-0.8856048583984375
1773062450394499584,18.435261487960815,0.0030364990234375,-0.174285888671875,-0.8551483154296875
1773062450404555520,18.44531750679016,0.1000213623046875,-0.1420440673828125,-0.9450836181640625
1773062450414610688,18.45537257194519,0.153350830078125,-0.162628173828125,-0.9363555908203125
1773062450424666624,18.465428590774536,0.151824951171875,-0.3770599365234375,-0.9661712646484375
1773062450434721536,18.475483417510986,0.1057586669921875,-0.4187469482421875,-0.9421844482421875
1773062450444776448,18.485538482666016,0.123016357421875,-0.1618499755859375,-0.8271484375
1773062450454832640,18.49559450149536,0.103424072265625,-0.0911712646484375,-0.78497314453125
1773062450464887552,18.50564956665039,0.1017608642578125,-0.1846160888671875,-0.8615570068359375
1773062450474943744,18.515705585479736,0.2133026123046875,-0.170806884765625,-0.9691314697265625
1773062450484998400,18.525760412216187,0.3694000244140625,-0.1375579833984375,-1.0960845947265625
1773062450495054592,18.535816431045532,0.413848876953125,-0.253387451171875,-1.0904388427734375
1773062450505109504,18.54587149620056,0.4329376220703125,-0.35284423828125,-1.0256500244140625
1773062450515165440,18.555927515029907,0.3326263427734375,-0.2404632568359375,-0.779754638671875
1773062450525220608,18.565982580184937,0.18988037109375,-0.1191864013671875,-0.6349639892578125
1773062450535276544,18.576038599014282,0.2503662109375,-0.01837158203125,-0.7471160888671875
1773062450545331456,18.586093425750732,0.3729095458984375,-0.0787200927734375,-0.9458770751953125
1773062450555387392,18.596149444580078,0.4904022216796875,-0.0790863037109375,-1.11553955078125
1773062450565442560,18.606204509735107,0.656890869140625,-0.068695068359375,-1.166107177734375
1773062450575498496,18.616260528564453,0.739959716796875,-0.2512359619140625,-1.0940093994140625
1773062450585553664,18.626315593719482,0.7119598388671875,-0.3572235107421875,-0.8907470703125
1773062450595609600,18.636371612548828,0.67828369140625,-0.154022216796875,-0.72796630859375
1773062450605664512,18.64642643928528,0.4892425537109375,-0.03204345703125,-0.67095947265625
1773062450615720448,18.656482458114624,0.43670654296875,0.0270233154296875,-0.7160797119140625
1773062450625775616,18.666537523269653,0.586669921875,0.03631591796875,-0.8706207275390625
1773062450635830528,18.676592588424683,0.704254150390625,-0.0340423583984375,-0.90875244140625
1773062450645886720,18.68664860725403,0.86016845703125,-0.1643829345703125,-0.99383544921875
1773062450655941376,18.69670343399048,0.9645538330078125,-0.1924591064453125,-1.0496063232421875
1773062450665997568,18.706759452819824,0.940032958984375,-0.0348663330078125,-0.8244171142578125
1773062450676052480,18.716814517974854,0.8825531005859375,0.057586669921875,-0.662200927734375
1773062450686108672,18.7268705368042,0.815521240234375,-0.0381317138671875,-0.601470947265625
1773062450696163584,18.73692560195923,0.7811126708984375,-0.1268157958984375,-0.59161376953125
1773062450706219776,18.746981620788574,0.79034423828125,-0.1242523193359375,-0.7130889892578125
1773062450716274432,18.757036447525024,0.899261474609375,-0.114532470703125,-0.8944091796875
1773062450726330624,18.76709246635437,1.016143798828125,-0.1343231201171875,-0.8794708251953125
1773062450736385536,18.7771475315094,1.083587646484375,-0.036712646484375,-0.6256866455078125
1773062450746441728,18.787203550338745,1.08447265625,0.013916015625,-0.531463623046875
1773062450756496640,18.797258615493774,1.05242919921875,-0.005645751953125,-0.7122802734375
1773062450766552576,18.80731463432312,1.0032958984375,-0.01324462890625,-0.7430572509765625
1773062450776607488,18.81736946105957,0.98175048828125,-0.1260986328125,-0.644256591796875
1773062450786663680,18.827425718307495,0.9462127685546875,-0.2619781494140625,-0.58209228515625
1773062450796718592,18.837480545043945,0.8907318115234375,-0.22222900390625,-0.599517822265625
1773062450806774528,18.84753656387329,0.8948974609375,-0.0900115966796875,-0.659271240234375
1773062450816829696,18.85759162902832,0.9804840087890625,-0.00653076171875,-0.7230224609375
1773062450826884864,18.86764669418335,1.0267791748046875,-0.053131103515625,-0.672515869140625
1773062450836940800,18.877702713012695,0.990081787109375,-0.1331024169921875,-0.59844970703125
1773062450846995712,18.887757539749146,0.9348602294921875,-0.155426025390625,-0.5758819580078125
1773062450857051648,18.89781355857849,0.917236328125,-0.1136932373046875,-0.6026458740234375
1773062450867106560,18.90786862373352,0.93072509765625,-0.112060546875,-0.6085357666015625
1773062450877162752,18.917924642562866,0.932373046875,-0.1496124267578125,-0.5790252685546875
1773062450887217664,18.927979707717896,0.9098968505859375,-0.0267791748046875,-0.473602294921875
1773062450897273856,18.93803572654724,0.9337615966796875,0.0301513671875,-0.4605560302734375
1773062450907328512,18.94809055328369,0.9670257568359375,-0.0545806884765625,-0.5306549072265625
1773062450917384704,18.958146572113037,0.9658966064453125,-0.01556396484375,-0.5270538330078125
1773062450927439616,18.968201637268066,0.980804443359375,-0.00628662109375,-0.5027618408203125
1773062450937495808,18.978257656097412,0.97833251953125,-0.045166015625,-0.506683349609375
1773062450947550720,18.98831272125244,0.966339111328125,-0.0738067626953125,-0.51580810546875
1773062450957606912,18.998368740081787,0.938934326171875,-0.0803985595703125,-0.496795654296875
1773062450967661568,19.008423566818237,0.90911865234375,-0.1154937744140625,-0.4389801025390625
1773062450977717760,19.018479585647583,0.893402099609375,-0.14703369140625,-0.39532470703125
1773062450987772672,19.028534650802612,0.8791351318359375,-0.0619964599609375,-0.383270263671875
1773062450997827840,19.03858971595764,0.8957977294921875,0.002960205078125,-0.4123382568359375
1773062451007883776,19.048645734786987,0.928497314453125,-0.0523834228515625,-0.4486083984375
1773062451017938688,19.058700561523438,0.9694366455078125,-0.07940673828125,-0.452728271484375
1773062451027994624,19.068756580352783,0.9889373779296875,-0.0958404541015625,-0.385162353515625
1773062451038049792,19.078811645507812,0.9893341064453125,-0.1451263427734375,-0.3411407470703125
1773062451048105728,19.088867664337158,0.9787139892578125,-0.1486663818359375,-0.3491668701171875
1773062451058160896,19.098922729492188,0.9773406982421875,-0.1491241455078125,-0.34130859375
1773062451068216832,19.108978748321533,0.9901885986328125,-0.1414337158203125,-0.34051513671875
1773062451078271744,19.119033575057983,1.0095672607421875,-0.1413726806640625,-0.3697052001953125
1773062451088327680,19.12908959388733,1.0384979248046875,-0.194061279296875,-0.3654632568359375
1773062451098382592,19.13914465904236,1.0950775146484375,-0.141693115234375,-0.3542938232421875
1773062451108438784,19.149200677871704,1.14361572265625,-0.068389892578125,-0.3682861328125
1773062451118493696,19.159255743026733,1.1731109619140625,-0.117034912109375,-0.373382568359375
1773062451128549888,19.16931176185608,1.157958984375,-0.1558380126953125,-0.3500213623046875
1773062451138604544,19.17936658859253,1.0943450927734375,-0.21136474609375,-0.34881591796875
1773062451148660736,19.189422607421875,1.01068115234375,-0.220947265625,-0.35833740234375
1773062451158715648,19.199477672576904,0.974395751953125,-0.1905364990234375,-0.4042510986328125
1773062451168771840,19.20953369140625,0.9767303466796875,-0.1703643798828125,-0.458587646484375
1773062451178826752,19.21958875656128,1.0229034423828125,-0.11517333984375,-0.4625091552734375
1773062451188881664,19.22964358329773,1.0745849609375,-0.050689697265625,-0.4429931640625
1773062451198937600,19.239699602127075,1.0885772705078125,-0.058197021484375,-0.3807220458984375
1773062451208992768,19.249754667282104,1.0444793701171875,-0.0811920166015625,-0.355438232421875
1773062451219048704,19.25981068611145,1.0024566650390625,-0.0976104736328125,-0.4160308837890625
1773062451229103872,19.26986575126648,0.971832275390625,-0.147064208984375,-0.5224151611328125
1773062451239159552,19.279921531677246,0.9728546142578125,-0.207275390625,-0.6015167236328125
1773062451249214720,19.289976596832275,0.9865570068359375,-0.25341796875,-0.5403594970703125
1773062451259270656,19.30003261566162,0.9958648681640625,-0.1908111572265625,-0.4643402099609375
1773062451269325824,19.31008768081665,0.971954345703125,-0.046783447265625,-0.427734375
1773062451279381760,19.320143699645996,0.9389495849609375,0.065185546875,-0.4090423583984375
1773062451289436928,19.330198764801025,0.9123077392578125,0.1149749755859375,-0.45660400390625
1773062451299492608,19.340254545211792,0.9405364990234375,0.02703857421875,-0.5537872314453125
1773062451309547776,19.35030961036682,0.9705810546875,-0.0638275146484375,-0.6931915283203125
1773062451319603712,19.360365629196167,0.9996185302734375,-0.1035003662109375,-0.803070068359375
1773062451329658624,19.370420694351196,1.0439300537109375,-0.188568115234375,-0.815338134765625
1773062451339714816,19.380476713180542,1.076568603515625,-0.1913909912109375,-0.7560577392578125
1773062451349769472,19.390531539916992,1.0910797119140625,-0.0849456787109375,-0.6541595458984375
1773062451359825664,19.400587558746338,1.0609130859375,-0.001434326171875,-0.5798797607421875
1773062451369880576,19.410642623901367,1.000091552734375,0.0625,-0.593963623046875
1773062451379935744,19.420697689056396,0.9502105712890625,0.0474853515625,-0.6572113037109375
1773062451389991680,19.430753707885742,0.909271240234375,0.0300445556640625,-0.7220001220703125
1773062451400046592,19.440808534622192,0.875030517578125,-0.037628173828125,-0.783721923828125
1773062451410102528,19.450864553451538,0.8734588623046875,-0.0796661376953125,-0.83502197265625
1773062451420157696,19.460919618606567,0.9119415283203125,-0.13165283203125,-0.8260345458984375
1773062451430213632,19.470975637435913,0.945892333984375,-0.2273406982421875,-0.768096923828125
1773062451440268800,19.481030702590942,0.90753173828125,-0.0870361328125,-0.695526123046875
1773062451450324736,19.491086721420288,0.92193603515625,-0.008575439453125,-0.7370758056640625
1773062451460379648,19.50114154815674,0.8882293701171875,-0.01837158203125,-0.821563720703125
1773062451470435584,19.511197566986084,0.825714111328125,0.0431976318359375,-0.7756805419921875
1773062451480490752,19.521252632141113,0.8385772705078125,-0.0645599365234375,-0.83551025390625
1773062451490546688,19.53130865097046,0.8305206298828125,-0.1530303955078125,-0.9543304443359375
1773062451500601856,19.54136371612549,0.7645721435546875,-0.0606231689453125,-0.881195068359375
1773062451510657792,19.551419734954834,0.7805023193359375,-0.0840911865234375,-0.8066253662109375
1773062451520712704,19.561474561691284,0.7535247802734375,-0.1501007080078125,-0.8169097900390625
1773062451530768640,19.57153058052063,0.7232513427734375,-0.037841796875,-0.865478515625
1773062451540823808,19.58158564567566,0.716949462890625,0.0001220703125,-0.8752288818359375
1773062451550879744,19.591641664505005,0.6895904541015625,-0.0720977783203125,-0.874786376953125
1773062451560934656,19.601696729660034,0.6235504150390625,-0.14801025390625,-0.9123687744140625
1773062451570989568,19.611751556396484,0.5728607177734375,-0.1451568603515625,-0.9278411865234375
1773062451581045504,19.62180757522583,0.611541748046875,-0.1514129638671875,-0.907501220703125
1773062451591100672,19.63186264038086,0.6339874267578125,-0.1561279296875,-0.882171630859375
1773062451601156608,19.641918659210205,0.575286865234375,-0.18182373046875,-0.8698272705078125
1773062451611211776,19.651973724365234,0.4699554443359375,-0.1501007080078125,-0.8634490966796875
1773062451621267712,19.66202974319458,0.3998870849609375,-0.152099609375,-0.8827056884765625
1773062451631322624,19.67208456993103,0.3705596923828125,-0.196624755859375,-0.9178009033203125
1773062451641378560,19.682140588760376,0.3315277099609375,-0.183837890625,-0.9059600830078125
1773062451651433728,19.692195653915405,0.3089141845703125,-0.152008056640625,-0.8991546630859375
1773062451661489664,19.70225167274475,0.2952880859375,-0.16864013671875,-0.9000396728515625
1773062451671544832,19.71230673789978,0.2794952392578125,-0.1769256591796875,-0.89984130859375
1773062451681600768,19.722362756729126,0.2750244140625,-0.2113037109375,-0.8427886962890625
1773062451691655680,19.732417583465576,0.2380828857421875,-0.2120208740234375,-0.778717041015625
1773062451701711616,19.742473602294922,0.1700592041015625,-0.2260284423828125,-0.765777587890625
1773062451711766784,19.75252866744995,0.1000823974609375,-0.2632904052734375,-0.8779296875
1773062451721822720,19.762584686279297,0.0795745849609375,-0.1802215576171875,-0.9366912841796875
1773062451731877888,19.772639751434326,0.0960693359375,-0.1887359619140625,-0.876617431640625
1773062451741933568,19.782695531845093,0.0925750732421875,-0.303802490234375,-0.831451416015625
1773062451751988736,19.792750597000122,0.0348663330078125,-0.2554168701171875,-0.7571868896484375
1773062451762043648,19.80280566215515,0.0290679931640625,-0.24761962890625,-0.831451416015625
1773062451772099840,19.812861680984497,0.0066680908203125,-0.2286376953125,-0.8722686767578125
1773062451782154752,19.822916746139526,-0.0085906982421875,-0.225433349609375,-0.8221588134765625
1773062451792210688,19.832972526550293,-0.0543060302734375,-0.2843170166015625,-0.8349609375
1773062451802265344,19.843027353286743,-0.064361572265625,-0.2092437744140625,-0.90228271484375
1773062451812321536,19.85308337211609,-0.05712890625,-0.1576385498046875,-0.8682861328125
1773062451822376448,19.863138437271118,-0.0565643310546875,-0.2152252197265625,-0.842864990234375
1773062451832432384,19.873194456100464,-0.084442138671875,-0.2725677490234375,-0.7732696533203125
1773062451842487552,19.883249521255493,-0.129791259765625,-0.2921600341796875,-0.7509613037109375
1773062451852543488,19.89330554008484,-0.1525115966796875,-0.2077789306640625,-0.7267303466796875
1773062451862598400,19.90336036682129,-0.165496826171875,-0.220367431640625,-0.76666259765625
1773062451872654336,19.913416385650635,-0.191558837890625,-0.2683258056640625,-0.76226806640625
1773062451882709504,19.923471450805664,-0.2086029052734375,-0.2571258544921875,-0.756439208984375
1773062451892765440,19.93352746963501,-0.208160400390625,-0.2505035400390625,-0.7769317626953125
1773062451902820608,19.94358253479004,-0.240936279296875,-0.294921875,-0.730560302734375
1773062451912876544,19.953638553619385,-0.283538818359375,-0.2715606689453125,-0.7371368408203125
1773062451922931456,19.963693380355835,-0.2958221435546875,-0.2595977783203125,-0.748626708984375
1773062451932987392,19.97374939918518,-0.329986572265625,-0.2677001953125,-0.7199554443359375
1773062451943042560,19.98380446434021,-0.3638763427734375,-0.2923126220703125,-0.698577880859375
1773062451953098496,19.993860483169556,-0.3692626953125,-0.2822418212890625,-0.730072021484375
1773062451963153664,20.003915548324585,-0.38763427734375,-0.21563720703125,-0.708465576171875
1773062451973208320,20.013970375061035,-0.4701995849609375,-0.192962646484375,-0.771697998046875
1773062451983264512,20.02402639389038,-0.47454833984375,-0.2594146728515625,-0.734588623046875
1773062451993319424,20.03408145904541,-0.480010986328125,-0.3459930419921875,-0.6977996826171875
1773062452003375616,20.044137477874756,-0.496795654296875,-0.336761474609375,-0.6283721923828125
1773062452013430528,20.054192543029785,-0.4844970703125,-0.29095458984375,-0.58441162109375
1773062452023486464,20.06424832344055,-0.5222930908203125,-0.281402587890625,-0.5953826904296875
1773062452033541376,20.07430338859558,-0.5546112060546875,-0.2572479248046875,-0.6092987060546875
1773062452043597568,20.084359407424927,-0.5584869384765625,-0.2351226806640625,-0.6460418701171875
1773062452053652480,20.094414472579956,-0.5673980712890625,-0.2658538818359375,-0.6734466552734375
1773062452063708416,20.1044704914093,-0.56414794921875,-0.335296630859375,-0.60504150390625
1773062452073763584,20.11452555656433,-0.60198974609375,-0.3439178466796875,-0.4790191650390625
1773062452083819264,20.124581336975098,-0.6450347900390625,-0.3130950927734375,-0.4869232177734375
1773062452093874432,20.134636402130127,-0.65594482421875,-0.257720947265625,-0.5314178466796875
1773062452103930368,20.144692420959473,-0.64263916015625,-0.25421142578125,-0.5842132568359375
1773062452113985536,20.154747486114502,-0.63470458984375,-0.299591064453125,-0.5599365234375
1773062452124041472,20.164803504943848,-0.6280975341796875,-0.3238983154296875,-0.4759368896484375
1773062452134096384,20.174858331680298,-0.65753173828125,-0.3548126220703125,-0.406890869140625
1773062452144152320,20.184914350509644,-0.7033233642578125,-0.3553619384765625,-0.4041900634765625
1773062452154207488,20.194969415664673,-0.7258453369140625,-0.31304931640625,-0.438629150390625
1773062452164263424,20.20502543449402,-0.730560302734375,-0.2646026611328125,-0.5223236083984375
1773062452174318592,20.215080499649048,-0.7351226806640625,-0.2350311279296875,-0.4822998046875
1773062452184373504,20.225135326385498,-0.7629547119140625,-0.24139404296875,-0.3983306884765625
1773062452194429440,20.235191345214844,-0.7863922119140625,-0.2518310546875,-0.3872528076171875
1773062452204484352,20.245246410369873,-0.783050537109375,-0.2682037353515625,-0.3889617919921875
1773062452214540544,20.25530242919922,-0.798309326171875,-0.2980499267578125,-0.367889404296875
1773062452224595456,20.265357494354248,-0.8272857666015625,-0.28564453125,-0.3672027587890625
1773062452234651648,20.275413513183594,-0.833343505859375,-0.2549896240234375,-0.3997955322265625
1773062452244706304,20.285468339920044,-0.8386993408203125,-0.252197265625,-0.3441619873046875
1773062452254762496,20.29552435874939,-0.8682708740234375,-0.2523651123046875,-0.321746826171875
1773062452264817408,20.30557942390442,-0.87530517578125,-0.2481536865234375,-0.3263702392578125
1773062452274873600,20.315635442733765,-0.9052886962890625,-0.2719268798828125,-0.2931671142578125
1773062452284928512,20.325690507888794,-0.947021484375,-0.2640533447265625,-0.2900238037109375
1773062452294984704,20.33574652671814,-0.9599456787109375,-0.207427978515625,-0.2869415283203125
1773062452305039360,20.34580135345459,-0.95916748046875,-0.1925048828125,-0.2927093505859375
1773062452315095552,20.355857372283936,-0.9616241455078125,-0.2284088134765625,-0.2926483154296875
1773062452325150464,20.365912437438965,-0.925048828125,-0.2520294189453125,-0.2834014892578125
1773062452335206400,20.37596845626831,-0.9440765380859375,-0.2824249267578125,-0.2762298583984375
1773062452345261568,20.38602352142334,-0.94915771484375,-0.2701568603515625,-0.2586822509765625
1773062452355317504,20.396079540252686,-0.9271392822265625,-0.1836090087890625,-0.2257537841796875
1773062452365372416,20.406134366989136,-0.9687347412109375,-0.20977783203125,-0.21539306640625
1773062452375428352,20.41619038581848,-0.9890594482421875,-0.206146240234375,-0.2717742919921875
1773062452385483520,20.42624545097351,-0.9623565673828125,-0.2260589599609375,-0.27886962890625
1773062452395538688,20.43630051612854,-0.8983001708984375,-0.2261505126953125,-0.285675048828125
1773062452405594624,20.446356534957886,-0.88177490234375,-0.2388153076171875,-0.2647247314453125
1773062452415649536,20.456411361694336,-0.908843994140625,-0.2436065673828125,-0.25030517578125
1773062452425705472,20.46646738052368,-0.90899658203125,-0.2290802001953125,-0.2564544677734375
1773062452435760384,20.47652244567871,-0.893218994140625,-0.2248382568359375,-0.2585296630859375
1773062452445816576,20.486578464508057,-0.8893585205078125,-0.2074432373046875,-0.27008056640625
1773062452455871488,20.496633529663086,-0.8645172119140625,-0.20391845703125,-0.283935546875
1773062452465927680,20.50668954849243,-0.8431854248046875,-0.2216644287109375,-0.297760009765625
1773062452475982336,20.516744375228882,-0.84228515625,-0.213104248046875,-0.2806396484375
1773062452486038528,20.526800394058228,-0.8355560302734375,-0.21539306640625,-0.2715301513671875
1773062452496093440,20.536855459213257,-0.822357177734375,-0.2288970947265625,-0.3149566650390625
1773062452506149632,20.546911478042603,-0.80084228515625,-0.22125244140625,-0.343536376953125
1773062452516204544,20.556966543197632,-0.7680511474609375,-0.213165283203125,-0.361114501953125
1773062452526260480,20.5670223236084,-0.7450714111328125,-0.22625732421875,-0.3706512451171875
1773062452536315392,20.577077388763428,-0.7440185546875,-0.239654541015625,-0.35992431640625
1773062452546371584,20.587133407592773,-0.7578887939453125,-0.249664306640625,-0.3790130615234375
1773062452556426496,20.597188472747803,-0.7496185302734375,-0.266387939453125,-0.4263153076171875
1773062452566482432,20.60724449157715,-0.72174072265625,-0.25091552734375,-0.4462738037109375
1773062452576537600,20.617299556732178,-0.6991424560546875,-0.2580718994140625,-0.4506683349609375
1773062452586593280,20.627355337142944,-0.689971923828125,-0.3111724853515625,-0.4955902099609375
1773062452596648448,20.637410402297974,-0.697509765625,-0.3182373046875,-0.510223388671875
1773062452606703616,20.647465467453003,-0.6907501220703125,-0.2597198486328125,-0.5020751953125
1773062452616759552,20.65752148628235,-0.6826019287109375,-0.2735748291015625,-0.5394439697265625
1773062452626814720,20.667576551437378,-0.6800994873046875,-0.3116302490234375,-0.55615234375
1773062452636870400,20.677632331848145,-0.6519775390625,-0.3115997314453125,-0.5547943115234375
1773062452646925568,20.687687397003174,-0.635955810546875,-0.323486328125,-0.581817626953125
1773062452656981504,20.69774341583252,-0.6303863525390625,-0.3123931884765625,-0.58441162109375
1773062452667036416,20.70779848098755,-0.6228485107421875,-0.296478271484375,-0.5702972412109375
1773062452677092608,20.717854499816895,-0.635406494140625,-0.29986572265625,-0.5915069580078125
1773062452687147264,20.727909326553345,-0.6341094970703125,-0.2799224853515625,-0.5836944580078125
1773062452697203456,20.73796534538269,-0.6233978271484375,-0.2537689208984375,-0.5695343017578125
1773062452707258368,20.74802041053772,-0.6123809814453125,-0.28460693359375,-0.6593170166015625
1773062452717314560,20.758076429367065,-0.5553436279296875,-0.3203582763671875,-0.741363525390625
1773062452727369472,20.768131494522095,-0.5260009765625,-0.29107666015625,-0.7314300537109375
1773062452737425664,20.77818751335144,-0.5005645751953125,-0.23419189453125,-0.66265869140625
1773062452747480320,20.78824234008789,-0.5156707763671875,-0.2738800048828125,-0.6254425048828125
1773062452757536512,20.798298358917236,-0.544464111328125,-0.3206939697265625,-0.6326446533203125
1773062452767591424,20.808353424072266,-0.5529632568359375,-0.304840087890625,-0.6716766357421875
1773062452777647616,20.81840944290161,-0.524627685546875,-0.2358245849609375,-0.720855712890625
1773062452787702528,20.82846450805664,-0.4680938720703125,-0.27532958984375,-0.8090667724609375
1773062452797757440,20.83851933479309,-0.4535064697265625,-0.2511138916015625,-0.8045196533203125
1773062452807813376,20.848575353622437,-0.3943023681640625,-0.18939208984375,-0.7495574951171875
1773062452817868544,20.858630418777466,-0.3747711181640625,-0.2154998779296875,-0.704376220703125
1773062452827924480,20.86868643760681,-0.3953704833984375,-0.2249603271484375,-0.6865234375
1773062452837979648,20.87874150276184,-0.389373779296875,-0.2579193115234375,-0.686981201171875
1773062452848035328,20.888797283172607,-0.4066162109375,-0.3654327392578125,-0.7272186279296875
1773062452858090496,20.898852348327637,-0.425750732421875,-0.38323974609375,-0.7507781982421875
1773062452868146432,20.908908367156982,-0.38775634765625,-0.232269287109375,-0.7587127685546875
1773062452878201600,20.91896343231201,-0.30206298828125,-0.1322174072265625,-0.8416290283203125
1773062452888257536,20.929019451141357,-0.1937255859375,-0.12432861328125,-0.96234130859375
1773062452898312448,20.939074516296387,-0.1353607177734375,-0.1049957275390625,-1.0043182373046875
1773062452908368384,20.949130296707153,-0.1304168701171875,-0.1177520751953125,-0.917999267578125
1773062452918423296,20.959185361862183,-0.144927978515625,-0.3011627197265625,-0.8726654052734375
1773062452928479488,20.96924138069153,-0.219573974609375,-0.51959228515625,-0.901123046875
1773062452938534400,20.979296445846558,-0.29180908203125,-0.2969512939453125,-0.781585693359375
1773062452948590592,20.989352464675903,-0.244781494140625,-0.0124359130859375,-0.79595947265625
1773062452958645248,20.999407291412354,-0.0853424072265625,-0.0052490234375,-1.02496337890625
1773062452968701440,21.0094633102417,0.05853271484375,-0.040435791015625,-1.099090576171875
1773062452978756352,21.01951837539673,0.154144287109375,-0.03692626953125,-1.0467681884765625
1773062452988812544,21.029574394226074,0.168243408203125,-0.0937347412109375,-1.003875732421875
1773062452998867456,21.039629459381104,0.1627349853515625,-0.305999755859375,-1.0814208984375
1773062453008923648,21.04968547821045,0.077911376953125,-0.3809051513671875,-0.9573974609375
1773062453018978304,21.0597403049469,-0.02899169921875,-0.2162933349609375,-0.7451934814453125
1773062453029033472,21.06979537010193,-0.069488525390625,0.014129638671875,-0.8178253173828125
1773062453039089408,21.079851388931274,0.0200042724609375,0.1569366455078125,-0.991241455078125
1773062453049144576,21.089906454086304,0.217376708984375,0.14447021484375,-1.11663818359375
1773062453059200512,21.09996247291565,0.3468780517578125,-0.0074920654296875,-1.1871795654296875
1773062453069255424,21.1100172996521,0.4012298583984375,-0.1645660400390625,-1.0963287353515625
1773062453079311360,21.120073318481445,0.356201171875,-0.299652099609375,-0.8466796875
1773062453089366528,21.130128383636475,0.1821136474609375,-0.2834320068359375,-0.688812255859375
1773062453099422464,21.14018440246582,0.1253509521484375,-0.0146942138671875,-0.7223358154296875
1773062453109477632,21.15023946762085,0.292572021484375,0.193359375,-0.94287109375
1773062453119533568,21.160295486450195,0.36590576171875,0.2164459228515625,-1.155670166015625
1773062453129588480,21.170350313186646,0.4972686767578125,0.16357421875,-1.08746337890625
1773062453139644416,21.18040633201599,0.5652618408203125,-0.0653076171875,-0.9799652099609375
1773062453149699328,21.19046139717102,0.5461883544921875,-0.213714599609375,-0.914794921875
1773062453159755520,21.200517416000366,0.5457611083984375,-0.2464141845703125,-0.846282958984375
1773062453169810432,21.210572481155396,0.454132080078125,-0.2459564208984375,-0.8253173828125
1773062453179866624,21.22062849998474,0.23095703125,-0.202423095703125,-0.8452911376953125
1773062453189921280,21.23068332672119,0.2058868408203125,-0.000701904296875,-0.89678955078125
1773062453199977472,21.240739345550537,0.3721160888671875,0.1378936767578125,-1.0742645263671875
1773062453210032384,21.250794410705566,0.5241546630859375,0.10345458984375,-1.1200714111328125
1773062453220088576,21.260850429534912,0.6270751953125,0.0045166015625,-1.0110321044921875
1773062453230143488,21.27090549468994,0.6998138427734375,-0.1372528076171875,-0.940521240234375
1773062453240198400,21.28096032142639,0.6961212158203125,-0.2606048583984375,-0.886138916015625
1773062453250254336,21.291016340255737,0.6218109130859375,-0.2158050537109375,-0.86224365234375
1773062453260309504,21.301071405410767,0.5111846923828125,-0.090057373046875,-0.7970428466796875
1773062453270365440,21.311127424240112,0.455291748046875,0.0189361572265625,-0.7559814453125
1773062453280420608,21.32118248939514,0.509735107421875,0.148406982421875,-0.788726806640625
1773062453290476544,21.331238508224487,0.626312255859375,0.1878204345703125,-0.8693695068359375
1773062453300531456,21.341293334960938,0.7452545166015625,0.113861083984375,-0.9598541259765625
1773062453310587392,21.351349353790283,0.7806854248046875,-0.016693115234375,-0.843963623046875
1773062453320642560,21.361404418945312,0.7708587646484375,-0.2032012939453125,-0.7557830810546875
1773062453330698496,21.371460437774658,0.7435455322265625,-0.3104705810546875,-0.7822723388671875
1773062453340753664,21.381515502929688,0.6764678955078125,-0.2271270751953125,-0.794891357421875
1773062453350809344,21.391571283340454,0.6576385498046875,0.0194244384765625,-0.7806854248046875
1773062453360864512,21.401626348495483,0.7041015625,0.1539154052734375,-0.733642578125
1773062453370920448,21.41168236732483,0.7721710205078125,0.10125732421875,-0.753936767578125
1773062453380975360,21.42173743247986,0.826263427734375,0.052215576171875,-0.6987762451171875
1773062453391031552,21.431793451309204,0.829345703125,-0.0289306640625,-0.653533935546875
1773062453401086464,21.441848516464233,0.8210601806640625,-0.13427734375,-0.6735382080078125
1773062453411142400,21.451904296875,0.8151702880859375,-0.137451171875,-0.73883056640625
1773062453421197312,21.46195936203003,0.80181884765625,-0.0780487060546875,-0.74932861328125
1773062453431253504,21.472015380859375,0.81243896484375,0.00665283203125,-0.6885986328125
1773062453441308416,21.482070446014404,0.858123779296875,0.016265869140625,-0.659820556640625
1773062453451364608,21.49212646484375,0.9117584228515625,0.0196990966796875,-0.67559814453125
1773062453461419264,21.5021812915802,0.9474639892578125,0.011444091796875,-0.6183624267578125
1773062453471474432,21.51223635673523,0.9357452392578125,-0.0552978515625,-0.6314544677734375
1773062453481530368,21.522292375564575,0.8964080810546875,-0.1215362548828125,-0.6799774169921875
1773062453491585536,21.532347440719604,0.8426055908203125,-0.1564788818359375,-0.6706390380859375
1773062453501641472,21.54240345954895,0.820770263671875,-0.14813232421875,-0.6303863525390625
1773062453511696384,21.5524582862854,0.8558502197265625,-0.0936431884765625,-0.581787109375
1773062453521752320,21.562514305114746,0.9153900146484375,0.00079345703125,-0.5466156005859375
1773062453531807488,21.572569370269775,0.954833984375,0.0502166748046875,-0.543853759765625
1773062453541863424,21.58262538909912,1.0137939453125,0.0142822265625,-0.537811279296875
1773062453551918592,21.59268045425415,1.057403564453125,-0.0558624267578125,-0.5465850830078125
1773062453561974528,21.602736473083496,1.034423828125,-0.151763916015625,-0.59765625
1773062453572029440,21.612791299819946,0.9746246337890625,-0.1728973388671875,-0.615264892578125
1773062453582085376,21.622847318649292,0.9434661865234375,-0.1225433349609375,-0.6224365234375
1773062453592140544,21.63290238380432,0.8989715576171875,-0.0452117919921875,-0.58209228515625
1773062453602196480,21.642958402633667,0.8455352783203125,-0.0288848876953125,-0.4972991943359375
1773062453612251648,21.653013467788696,0.865875244140625,-0.0291900634765625,-0.4575958251953125
1773062453622307584,21.663069486618042,0.9017486572265625,0.0992584228515625,-0.480621337890625
1773062453632362240,21.673124313354492,0.92132568359375,0.047119140625,-0.5298919677734375
1773062453642418432,21.683180332183838,0.9279327392578125,-0.08502197265625,-0.546630859375
1773062453652473344,21.693235397338867,0.9397430419921875,-0.1014862060546875,-0.5598297119140625
1773062453662529536,21.703291416168213,0.9635009765625,-0.077423095703125,-0.591796875
1773062453672584448,21.713346481323242,0.95941162109375,-0.077239990234375,-0.55364990234375
1773062453682639360,21.723401308059692,0.923095703125,-0.123199462890625,-0.4298553466796875
1773062453692695296,21.733457326889038,0.886138916015625,-0.1037750244140625,-0.365447998046875
1773062453702750464,21.743512392044067,0.87542724609375,-0.034027099609375,-0.4017486572265625
1773062453712806400,21.753568410873413,0.8935394287109375,0.0043182373046875,-0.4171600341796875
1773062453722861568,21.763623476028442,0.9608612060546875,-0.0403594970703125,-0.4318084716796875
1773062453732917504,21.773679494857788,0.9510498046875,-0.067596435546875,-0.4084625244140625
1773062453742972416,21.78373432159424,0.9346923828125,-0.1509857177734375,-0.4074859619140625
1773062453753028352,21.793790340423584,0.9501953125,-0.1158294677734375,-0.3982086181640625
1773062453763083520,21.803845405578613,0.9889678955078125,-0.0748443603515625,-0.3899383544921875
1773062453773139456,21.81390142440796,1.0291290283203125,-0.096893310546875,-0.3670654296875
1773062453783194624,21.82395648956299,1.0439300537109375,-0.12322998046875,-0.2784576416015625
1773062453793251328,21.83401322364807,1.006805419921875,-0.1742095947265625,-0.1945648193359375
1773062453803305984,21.84406805038452,0.9775390625,-0.1714630126953125,-0.2432098388671875
1773062453813362176,21.854124069213867,0.976715087890625,-0.105377197265625,-0.3583831787109375
1773062453823417088,21.864179134368896,0.982574462890625,-0.0877227783203125,-0.40765380859375
1773062453833473280,21.874235153198242,0.9844512939453125,-0.1415252685546875,-0.3838653564453125
1773062453843528192,21.88429021835327,0.9807891845703125,-0.16259765625,-0.348876953125
1773062453853584384,21.894346237182617,0.9942474365234375,-0.1224212646484375,-0.334991455078125
1773062453863639040,21.904401063919067,1.000396728515625,-0.102203369140625,-0.324676513671875
1773062453873695232,21.914457082748413,1.0049591064453125,-0.10595703125,-0.313232421875
1773062453883750144,21.924512147903442,0.9886627197265625,-0.1091766357421875,-0.348602294921875
1773062453893806336,21.934568166732788,0.958984375,-0.1173553466796875,-0.3858642578125
1773062453903861248,21.944623231887817,0.9449310302734375,-0.130889892578125,-0.348114013671875
1773062453913917184,21.954679250717163,0.9564208984375,-0.0878143310546875,-0.338592529296875
1773062453923972096,21.964734077453613,0.95159912109375,-0.05621337890625,-0.3849639892578125
1773062453934027264,21.974789142608643,0.9549560546875,-0.0958404541015625,-0.3951568603515625
1773062453944083200,21.98484516143799,0.9645538330078125,-0.181060791015625,-0.385711669921875
1773062453954138368,21.994900226593018,0.982208251953125,-0.2073974609375,-0.4409942626953125
1773062453964194304,22.004956245422363,0.9911956787109375,-0.136199951171875,-0.4948577880859375
1773062453974249216,22.015011072158813,1.0200042724609375,-0.083770751953125,-0.4783935546875
1773062453984305152,22.02506709098816,1.034332275390625,-0.0939178466796875,-0.393524169921875
1773062453994360320,22.03512215614319,1.0173492431640625,-0.1289825439453125,-0.3282012939453125
1773062454004416256,22.045178174972534,0.9608917236328125,-0.1916351318359375,-0.3543701171875
1773062454014471168,22.055233240127563,0.9245452880859375,-0.1923065185546875,-0.5068817138671875
1773062454024527360,22.06528925895691,0.9596099853515625,-0.0903778076171875,-0.58978271484375
1773062454034582016,22.07534408569336,1.031097412109375,-0.09637451171875,-0.62841796875
1773062454044638208,22.085400104522705,1.081085205078125,-0.0955963134765625,-0.625030517578125
1773062454054693120,22.095455169677734,1.1280364990234375,-0.007354736328125,-0.5111236572265625
1773062454064749312,22.10551118850708,1.175506591796875,-0.0117645263671875,-0.4149169921875
1773062454074804224,22.11556625366211,1.1732635498046875,-0.0388946533203125,-0.3856048583984375
1773062454084860160,22.125622034072876,1.1298675537109375,-0.020050048828125,-0.4479522705078125
1773062454094915072,22.135677099227905,1.0827789306640625,-0.017822265625,-0.544403076171875
1773062454104971264,22.14573311805725,1.0504302978515625,-0.043243408203125,-0.63995361328125
1773062454115026176,22.15578818321228,1.039886474609375,-0.10430908203125,-0.7046661376953125
1773062454125082368,22.165844202041626,1.033782958984375,-0.10107421875,-0.72845458984375
1773062454135137280,22.175899267196655,1.0422821044921875,-0.024749755859375,-0.717987060546875
1773062454145193216,22.185955047607422,1.0649871826171875,-0.0093994140625,-0.68255615234375
1773062454155248128,22.19601011276245,1.1191864013671875,0.0038299560546875,-0.7313385009765625
1773062454165303296,22.20606517791748,1.13665771484375,-0.0204315185546875,-0.6981658935546875
1773062454175359232,22.216121196746826,1.07550048828125,0.0453948974609375,-0.548431396484375
1773062454185414400,22.226176261901855,1.0093536376953125,0.131988525390625,-0.530426025390625
1773062454195470080,22.236232042312622,0.947357177734375,0.068572998046875,-0.7587738037109375
1773062454205525248,22.24628710746765,0.85369873046875,-0.0377197265625,-0.9747772216796875
1773062454215581184,22.256343126296997,0.816375732421875,-0.0578155517578125,-0.9585113525390625
1773062454225636352,22.266398191452026,0.8682403564453125,-0.0151519775390625,-0.802520751953125
1773062454235692288,22.276454210281372,0.8955535888671875,0.1267242431640625,-0.7112884521484375
1773062454245747200,22.286509037017822,0.89013671875,0.1328277587890625,-0.687591552734375
1773062454255803136,22.296565055847168,0.8578338623046875,0.05908203125,-0.772552490234375
1773062454265858048,22.306620121002197,0.792816162109375,-0.016448974609375,-0.834869384765625
1773062454275914240,22.316676139831543,0.7447967529296875,-0.0716552734375,-0.904754638671875
1773062454285969152,22.326731204986572,0.6915740966796875,-0.06732177734375,-0.958404541015625
1773062454296025344,22.336787223815918,0.6359710693359375,-0.0352630615234375,-0.897613525390625
1773062454306080000,22.346842050552368,0.5864105224609375,0.0404815673828125,-0.834075927734375
1773062454316136192,22.356898069381714,0.607452392578125,0.0908203125,-0.8401031494140625
1773062454326191104,22.366953134536743,0.6349639892578125,-0.0791778564453125,-0.8592987060546875
1773062454336247296,22.37700915336609,0.619140625,-0.19189453125,-0.9147186279296875
1773062454346302208,22.387064218521118,0.5777587890625,-0.114105224609375,-0.959991455078125
1773062454356358400,22.397120237350464,0.5381622314453125,-0.037139892578125,-1.0421600341796875
1773062454366413056,22.407175064086914,0.49761962890625,-0.0620269775390625,-1.0502777099609375
1773062454376469248,22.41723108291626,0.482513427734375,-0.028778076171875,-0.9349822998046875
1773062454386524160,22.42728614807129,0.509857177734375,-0.0358428955078125,-0.80963134765625
1773062454396579328,22.43734121322632,0.500518798828125,-0.06207275390625,-0.8190155029296875
1773062454406635264,22.447397232055664,0.471221923828125,-0.067779541015625,-0.868927001953125
1773062454416690176,22.457452058792114,0.4476165771484375,-0.12451171875,-0.89154052734375
1773062454426746112,22.46750807762146,0.4199066162109375,-0.1672210693359375,-0.9907073974609375
1773062454436801280,22.47756314277649,0.3829193115234375,-0.1226043701171875,-0.9898223876953125
1773062454446857216,22.487619161605835,0.35919189453125,-0.1002655029296875,-0.89190673828125
1773062454456912384,22.497674226760864,0.3401031494140625,-0.079498291015625,-0.8647613525390625
1773062454466968320,22.50773024559021,0.27783203125,-0.0415496826171875,-0.8875732421875
1773062454477023232,22.51778507232666,0.2276611328125,-0.048583984375,-0.865203857421875
1773062454487079168,22.527841091156006,0.2129974365234375,-0.0623626708984375,-0.8772735595703125
1773062454497134336,22.537896156311035,0.19903564453125,-0.1297149658203125,-0.883056640625
1773062454507190272,22.54795217514038,0.16644287109375,-0.180877685546875,-0.817840576171875
1773062454517245184,22.55800724029541,0.125244140625,-0.1804962158203125,-0.84918212890625
1773062454527301376,22.568063259124756,0.100555419921875,-0.1807861328125,-0.9194183349609375
1773062454537356032,22.578118085861206,0.0856170654296875,-0.15081787109375,-0.9246368408203125
1773062454547412224,22.58817410469055,0.0309600830078125,-0.1188812255859375,-0.8323211669921875
1773062454557467136,22.59822916984558,-0.02655029296875,-0.1544189453125,-0.7201690673828125
1773062454567523328,22.608285188674927,-0.0693206787109375,-0.1176605224609375,-0.7282562255859375
1773062454577578240,22.618340253829956,-0.105712890625,-0.1443023681640625,-0.877227783203125
1773062454587634176,22.628396034240723,-0.104278564453125,-0.215240478515625,-1.017578125
1773062454597689088,22.638451099395752,-0.076446533203125,-0.21026611328125,-1.0181884765625
1773062454607745280,22.648507118225098,-0.0650787353515625,-0.249725341796875,-0.949981689453125
1773062454617800192,22.658562183380127,-0.1420135498046875,-0.2966766357421875,-0.8556060791015625
1773062454627856128,22.668618202209473,-0.2213134765625,-0.32843017578125,-0.6338348388671875
1773062454637911296,22.678673267364502,-0.28057861328125,-0.27447509765625,-0.4699249267578125
1773062454647966208,22.688728094100952,-0.2711029052734375,-0.24884033203125,-0.57940673828125
1773062454658022144,22.698784112930298,-0.2767486572265625,-0.2703399658203125,-0.81634521484375
1773062454668077312,22.708839178085327,-0.2562713623046875,-0.2819671630859375,-0.8458099365234375
1773062454678133248,22.718895196914673,-0.247100830078125,-0.2591094970703125,-0.782135009765625
1773062454688188416,22.728950262069702,-0.306182861328125,-0.256805419921875,-0.69775390625
1773062454698244096,22.73900604248047,-0.33795166015625,-0.312591552734375,-0.6241912841796875
1773062454708299264,22.749061107635498,-0.3685150146484375,-0.3678131103515625,-0.6179656982421875
1773062454718355200,22.759117126464844,-0.3986358642578125,-0.3764495849609375,-0.6361083984375
1773062454728410368,22.769172191619873,-0.425872802734375,-0.3097381591796875,-0.59246826171875
1773062454738466304,22.77922821044922,-0.4041748046875,-0.1661376953125,-0.632659912109375
1773062454748521216,22.78928303718567,-0.457122802734375,-0.297882080078125,-0.6467132568359375
1773062454758577152,22.799339056015015,-0.503143310546875,-0.3680572509765625,-0.6415863037109375
1773062454768632064,22.809394121170044,-0.4881591796875,-0.3771514892578125,-0.5926971435546875
1773062454778688256,22.81945013999939,-0.5112457275390625,-0.4640045166015625,-0.581756591796875
1773062454788742656,22.82950472831726,-0.489013671875,-0.35748291015625,-0.5672454833984375
1773062454798798848,22.839560747146606,-0.51348876953125,-0.24383544921875,-0.5738677978515625
1773062454808853504,22.849615573883057,-0.5656585693359375,-0.275238037109375,-0.5298614501953125
1773062454818909696,22.859671592712402,-0.5948638916015625,-0.267486572265625,-0.45501708984375
1773062454828964608,22.86972665786743,-0.626922607421875,-0.25933837890625,-0.481048583984375
1773062454839020800,22.879782676696777,-0.6237335205078125,-0.2834930419921875,-0.55072021484375
1773062454849075712,22.889837741851807,-0.6281585693359375,-0.3562774658203125,-0.55670166015625
1773062454859131904,22.899893760681152,-0.6293792724609375,-0.474884033203125,-0.5391082763671875
1773062454869186560,22.909948587417603,-0.6243438720703125,-0.3592681884765625,-0.413177490234375
1773062454879242752,22.92000460624695,-0.634368896484375,-0.2626495361328125,-0.404632568359375
1773062454889297664,22.930059671401978,-0.6740570068359375,-0.27197265625,-0.392913818359375
1773062454899353856,22.940115690231323,-0.6941986083984375,-0.273834228515625,-0.4051361083984375
1773062454909408768,22.950170755386353,-0.68719482421875,-0.29888916015625,-0.4320220947265625
1773062454919463680,22.960225582122803,-0.697906494140625,-0.29815673828125,-0.41058349609375
1773062454929519616,22.97028160095215,-0.710205078125,-0.2891693115234375,-0.422821044921875
1773062454939574784,22.980336666107178,-0.701904296875,-0.298065185546875,-0.4423828125
1773062454949630720,22.990392684936523,-0.693817138671875,-0.312225341796875,-0.3882904052734375
1773062454959685888,23.000447750091553,-0.681243896484375,-0.2874755859375,-0.3819732666015625
1773062454969741568,23.01050353050232,-0.73681640625,-0.27685546875,-0.3515777587890625
1773062454979796736,23.02055859565735,-0.81915283203125,-0.212005615234375,-0.232269287109375
1773062454989852672,23.030614614486694,-0.8428955078125,-0.197052001953125,-0.256134033203125
1773062454999907840,23.040669679641724,-0.8480987548828125,-0.210052490234375,-0.325653076171875
1773062455009963776,23.05072569847107,-0.8416900634765625,-0.2239532470703125,-0.3545989990234375
1773062455020018688,23.0607807636261,-0.84918212890625,-0.285675048828125,-0.323333740234375
1773062455030074624,23.070836544036865,-0.8672332763671875,-0.298004150390625,-0.2271728515625
1773062455040129536,23.080891609191895,-0.878875732421875,-0.30389404296875,-0.1832427978515625
1773062455050185728,23.09094762802124,-0.9302520751953125,-0.2350616455078125,-0.1475067138671875
1773062455060240640,23.10100269317627,-0.94610595703125,-0.1644439697265625,-0.1862640380859375
1773062455070296832,23.111058712005615,-0.946990966796875,-0.1977996826171875,-0.2235870361328125
1773062455080351488,23.121113538742065,-0.941802978515625,-0.14447021484375,-0.208892822265625
1773062455090407680,23.13116955757141,-0.939422607421875,-0.1159515380859375,-0.19427490234375
1773062455100462592,23.14122462272644,-0.93402099609375,-0.1786956787109375,-0.2398681640625
1773062455110518784,23.151280641555786,-0.92694091796875,-0.314666748046875,-0.25616455078125
1773062455120573696,23.161335706710815,-0.960968017578125,-0.337615966796875,-0.159698486328125
1773062455130629888,23.17139172554016,-1.0108642578125,-0.2416839599609375,-0.1245269775390625
1773062455140684544,23.18144655227661,-1.0688629150390625,-0.1522064208984375,-0.105072021484375
1773062455150740736,23.191502571105957,-1.07879638671875,-0.095733642578125,-0.1209564208984375
1773062455160795648,23.201557636260986,-1.026947021484375,-0.0988311767578125,-0.2063751220703125
1773062455170850816,23.211612701416016,-1.056884765625,-0.2674713134765625,-0.224578857421875
1773062455180906752,23.22166872024536,-1.0766448974609375,-0.305938720703125,-0.1996307373046875
1773062455190961664,23.23172354698181,-1.0479888916015625,-0.2609710693359375,-0.1584625244140625
1773062455201017600,23.241779565811157,-1.085540771484375,-0.2117156982421875,-0.148040771484375
1773062455211072768,23.251834630966187,-1.0877227783203125,-0.172698974609375,-0.1763763427734375
1773062455221128704,23.261890649795532,-1.0450592041015625,-0.154876708984375,-0.1616668701171875
1773062455231183872,23.27194571495056,-1.031707763671875,-0.1366119384765625,-0.1548004150390625
1773062455241239808,23.282001733779907,-1.037200927734375,-0.1316375732421875,-0.1500701904296875
1773062455251294720,23.292056560516357,-1.022979736328125,-0.11773681640625,-0.1184844970703125
1773062455261350656,23.302112579345703,-0.9993896484375,-0.143035888671875,-0.125335693359375
1773062455271405824,23.312167644500732,-0.970367431640625,-0.1754608154296875,-0.173797607421875
1773062455281461760,23.322223663330078,-0.917205810546875,-0.1713409423828125,-0.2026214599609375
1773062455291516672,23.332278728485107,-0.8731842041015625,-0.1743927001953125,-0.2165069580078125
1773062455301572864,23.342334747314453,-0.853668212890625,-0.18505859375,-0.232513427734375
1773062455311627520,23.352389574050903,-0.84521484375,-0.17669677734375,-0.239990234375
1773062455321683712,23.36244559288025,-0.8418731689453125,-0.1872406005859375,-0.2328033447265625
1773062455331738624,23.37250065803528,-0.82958984375,-0.2261962890625,-0.2393035888671875
1773062455341794816,23.382556676864624,-0.80224609375,-0.2335968017578125,-0.2711944580078125
1773062455351849728,23.392611742019653,-0.7832794189453125,-0.210052490234375,-0.3031158447265625
1773062455361905920,23.402667760849,-0.7642059326171875,-0.1950225830078125,-0.32177734375
1773062455371960576,23.41272258758545,-0.7415924072265625,-0.2144622802734375,-0.3495330810546875
1773062455382016768,23.422778606414795,-0.71307373046875,-0.2364654541015625,-0.3851318359375
1773062455392071680,23.432833671569824,-0.70050048828125,-0.2609100341796875,-0.3853302001953125
1773062455402127616,23.44288969039917,-0.69769287109375,-0.2581939697265625,-0.3930206298828125
1773062455412182784,23.4529447555542,-0.7075958251953125,-0.26910400390625,-0.3996734619140625
1773062455422237696,23.46299958229065,-0.713897705078125,-0.2353668212890625,-0.4292755126953125
1773062455432293632,23.473055601119995,-0.705841064453125,-0.21661376953125,-0.4583892822265625
1773062455442348800,23.483110666275024,-0.6971282958984375,-0.24951171875,-0.479278564453125
1773062455452404736,23.49316668510437,-0.6633148193359375,-0.2408447265625,-0.47625732421875
1773062455462459904,23.5032217502594,-0.6449737548828125,-0.2034454345703125,-0.49566650390625
1773062455472515584,23.513277530670166,-0.6715850830078125,-0.222808837890625,-0.4704132080078125
1773062455482570752,23.523332595825195,-0.664337158203125,-0.2276153564453125,-0.5652313232421875
1773062455492626688,23.53338861465454,-0.5746307373046875,-0.216949462890625,-0.5659332275390625
1773062455502681856,23.54344367980957,-0.5656280517578125,-0.2466888427734375,-0.520965576171875
1773062455512737792,23.553499698638916,-0.6068572998046875,-0.2216644287109375,-0.5648193359375
1773062455522792704,23.563554763793945,-0.5880584716796875,-0.1776123046875,-0.631256103515625
1773062455532848640,23.573610544204712,-0.5388641357421875,-0.176605224609375,-0.724517822265625
1773062455542903552,23.58366560935974,-0.5103759765625,-0.26470947265625,-0.7425689697265625
1773062455552959744,23.593721628189087,-0.5,-0.3154296875,-0.689422607421875
1773062455563014656,23.603776693344116,-0.5145263671875,-0.358917236328125,-0.712860107421875
1773062455573070848,23.613832712173462,-0.54693603515625,-0.3066558837890625,-0.7999420166015625
1773062455583125504,23.623887538909912,-0.6509246826171875,-0.2430419921875,-0.724700927734375
1773062455593181696,23.633943557739258,-0.6515960693359375,-0.1541748046875,-0.3668670654296875
1773062455603236608,23.643998622894287,-0.4420623779296875,-0.0626678466796875,-0.5497589111328125
1773062455613292800,23.654054641723633,-0.377044677734375,-0.2846832275390625,-0.6920166015625
1773062455623347712,23.664109706878662,-0.3877105712890625,-0.3896636962890625,-0.877288818359375
1773062455633403904,23.674165725708008,-0.30157470703125,-0.33050537109375,-0.863861083984375
1773062455643458560,23.684220552444458,-0.3135986328125,-0.3681640625,-0.790008544921875
1773062455653514496,23.694276571273804,-0.37750244140625,-0.3394927978515625,-0.764801025390625
1773062455663569664,23.704331636428833,-0.37164306640625,-0.21490478515625,-0.716552734375
1773062455673624832,23.714386701583862,-0.3604583740234375,-0.139434814453125,-0.737945556640625
1773062455683680768,23.724442720413208,-0.33270263671875,-0.172607421875,-0.7753143310546875
1773062455693735680,23.734497547149658,-0.2767486572265625,-0.2920074462890625,-0.8838043212890625
1773062455703791616,23.744553565979004,-0.240386962890625,-0.489044189453125,-1.035980224609375
1773062455713846784,23.754608631134033,-0.19403076171875,-0.4119720458984375,-0.9612579345703125
1773062455723902720,23.76466464996338,-0.1273040771484375,-0.216583251953125,-0.8629608154296875
1773062455733957888,23.774719715118408,-0.117584228515625,-0.231109619140625,-0.9000396728515625
1773062455744013824,23.784775733947754,-0.1597442626953125,-0.285186767578125,-0.8033599853515625
1773062455754068736,23.794830560684204,-0.165557861328125,-0.242919921875,-0.7080535888671875
1773062455764124672,23.80488657951355,-0.181976318359375,-0.2174530029296875,-0.75311279296875
1773062455774179584,23.81494164466858,-0.1225433349609375,-0.3390045166015625,-0.9438018798828125
1773062455784235776,23.824997663497925,-0.0646514892578125,-0.3948822021484375,-1.147186279296875
1773062455794291200,23.835053205490112,0.00079345703125,-0.249267578125,-1.1257781982421875
1773062455804347392,23.845109224319458,0.038970947265625,-0.182708740234375,-0.9393310546875
1773062455814402048,23.855164051055908,0.036102294921875,-0.223602294921875,-0.84326171875
1773062455824458240,23.865220069885254,0.04144287109375,-0.2181854248046875,-0.7983551025390625
1773062455834513152,23.875275135040283,-0.0045166015625,-0.282257080078125,-0.7717742919921875
1773062455844569088,23.88533115386963,-0.01312255859375,-0.3885498046875,-0.814178466796875
1773062455854624256,23.895386219024658,0.064453125,-0.5253448486328125,-1.0687103271484375
1773062455864680192,23.905442237854004,0.2069244384765625,-0.2570343017578125,-1.2276153564453125
1773062455874735104,23.915497064590454,0.2186737060546875,-0.042388916015625,-1.105804443359375
1773062455884791040,23.9255530834198,0.25958251953125,-0.0121307373046875,-0.944488525390625
1773062455894846208,23.93560814857483,0.323760986328125,-0.12664794921875,-0.833343505859375
1773062455904902144,23.945664167404175,0.292572021484375,-0.24554443359375,-0.86669921875
1773062455914957312,23.955719232559204,0.302032470703125,-0.3201751708984375,-0.923431396484375
1773062455925013248,23.96577525138855,0.3346710205078125,-0.4536285400390625,-0.94903564453125
1773062455935068160,23.975830078125,0.3509979248046875,-0.3976287841796875,-1.077728271484375
1773062455945123072,23.98588514328003,0.3426055908203125,-0.089935302734375,-1.105926513671875
1773062455955179264,23.995941162109375,0.399566650390625,0.0938262939453125,-1.0765533447265625
1773062455965234176,24.005996227264404,0.526611328125,0.037506103515625,-1.0466766357421875
1773062455975290368,24.01605224609375,0.5853424072265625,-0.0988006591796875,-0.9882354736328125
1773062455985345024,24.0261070728302,0.59735107421875,-0.2249755859375,-0.943572998046875
1773062455995401216,24.036163091659546,0.597747802734375,-0.3289947509765625,-0.7738800048828125
1773062456005456128,24.046218156814575,0.5530853271484375,-0.41656494140625,-0.815216064453125
1773062456015512320,24.05627417564392,0.5032958984375,-0.349884033203125,-0.9722747802734375
1773062456025567232,24.06632924079895,0.4565582275390625,-0.11590576171875,-0.997711181640625
1773062456035623424,24.076385259628296,0.4468994140625,0.027587890625,-1.00323486328125
1773062456045678080,24.086440086364746,0.5501861572265625,-0.0277252197265625,-1.0200958251953125
1773062456055734272,24.096496105194092,0.643646240234375,-0.077178955078125,-0.9509429931640625
1773062456065789184,24.10655117034912,0.6373748779296875,-0.156707763671875,-0.7674407958984375
1773062456075845120,24.116607189178467,0.5654449462890625,-0.2707977294921875,-0.6230010986328125
1773062456085900288,24.126662254333496,0.5110931396484375,-0.3082275390625,-0.7006378173828125
1773062456095955968,24.136718034744263,0.535491943359375,-0.2458953857421875,-0.927642822265625
1773062456106011136,24.146773099899292,0.5798187255859375,-0.1133575439453125,-1.0357208251953125
1773062456116067072,24.156829118728638,0.62884521484375,0.053375244140625,-0.968048095703125
1773062456126122240,24.166884183883667,0.7110443115234375,0.1641693115234375,-0.830047607421875
1773062456136178176,24.176940202713013,0.7389984130859375,0.0689697265625,-0.6648712158203125
1773062456146233344,24.186995267868042,0.689666748046875,-0.1570892333984375,-0.595123291015625
1773062456156289024,24.19705104827881,0.6280364990234375,-0.2199859619140625,-0.60284423828125
1773062456166344192,24.207106113433838,0.6007843017578125,-0.1818389892578125,-0.689910888671875
1773062456176400128,24.217162132263184,0.626617431640625,-0.141571044921875,-0.8538055419921875
1773062456186455296,24.227217197418213,0.7046356201171875,-0.110809326171875,-0.88934326171875
1773062456196511232,24.23727321624756,0.7831268310546875,-0.0744781494140625,-0.8747406005859375
1773062456206566144,24.24732804298401,0.8502197265625,-0.017486572265625,-0.7955780029296875
1773062456216621056,24.257383108139038,0.8769073486328125,-0.0346221923828125,-0.6820526123046875
1773062456226677248,24.267439126968384,0.837615966796875,-0.1279144287109375,-0.6142120361328125
1773062456236732160,24.277494192123413,0.74713134765625,-0.1668853759765625,-0.6080322265625
1773062456246788352,24.28755021095276,0.6968841552734375,-0.15850830078125,-0.60772705078125
1773062456256843008,24.29760503768921,0.711517333984375,-0.1054229736328125,-0.6864166259765625
1773062456266899200,24.307661056518555,0.784332275390625,-0.0178985595703125,-0.830718994140625
1773062456276954112,24.317716121673584,0.8399505615234375,0.0084228515625,-0.8245086669921875
1773062456287010304,24.32777214050293,0.908660888671875,-0.037261962890625,-0.743743896484375
1773062456297065216,24.33782720565796,0.973114013671875,-0.078277587890625,-0.655731201171875
1773062456307121152,24.347883224487305,0.9483795166015625,-0.1196136474609375,-0.566864013671875
1773062456317176064,24.357938051223755,0.9140167236328125,-0.115386962890625,-0.5509490966796875
1773062456327232000,24.3679940700531,0.872222900390625,-0.0966339111328125,-0.573516845703125
1773062456337287168,24.37804913520813,0.8373565673828125,-0.0755462646484375,-0.595367431640625
1773062456347343104,24.388105154037476,0.837677001953125,-0.05712890625,-0.5891265869140625
1773062456357398272,24.398160219192505,0.8736114501953125,-0.0471038818359375,-0.595489501953125
1773062456367454208,24.40821623802185,0.92071533203125,-0.048248291015625,-0.5586090087890625
1773062456377509120,24.4182710647583,0.965850830078125,-0.059539794921875,-0.5393218994140625
1773062456387565056,24.428327083587646,0.9919586181640625,-0.0394439697265625,-0.544097900390625
1773062456397620224,24.438382148742676,1.0018157958984375,-0.02197265625,-0.52764892578125
1773062456407676160,24.44843816757202,1.0046844482421875,-0.032684326171875,-0.511688232421875
1773062456417731328,24.45849323272705,0.963043212890625,-0.0741424560546875,-0.4563751220703125
1773062456427787264,24.468549251556396,0.9280853271484375,-0.0980682373046875,-0.4566192626953125
1773062456437842176,24.478604078292847,0.949127197265625,-0.0883941650390625,-0.492218017578125
1773062456447897088,24.488659143447876,0.9828033447265625,-0.0349578857421875,-0.485992431640625
1773062456457953280,24.49871516227722,1.0270233154296875,-0.00579833984375,-0.4793701171875
1773062456468008192,24.50877022743225,1.0488433837890625,-0.0558319091796875,-0.408355712890625
1773062456478064384,24.518826246261597,1.051361083984375,-0.11376953125,-0.3119964599609375
1773062456488119040,24.528881072998047,1.0354461669921875,-0.1421966552734375,-0.2608795166015625
1773062456498175232,24.538937091827393,1.00299072265625,-0.11871337890625,-0.3148651123046875
1773062456508230144,24.548992156982422,0.960418701171875,-0.1299591064453125,-0.4154815673828125
1773062456518286336,24.559048175811768,0.904083251953125,-0.158660888671875,-0.4676055908203125
1773062456528341248,24.569103240966797,0.896392822265625,-0.153045654296875,-0.4510498046875
1773062456538397440,24.579159259796143,0.92779541015625,-0.123321533203125,-0.4060821533203125
1773062456548452096,24.589214086532593,0.986572265625,-0.089385986328125,-0.3460845947265625
1773062456558508032,24.59927010536194,1.051116943359375,-0.092620849609375,-0.3056793212890625
1773062456568563200,24.609325170516968,1.0677642822265625,-0.108367919921875,-0.3130950927734375
1773062456578619136,24.619381189346313,1.04345703125,-0.123779296875,-0.3525543212890625
1773062456588674304,24.629436254501343,1.013671875,-0.1531829833984375,-0.3993377685546875
1773062456598729984,24.63949203491211,0.99505615234375,-0.16015625,-0.408477783203125
1773062456608785152,24.64954710006714,0.990631103515625,-0.138519287109375,-0.3851318359375
1773062456618841088,24.659603118896484,1.0083770751953125,-0.1505889892578125,-0.390533447265625
1773062456628896256,24.669658184051514,1.007843017578125,-0.141571044921875,-0.36883544921875
1773062456638952192,24.67971420288086,0.9958953857421875,-0.124237060546875,-0.37957763671875
1773062456649007360,24.68976926803589,0.9920501708984375,-0.1425933837890625,-0.418701171875
1773062456659063040,24.699825048446655,1.0164794921875,-0.1131744384765625,-0.442047119140625
1773062456669118208,24.709880113601685,1.04754638671875,-0.1134185791015625,-0.4450531005859375
1773062456679174144,24.71993613243103,1.052642822265625,-0.1516571044921875,-0.45721435546875
1773062456689229312,24.72999119758606,1.0308074951171875,-0.15863037109375,-0.443695068359375
1773062456699285248,24.740047216415405,0.9979400634765625,-0.1559906005859375,-0.424957275390625
1773062456709340160,24.750102043151855,0.982757568359375,-0.136871337890625,-0.413848876953125
1773062456719396096,24.7601580619812,1.0387115478515625,-0.115875244140625,-0.45074462890625
1773062456729451264,24.77021312713623,1.1320343017578125,-0.0859832763671875,-0.4570159912109375
1773062456739506176,24.78026819229126,1.182891845703125,-0.1030426025390625,-0.4559478759765625
1773062456749562368,24.790324211120605,1.146270751953125,-0.1477203369140625,-0.4827880859375
1773062456759617024,24.800379037857056,1.0880126953125,-0.1256866455078125,-0.54852294921875
1773062456769673216,24.8104350566864,1.0474395751953125,-0.1028900146484375,-0.619232177734375
1773062456779728128,24.82049012184143,1.0515289306640625,-0.09185791015625,-0.6084442138671875
1773062456789784064,24.830545902252197,1.0786590576171875,-0.09490966796875,-0.6273040771484375
1773062456799838720,24.840600728988647,1.0933685302734375,-0.1224212646484375,-0.6848602294921875
1773062456809894912,24.850656747817993,1.0924224853515625,-0.1690216064453125,-0.7299041748046875
1773062456819949824,24.860711812973022,1.0863189697265625,-0.1813201904296875,-0.7480621337890625
1773062456830005760,24.870767831802368,1.0618743896484375,-0.1552886962890625,-0.7310333251953125
1773062456840060928,24.880822896957397,1.02496337890625,-0.1729583740234375,-0.7462310791015625
1773062456850116864,24.890878915786743,0.9838714599609375,-0.1615447998046875,-0.7491302490234375
1773062456860171776,24.900933742523193,0.927978515625,-0.0392608642578125,-0.7206573486328125
1773062456870227712,24.91098976135254,0.913665771484375,0.052459716796875,-0.72332763671875
1773062456880282880,24.92104482650757,0.9164886474609375,0.0128326416015625,-0.7833251953125
1773062456890338816,24.931100845336914,0.8653717041015625,-0.0601806640625,-0.82574462890625
1773062456900393984,24.941155910491943,0.779296875,-0.0872802734375,-0.738555908203125
1773062456910449920,24.95121192932129,0.7665557861328125,-0.105712890625,-0.7499542236328125
1773062456920504832,24.96126675605774,0.809478759765625,-0.151123046875,-0.821075439453125
1773062456930560768,24.971322774887085,0.8364105224609375,-0.158294677734375,-0.8512420654296875
1773062456940615936,24.981377840042114,0.8263092041015625,-0.0767822265625,-0.8321380615234375
1773062456950671872,24.99143385887146,0.7721405029296875,-0.16131591796875,-0.83660888671875
1773062456960727040,25.00148892402649,0.7181396484375,-0.249969482421875,-0.85589599609375
1773062456970782720,25.011544704437256,0.698333740234375,-0.2573394775390625,-0.851959228515625
1773062456980837888,25.021599769592285,0.6801910400390625,-0.078277587890625,-0.8750762939453125
1773062456990893824,25.03165578842163,0.6944732666015625,0.0147247314453125,-0.8846282958984375
1773062457000948992,25.04171085357666,0.6892242431640625,-0.12701416015625,-0.85357666015625
1773062457011003904,25.05176591873169,0.6780853271484375,-0.1714630126953125,-0.8327484130859375
1773062457021059840,25.061821699142456,0.6591796875,-0.1412353515625,-0.8503265380859375
1773062457031114752,25.071876764297485,0.6386566162109375,-0.1665496826171875,-0.8371429443359375
1773062457041170944,25.08193278312683,0.6019744873046875,-0.1544189453125,-0.91326904296875
1773062457051225856,25.09198784828186,0.5555572509765625,-0.122314453125,-0.91156005859375
1773062457061281792,25.102043867111206,0.565887451171875,-0.120208740234375,-0.8724822998046875
1773062457071336960,25.112098932266235,0.5489349365234375,-0.1263885498046875,-0.8697357177734375
1773062457081392640,25.122154712677002,0.4885711669921875,-0.2259063720703125,-0.8288726806640625
1773062457091447808,25.13220977783203,0.470123291015625,-0.2835693359375,-0.8930816650390625
1773062457101503744,25.142265796661377,0.4592742919921875,-0.272216796875,-0.9453887939453125
1773062457111558912,25.152320861816406,0.4615631103515625,-0.3169708251953125,-0.919189453125
1773062457121614848,25.162376880645752,0.4564056396484375,-0.293731689453125,-0.950225830078125
1773062457131669760,25.172431707382202,0.4273681640625,-0.2624053955078125,-0.9346923828125
1773062457141725696,25.182487726211548,0.41961669921875,-0.22283935546875,-0.915435791015625
1773062457151780864,25.192542791366577,0.3855743408203125,-0.18377685546875,-0.864654541015625
1773062457161836800,25.202598810195923,0.314208984375,-0.2366790771484375,-0.775726318359375
1773062457171891968,25.212653875350952,0.2518310546875,-0.281951904296875,-0.8380584716796875
1773062457181947904,25.222709894180298,0.23175048828125,-0.240020751953125,-0.8825836181640625
1773062457192002816,25.232764720916748,0.2213592529296875,-0.241912841796875,-0.875396728515625
1773062457202058752,25.242820739746094,0.1780853271484375,-0.2720489501953125,-0.8888092041015625
1773062457212113920,25.252875804901123,0.169677734375,-0.2383270263671875,-0.8892364501953125
1773062457222169856,25.26293182373047,0.174285888671875,-0.2282562255859375,-0.8986358642578125
1773062457232225024,25.272986888885498,0.138153076171875,-0.295074462890625,-0.816802978515625
1773062457242280960,25.283042907714844,0.08416748046875,-0.34918212890625,-0.763214111328125
1773062457252335872,25.293097734451294,0.0358123779296875,-0.324249267578125,-0.768829345703125
1773062457262391808,25.30315375328064,0.011810302734375,-0.2789306640625,-0.7815399169921875
1773062457272446976,25.31320881843567,-0.02960205078125,-0.2830657958984375,-0.7738189697265625
1773062457282501888,25.3232638835907,-0.0661163330078125,-0.267791748046875,-0.7738800048828125
1773062457292558080,25.333319902420044,-0.0690460205078125,-0.2313232421875,-0.825714111328125
1773062457302612736,25.343374729156494,-0.0848236083984375,-0.3079376220703125,-0.8009033203125
1773062457312668928,25.35343074798584,-0.11419677734375,-0.34844970703125,-0.7092742919921875
1773062457322723840,25.36348581314087,-0.1520233154296875,-0.3129730224609375,-0.720458984375
1773062457332779776,25.373541831970215,-0.1829833984375,-0.30291748046875,-0.7430419921875
1773062457342834944,25.383596897125244,-0.2122802734375,-0.3449249267578125,-0.7115325927734375
1773062457352890880,25.39365291595459,-0.2456207275390625,-0.3595428466796875,-0.6720733642578125
1773062457362945792,25.40370774269104,-0.275665283203125,-0.2913665771484375,-0.644866943359375
1773062457373001728,25.413763761520386,-0.30828857421875,-0.30914306640625,-0.6492462158203125
1773062457383056896,25.423818826675415,-0.3522186279296875,-0.303558349609375,-0.6505584716796875
1773062457393112832,25.43387484550476,-0.3584442138671875,-0.3096771240234375,-0.7076873779296875
1773062457403168000,25.44392991065979,-0.3734130859375,-0.30426025390625,-0.7056427001953125
1773062457413223936,25.453985929489136,-0.3691864013671875,-0.3074951171875,-0.648406982421875
1773062457423278848,25.464040756225586,-0.404052734375,-0.376495361328125,-0.600128173828125
1773062457433334784,25.47409677505493,-0.4044189453125,-0.42486572265625,-0.576751708984375
1773062457443389952,25.48415184020996,-0.430145263671875,-0.312896728515625,-0.4803924560546875
1773062457453445888,25.494207859039307,-0.524261474609375,-0.405670166015625,-0.5561676025390625
1773062457463501056,25.504262924194336,-0.522491455078125,-0.26287841796875,-0.508941650390625
1773062457473556736,25.514318704605103,-0.5738372802734375,-0.31048583984375,-0.4910430908203125
1773062457483611904,25.524373769760132,-0.6086273193359375,-0.3289031982421875,-0.548248291015625
1773062457493667840,25.534429788589478,-0.5629425048828125,-0.3892669677734375,-0.59332275390625
1773062457503723008,25.544484853744507,-0.53912353515625,-0.4482421875,-0.588470458984375
1773062457513778944,25.554540872573853,-0.5522308349609375,-0.3941497802734375,-0.4902191162109375
1773062457523833856,25.564595699310303,-0.6031646728515625,-0.387969970703125,-0.4455413818359375
1773062457533889792,25.57465171813965,-0.6356201171875,-0.341400146484375,-0.407958984375
1773062457543944960,25.584706783294678,-0.657562255859375,-0.2973480224609375,-0.4007110595703125
1773062457553999872,25.594761848449707,-0.6790313720703125,-0.3315582275390625,-0.4088134765625
1773062457564055808,25.604817867279053,-0.685028076171875,-0.377227783203125,-0.4245758056640625
1773062457574110976,25.614872932434082,-0.6678924560546875,-0.3998565673828125,-0.45513916015625
1773062457584166656,25.62492871284485,-0.662994384765625,-0.395904541015625,-0.4559478759765625
1773062457594221824,25.634983777999878,-0.693328857421875,-0.3770294189453125,-0.4532928466796875
1773062457604277760,25.645039796829224,-0.7205047607421875,-0.3059539794921875,-0.3830108642578125
1773062457614332928,25.655094861984253,-0.7598724365234375,-0.3246002197265625,-0.3343658447265625
1773062457624388864,25.6651508808136,-0.7740478515625,-0.3173828125,-0.3107452392578125
1773062457634443776,25.67520570755005,-0.7655487060546875,-0.2791290283203125,-0.33251953125
1773062457644499712,25.685261726379395,-0.760772705078125,-0.3316497802734375,-0.386077880859375
1773062457654554880,25.695316791534424,-0.755126953125,-0.4396820068359375,-0.420745849609375
1773062457664610816,25.70537281036377,-0.758941650390625,-0.4272918701171875,-0.3668060302734375
1773062457674665984,25.7154278755188,-0.7647247314453125,-0.4011383056640625,-0.3644866943359375
1773062457684721920,25.725483894348145,-0.802764892578125,-0.3200531005859375,-0.3341522216796875
1773062457694776832,25.735538721084595,-0.835052490234375,-0.24090576171875,-0.27484130859375
1773062457704832768,25.74559473991394,-0.8758697509765625,-0.25628662109375,-0.261566162109375
1773062457714887936,25.75564980506897,-0.88568115234375,-0.2623443603515625,-0.25323486328125
1773062457724943872,25.765705823898315,-0.865875244140625,-0.26324462890625,-0.3314361572265625
1773062457734999040,25.775760889053345,-0.84600830078125,-0.2962646484375,-0.3520965576171875
1773062457745054976,25.78581690788269,-0.8794097900390625,-0.28179931640625,-0.270538330078125
1773062457755109888,25.79587173461914,-0.917572021484375,-0.29541015625,-0.2723846435546875
1773062457765165824,25.805927753448486,-0.944976806640625,-0.3230133056640625,-0.294281005859375
1773062457775220992,25.815982818603516,-0.9441070556640625,-0.2234039306640625,-0.2447662353515625
1773062457785276928,25.82603883743286,-0.9361419677734375,-0.1631317138671875,-0.2709808349609375
1773062457795332096,25.83609414100647,-0.93212890625,-0.1970367431640625,-0.3200836181640625
1773062457805388032,25.846149921417236,-0.891082763671875,-0.149932861328125,-0.2949066162109375
1773062457815442944,25.856204986572266,-0.905792236328125,-0.132171630859375,-0.1975555419921875
1773062457825499136,25.86626100540161,-1.013702392578125,-0.1730804443359375,-0.20111083984375
1773062457835554048,25.87631607055664,-1.021575927734375,-0.17889404296875,-0.1822509765625
1773062457845609216,25.88637113571167,-0.9809722900390625,-0.1540069580078125,-0.157073974609375
1773062457855664896,25.896426916122437,-0.972747802734375,-0.151031494140625,-0.1678009033203125
1773062457865720064,25.906481981277466,-0.9787445068359375,-0.1274261474609375,-0.2259063720703125
1773062457875776000,25.91653800010681,-0.9673309326171875,-0.0954437255859375,-0.2483062744140625
1773062457885831168,25.92659306526184,-0.962890625,-0.0816802978515625,-0.20721435546875
1773062457895887104,25.936649084091187,-0.9660797119140625,-0.0885772705078125,-0.187103271484375
1773062457905942016,25.946703910827637,-0.9832763671875,-0.0988311767578125,-0.1795501708984375
1773062457915997952,25.956759929656982,-1.0035552978515625,-0.0643310546875,-0.1746063232421875
1773062457926053120,25.96681499481201,-1.018463134765625,-0.045166015625,-0.1578521728515625
1773062457936109056,25.976871013641357,-1.0221710205078125,-0.0355987548828125,-0.194793701171875
1773062457946164224,25.986926078796387,-0.9945831298828125,-0.0441131591796875,-0.265777587890625
1773062457956220160,25.996982097625732,-0.9660491943359375,-0.0713348388671875,-0.2417755126953125
1773062457966275072,26.007036924362183,-0.9864959716796875,-0.09869384765625,-0.2032623291015625
1773062457976331008,26.01709294319153,-1.0133209228515625,-0.1194915771484375,-0.2060089111328125
1773062457986386176,26.027148008346558,-1.0256195068359375,-0.1117706298828125,-0.2065887451171875
1773062457996442112,26.037204027175903,-1.0228729248046875,-0.086639404296875,-0.194732666015625
1773062458006497024,26.047259092330933,-1.016326904296875,-0.07135009765625,-0.176422119140625
1773062458016553216,26.05731511116028,-1.0061798095703125,-0.057891845703125,-0.1772308349609375
1773062458026607872,26.06736993789673,-0.9830474853515625,-0.06939697265625,-0.20355224609375
1773062458036664064,26.077425956726074,-0.97265625,-0.091705322265625,-0.22003173828125
1773062458046718976,26.087481021881104,-0.962127685546875,-0.0899505615234375,-0.23626708984375
1773062458056775168,26.09753704071045,-0.95257568359375,-0.0769805908203125,-0.2458648681640625
1773062458066830080,26.10759210586548,-0.954376220703125,-0.086334228515625,-0.240325927734375
1773062458076886272,26.117648124694824,-0.959625244140625,-0.08612060546875,-0.2192840576171875
1773062458086940928,26.127702951431274,-0.9558258056640625,-0.0802001953125,-0.20166015625
1773062458096997120,26.13775897026062,-0.9449310302734375,-0.0930328369140625,-0.182647705078125
1773062458107052032,26.14781403541565,-0.9369964599609375,-0.08740234375,-0.1961517333984375
1773062458117108224,26.157870054244995,-0.9215850830078125,-0.089111328125,-0.2153167724609375
1773062458127163136,26.167925119400024,-0.91156005859375,-0.110015869140625,-0.2329254150390625
1773062458137218048,26.177979946136475,-0.90960693359375,-0.120880126953125,-0.2493896484375
1773062458147273984,26.18803596496582,-0.8846588134765625,-0.1229705810546875,-0.2646331787109375
1773062458157329152,26.19809103012085,-0.861541748046875,-0.11676025390625,-0.2679595947265625
1773062458167385088,26.208147048950195,-0.847442626953125,-0.117523193359375,-0.2775421142578125
1773062458177440256,26.218202114105225,-0.8289794921875,-0.115692138671875,-0.321380615234375
1773062458187496192,26.22825813293457,-0.8242645263671875,-0.143524169921875,-0.3504486083984375
1773062458197551104,26.23831295967102,-0.82666015625,-0.1613616943359375,-0.3700714111328125
1773062458207607040,26.248368978500366,-0.8303680419921875,-0.1797332763671875,-0.3807830810546875
1773062458217662208,26.258424043655396,-0.832427978515625,-0.1720123291015625,-0.357818603515625
1773062458227718144,26.26848006248474,-0.834136962890625,-0.138580322265625,-0.3327789306640625
1773062458237773056,26.27853512763977,-0.8451385498046875,-0.10955810546875,-0.3516998291015625
1773062458247828992,26.288590908050537,-0.8406829833984375,-0.0736083984375,-0.3557586669921875
1773062458257883904,26.298645973205566,-0.8143463134765625,-0.0858917236328125,-0.3873443603515625
1773062458267940096,26.308701992034912,-0.786590576171875,-0.1443634033203125,-0.475738525390625
1773062458277995008,26.31875705718994,-0.7665557861328125,-0.1976470947265625,-0.47998046875
1773062458288051200,26.328813076019287,-0.7376708984375,-0.213409423828125,-0.4247589111328125
1773062458298106112,26.338868141174316,-0.7611846923828125,-0.184051513671875,-0.4151458740234375
1773062458308162048,26.348923921585083,-0.7940673828125,-0.13726806640625,-0.3513946533203125
1773062458318216960,26.358978986740112,-0.8109588623046875,-0.0825042724609375,-0.333221435546875
1773062458328273152,26.369035005569458,-0.7863006591796875,-0.060302734375,-0.3741607666015625
1773062458338328064,26.379090070724487,-0.7299957275390625,-0.1220550537109375,-0.474853515625
1773062458348384256,26.389146089553833,-0.6740264892578125,-0.2140960693359375,-0.6433868408203125
1773062458358438912,26.399200916290283,-0.6620635986328125,-0.2583770751953125,-0.6687774658203125
1773062458368495104,26.40925693511963,-0.660888671875,-0.172393798828125,-0.535186767578125
1773062458378550016,26.419312000274658,-0.679229736328125,-0.120361328125,-0.442169189453125
1773062458388605952,26.429368019104004,-0.702392578125,-0.152923583984375,-0.3712615966796875
1773062458398661120,26.439423084259033,-0.7025299072265625,-0.146759033203125,-0.3827056884765625
1773062458408716032,26.449477910995483,-0.6563262939453125,-0.1343994140625,-0.5402374267578125
1773062458418771968,26.45953392982483,-0.5928802490234375,-0.1926422119140625,-0.739288330078125
1773062458428827136,26.46958899497986,-0.5740814208984375,-0.2133636474609375,-0.75103759765625
1773062458438883072,26.479645013809204,-0.527984619140625,-0.138092041015625,-0.6402435302734375
1773062458448938240,26.489700078964233,-0.507049560546875,-0.149505615234375,-0.6350250244140625
1773062458458994176,26.49975609779358,-0.5129852294921875,-0.1902618408203125,-0.64031982421875
1773062458469049088,26.50981092453003,-0.488128662109375,-0.1694183349609375,-0.6138916015625
1773062458479105024,26.519866943359375,-0.4671630859375,-0.1248931884765625,-0.6723785400390625
1773062458489159936,26.529922008514404,-0.4489288330078125,-0.1528472900390625,-0.7509613037109375
1773062458499216128,26.53997802734375,-0.4378204345703125,-0.2082977294921875,-0.7596893310546875
1773062458509271040,26.55003309249878,-0.4290008544921875,-0.1455841064453125,-0.72381591796875
1773062458519327232,26.560089111328125,-0.387420654296875,-0.0587310791015625,-0.816253662109375
1773062458529381888,26.570143938064575,-0.26904296875,-0.066314697265625,-0.909637451171875
1773062458539438080,26.58019995689392,-0.218505859375,-0.100738525390625,-0.7945098876953125
1773062458549492992,26.59025502204895,-0.2527923583984375,-0.1873931884765625,-0.7083740234375
1773062458559549184,26.600311040878296,-0.279022216796875,-0.2657470703125,-0.7624664306640625
1773062458569604096,26.610366106033325,-0.2794952392578125,-0.297454833984375,-0.7693328857421875
1773062458579660288,26.62042212486267,-0.2483367919921875,-0.21478271484375,-0.8238372802734375
1773062458589714944,26.63047695159912,-0.2081298828125,-0.03643798828125,-0.8854522705078125
1773062458599771136,26.640532970428467,-0.151580810546875,0.015899658203125,-0.852691650390625
1773062458609826048,26.650588035583496,-0.0942535400390625,-0.0666351318359375,-0.87408447265625
1773062458619881984,26.660644054412842,0.0029296875,-0.0985870361328125,-0.9476165771484375
1773062458629937152,26.67069911956787,0.0933837890625,-0.1354217529296875,-0.941650390625
1773062458639993088,26.680755138397217,0.04962158203125,-0.26708984375,-0.914794921875
1773062458650048000,26.690809965133667,0.0577392578125,-0.3010711669921875,-0.8489532470703125
1773062458660103936,26.700865983963013,0.034881591796875,-0.1775360107421875,-0.822845458984375
1773062458670159104,26.710921049118042,0.01409912109375,-0.008331298828125,-0.948394775390625
1773062458680215040,26.720977067947388,0.073394775390625,0.0837860107421875,-0.9707489013671875
1773062458690270208,26.731032133102417,0.1710662841796875,0.0952911376953125,-0.896942138671875
1773062458700325120,26.741086959838867,0.28887939453125,0.01153564453125,-1.01959228515625
1773062458710381056,26.751142978668213,0.2976837158203125,-0.1243438720703125,-1.1134490966796875
1773062458720436224,26.761198043823242,0.3975067138671875,-0.21868896484375,-1.0309600830078125
1773062458730492160,26.771254062652588,0.40386962890625,-0.3563385009765625,-0.9183197021484375
1773062458740547072,26.781309127807617,0.3306427001953125,-0.2806243896484375,-0.8862457275390625
1773062458750603008,26.791364908218384,0.277435302734375,-0.0677490234375,-0.9386444091796875
1773062458760657920,26.801419973373413,0.304443359375,0.0528717041015625,-0.91241455078125
1773062458770714112,26.81147599220276,0.3982086181640625,0.10699462890625,-1.05291748046875
1773062458780769024,26.821531057357788,0.51422119140625,0.0636749267578125,-1.0872650146484375
1773062458790825472,26.831587314605713,0.5819244384765625,-0.114959716796875,-1.024993896484375
1773062458800880384,26.841642379760742,0.59307861328125,-0.250885009765625,-0.9708404541015625
1773062458810936576,26.851698398590088,0.5836334228515625,-0.205108642578125,-0.8462982177734375
1773062458820991488,26.861753463745117,0.5137939453125,-0.089447021484375,-0.8077239990234375
1773062458831047424,26.871809482574463,0.4644622802734375,0.029937744140625,-0.8774871826171875
1773062458841102336,26.881864309310913,0.606475830078125,0.0859527587890625,-1.0035858154296875
1773062458851158272,26.89192032814026,0.723846435546875,0.0747528076171875,-1.037628173828125
1773062458861213440,26.901975393295288,0.739501953125,-0.0572509765625,-0.984222412109375
1773062458871269376,26.912031412124634,0.713165283203125,-0.220550537109375,-0.981903076171875
1773062458881324544,26.922086477279663,0.6658782958984375,-0.16021728515625,-0.877349853515625
1773062458891380480,26.93214249610901,0.63519287109375,-0.0036773681640625,-0.7802734375
1773062458901435392,26.94219732284546,0.57171630859375,-0.04425048828125,-0.7274322509765625
1773062458911491328,26.952253341674805,0.58282470703125,-0.0464935302734375,-0.7886199951171875
1773062458921546496,26.962308406829834,0.672119140625,0.0996856689453125,-0.9585418701171875
1773062458931602432,26.97236442565918,0.79071044921875,0.144866943359375,-1.07733154296875
1773062458941657600,26.98241949081421,0.86090087890625,-0.0184326171875,-0.917205810546875
1773062458951713536,26.992475509643555,0.8388824462890625,-0.2247161865234375,-0.7389678955078125
1773062458961768448,27.002530336380005,0.79541015625,-0.156402587890625,-0.70330810546875
1773062458971824384,27.01258635520935,0.749237060546875,0.04241943359375,-0.6820068359375
1773062458981879552,27.02264142036438,0.7319488525390625,0.068511962890625,-0.6923370361328125
1773062458991934464,27.03269648551941,0.7712554931640625,0.0308074951171875,-0.7449798583984375
1773062459001990656,27.042752504348755,0.81317138671875,-0.0057830810546875,-0.75421142578125
1773062459012045312,27.052807331085205,0.824432373046875,-0.1322479248046875,-0.7724609375
1773062459022101504,27.06286334991455,0.83331298828125,-0.202850341796875,-0.854827880859375
1773062459032156416,27.07291841506958,0.839111328125,-0.1477203369140625,-0.80194091796875
1773062459042212608,27.082974433898926,0.832763671875,-0.10107421875,-0.6724395751953125
1773062459052267520,27.093029499053955,0.8534393310546875,-0.0611572265625,-0.615997314453125
1773062459062323456,27.1030855178833,0.8812103271484375,0.0025177001953125,-0.62835693359375
1773062459072378368,27.11314034461975,0.9384307861328125,0.0702362060546875,-0.7130584716796875
1773062459082434304,27.123196363449097,1.030670166015625,0.0213775634765625,-0.724761962890625
1773062459092489472,27.133251428604126,1.0458526611328125,-0.110992431640625,-0.5877838134765625
1773062459102545408,27.14330744743347,0.9777069091796875,-0.1859130859375,-0.512603759765625
1773062459112600576,27.1533625125885,0.9278717041015625,-0.1580963134765625,-0.559234619140625
1773062459122656256,27.163418292999268,0.93707275390625,-0.094635009765625,-0.5886688232421875
1773062459132711424,27.173473358154297,0.968048095703125,-0.0854644775390625,-0.5165252685546875
1773062459142767360,27.183529376983643,0.9767608642578125,-0.0980987548828125,-0.4635162353515625
1773062459152822528,27.193584442138672,0.9862823486328125,-0.0676422119140625,-0.52777099609375
1773062459162878464,27.203640460968018,1.00262451171875,-0.051239013671875,-0.579803466796875
1773062459172933376,27.213695287704468,1.0092620849609375,-0.086456298828125,-0.548004150390625
1773062459182989312,27.223751306533813,1.0026702880859375,-0.1172943115234375,-0.4824066162109375
1773062459193044480,27.233806371688843,0.980133056640625,-0.1085662841796875,-0.4667816162109375
1773062459203100416,27.24386239051819,0.959228515625,-0.0766754150390625,-0.475830078125
1773062459213155584,27.253917455673218,0.9481353759765625,-0.066680908203125,-0.454254150390625
1773062459223211520,27.263973474502563,0.945770263671875,-0.0643310546875,-0.448211669921875
1773062459233266432,27.274028301239014,0.9452362060546875,-0.0533447265625,-0.462677001953125
1773062459243322368,27.28408432006836,0.9422454833984375,-0.0712127685546875,-0.4600830078125
1773062459253377536,27.29413938522339,0.9349517822265625,-0.1102752685546875,-0.432647705078125
1773062459263433472,27.304195404052734,0.9033355712890625,-0.14349365234375,-0.38519287109375
1773062459273488640,27.314250469207764,0.8712158203125,-0.136993408203125,-0.3802032470703125
1773062459283544576,27.32430648803711,0.86572265625,-0.0753021240234375,-0.4285430908203125
1773062459293599488,27.33436131477356,0.883453369140625,-0.0565643310546875,-0.4325103759765625
1773062459303655424,27.344417333602905,0.9207305908203125,-0.0516510009765625,-0.43011474609375
1773062459313710336,27.354472398757935,0.9627838134765625,-0.0368499755859375,-0.4334259033203125
1773062459323765504,27.364527463912964,0.99737548828125,-0.074462890625,-0.4189910888671875
1773062459333821440,27.37458348274231,1.0045623779296875,-0.154693603515625,-0.343475341796875
1773062459343876352,27.38463830947876,0.9792938232421875,-0.1920318603515625,-0.2906494140625
1773062459353932288,27.394694328308105,0.96112060546875,-0.121795654296875,-0.3639678955078125
1773062459363987456,27.404749393463135,0.973052978515625,-0.0533447265625,-0.398956298828125
1773062459374043392,27.41480541229248,0.9868011474609375,-0.077484130859375,-0.340423583984375
1773062459384098560,27.42486047744751,0.996612548828125,-0.106842041015625,-0.3358917236328125
1773062459394154496,27.434916496276855,0.978668212890625,-0.0972442626953125,-0.3809967041015625
1773062459404209408,27.444971323013306,0.97686767578125,-0.0933685302734375,-0.3715972900390625
1773062459414265344,27.45502734184265,1.002471923828125,-0.1087646484375,-0.327056884765625
1773062459424320512,27.46508240699768,1.015350341796875,-0.1110076904296875,-0.322174072265625
1773062459434376448,27.475138425827026,0.9999847412109375,-0.10870361328125,-0.3294830322265625
1773062459444431616,27.485193490982056,0.962127685546875,-0.1214599609375,-0.31396484375
1773062459454487552,27.4952495098114,0.9347991943359375,-0.103179931640625,-0.31402587890625
1773062459464542464,27.50530433654785,0.9281768798828125,-0.0637664794921875,-0.358795166015625
1773062459474598400,27.515360355377197,0.9529876708984375,-0.0383758544921875,-0.4100799560546875
1773062459484653568,27.525415420532227,0.96728515625,-0.05609130859375,-0.408355712890625
1773062459494709504,27.535471439361572,0.9675140380859375,-0.0904693603515625,-0.34759521484375
1773062459504764672,27.5455265045166,0.927337646484375,-0.080810546875,-0.3226776123046875
1773062459514820352,27.555582284927368,0.902191162109375,-0.08074951171875,-0.3294830322265625
1773062459524875520,27.565637350082397,0.8991241455078125,-0.0719146728515625,-0.356201171875
1773062459534931456,27.575693368911743,0.8926849365234375,-0.0785369873046875,-0.387786865234375
1773062459544986368,27.585748434066772,0.89788818359375,-0.1303253173828125,-0.3704376220703125
1773062459555042560,27.595804452896118,0.928314208984375,-0.1529083251953125,-0.3304595947265625
1773062459565097472,27.605859518051147,0.9637451171875,-0.1293182373046875,-0.3136749267578125
1773062459575153408,27.615915298461914,0.976104736328125,-0.110198974609375,-0.2932281494140625
1773062459585208320,27.625970363616943,0.9676361083984375,-0.1081085205078125,-0.25518798828125
1773062459595264512,27.63602638244629,0.969024658203125,-0.0919189453125,-0.2964324951171875
1773062459605319424,27.64608144760132,0.980133056640625,-0.091400146484375,-0.3506011962890625
1773062459615374592,27.656136512756348,0.991058349609375,-0.14300537109375,-0.3735504150390625
1773062459625430272,27.666192293167114,0.988037109375,-0.1526031494140625,-0.3521270751953125
1773062459635485440,27.676247358322144,1.0039520263671875,-0.1311492919921875,-0.3055572509765625
1773062459645541376,27.68630337715149,1.0505523681640625,-0.131195068359375,-0.2309417724609375
1773062459655596544,27.69635844230652,1.077301025390625,-0.114990234375,-0.223419189453125
1773062459665652480,27.706414461135864,1.0774078369140625,-0.1268463134765625,-0.288909912109375
1773062459675707392,27.716469287872314,1.055450439453125,-0.1997833251953125,-0.314453125
1773062459685763328,27.72652530670166,1.0273895263671875,-0.2062530517578125,-0.3563232421875
1773062459695818496,27.73658037185669,1.0242767333984375,-0.1046905517578125,-0.389556884765625
1773062459705874432,27.746636390686035,1.0214996337890625,-0.082550048828125,-0.3698577880859375
1773062459715929600,27.756691455841064,1.04071044921875,-0.0799407958984375,-0.344146728515625
1773062459725985536,27.76674747467041,1.055419921875,-0.0312957763671875,-0.339141845703125
1773062459736040448,27.77680230140686,1.053924560546875,-0.038177490234375,-0.3533935546875
1773062459746096384,27.786858320236206,1.03924560546875,-0.1155548095703125,-0.413665771484375
1773062459756151552,27.796913385391235,0.9995574951171875,-0.1477813720703125,-0.51470947265625
1773062459766207488,27.80696940422058,0.9847259521484375,-0.0589141845703125,-0.568084716796875
1773062459776262400,27.81702446937561,1.0100555419921875,-0.0144195556640625,-0.5685577392578125
1773062459786318592,27.827080488204956,1.02764892578125,-0.0544586181640625,-0.5303802490234375
1773062459796373248,27.837135314941406,1.0343170166015625,-0.0729217529296875,-0.4828338623046875
1773062459806429440,27.847191333770752,1.0118560791015625,-0.0505828857421875,-0.445098876953125
1773062459816484096,27.857246160507202,0.9363861083984375,-0.027008056640625,-0.466400146484375
1773062459826540288,27.867302179336548,0.867523193359375,-0.0361480712890625,-0.5664520263671875
1773062459836595200,27.877357244491577,0.80096435546875,-0.103515625,-0.606170654296875
1773062459846651392,27.887413263320923,0.8088531494140625,-0.108428955078125,-0.6564483642578125
1773062459856706304,27.897468328475952,0.9097137451171875,-0.077178955078125,-0.7177886962890625
1773062459866762496,27.907524347305298,0.9702606201171875,-0.089996337890625,-0.6857757568359375
1773062459876817152,27.917579174041748,0.977630615234375,-0.123687744140625,-0.6041412353515625
1773062459886873344,27.927635192871094,0.9589996337890625,-0.1185760498046875,-0.5756683349609375
1773062459896928256,27.937690258026123,0.947479248046875,-0.0599212646484375,-0.5671234130859375
1773062459906984448,27.94774627685547,0.929046630859375,-0.0431671142578125,-0.6107025146484375
1773062459917039360,27.957801342010498,0.9244384765625,-0.1000823974609375,-0.7179718017578125
1773062459927095296,27.967857360839844,0.964385986328125,-0.0522613525390625,-0.771942138671875
1773062459937150208,27.977912187576294,0.964141845703125,-0.047637939453125,-0.6909942626953125
1773062459947205376,27.987967252731323,0.9408111572265625,-0.1933746337890625,-0.6841888427734375
1773062459957261312,27.99802327156067,0.9563751220703125,-0.1470947265625,-0.6942901611328125
1773062459967316480,28.0080783367157,0.9868621826171875,0.0,-0.710052490234375
1773062459977372416,28.018134355545044,0.99041748046875,0.03887939453125,-0.6810150146484375
1773062459987427328,28.028189182281494,0.947784423828125,-0.102386474609375,-0.6621856689453125
1773062459997483264,28.03824520111084,0.910369873046875,-0.0883026123046875,-0.732452392578125
1773062460007538432,28.04830026626587,0.841644287109375,-0.112945556640625,-0.7805938720703125
1773062460017594368,28.058356285095215,0.7703857421875,-0.044677734375,-0.765380859375
1773062460027649280,28.068411350250244,0.7829437255859375,-0.03143310546875,-0.7382659912109375
1773062460037705472,28.07846736907959,0.7286834716796875,-0.1737213134765625,-0.7445220947265625
1773062460047760128,28.08852219581604,0.6588134765625,-0.1212005615234375,-0.7975616455078125
1773062460057816320,28.098578214645386,0.635772705078125,-0.0128173828125,-0.8794708251953125
1773062460067871232,28.108633279800415,0.6368560791015625,0.0054779052734375,-0.8991546630859375
1773062460077927424,28.11868929862976,0.6375579833984375,-0.02020263671875,-0.8956451416015625
1773062460087982336,28.12874436378479,0.5950927734375,-0.114654541015625,-0.8478546142578125
1773062460098038528,28.138800382614136,0.5570526123046875,-0.13409423828125,-0.8611907958984375
1773062460108093184,28.148855209350586,0.5582122802734375,-0.0568084716796875,-0.891326904296875
1773062460118149376,28.15891122817993,0.5780792236328125,-0.0297698974609375,-0.916748046875
1773062460128204288,28.16896629333496,0.607818603515625,-0.0847625732421875,-0.920257568359375
1773062460138260480,28.179022312164307,0.6029815673828125,-0.07550048828125,-0.880218505859375
1773062460148315392,28.189077377319336,0.5689849853515625,-0.0873565673828125,-0.9140472412109375
1773062460158371328,28.199133157730103,0.517852783203125,-0.14959716796875,-0.8813934326171875
1773062460168426240,28.209188222885132,0.4733734130859375,-0.2004241943359375,-0.898712158203125
1773062460178482176,28.219244241714478,0.470184326171875,-0.1998291015625,-0.9520721435546875
1773062460188537344,28.229299306869507,0.5088348388671875,-0.1856689453125,-0.9637451171875
1773062460198593280,28.239355325698853,0.5506591796875,-0.1866455078125,-0.9387969970703125
1773062460208648448,28.249410390853882,0.487548828125,-0.160003662109375,-0.92626953125
1773062460218704128,28.25946617126465,0.4068450927734375,-0.149688720703125,-0.87506103515625
1773062460228759296,28.269521236419678,0.3580474853515625,-0.21112060546875,-0.856689453125
1773062460238814464,28.279576301574707,0.326812744140625,-0.1895599365234375,-0.928955078125
1773062460248870400,28.289632320404053,0.3344573974609375,-0.2017822265625,-0.9560394287109375
1773062460258925312,28.299687385559082,0.3451080322265625,-0.1976165771484375,-0.9362335205078125
1773062460268981248,28.30974316596985,0.3331298828125,-0.25250244140625,-0.9310455322265625
1773062460279036160,28.319798231124878,0.301605224609375,-0.301544189453125,-0.92181396484375
1773062460289092352,28.329854249954224,0.2885589599609375,-0.285797119140625,-0.9332122802734375
1773062460299147264,28.339909315109253,0.263580322265625,-0.3317718505859375,-0.904327392578125
1773062460309203456,28.3499653339386,0.2160491943359375,-0.2874603271484375,-0.850189208984375
1773062460319258112,28.36002016067505,0.1495361328125,-0.199249267578125,-0.835601806640625
1773062460329314304,28.370076179504395,0.0701904296875,-0.13970947265625,-0.8982696533203125
1773062460339369216,28.380131244659424,0.0369110107421875,-0.1399078369140625,-0.9136199951171875
1773062460349425408,28.39018726348877,0.050048828125,-0.174102783203125,-0.8897552490234375
1773062460359480320,28.4002423286438,0.0891265869140625,-0.2110748291015625,-0.9039764404296875
1773062460369536512,28.410298347473145,0.10919189453125,-0.27471923828125,-0.9395904541015625
1773062460379591168,28.420353174209595,0.0870208740234375,-0.3188629150390625,-0.9153594970703125
1773062460389647360,28.43040919303894,0.0469970703125,-0.310882568359375,-0.861907958984375
1773062460399702272,28.44046425819397,0.0140380859375,-0.247222900390625,-0.860198974609375
1773062460409758208,28.450520277023315,-0.0207977294921875,-0.2015380859375,-0.9038238525390625
1773062460419813376,28.460575342178345,-0.058685302734375,-0.1982269287109375,-0.92138671875
1773062460429869312,28.47063136100769,-0.0679779052734375,-0.21478271484375,-0.89898681640625
1773062460439924224,28.48068618774414,-0.074249267578125,-0.2264862060546875,-0.870758056640625
1773062460449980160,28.490742206573486,-0.094818115234375,-0.2415008544921875,-0.8289337158203125
1773062460460035328,28.500797271728516,-0.144775390625,-0.284454345703125,-0.7953338623046875
1773062460470091264,28.51085329055786,-0.1620941162109375,-0.2817840576171875,-0.786956787109375
1773062460480146432,28.52090835571289,-0.171295166015625,-0.251434326171875,-0.783660888671875
1773062460490202368,28.530964374542236,-0.2215118408203125,-0.2259063720703125,-0.8183441162109375
1773062460500257280,28.541019201278687,-0.245086669921875,-0.196044921875,-0.822357177734375
1773062460510313216,28.551075220108032,-0.2686004638671875,-0.2108001708984375,-0.7720947265625
1773062460520368384,28.56113028526306,-0.3070526123046875,-0.268341064453125,-0.766754150390625
1773062460530424320,28.571186304092407,-0.343841552734375,-0.2839202880859375,-0.71728515625
1773062460540479488,28.581241369247437,-0.3619537353515625,-0.2628173828125,-0.7617034912109375
1773062460550535424,28.591297388076782,-0.3797760009765625,-0.2616729736328125,-0.795623779296875
1773062460560590336,28.601352214813232,-0.3800201416015625,-0.27532958984375,-0.81011962890625
1773062460570645248,28.61140727996826,-0.395721435546875,-0.301666259765625,-0.7561492919921875
1773062460580701440,28.621463298797607,-0.3983001708984375,-0.3096923828125,-0.6800994873046875
1773062460590756352,28.631518363952637,-0.400634765625,-0.3092193603515625,-0.5799560546875
1773062460600812544,28.641574382781982,-0.506195068359375,-0.2677459716796875,-0.5426025390625
1773062460610867200,28.651629209518433,-0.5223541259765625,-0.2580718994140625,-0.5891265869140625
1773062460620923392,28.66168522834778,-0.535400390625,-0.2691650390625,-0.61553955078125
1773062460630978304,28.671740293502808,-0.53912353515625,-0.2895050048828125,-0.623046875
1773062460641034240,28.681796312332153,-0.5213623046875,-0.3165740966796875,-0.5894012451171875
1773062460651089408,28.691851377487183,-0.5377349853515625,-0.302215576171875,-0.563873291015625
1773062460661145088,28.70190715789795,-0.566680908203125,-0.2704620361328125,-0.5234832763671875
1773062460671200256,28.71196222305298,-0.5992889404296875,-0.253387451171875,-0.4669036865234375
1773062460681256192,28.722018241882324,-0.6532135009765625,-0.2584381103515625,-0.4631195068359375
1773062460691311360,28.732073307037354,-0.68963623046875,-0.2557830810546875,-0.444427490234375
1773062460701367296,28.7421293258667,-0.6914520263671875,-0.266754150390625,-0.483673095703125
1773062460711422464,28.75218439102173,-0.686492919921875,-0.34442138671875,-0.54461669921875
1773062460721478144,28.762240171432495,-0.6934356689453125,-0.2727813720703125,-0.494964599609375
1773062460731533312,28.772295236587524,-0.698638916015625,-0.1891326904296875,-0.4532928466796875
1773062460741589248,28.78235125541687,-0.72509765625,-0.2427520751953125,-0.3993682861328125
1773062460751644416,28.7924063205719,-0.765472412109375,-0.2440948486328125,-0.3419189453125
1773062460761700352,28.802462339401245,-0.783935546875,-0.2276611328125,-0.3469390869140625
1773062460771755264,28.812517166137695,-0.7734375,-0.255401611328125,-0.3657989501953125
1773062460781811200,28.82257318496704,-0.7740936279296875,-0.260833740234375,-0.34368896484375
1773062460791866368,28.83262825012207,-0.7924652099609375,-0.2437591552734375,-0.3279266357421875
1773062460801921280,28.8426833152771,-0.8052520751953125,-0.2035675048828125,-0.3464508056640625
1773062460811976448,28.85273838043213,-0.7981414794921875,-0.162384033203125,-0.3579559326171875
1773062460822032384,28.862794399261475,-0.802886962890625,-0.1689910888671875,-0.298614501953125
1773062460832087296,28.872849225997925,-0.8389129638671875,-0.1622314453125,-0.2595367431640625
1773062460842143232,28.88290524482727,-0.8486480712890625,-0.1603546142578125,-0.26025390625
1773062460852198400,28.8929603099823,-0.8489227294921875,-0.1778411865234375,-0.23724365234375
1773062460862254336,28.903016328811646,-0.8433380126953125,-0.16162109375,-0.27728271484375
1773062460872309504,28.913071393966675,-0.8318634033203125,-0.1548004150390625,-0.2637939453125
1773062460882365440,28.92312741279602,-0.8325653076171875,-0.1018829345703125,-0.22381591796875
1773062460892420352,28.93318223953247,-0.842254638671875,-0.092132568359375,-0.2041015625
1773062460902476288,28.943238258361816,-0.9092864990234375,-0.1649169921875,-0.1477813720703125
1773062460912531456,28.953293323516846,-0.9474334716796875,-0.121856689453125,-0.1355133056640625
1773062460922586368,28.963348388671875,-0.9169921875,-0.0700225830078125,-0.1903839111328125
1773062460932642560,28.97340440750122,-0.9106292724609375,-0.0987396240234375,-0.21478271484375
1773062460942697216,28.98345923423767,-0.93408203125,-0.1214752197265625,-0.206634521484375
1773062460952753408,28.993515253067017,-0.9529876708984375,-0.1089019775390625,-0.184844970703125
1773062460962808320,29.003570318222046,-0.9064483642578125,-0.037811279296875,-0.18511962890625
1773062460972864512,29.01362633705139,-0.9396209716796875,-0.0029754638671875,-0.2127685546875
1773062460982919424,29.02368140220642,-0.9718475341796875,-0.052154541015625,-0.1381988525390625
1773062460992975360,29.033737421035767,-0.9734954833984375,-0.0045166015625,-0.090179443359375
1773062461003030272,29.043792247772217,-0.983978271484375,0.030426025390625,-0.1368865966796875
1773062461013086208,29.053848266601562,-0.9854888916015625,0.0739898681640625,-0.156585693359375
1773062461023141376,29.063903331756592,-0.984161376953125,0.0643310546875,-0.145172119140625
1773062461033197312,29.073959350585938,-0.9876251220703125,0.0064544677734375,-0.09246826171875
1773062461043252480,29.084014415740967,-1.0241546630859375,0.00665283203125,-0.08209228515625
1773062461053308416,29.094070434570312,-1.0838775634765625,0.031707763671875,-0.0795135498046875
1773062461063363328,29.104125261306763,-1.0866241455078125,0.029205322265625,-0.12176513671875
1773062461073419264,29.11418128013611,-1.078521728515625,0.0005035400390625,-0.1151580810546875
1773062461083474432,29.124236345291138,-1.1124725341796875,0.0397491455078125,-0.1224822998046875
1773062461093530368,29.134292364120483,-1.115875244140625,0.0594482421875,-0.1440582275390625
1773062461103585536,29.144347429275513,-1.1218719482421875,0.0303192138671875,-0.132568359375
1773062461113641216,29.15440320968628,-1.1302032470703125,0.0523681640625,-0.10113525390625
1773062461123696384,29.16445827484131,-1.1483306884765625,0.0919342041015625,-0.0857696533203125
1773062461133752320,29.174514293670654,-1.1263580322265625,0.089996337890625,-0.1223602294921875
1773062461143807488,29.184569358825684,-1.1127777099609375,0.032623291015625,-0.124267578125
1773062461153863424,29.19462537765503,-1.1123046875,0.0338287353515625,-0.1016082763671875
1773062461163918336,29.20468020439148,-1.099395751953125,0.0735626220703125,-0.08135986328125
1773062461173974272,29.214736223220825,-1.0924072265625,0.059783935546875,-0.0740814208984375
1773062461184029440,29.224791288375854,-1.07708740234375,0.0728607177734375,-0.0623626708984375
1773062461194085376,29.2348473072052,-1.054229736328125,0.09173583984375,-0.048828125
1773062461204140544,29.24490237236023,-1.0373077392578125,0.1123199462890625,-0.060394287109375
1773062461214196480,29.254958391189575,-0.9959716796875,0.142181396484375,-0.0566558837890625
1773062461224251392,29.265013217926025,-0.9673004150390625,0.150604248046875,-0.0464324951171875
1773062461234307328,29.27506923675537,-0.9543304443359375,0.1498260498046875,-0.0429840087890625
1773062461244362240,29.2851243019104,-0.9420623779296875,0.131256103515625,-0.03118896484375
1773062461254417408,29.29517936706543,-0.9429473876953125,0.1045684814453125,-0.01422119140625
1773062461264473344,29.305235385894775,-0.9431610107421875,0.1275177001953125,0.0003509521484375
1773062461274528256,29.315290212631226,-0.93304443359375,0.1667938232421875,-0.009552001953125
1773062461284584192,29.32534623146057,-0.911712646484375,0.1693267822265625,-0.0048980712890625
1773062461294639360,29.3354012966156,-0.901153564453125,0.1604461669921875,0.0178985595703125
1773062461304695296,29.345457315444946,-0.9167633056640625,0.1573333740234375,0.0449981689453125
1773062461314750464,29.355512380599976,-0.9246063232421875,0.1530609130859375,0.03955078125
1773062461324806400,29.36556839942932,-0.9338531494140625,0.147430419921875,0.02227783203125
1773062461334861312,29.37562322616577,-0.934478759765625,0.15234375,-0.00140380859375
1773062461344917248,29.385679244995117,-0.933624267578125,0.1632537841796875,-0.0332183837890625
1773062461354972416,29.395734310150146,-0.9327545166015625,0.138458251953125,-0.00946044921875
1773062461365028352,29.405790328979492,-0.953216552734375,0.1144256591796875,0.0107574462890625
1773062461375083520,29.41584539413452,-0.9773712158203125,0.1327667236328125,0.0197906494140625
1773062461385139456,29.425901412963867,-0.991424560546875,0.1391754150390625,0.0128631591796875
1773062461395194368,29.435956239700317,-0.9953155517578125,0.132293701171875,0.0029754638671875
1773062461405250304,29.446012258529663,-1.0006103515625,0.1361083984375,0.0206298828125
1773062461415305472,29.456067323684692,-1.015167236328125,0.1405029296875,0.0187225341796875
1773062461425361408,29.466123342514038,-1.018280029296875,0.124298095703125,0.0002593994140625
1773062461435416576,29.476178407669067,-1.024658203125,0.1059417724609375,-0.0059661865234375
1773062461445472512,29.486234426498413,-1.0373687744140625,0.1334686279296875,0.0032196044921875
1773062461455527424,29.496289253234863,-1.0390625,0.1614837646484375,-0.0025634765625
1773062461465583360,29.50634527206421,-1.0352630615234375,0.1607513427734375,-0.0238189697265625
1773062461475638272,29.51640033721924,-1.0383148193359375,0.1732025146484375,-0.0037384033203125
1773062461485694464,29.526456356048584,-1.0482940673828125,0.17596435546875,0.0271453857421875
1773062461495749376,29.536511421203613,-1.0523834228515625,0.162872314453125,0.0204620361328125
1773062461505805312,29.54656720161438,-1.0491485595703125,0.155548095703125,0.00604248046875
1773062461515860224,29.55662226676941,-1.04339599609375,0.160186767578125,0.0035400390625
1773062461525916416,29.566678285598755,-1.0395355224609375,0.1501617431640625,0.004364013671875
1773062461535971328,29.576733350753784,-1.039947509765625,0.14239501953125,-0.00469970703125
1773062461546027520,29.58678936958313,-1.035186767578125,0.1444091796875,0.00946044921875
1773062461556082432,29.59684443473816,-1.0345611572265625,0.151397705078125,0.02740478515625
1773062461566138368,29.606900215148926,-1.0310821533203125,0.1498870849609375,0.02703857421875
1773062461576193280,29.616955280303955,-1.0285797119140625,0.1284332275390625,0.024505615234375
1773062461586248448,29.627010345458984,-1.0211639404296875,0.13800048828125,0.025604248046875
1773062461596304384,29.63706636428833,-1.0254364013671875,0.1414642333984375,0.0187530517578125
1773062461606359552,29.64712142944336,-1.0294189453125,0.145843505859375,0.0023193359375
1773062461616415232,29.657177209854126,-1.0157623291015625,0.1639251708984375,-0.001220703125
1773062461626470400,29.667232275009155,-1.00726318359375,0.1679229736328125,-0.0032501220703125
1773062461636526336,29.6772882938385,-1.0108489990234375,0.1728973388671875,-0.0179901123046875
1773062461646581504,29.68734335899353,-1.00921630859375,0.155670166015625,-0.0374298095703125
1773062461656637440,29.697399377822876,-1.0058135986328125,0.1168212890625,-0.0133514404296875
1773062461666692352,29.707454204559326,-1.0179290771484375,0.0947113037109375,0.0165863037109375
1773062461676748288,29.717510223388672,-1.02398681640625,0.10760498046875,0.0150146484375
1773062461686803456,29.7275652885437,-1.0255889892578125,0.0968780517578125,0.0086212158203125
1773062461696859392,29.737621307373047,-1.019622802734375,0.0848388671875,0.0074615478515625
1773062461706914304,29.747676372528076,-1.0081634521484375,0.090179443359375,0.0057220458984375
1773062461716970496,29.757732391357422,-0.997772216796875,0.09796142578125,-0.0026397705078125
1773062461727025152,29.767787218093872,-0.999542236328125,0.10797119140625,-0.0016021728515625
1773062461737081344,29.777843236923218,-0.994354248046875,0.1091156005859375,0.0058746337890625
1773062461747136256,29.787898302078247,-0.98382568359375,0.0983123779296875,-0.005889892578125
1773062461757192448,29.797954320907593,-0.9767303466796875,0.0701904296875,-0.0359344482421875
1773062461767247360,29.808009386062622,-0.9790802001953125,0.0599212646484375,-0.0099639892578125
1773062461777303552,29.818065404891968,-0.9907073974609375,0.0850677490234375,0.0107574462890625
1773062461787358208,29.828120231628418,-1.0357513427734375,0.1407012939453125,0.0726470947265625
1773062461797414656,29.838176727294922,-1.0676727294921875,0.2329254150390625,0.1356353759765625
1773062461807469824,29.84823179244995,-1.0662078857421875,0.1272125244140625,0.03973388671875
1773062461817525504,29.858287572860718,-1.0272369384765625,-0.077880859375,-0.0807342529296875
1773062461827580672,29.868342638015747,-0.9954071044921875,-0.1342620849609375,-0.1185455322265625
1773062461837636608,29.878398656845093,-0.96844482421875,-0.0297698974609375,-0.0972137451171875
1773062461847691776,29.888453722000122,-0.9931182861328125,0.0738372802734375,-0.0324249267578125
1773062461857747712,29.898509740829468,-1.040924072265625,0.125457763671875,0.015960693359375
1773062461867802880,29.908564805984497,-1.0523834228515625,0.071624755859375,-0.0043792724609375
1773062461877858560,29.918620586395264,-1.0380401611328125,-0.0008544921875,-0.0105438232421875
1773062461887913728,29.928675651550293,-1.0077362060546875,-0.03338623046875,-0.04156494140625
1773062461897969664,29.93873167037964,-0.9813690185546875,-0.0823822021484375,-0.07342529296875
1773062461908024832,29.948786735534668,-0.9619293212890625,-0.07806396484375,-0.0519256591796875
1773062461918080768,29.958842754364014,-0.960845947265625,-0.0184478759765625,-0.009552001953125
1773062461928135680,29.968897581100464,-0.9837188720703125,0.0085296630859375,0.0005950927734375
1773062461938190592,29.978952646255493,-1.017303466796875,0.002044677734375,-0.0115966796875
1773062461948246784,29.98900866508484,-1.0153656005859375,-0.0442657470703125,-0.066253662109375
1773062461958301696,29.999063730239868,-0.977630615234375,-0.089447021484375,-0.14453125
1773062461968357888,30.009119749069214,-0.908660888671875,-0.10064697265625,-0.193389892578125
1773062461978412544,30.019174575805664,-0.8605804443359375,-0.1115875244140625,-0.2429962158203125
1773062461988468736,30.02923059463501,-0.8213348388671875,-0.106231689453125,-0.3222808837890625
1773062461998523648,30.03928565979004,-0.8108978271484375,-0.05413818359375,-0.2823333740234375
1773062462008579840,30.049341678619385,-0.8602294921875,-0.0365142822265625,-0.2131195068359375
1773062462018634752,30.059396743774414,-0.934326171875,-0.020599365234375,-0.113189697265625
1773062462028690688,30.06945276260376,-0.9779205322265625,0.0090789794921875,-0.0633697509765625
1773062462038745600,30.07950758934021,-1.0128021240234375,-0.0240936279296875,-0.1025543212890625
1773062462048801536,30.089563608169556,-0.984130859375,-0.1142120361328125,-0.2277679443359375
1773062462058856704,30.099618673324585,-0.8983917236328125,-0.1648712158203125,-0.3102874755859375
1773062462068912640,30.10967469215393,-0.84637451171875,-0.1371612548828125,-0.2931671142578125
1773062462078967808,30.11972975730896,-0.8499908447265625,-0.0399017333984375,-0.2400665283203125
1773062462089023744,30.129785776138306,-0.9444427490234375,-0.0114898681640625,-0.22161865234375
1773062462099078656,30.139840602874756,-0.972808837890625,-0.1006622314453125,-0.3135223388671875
1773062462109134592,30.1498966217041,-0.8861541748046875,-0.1424713134765625,-0.3134613037109375
1773062462119189760,30.15995168685913,-0.9049072265625,-0.179534912109375,-0.33587646484375
1773062462129245696,30.170007705688477,-0.923919677734375,-0.10400390625,-0.3197784423828125
1773062462139300864,30.180062770843506,-0.9058685302734375,-0.0358428955078125,-0.3171234130859375
1773062462149356800,30.19011878967285,-0.9445953369140625,-0.124847412109375,-0.3236541748046875
1773062462159411712,30.2001736164093,-0.9595794677734375,-0.169586181640625,-0.3698272705078125
1773062462169467648,30.210229635238647,-0.953521728515625,-0.1157379150390625,-0.3818817138671875
1773062462179522816,30.220284700393677,-0.9233856201171875,0.02215576171875,-0.3826904296875
1773062462189578752,30.230340719223022,-0.8907318115234375,0.0543365478515625,-0.369781494140625
1773062462199633920,30.24039578437805,-0.9420318603515625,-0.0449066162109375,-0.3708648681640625
1773062462209689856,30.250451803207397,-0.9716033935546875,-0.1427764892578125,-0.394561767578125
1773062462219744768,30.260506629943848,-0.9454803466796875,-0.2024383544921875,-0.400482177734375
1773062462229800704,30.270562648773193,-0.90789794921875,-0.1468353271484375,-0.3685150146484375
1773062462239855872,30.280617713928223,-0.92633056640625,-0.0824127197265625,-0.3762969970703125
1773062462249911808,30.29067373275757,-0.96112060546875,-0.0825042724609375,-0.380523681640625
1773062462259966976,30.300728797912598,-0.936126708984375,-0.0584869384765625,-0.3889312744140625
1773062462270022656,30.310784578323364,-0.8920440673828125,-0.0536041259765625,-0.4244537353515625
1773062462280077568,30.320839643478394,-0.8706512451171875,-0.118194580078125,-0.4932098388671875
1773062462290133760,30.33089566230774,-0.834716796875,-0.1708221435546875,-0.5108642578125
1773062462300188672,30.34095072746277,-0.82958984375,-0.1526336669921875,-0.4423980712890625
1773062462310243840,30.351005792617798,-0.8840179443359375,-0.102691650390625,-0.34600830078125
1773062462320299520,30.361061573028564,-0.9440155029296875,-0.07928466796875,-0.308807373046875
1773062462330354688,30.371116638183594,-0.9465484619140625,-0.0802001953125,-0.33404541015625
1773062462340410624,30.38117265701294,-0.88006591796875,-0.0881195068359375,-0.4222259521484375
1773062462350465792,30.39122772216797,-0.833831787109375,-0.1170806884765625,-0.46417236328125
1773062462360521728,30.401283740997314,-0.812164306640625,-0.1226959228515625,-0.5099639892578125
1773062462370576896,30.411338806152344,-0.814239501953125,-0.140716552734375,-0.548492431640625
1773062462380632576,30.42139458656311,-0.8173828125,-0.128265380859375,-0.455535888671875
1773062462390687744,30.43144965171814,-0.8570404052734375,-0.08599853515625,-0.39215087890625
1773062462400743680,30.441505670547485,-0.915191650390625,-0.0778045654296875,-0.37188720703125
1773062462410798848,30.451560735702515,-0.9482269287109375,-0.0687255859375,-0.354522705078125
1773062462420854784,30.46161675453186,-0.90313720703125,-0.05499267578125,-0.469818115234375
1773062462430909696,30.47167158126831,-0.8085784912109375,-0.1159515380859375,-0.5876922607421875
1773062462440965632,30.481727600097656,-0.769866943359375,-0.182220458984375,-0.5710296630859375
1773062462451020800,30.491782665252686,-0.796600341796875,-0.1153411865234375,-0.5099334716796875
1773062462461076736,30.50183868408203,-0.815582275390625,-0.04644775390625,-0.4949951171875
1773062462471131904,30.51189374923706,-0.84185791015625,-0.0548553466796875,-0.4800262451171875
1773062462481187840,30.521949768066406,-0.8751373291015625,-0.0422821044921875,-0.426666259765625
1773062462491242752,30.532004594802856,-0.9012298583984375,-0.0355224609375,-0.3943939208984375
1773062462501298688,30.542060613632202,-0.8759918212890625,-0.0808868408203125,-0.4933013916015625
1773062462511353856,30.55211567878723,-0.7927093505859375,-0.1063690185546875,-0.6015625
1773062462521409792,30.562171697616577,-0.7191009521484375,-0.073272705078125,-0.5959014892578125
1773062462531464704,30.572226762771606,-0.7250213623046875,-0.0521697998046875,-0.5400390625
1773062462541520896,30.582282781600952,-0.8111419677734375,-0.0554962158203125,-0.4760894775390625
1773062462551575552,30.592337608337402,-0.8715667724609375,-0.0492095947265625,-0.436431884765625
1773062462561631744,30.602393627166748,-0.859039306640625,-0.010284423828125,-0.4221954345703125
1773062462571686656,30.612448692321777,-0.8328094482421875,-0.0107574462890625,-0.4787139892578125
1773062462581742848,30.622504711151123,-0.7961273193359375,-0.0447235107421875,-0.590362548828125
1773062462591797760,30.632559776306152,-0.7391510009765625,-0.036651611328125,-0.60382080078125
1773062462601853952,30.642615795135498,-0.742462158203125,-0.0137481689453125,-0.549346923828125
1773062462611908608,30.65267062187195,-0.809600830078125,-0.006622314453125,-0.4869384765625
1773062462621963776,30.662725687026978,-0.844696044921875,-0.0070343017578125,-0.48419189453125
1773062462632019712,30.672781705856323,-0.817962646484375,0.0123748779296875,-0.539764404296875
1773062462642074880,30.682836771011353,-0.78387451171875,0.0257110595703125,-0.58929443359375
1773062462652130816,30.6928927898407,-0.757232666015625,0.0121002197265625,-0.6187896728515625
1773062462662185728,30.70294761657715,-0.747314453125,-0.0066680908203125,-0.62115478515625
1773062462672241664,30.713003635406494,-0.762542724609375,-0.0024261474609375,-0.631561279296875
1773062462682296832,30.723058700561523,-0.80157470703125,-0.001007080078125,-0.6152801513671875
1773062462692352768,30.73311471939087,-0.8056793212890625,0.019927978515625,-0.5735321044921875
1773062462702407936,30.7431697845459,-0.81396484375,0.02386474609375,-0.559844970703125
1773062462712463872,30.753225803375244,-0.8150634765625,-0.008636474609375,-0.579620361328125
1773062462722518784,30.763280630111694,-0.7971343994140625,-0.0201416015625,-0.6124114990234375
1773062462732574720,30.77333664894104,-0.768310546875,-0.01666259765625,-0.6260528564453125
1773062462742629888,30.78339171409607,-0.754364013671875,-0.0183258056640625,-0.6457672119140625
1773062462752685824,30.793447732925415,-0.75091552734375,0.0057373046875,-0.646636962890625
1773062462762740736,30.803502798080444,-0.7458038330078125,0.0297088623046875,-0.647186279296875
1773062462772796672,30.81355857849121,-0.75604248046875,0.058929443359375,-0.632049560546875
1773062462782851584,30.82361364364624,-0.785491943359375,0.03399658203125,-0.59393310546875
1773062462792907776,30.833669662475586,-0.823516845703125,-0.0400848388671875,-0.5849609375
1773062462802962944,30.843724966049194,-0.8048095703125,-0.055633544921875,-0.643280029296875
1773062462813019136,30.85378098487854,-0.74078369140625,-0.025146484375,-0.684967041015625
1773062462823074048,30.86383605003357,-0.72259521484375,-0.0128326416015625,-0.6766510009765625
1773062462833130240,30.873892068862915,-0.7472991943359375,-0.0009307861328125,-0.6759033203125
1773062462843185152,30.883947134017944,-0.76666259765625,0.0127410888671875,-0.6444549560546875
1773062462853241088,30.89400315284729,-0.7641754150390625,0.0175933837890625,-0.751953125
1773062462863296000,30.90405797958374,-0.66162109375,-0.038726806640625,-0.9136505126953125
1773062462873351936,30.914113998413086,-0.658843994140625,-0.18389892578125,-0.74658203125
1773062462883407104,30.924169063568115,-0.7024688720703125,0.038818359375,-0.6474151611328125
1773062462893463040,30.93422508239746,-0.803466796875,0.0307159423828125,-0.6408233642578125
1773062462903518208,30.94428014755249,-0.7965850830078125,-0.0147247314453125,-0.6885528564453125
1773062462913574144,30.954336166381836,-0.723785400390625,0.0420684814453125,-0.67633056640625
1773062462923629056,30.964390993118286,-0.77215576171875,-0.02069091796875,-0.6305389404296875
1773062462933684992,30.974447011947632,-0.8185577392578125,-0.1114501953125,-0.6473388671875
1773062462943740160,30.98450207710266,-0.829864501953125,-0.1846771240234375,-0.710662841796875
1773062462953796096,30.994558095932007,-0.76190185546875,-0.117095947265625,-0.910125732421875
1773062462963851264,31.004613161087036,-0.8316497802734375,-0.0208740234375,-1.7989349365234375
1773062462973905920,31.014667987823486,-1.188262939453125,-0.319580078125,-0.53680419921875
1773062462983962112,31.024724006652832,-1.0558013916015625,-0.1961669921875,-0.61602783203125
1773062462994017024,31.03477907180786,-0.5935516357421875,0.371734619140625,-0.5101470947265625
1773062463004073216,31.044835090637207,-0.7435150146484375,0.0035247802734375,-0.56146240234375
1773062463014128128,31.054890155792236,-0.7654266357421875,-0.194549560546875,-0.6135711669921875
1773062463024184320,31.064946174621582,-0.674041748046875,-0.052276611328125,-0.687408447265625
1773062463034238976,31.075001001358032,-0.6605072021484375,-0.030914306640625,-0.733367919921875
1773062463044295168,31.085057020187378,-0.6769256591796875,-0.066375732421875,-0.653717041015625
1773062463054350080,31.095112085342407,-0.674835205078125,-0.04510498046875,-0.6494140625
1773062463064406272,31.105168104171753,-0.71734619140625,-0.0479583740234375,-0.6507415771484375
1773062463074461184,31.115223169326782,-0.7649688720703125,-0.062042236328125,-0.6520538330078125
1773062463084517120,31.12527894973755,-0.785552978515625,-0.0643463134765625,-0.6408233642578125
1773062463094572032,31.135334014892578,-0.7848358154296875,-0.0822296142578125,-0.62060546875
1773062463104627968,31.145390033721924,-0.774505615234375,-0.074859619140625,-0.6404571533203125
1773062463114683136,31.155445098876953,-0.7562408447265625,-0.0058746337890625,-0.680419921875
1773062463124739072,31.1655011177063,-0.776397705078125,0.0650482177734375,-0.7332611083984375
1773062463134794240,31.175556182861328,-0.7613525390625,-0.1108245849609375,-0.77520751953125
1773062463144849920,31.185611963272095,-0.706329345703125,-0.2888031005859375,-0.7880706787109375
1773062463154905088,31.195667028427124,-0.5510711669921875,-0.2420654296875,-0.60858154296875
1773062463164961024,31.20572304725647,-0.4902496337890625,-0.093597412109375,-0.702667236328125
1773062463175016192,31.2157781124115,-0.462158203125,0.0592193603515625,-0.784759521484375
1773062463185072128,31.225834131240845,-0.6591949462890625,-0.1022796630859375,-0.774200439453125
1773062463195127040,31.235888957977295,-0.7514495849609375,-0.26617431640625,-0.7888641357421875
1773062463205182976,31.24594497680664,-0.685028076171875,-0.145538330078125,-0.7059326171875
1773062463215238144,31.25600004196167,-0.7223358154296875,-0.096435546875,-0.642364501953125
1773062463225294080,31.266056060791016,-0.78948974609375,-0.160858154296875,-0.62823486328125
1773062463235349248,31.276111125946045,-0.743682861328125,-0.1598052978515625,-0.66583251953125
1773062463245405184,31.28616714477539,-0.731201171875,-0.190338134765625,-0.7152862548828125
1773062463255460096,31.29622197151184,-0.6728515625,-0.23236083984375,-0.7287139892578125
1773062463265516032,31.306277990341187,-0.6866607666015625,-0.1905059814453125,-0.8418731689453125
1773062463275571200,31.316333055496216,-0.6884918212890625,-0.11871337890625,-0.70965576171875
1773062463285627136,31.32638907432556,-0.6177215576171875,-0.1323089599609375,-0.8209228515625
1773062463295682304,31.33644413948059,-0.481689453125,-0.154327392578125,-0.7010650634765625
1773062463305736960,31.34649896621704,-0.5464630126953125,-0.1560211181640625,-0.7650146484375
1773062463315793152,31.356554985046387,-0.64801025390625,-0.1985015869140625,-0.701934814453125
1773062463325848064,31.366610050201416,-0.743194580078125,-0.2513427734375,-0.6822357177734375
1773062463335904000,31.37666606903076,-0.68353271484375,-0.1483154296875,-0.691192626953125
1773062463345959168,31.38672113418579,-0.6817169189453125,-0.18402099609375,-0.7034759521484375
1773062463356015104,31.396777153015137,-0.68048095703125,-0.2197723388671875,-0.733062744140625
1773062463366070016,31.406831979751587,-0.655059814453125,-0.208404541015625,-0.75140380859375
1773062463376125952,31.416887998580933,-0.6333465576171875,-0.2180023193359375,-0.762054443359375
1773062463386181120,31.426943063735962,-0.6115264892578125,-0.203857421875,-0.7472991943359375
1773062463396237056,31.436999082565308,-0.6269683837890625,-0.2017364501953125,-0.7304840087890625
1773062463406292224,31.447054147720337,-0.654815673828125,-0.2018280029296875,-0.7257843017578125
1773062463416348160,31.457110166549683,-0.65899658203125,-0.2177581787109375,-0.7270050048828125
1773062463426403072,31.467164993286133,-0.61737060546875,-0.2294769287109375,-0.759368896484375
1773062463436459008,31.47722101211548,-0.583709716796875,-0.226959228515625,-0.76904296875
1773062463446514176,31.487276077270508,-0.590789794921875,-0.2447052001953125,-0.7855072021484375
1773062463456570112,31.497332096099854,-0.6011199951171875,-0.2617950439453125,-0.772918701171875
1773062463466625280,31.507387161254883,-0.593780517578125,-0.228424072265625,-0.7499542236328125
1773062463476681216,31.51744318008423,-0.6265869140625,-0.2331085205078125,-0.6977081298828125
1773062463486736128,31.52749800682068,-0.6593017578125,-0.242218017578125,-0.680694580078125
1773062463496792064,31.537554025650024,-0.65179443359375,-0.22503662109375,-0.6927947998046875
1773062463506847232,31.547609090805054,-0.6356658935546875,-0.2382659912109375,-0.7081756591796875
1773062463516903168,31.5576651096344,-0.6242523193359375,-0.2619476318359375,-0.7207794189453125
1773062463526958336,31.56772017478943,-0.618316650390625,-0.2783050537109375,-0.72894287109375
1773062463537014016,31.577775955200195,-0.6266632080078125,-0.2994842529296875,-0.757720947265625
1773062463547069184,31.587831020355225,-0.6458740234375,-0.2897491455078125,-0.87115478515625
1773062463557125120,31.59788703918457,-0.6388092041015625,-0.2713775634765625,-0.7270355224609375
1773062463567180032,31.6079421043396,-0.601104736328125,-0.23773193359375,-0.697113037109375
1773062463577236224,31.617998123168945,-0.5924224853515625,-0.2332611083984375,-0.7089385986328125
1773062463587290880,31.628052949905396,-0.5888519287109375,-0.28961181640625,-0.71026611328125
1773062463597347072,31.63810896873474,-0.6115264892578125,-0.3169403076171875,-0.70751953125
1773062463607401984,31.64816403388977,-0.59814453125,-0.3033599853515625,-0.7462615966796875
1773062463617458176,31.658220052719116,-0.608612060546875,-0.27728271484375,-0.7519378662109375
1773062463627513088,31.668275117874146,-0.603057861328125,-0.280670166015625,-0.753509521484375
1773062463637568256,31.678330183029175,-0.601654052734375,-0.2937469482421875,-0.788330078125
1773062463647623936,31.68838596343994,-0.5830230712890625,-0.3029022216796875,-0.6941375732421875
1773062463657679104,31.69844102859497,-0.54449462890625,-0.2830810546875,-0.7434539794921875
1773062463667735040,31.708497047424316,-0.555206298828125,-0.2663421630859375,-0.74066162109375
1773062463677790208,31.718552112579346,-0.5613861083984375,-0.275665283203125,-0.739166259765625
1773062463687846144,31.72860813140869,-0.583587646484375,-0.2759857177734375,-0.7332305908203125
1773062463697901056,31.73866295814514,-0.59075927734375,-0.2613983154296875,-0.7449188232421875
1773062463707956992,31.748718976974487,-0.5911102294921875,-0.2524871826171875,-0.7424163818359375
1773062463718012160,31.758774042129517,-0.578582763671875,-0.2535247802734375,-0.753326416015625
1773062463728068096,31.768830060958862,-0.574371337890625,-0.2609100341796875,-0.749725341796875
1773062463738123264,31.77888512611389,-0.57830810546875,-0.2791748046875,-0.738739013671875
1773062463748179200,31.788941144943237,-0.5859375,-0.2929534912109375,-0.732177734375
1773062463758234112,31.798995971679688,-0.5937042236328125,-0.2932586669921875,-0.732757568359375
1773062463768290048,31.809051990509033,-0.593658447265625,-0.2959747314453125,-0.7242279052734375
1773062463778345216,31.819107055664062,-0.5922088623046875,-0.2887420654296875,-0.7192535400390625
1773062463788401152,31.829163074493408,-0.5931549072265625,-0.2723541259765625,-0.7344970703125
1773062463798455808,31.83921766281128,-0.5865020751953125,-0.2560577392578125,-0.7520294189453125
1773062463808511744,31.849273681640625,-0.577850341796875,-0.248199462890625,-0.7492218017578125
1773062463818566912,31.859328746795654,-0.5696563720703125,-0.247467041015625,-0.73236083984375
1773062463828622848,31.869384765625,-0.574462890625,-0.2284088134765625,-0.7178802490234375
1773062463838677760,31.87943983078003,-0.5802459716796875,-0.2168121337890625,-0.7421112060546875
1773062463848733952,31.889495849609375,-0.5740814208984375,-0.2452239990234375,-0.7350921630859375
1773062463858788608,31.899550676345825,-0.55615234375,-0.2562255859375,-0.6571502685546875
1773062463868844800,31.90960669517517,-0.5192108154296875,-0.1603851318359375,-0.7041015625
1773062463878899712,31.9196617603302,-0.5038909912109375,-0.146026611328125,-0.846038818359375
1773062463888955904,31.929717779159546,-0.5591583251953125,-0.1226348876953125,-0.9754791259765625
1773062463899010816,31.939772844314575,-0.62567138671875,0.0055084228515625,-0.8671722412109375
1773062463909067008,31.94982886314392,-0.6616973876953125,0.0231475830078125,-0.928985595703125
1773062463919121664,31.95988368988037,-0.7030029296875,-0.049957275390625,-0.85699462890625
1773062463929177856,31.969939708709717,-0.659210205078125,-0.0590057373046875,-0.805999755859375
1773062463939232768,31.979994773864746,-0.6307525634765625,-0.07098388671875,-0.77374267578125
1773062463949288960,31.990050792694092,-0.6408843994140625,-0.095977783203125,-0.748138427734375
1773062463959343872,32.00010585784912,-0.624420166015625,-0.1197052001953125,-0.73785400390625
1773062463969399808,32.01016187667847,-0.5919036865234375,-0.1305084228515625,-0.785308837890625
1773062463979454720,32.02021670341492,-0.5709686279296875,-0.1390228271484375,-0.8415679931640625
1773062463989509888,32.030271768569946,-0.564117431640625,-0.13330078125,-0.889373779296875
1773062463999565824,32.04032778739929,-0.5448760986328125,-0.1060638427734375,-0.916290283203125
1773062464009620992,32.05038285255432,-0.557373046875,-0.140472412109375,-0.920501708984375
1773062464019676928,32.06043887138367,-0.5527191162109375,-0.15850830078125,-0.852294921875
1773062464029731840,32.07049369812012,-0.5345306396484375,-0.173370361328125,-0.8414306640625
1773062464039787776,32.08054971694946,-0.523651123046875,-0.1707305908203125,-0.8502655029296875
1773062464049842944,32.09060478210449,-0.5196075439453125,-0.1598663330078125,-0.801025390625
1773062464059898880,32.10066080093384,-0.5218658447265625,-0.175628662109375,-0.7899017333984375
1773062464069953792,32.11071586608887,-0.51568603515625,-0.15936279296875,-0.851837158203125
1773062464080009984,32.12077188491821,-0.5138702392578125,-0.159576416015625,-0.8968963623046875
1773062464090064640,32.13082671165466,-0.478912353515625,-0.182769775390625,-0.8665924072265625
1773062464100120832,32.14088273048401,-0.4775390625,-0.2225799560546875,-0.80767822265625
1773062464110175744,32.15093779563904,-0.4752655029296875,-0.2773284912109375,-0.7709197998046875
1773062464120231936,32.160993814468384,-0.414703369140625,-0.29150390625,-0.728546142578125
1773062464130286848,32.17104887962341,-0.4165802001953125,-0.315673828125,-0.741546630859375
1773062464140342784,32.18110466003418,-0.42169189453125,-0.327667236328125,-0.732025146484375
1773062464150397696,32.19115972518921,-0.4090728759765625,-0.3160247802734375,-0.72613525390625
1773062464160453888,32.201215744018555,-0.382568359375,-0.3253173828125,-0.7145538330078125
1773062464170508800,32.211270809173584,-0.3755950927734375,-0.35400390625,-0.6769561767578125
1773062464180564992,32.22132682800293,-0.3471832275390625,-0.3978424072265625,-0.6474151611328125
1773062464190619648,32.23138165473938,-0.3459014892578125,-0.48028564453125,-0.635162353515625
1773062464200675840,32.241437673568726,-0.33990478515625,-0.5452423095703125,-0.621795654296875
1773062464210730752,32.251492738723755,-0.3324127197265625,-0.5700225830078125,-0.6021575927734375
1773062464220786688,32.2615487575531,-0.3318328857421875,-0.5661163330078125,-0.60797119140625
1773062464230841856,32.27160382270813,-0.3326263427734375,-0.5559844970703125,-0.631134033203125
1773062464240897792,32.281659841537476,-0.321258544921875,-0.548248291015625,-0.6624755859375
1773062464250952704,32.291714668273926,-0.293060302734375,-0.5344085693359375,-0.714599609375
1773062464261008640,32.30177068710327,-0.2741241455078125,-0.53790283203125,-0.7609710693359375
1773062464271063808,32.3118257522583,-0.264556884765625,-0.564056396484375,-0.793487548828125
1773062464281119744,32.32188177108765,-0.2626495361328125,-0.6102142333984375,-0.813720703125
1773062464291174912,32.331936836242676,-0.260498046875,-0.6373443603515625,-0.8233489990234375
1773062464301230848,32.34199285507202,-0.267578125,-0.6472015380859375,-0.8336181640625
1773062464311285760,32.35204768180847,-0.2733612060546875,-0.64654541015625,-0.8256378173828125
1773062464321341696,32.36210370063782,-0.2626190185546875,-0.6241912841796875,-0.8387298583984375
1773062464331396864,32.37215876579285,-0.2455902099609375,-0.5923614501953125,-0.903106689453125
1773062464341451776,32.382213830947876,-0.2110595703125,-0.5688629150390625,-0.956817626953125
1773062464351507968,32.39226984977722,-0.1852264404296875,-0.5557403564453125,-0.9782562255859375
1773062464361562624,32.40232467651367,-0.174774169921875,-0.5621185302734375,-0.98992919921875
1773062464371618816,32.41238069534302,-0.1648712158203125,-0.5622100830078125,-0.9632568359375
1773062464381673728,32.42243576049805,-0.1646575927734375,-0.5474700927734375,-0.9456634521484375
1773062464391729920,32.43249177932739,-0.1655120849609375,-0.5249481201171875,-0.9360809326171875
1773062464401784832,32.44254684448242,-0.1679229736328125,-0.50390625,-0.9168853759765625
1773062464411841024,32.45260286331177,-0.1646728515625,-0.50469970703125,-0.9000396728515625
1773062464421895680,32.46265769004822,-0.161041259765625,-0.51580810546875,-0.89263916015625
1773062464431951872,32.47271370887756,-0.1506500244140625,-0.513885498046875,-0.88720703125
1773062464442006784,32.48276877403259,-0.1413421630859375,-0.51287841796875,-0.89385986328125
1773062464452062720,32.49282479286194,-0.1270904541015625,-0.4971160888671875,-0.905853271484375
1773062464462117888,32.50287985801697,-0.1138916015625,-0.4777374267578125,-0.897705078125
1773062464472173824,32.51293587684631,-0.10162353515625,-0.4699859619140625,-0.8785552978515625
1773062464482228736,32.522990703582764,-0.111907958984375,-0.500579833984375,-0.865234375
1773062464492284672,32.53304672241211,-0.0985870361328125,-0.5139923095703125,-0.86773681640625
1773062464502339840,32.54310178756714,-0.072998046875,-0.51715087890625,-0.87469482421875
1773062464512395776,32.553157806396484,-0.0684051513671875,-0.516754150390625,-0.8711395263671875
1773062464522450944,32.563212871551514,-0.0749969482421875,-0.5222320556640625,-0.8529510498046875
1773062464532506880,32.57326889038086,-0.08203125,-0.5308074951171875,-0.8232879638671875
1773062464542561792,32.58332371711731,-0.080169677734375,-0.508087158203125,-0.8079071044921875
1773062464552617728,32.593379735946655,-0.0846710205078125,-0.477630615234375,-0.80712890625
1773062464562672896,32.603434801101685,-0.08966064453125,-0.4745635986328125,-0.8332366943359375
1773062464572728832,32.61349081993103,-0.0811767578125,-0.4696502685546875,-0.86700439453125
1773062464582784000,32.62354588508606,-0.075775146484375,-0.47100830078125,-0.87493896484375
1773062464592839680,32.633601665496826,-0.085296630859375,-0.4862823486328125,-0.86395263671875
1773062464602894848,32.643656730651855,-0.1012725830078125,-0.490936279296875,-0.858306884765625
1773062464612950784,32.6537127494812,-0.1134033203125,-0.4931182861328125,-0.850555419921875
1773062464623005952,32.66376781463623,-0.1216278076171875,-0.5023193359375,-0.8411407470703125
1773062464633061888,32.673823833465576,-0.1177215576171875,-0.5117645263671875,-0.84234619140625
1773062464643116800,32.683878660202026,-0.1118927001953125,-0.5155792236328125,-0.8480377197265625
1773062464653172736,32.69393467903137,-0.1065521240234375,-0.521575927734375,-0.8518524169921875
1773062464663227904,32.7039897441864,-0.1044769287109375,-0.5337371826171875,-0.8571319580078125
1773062464673282816,32.71404480934143,-0.1002197265625,-0.5478363037109375,-0.8722991943359375
1773062464683339008,32.724100828170776,-0.0935211181640625,-0.5596160888671875,-0.8936920166015625
1773062464693393664,32.73415565490723,-0.0877685546875,-0.560760498046875,-0.9212646484375
1773062464703449600,32.74421167373657,-0.0803680419921875,-0.5522003173828125,-0.9252166748046875
1773062464713504768,32.7542667388916,-0.0838775634765625,-0.5548553466796875,-0.9113006591796875
1773062464723560704,32.76432275772095,-0.0972137451171875,-0.5683441162109375,-0.897979736328125
1773062464733615872,32.77437782287598,-0.09991455078125,-0.577178955078125,-0.894622802734375
1773062464743671808,32.78443384170532,-0.0916748046875,-0.5722503662109375,-0.90618896484375
1773062464753726720,32.79448866844177,-0.0827789306640625,-0.5577545166015625,-0.907440185546875
1773062464763782656,32.80454468727112,-0.082122802734375,-0.5641021728515625,-0.9020233154296875
1773062464773837824,32.81459975242615,-0.087432861328125,-0.578338623046875,-0.8978729248046875
1773062464783893760,32.82465577125549,-0.09197998046875,-0.5835723876953125,-0.90216064453125
1773062464793948928,32.83471083641052,-0.0905914306640625,-0.576019287109375,-0.9196929931640625
1773062464804005120,32.84476709365845,-0.0885467529296875,-0.5592803955078125,-0.92474365234375
1773062464814060032,32.8548219203949,-0.0890655517578125,-0.5532989501953125,-0.9274444580078125
1773062464824115968,32.86487793922424,-0.0905303955078125,-0.5520172119140625,-0.9114532470703125
1773062464834171136,32.87493300437927,-0.0945281982421875,-0.5552978515625,-0.89093017578125
1773062464844227072,32.88498902320862,-0.100372314453125,-0.5570220947265625,-0.86297607421875
1773062464854282240,32.89504408836365,-0.1054229736328125,-0.5576934814453125,-0.846954345703125
1773062464864338176,32.90510010719299,-0.1098480224609375,-0.5573577880859375,-0.841522216796875
1773062464874393088,32.91515493392944,-0.1085052490234375,-0.551483154296875,-0.8418121337890625
1773062464884449024,32.92521095275879,-0.109527587890625,-0.54168701171875,-0.8527679443359375
1773062464894504192,32.93526601791382,-0.1133575439453125,-0.5248870849609375,-0.86004638671875
1773062464904560128,32.945322036743164,-0.1153717041015625,-0.514373779296875,-0.8572540283203125
1773062464914615040,32.95537710189819,-0.1162872314453125,-0.51324462890625,-0.850860595703125
1773062464924671232,32.96543312072754,-0.1196441650390625,-0.5070343017578125,-0.8502197265625
1773062464934725888,32.97548794746399,-0.1240692138671875,-0.5019073486328125,-0.8387451171875
1773062464944782080,32.985543966293335,-0.12060546875,-0.4952239990234375,-0.8383636474609375
1773062464954836992,32.995599031448364,-0.111358642578125,-0.500091552734375,-0.8423309326171875
1773062464964893184,33.00565505027771,-0.102142333984375,-0.50048828125,-0.862213134765625
1773062464974948096,33.01571011543274,-0.100311279296875,-0.4920654296875,-0.862762451171875
1773062464985004288,33.025766134262085,-0.109466552734375,-0.4940643310546875,-0.8598785400390625
1773062464995058944,33.035820960998535,-0.126708984375,-0.4908294677734375,-0.87530517578125
1773062465005114112,33.045876026153564,-0.1371917724609375,-0.4815826416015625,-0.903045654296875
1773062465015170048,33.05593204498291,-0.119140625,-0.477142333984375,-0.937835693359375
1773062465025225216,33.06598711013794,-0.0798492431640625,-0.480926513671875,-0.9585723876953125
1773062465035281152,33.076043128967285,-0.04852294921875,-0.4888763427734375,-0.962066650390625
1773062465045336064,33.086097955703735,-0.040618896484375,-0.5048980712890625,-0.9462432861328125
1773062465055392000,33.09615397453308,-0.053985595703125,-0.51104736328125,-0.8836669921875
1773062465065447168,33.10620903968811,-0.0667877197265625,-0.5019073486328125,-0.836334228515625
1773062465075503104,33.116265058517456,-0.08038330078125,-0.4892730712890625,-0.810546875
1773062465085558272,33.126320123672485,-0.084442138671875,-0.48809814453125,-0.82318115234375
1773062465095614208,33.13637614250183,-0.079681396484375,-0.4779052734375,-0.839508056640625
1773062465105669120,33.14643096923828,-0.077728271484375,-0.455535888671875,-0.8420562744140625
1773062465115725056,33.15648698806763,-0.0777435302734375,-0.442535400390625,-0.8438873291015625
1773062465125780224,33.166542053222656,-0.0804901123046875,-0.43829345703125,-0.841705322265625
1773062465135836160,33.176598072052,-0.0809478759765625,-0.4351348876953125,-0.8397216796875
1773062465145891072,33.18665313720703,-0.082855224609375,-0.4418792724609375,-0.8116607666015625
1773062465155947008,33.1967089176178,-0.0881195068359375,-0.4517974853515625,-0.782989501953125
1773062465166001920,33.20676398277283,-0.0869293212890625,-0.455352783203125,-0.775360107421875
1773062465176058112,33.21682000160217,-0.081787109375,-0.456329345703125,-0.780731201171875
1773062465186113024,33.2268750667572,-0.0726776123046875,-0.4590911865234375,-0.7939910888671875
1773062465196169216,33.23693108558655,-0.064849853515625,-0.455780029296875,-0.811767578125
1773062465206223872,33.246985912323,-0.0577239990234375,-0.45220947265625,-0.8241729736328125
1773062465216280064,33.257041931152344,-0.0551910400390625,-0.4518585205078125,-0.84100341796875
1773062465226334976,33.26709699630737,-0.0477447509765625,-0.45166015625,-0.85247802734375
1773062465236391168,33.27715301513672,-0.039398193359375,-0.45556640625,-0.8662872314453125
1773062465246446080,33.28720808029175,-0.0353240966796875,-0.4524688720703125,-0.876007080078125
1773062465256502272,33.297264099121094,-0.0358734130859375,-0.4521942138671875,-0.883056640625
1773062465266556928,33.307318925857544,-0.0351104736328125,-0.456695556640625,-0.8847503662109375
1773062465276613120,33.31737494468689,-0.0280914306640625,-0.454498291015625,-0.8874969482421875
1773062465286668032,33.32743000984192,-0.0224151611328125,-0.4567108154296875,-0.904052734375
1773062465296723968,33.337486028671265,-0.0163116455078125,-0.459320068359375,-0.9044342041015625
1773062465306779136,33.347541093826294,-0.014190673828125,-0.469635009765625,-0.892669677734375
1773062465316835072,33.35759711265564,-0.023284912109375,-0.476470947265625,-0.87579345703125
1773062465326889984,33.36765193939209,-0.035552978515625,-0.47747802734375,-0.86334228515625
1773062465336945920,33.377707958221436,-0.0465850830078125,-0.474578857421875,-0.8584747314453125
1773062465347001088,33.387763023376465,-0.050628662109375,-0.4719696044921875,-0.855682373046875
1773062465357056256,33.397818088531494,-0.0543060302734375,-0.4742279052734375,-0.8521728515625
1773062465367112192,33.40787410736084,-0.0608062744140625,-0.486083984375,-0.8449554443359375
1773062465377167104,33.41792893409729,-0.0652923583984375,-0.4942474365234375,-0.8458251953125
1773062465387223040,33.427984952926636,-0.068634033203125,-0.486724853515625,-0.8484344482421875
1773062465397277952,33.438040018081665,-0.06878662109375,-0.4885101318359375,-0.8420257568359375
1773062465407334144,33.44809603691101,-0.067596435546875,-0.4994354248046875,-0.8363037109375
1773062465417389056,33.45815110206604,-0.0729522705078125,-0.503936767578125,-0.83648681640625
1773062465427445248,33.468207120895386,-0.082611083984375,-0.49749755859375,-0.84722900390625
1773062465437499904,33.478261947631836,-0.08636474609375,-0.486541748046875,-0.85723876953125
1773062465447556096,33.48831796646118,-0.082122802734375,-0.4851837158203125,-0.865936279296875
1773062465457611008,33.49837303161621,-0.07427978515625,-0.489044189453125,-0.868011474609375
1773062465467667200,33.50842905044556,-0.06707763671875,-0.4942626953125,-0.8746490478515625
1773062465477722112,33.518484115600586,-0.05810546875,-0.484222412109375,-0.9032745361328125
1773062465487778304,33.52854013442993,-0.04852294921875,-0.4665985107421875,-0.9082794189453125
1773062465497832960,33.53859496116638,-0.0482635498046875,-0.47906494140625,-0.902435302734375
1773062465507889152,33.54865097999573,-0.0473480224609375,-0.495758056640625,-0.890533447265625
1773062465517944064,33.55870604515076,-0.0481414794921875,-0.4948577880859375,-0.8913421630859375
1773062465528000000,33.5687620639801,-0.0499267578125,-0.4857330322265625,-0.902740478515625
1773062465538055168,33.57881712913513,-0.0489654541015625,-0.4785919189453125,-0.9066162109375
1773062465548110848,33.5888729095459,-0.0495147705078125,-0.4838714599609375,-0.90545654296875
1773062465558166016,33.59892797470093,-0.049652099609375,-0.49932861328125,-0.900665283203125
1773062465568221952,33.60898399353027,-0.0502777099609375,-0.499420166015625,-0.8968658447265625
1773062465578277120,33.6190390586853,-0.054046630859375,-0.4998626708984375,-0.888214111328125
1773062465588333056,33.62909507751465,-0.0603485107421875,-0.505340576171875,-0.8840789794921875
1773062465598388224,33.63915014266968,-0.058685302734375,-0.5058441162109375,-0.87554931640625
1773062465608443904,33.649205923080444,-0.056182861328125,-0.4994049072265625,-0.8679351806640625
1773062465618499072,33.659260988235474,-0.0561370849609375,-0.4967193603515625,-0.855377197265625
1773062465628555008,33.66931700706482,-0.052947998046875,-0.4988861083984375,-0.8562164306640625
1773062465638610176,33.67937207221985,-0.051116943359375,-0.501129150390625,-0.867340087890625
1773062465648666112,33.689428091049194,-0.0473175048828125,-0.498992919921875,-0.8856353759765625
1773062465658721024,33.699482917785645,-0.0435333251953125,-0.4850921630859375,-0.9028472900390625
1773062465668776960,33.70953893661499,-0.0423583984375,-0.4742889404296875,-0.896148681640625
1773062465678832128,33.71959400177002,-0.0487060546875,-0.4809417724609375,-0.88287353515625
1773062465688888064,33.729650020599365,-0.0497283935546875,-0.4877166748046875,-0.872314453125
1773062465698943232,33.739705085754395,-0.0487518310546875,-0.4857177734375,-0.865631103515625
1773062465708997888,33.749759912490845,-0.0515594482421875,-0.47686767578125,-0.8515777587890625
1773062465719054080,33.75981593132019,-0.0557861328125,-0.47784423828125,-0.85498046875
1773062465729108992,33.76987099647522,-0.0495452880859375,-0.4829864501953125,-0.87298583984375
1773062465739165184,33.779927015304565,-0.0388946533203125,-0.4815673828125,-0.8873748779296875
1773062465749220096,33.789982080459595,-0.034271240234375,-0.4790802001953125,-0.891510009765625
1773062465759276032,33.80003809928894,-0.039398193359375,-0.471771240234375,-0.8963165283203125
1773062465769330944,33.81009292602539,-0.0448760986328125,-0.4661102294921875,-0.8964080810546875
1773062465779386880,33.820148944854736,-0.0466461181640625,-0.4638214111328125,-0.8946075439453125
1773062465789442048,33.830204010009766,-0.0420379638671875,-0.462738037109375,-0.8980865478515625
1773062465799498240,33.84026026725769,-0.0376434326171875,-0.4653472900390625,-0.892608642578125
1773062465809553408,33.85031533241272,-0.03466796875,-0.469757080078125,-0.884521484375
1773062465819609344,33.860371351242065,-0.0340728759765625,-0.46319580078125,-0.871246337890625
1773062465829664512,33.870426416397095,-0.033905029296875,-0.4658966064453125,-0.86669921875
1773062465839720192,33.88048219680786,-0.0292510986328125,-0.4687042236328125,-0.8727264404296875
1773062465849775360,33.89053726196289,-0.02777099609375,-0.4703369140625,-0.8779296875
1773062465859831296,33.900593280792236,-0.0321197509765625,-0.4659576416015625,-0.880950927734375
1773062465869886464,33.910648345947266,-0.038726806640625,-0.45733642578125,-0.8785400390625
1773062465879942400,33.92070436477661,-0.04254150390625,-0.45758056640625,-0.86993408203125
1773062465889997568,33.93075942993164,-0.04193115234375,-0.465545654296875,-0.8622894287109375
1773062465900053248,33.94081521034241,-0.0400543212890625,-0.4721832275390625,-0.8638153076171875
1773062465910108416,33.95087027549744,-0.0382843017578125,-0.4610137939453125,-0.861175537109375
1773062465920164352,33.96092629432678,-0.037353515625,-0.4629364013671875,-0.85052490234375
1773062465930219520,33.97098135948181,-0.0386962890625,-0.47332763671875,-0.8488006591796875
1773062465940275456,33.98103737831116,-0.0272064208984375,-0.473907470703125,-0.850311279296875
1773062465950330368,33.99109220504761,-0.0330657958984375,-0.476959228515625,-0.8600006103515625
1773062465960386304,34.00114822387695,-0.0356292724609375,-0.4662322998046875,-0.8573455810546875
1773062465970441216,34.01120328903198,-0.0223846435546875,-0.4650115966796875,-0.857269287109375
1773062465980497408,34.02125930786133,-0.05682373046875,-0.49249267578125,-0.8552703857421875
1773062465990552320,34.03131437301636,0.0023193359375,-0.4440765380859375,-0.8734283447265625
1773062466000608512,34.0413703918457,-0.013885498046875,-0.4754638671875,-0.8995513916015625
1773062466010663168,34.05142521858215,-0.0782623291015625,-0.484619140625,-0.8831787109375
1773062466020719360,34.0614812374115,-0.0190582275390625,-0.4271697998046875,-0.8638458251953125
1773062466030774272,34.07153630256653,-0.02008056640625,-0.4759674072265625,-0.87017822265625
1773062466040830464,34.081592321395874,-0.0380096435546875,-0.47430419921875,-0.8627166748046875
1773062466050885376,34.0916473865509,-0.024169921875,-0.4583282470703125,-0.864532470703125
1773062466060940288,34.10170221328735,-0.0222930908203125,-0.4778594970703125,-0.8738555908203125
1773062466070996224,34.1117582321167,-0.0290069580078125,-0.4832305908203125,-0.8708343505859375
1773062466081051392,34.12181329727173,-0.0332489013671875,-0.478668212890625,-0.873260498046875
1773062466091107328,34.131869316101074,-0.033782958984375,-0.4731597900390625,-0.8791351318359375
1773062466101162496,34.1419243812561,-0.0345306396484375,-0.469757080078125,-0.8785400390625
1773062466111218432,34.15198040008545,-0.0344085693359375,-0.4709930419921875,-0.874847412109375
1773062466121273344,34.1620352268219,-0.0356292724609375,-0.4738006591796875,-0.872802734375
1773062466131329280,34.172091245651245,-0.03424072265625,-0.4704132080078125,-0.8798980712890625
1773062466141384448,34.182146310806274,-0.0337677001953125,-0.465545654296875,-0.884368896484375
1773062466151440384,34.19220232963562,-0.03179931640625,-0.4683837890625,-0.876556396484375
1773062466161495552,34.20225739479065,-0.0295257568359375,-0.4775390625,-0.8706817626953125
1773062466171551488,34.212313413619995,-0.023834228515625,-0.4829559326171875,-0.8772125244140625
1773062466181606400,34.222368240356445,-0.017120361328125,-0.4770355224609375,-0.8935699462890625
1773062466191662336,34.23242425918579,-0.0140533447265625,-0.4675445556640625,-0.901336669921875
1773062466201717504,34.24247932434082,-0.01531982421875,-0.462127685546875,-0.9090118408203125
1773062466211773440,34.252535343170166,-0.014007568359375,-0.461822509765625,-0.9027252197265625
1773062466221828352,34.262590408325195,-0.014801025390625,-0.46905517578125,-0.8912200927734375
1773062466231884544,34.27264642715454,-0.017242431640625,-0.4773101806640625,-0.8811798095703125
1773062466241939200,34.28270125389099,-0.0190277099609375,-0.4762725830078125,-0.8704376220703125
1773062466251995392,34.29275727272034,-0.0230255126953125,-0.471923828125,-0.86590576171875
1773062466262050304,34.302812337875366,-0.02459716796875,-0.4705963134765625,-0.8688507080078125
1773062466272106496,34.31286835670471,-0.0220947265625,-0.4680938720703125,-0.8771514892578125
1773062466282161408,34.32292342185974,-0.017852783203125,-0.469970703125,-0.8793792724609375
1773062466292217344,34.33297920227051,-0.01287841796875,-0.4695892333984375,-0.8835601806640625
1773062466302272256,34.34303426742554,-0.0121612548828125,-0.4637298583984375,-0.8844451904296875
1773062466312328448,34.35309028625488,-0.016204833984375,-0.4612274169921875,-0.8795928955078125
1773062466322383360,34.36314535140991,-0.0176849365234375,-0.464569091796875,-0.87225341796875
1773062466332439296,34.37320137023926,-0.0191650390625,-0.46539306640625,-0.86151123046875
1773062466342494208,34.38325619697571,-0.020660400390625,-0.46514892578125,-0.8504638671875
1773062466352550144,34.393312215805054,-0.0204620361328125,-0.4627685546875,-0.853424072265625
1773062466362605312,34.40336728096008,-0.01397705078125,-0.46307373046875,-0.8680419921875
1773062466372661248,34.41342329978943,-0.004364013671875,-0.46124267578125,-0.878387451171875
1773062466382716416,34.42347836494446,0.0003509521484375,-0.4574432373046875,-0.8839874267578125
1773062466392772352,34.433534383773804,-0.0009307861328125,-0.4560546875,-0.8810882568359375
1773062466402827264,34.443589210510254,-0.00433349609375,-0.4568023681640625,-0.88323974609375
1773062466412883200,34.4536452293396,-0.006988525390625,-0.4594879150390625,-0.8771209716796875
1773062466422938368,34.46370029449463,-0.0099029541015625,-0.4630889892578125,-0.8704833984375
1773062466432994304,34.473756313323975,-0.0116424560546875,-0.4633331298828125,-0.869781494140625
1773062466443049472,34.483811378479004,-0.0139312744140625,-0.4582977294921875,-0.8680877685546875
1773062466453104384,34.493866205215454,-0.012908935546875,-0.4563751220703125,-0.870574951171875
1773062466463160320,34.5039222240448,-0.0103912353515625,-0.45391845703125,-0.883758544921875
1773062466473215232,34.51397728919983,-0.0064697265625,-0.458099365234375,-0.89044189453125
1773062466483271424,34.524033308029175,-0.0068511962890625,-0.46649169921875,-0.8829498291015625
1773062466493326336,34.534088373184204,-0.0101165771484375,-0.4681396484375,-0.8780975341796875
1773062466503382528,34.54414439201355,-0.013916015625,-0.462554931640625,-0.8738555908203125
1773062466513437184,34.55419921875,-0.016937255859375,-0.4580078125,-0.8719024658203125
1773062466523493376,34.564255237579346,-0.016448974609375,-0.4599456787109375,-0.8738250732421875
1773062466533548288,34.574310302734375,-0.0092620849609375,-0.464752197265625,-0.884429931640625
1773062466543604480,34.58436632156372,-0.0028228759765625,-0.4640045166015625,-0.888336181640625
1773062466553659392,34.59442138671875,-0.00445556640625,-0.4614410400390625,-0.8852081298828125
1773062466563715584,34.604477405548096,-0.0057525634765625,-0.4612579345703125,-0.88525390625
1773062466573770240,34.614532232284546,-0.0079498291015625,-0.4622344970703125,-0.882354736328125
1773062466583826176,34.62458825111389,-0.010772705078125,-0.4669952392578125,-0.883331298828125
1773062466593881344,34.63464331626892,-0.015167236328125,-0.4651031494140625,-0.8848114013671875
1773062466603937280,34.64469933509827,-0.0184783935546875,-0.45953369140625,-0.8791351318359375
1773062466613992448,34.654754400253296,-0.01959228515625,-0.459320068359375,-0.87274169921875
1773062466624048384,34.66481041908264,-0.0204620361328125,-0.4618682861328125,-0.874298095703125
1773062466634103296,34.67486524581909,-0.0207366943359375,-0.4637451171875,-0.880889892578125
1773062466644159232,34.68492126464844,-0.0188140869140625,-0.4611968994140625,-0.8820648193359375
1773062466654214400,34.69497632980347,-0.01580810546875,-0.4618988037109375,-0.879852294921875
1773062466664270336,34.70503234863281,-0.0157623291015625,-0.4626312255859375,-0.88885498046875
1773062466674325504,34.71508741378784,-0.0147857666015625,-0.4598846435546875,-0.89971923828125
1773062466684381440,34.72514343261719,-0.01470947265625,-0.458343505859375,-0.900421142578125
1773062466694436352,34.73519825935364,-0.0147857666015625,-0.4532470703125,-0.905792236328125
1773062466704492288,34.74525427818298,-0.01690673828125,-0.450042724609375,-0.9007110595703125
1773062466714547456,34.75530934333801,-0.013519287109375,-0.4562225341796875,-0.8899993896484375
1773062466724603392,34.76536536216736,-0.0128173828125,-0.4590301513671875,-0.8842620849609375
1773062466734658560,34.77542042732239,-0.010009765625,-0.45367431640625,-0.8792877197265625
1773062466744714240,34.785476207733154,-0.0095672607421875,-0.4503173828125,-0.878753662109375
1773062466754769408,34.795531272888184,-0.0079345703125,-0.4492950439453125,-0.8784942626953125
1773062466764824320,34.80558633804321,-0.004425048828125,-0.45458984375,-0.8759307861328125
1773062466774880512,34.81564235687256,-0.0027923583984375,-0.4633941650390625,-0.874359130859375
1773062466784935424,34.82569742202759,-0.001007080078125,-0.465728759765625,-0.8740692138671875
1773062466794991360,34.835753202438354,0.0001068115234375,-0.458282470703125,-0.8759613037109375
1773062466805045248,34.84580731391907,0.0015106201171875,-0.453277587890625,-0.876190185546875
1773062466815101440,34.85586333274841,0.0056915283203125,-0.4560394287109375,-0.878021240234375
1773062466825156352,34.86591839790344,0.0098876953125,-0.4596710205078125,-0.877197265625
1773062466835212544,34.87597441673279,0.0106048583984375,-0.455413818359375,-0.8759002685546875
1773062466845267200,34.88602924346924,0.011871337890625,-0.44903564453125,-0.880889892578125
1773062466855323392,34.896085262298584,0.0150604248046875,-0.4457550048828125,-0.8930816650390625
1773062466865378304,34.90614032745361,0.0215606689453125,-0.4447784423828125,-0.90606689453125
1773062466875434496,34.91619634628296,0.0224609375,-0.4376068115234375,-0.91351318359375
1773062466885489408,34.92625141143799,0.0211639404296875,-0.43310546875,-0.907745361328125
1773062466895545600,34.936307430267334,0.0206146240234375,-0.430755615234375,-0.9022674560546875
1773062466905600256,34.946362257003784,0.020233154296875,-0.429443359375,-0.90008544921875
1773062466915656448,34.95641827583313,0.021392822265625,-0.4311676025390625,-0.894287109375
1773062466925711360,34.96647334098816,0.0176849365234375,-0.4304656982421875,-0.891082763671875
1773062466935767296,34.976529359817505,0.0137176513671875,-0.42669677734375,-0.8877716064453125
1773062466945822464,34.986584424972534,0.01141357421875,-0.41998291015625,-0.8824920654296875
1773062466955878144,34.9966402053833,0.0075531005859375,-0.4134368896484375,-0.88006591796875
1773062466965933312,35.00669527053833,0.00738525390625,-0.4162445068359375,-0.8747406005859375
1773062466975989248,35.016751289367676,0.005950927734375,-0.4226531982421875,-0.8679046630859375
1773062466986044416,35.026806354522705,0.0034942626953125,-0.41851806640625,-0.8728179931640625
1773062466996100352,35.03686237335205,-0.001251220703125,-0.4095916748046875,-0.8782196044921875
1773062467006155264,35.0469172000885,-0.0052032470703125,-0.409820556640625,-0.8802032470703125
1773062467016211200,35.05697321891785,-0.0064697265625,-0.4095916748046875,-0.8874664306640625
1773062467026266368,35.067028284072876,-0.0038299560546875,-0.408477783203125,-0.8991851806640625
1773062467036322304,35.07708430290222,-0.00299072265625,-0.4058380126953125,-0.9055633544921875
1773062467046377472,35.08713936805725,-0.003204345703125,-0.40435791015625,-0.9117279052734375
1773062467056433408,35.0971953868866,-0.0011749267578125,-0.3972625732421875,-0.91680908203125
1773062467066488320,35.10725021362305,0.0016632080078125,-0.4015045166015625,-0.9219512939453125
1773062467076544256,35.11730623245239,0.0051727294921875,-0.4224090576171875,-0.92327880859375
1773062467086599424,35.12736129760742,0.008941650390625,-0.4335479736328125,-0.926025390625
1773062467096655360,35.13741731643677,0.013458251953125,-0.42547607421875,-0.9402923583984375
1773062467106710528,35.1474723815918,0.016357421875,-0.417724609375,-0.9446563720703125
1773062467116765184,35.15752720832825,0.015472412109375,-0.425506591796875,-0.9423675537109375
1773062467126821376,35.16758322715759,0.01446533203125,-0.435821533203125,-0.9368896484375
1773062467136876288,35.17763829231262,0.016693115234375,-0.4410247802734375,-0.935577392578125
1773062467146932480,35.18769431114197,0.0196075439453125,-0.44256591796875,-0.93756103515625
1773062467156987392,35.197749376297,0.021331787109375,-0.442413330078125,-0.9356231689453125
1773062467167043328,35.20780539512634,0.021484375,-0.4387664794921875,-0.9355316162109375
1773062467177098240,35.21786022186279,0.021820068359375,-0.4371337890625,-0.9315185546875
1773062467187154176,35.22791624069214,0.0239715576171875,-0.4414520263671875,-0.9265899658203125
1773062467197209344,35.23797130584717,0.024322509765625,-0.4455413818359375,-0.92022705078125
1773062467207265280,35.248027324676514,0.0241241455078125,-0.441162109375,-0.9195556640625
1773062467217320448,35.25808238983154,0.023040771484375,-0.434326171875,-0.916290283203125
1773062467227376384,35.26813840866089,0.019622802734375,-0.436187744140625,-0.908416748046875
1773062467237431296,35.27819323539734,0.0170135498046875,-0.4456939697265625,-0.894439697265625
1773062467247487232,35.288249254226685,0.0135040283203125,-0.448699951171875,-0.8862457275390625
1773062467257542400,35.298304319381714,0.0095672607421875,-0.4346160888671875,-0.88922119140625
1773062467267598336,35.30836033821106,0.0047149658203125,-0.422119140625,-0.8921661376953125
1773062467277653504,35.31841540336609,0.001739501953125,-0.4250946044921875,-0.8982391357421875
1773062467287709440,35.328471422195435,0.00506591796875,-0.4290313720703125,-0.8991851806640625
1773062467297764352,35.338526248931885,0.0090179443359375,-0.4279937744140625,-0.908111572265625
1773062467307820288,35.34858226776123,0.0079193115234375,-0.415313720703125,-0.907745361328125
1773062467317875456,35.35863733291626,0.0081024169921875,-0.420135498046875,-0.905029296875
1773062467327931392,35.368693351745605,0.0139007568359375,-0.4298095703125,-0.9059600830078125
1773062467337986560,35.378748416900635,0.021575927734375,-0.42803955078125,-0.911468505859375
1773062467348042240,35.3888041973114,0.0203857421875,-0.41607666015625,-0.9133758544921875
1773062467358097408,35.39885926246643,0.01922607421875,-0.411468505859375,-0.91204833984375
1773062467368153344,35.408915281295776,0.0230712890625,-0.4195404052734375,-0.910430908203125
1773062467378208512,35.418970346450806,0.0268707275390625,-0.4291839599609375,-0.9137115478515625
1773062467388264448,35.42902636528015,0.028839111328125,-0.4335174560546875,-0.924163818359375
1773062467398319360,35.43908143043518,0.02679443359375,-0.4240570068359375,-0.9287567138671875
1773062467408375296,35.44913721084595,0.0213165283203125,-0.423553466796875,-0.9132080078125
1773062467418430208,35.45919227600098,0.01611328125,-0.4343109130859375,-0.89813232421875
1773062467428485376,35.469247341156006,0.0178070068359375,-0.4370269775390625,-0.893798828125
1773062467438541312,35.47930335998535,0.0174407958984375,-0.43621826171875,-0.895172119140625
1773062467448596480,35.48935842514038,0.015533447265625,-0.42535400390625,-0.900421142578125
1773062467458652160,35.49941420555115,0.0125579833984375,-0.4214019775390625,-0.89178466796875
1773062467468707328,35.50946927070618,0.0105743408203125,-0.440399169921875,-0.8820037841796875
1773062467478763264,35.51952528953552,0.0068359375,-0.449371337890625,-0.873321533203125
1773062467488818432,35.52958035469055,-0.002044677734375,-0.4358978271484375,-0.8801422119140625
1773062467498874368,35.5396363735199,-0.0098419189453125,-0.42022705078125,-0.8916473388671875
1773062467508929280,35.54969120025635,-0.0113372802734375,-0.4160003662109375,-0.8958740234375
1773062467518985216,35.55974721908569,-0.0094451904296875,-0.41656494140625,-0.901611328125
1773062467529040384,35.56980228424072,-0.0064544677734375,-0.4124298095703125,-0.9054718017578125
1773062467539096320,35.57985830307007,-0.00299072265625,-0.405303955078125,-0.906768798828125
1773062467549151488,35.5899133682251,-0.0021209716796875,-0.40643310546875,-0.907135009765625
1773062467559207424,35.59996938705444,0.0030364990234375,-0.403778076171875,-0.9101409912109375
1773062467569262336,35.610024213790894,0.00750732421875,-0.3981170654296875,-0.91583251953125
1773062467579318272,35.62008023262024,0.0128173828125,-0.39630126953125,-0.9244537353515625
1773062467589373440,35.63013529777527,0.0185089111328125,-0.39556884765625,-0.926544189453125
1773062467599429376,35.640191316604614,0.021942138671875,-0.393218994140625,-0.93096923828125
1773062467609484544,35.650246381759644,0.0243377685546875,-0.3894500732421875,-0.938507080078125
1773062467619540480,35.66030240058899,0.033050537109375,-0.38916015625,-0.9422607421875
1773062467629595392,35.67035722732544,0.038421630859375,-0.396026611328125,-0.94000244140625
1773062467639651328,35.680413246154785,0.0423583984375,-0.401275634765625,-0.936309814453125
1773062467649706240,35.690468311309814,0.0473480224609375,-0.3960723876953125,-0.92938232421875
1773062467659762432,35.70052433013916,0.0519866943359375,-0.394195556640625,-0.9204864501953125
1773062467669817344,35.71057939529419,0.0572662353515625,-0.401092529296875,-0.918548583984375
1773062467679873536,35.720635414123535,0.0637664794921875,-0.405731201171875,-0.9213409423828125
1773062467689928192,35.730690240859985,0.0645599365234375,-0.405426025390625,-0.91363525390625
1773062467699984384,35.74074625968933,0.0619964599609375,-0.4113616943359375,-0.8952484130859375
1773062467710039296,35.75080132484436,0.0523681640625,-0.4149169921875,-0.87542724609375
1773062467720095488,35.760857343673706,0.0402984619140625,-0.4134521484375,-0.8654937744140625
1773062467730150400,35.770912408828735,0.0309295654296875,-0.409332275390625,-0.8585205078125
1773062467740206592,35.78096842765808,0.0219573974609375,-0.4080810546875,-0.8550872802734375
1773062467750261248,35.79102325439453,0.0142974853515625,-0.40350341796875,-0.8486785888671875
1773062467760317440,35.80107927322388,0.00799560546875,-0.4044036865234375,-0.842254638671875
1773062467770372352,35.811134338378906,0.001678466796875,-0.4083099365234375,-0.8430633544921875
1773062467780427520,35.821189403533936,0.0003814697265625,-0.4086456298828125,-0.8481292724609375
1773062467790483456,35.83124542236328,-0.0025787353515625,-0.412139892578125,-0.8597564697265625
1773062467800538624,35.84130048751831,-0.00787353515625,-0.4134521484375,-0.8643798828125
1773062467810594560,35.851356506347656,-0.01666259765625,-0.4180755615234375,-0.871124267578125
1773062467820649728,35.861411571502686,-0.0227813720703125,-0.42584228515625,-0.883270263671875
1773062467830705664,35.87146759033203,-0.0189361572265625,-0.4305572509765625,-0.895599365234375
1773062467840760576,35.88152241706848,-0.012054443359375,-0.434814453125,-0.9014129638671875
1773062467850816512,35.89157843589783,-0.00439453125,-0.43768310546875,-0.91680908203125
1773062467860871680,35.901633501052856,0.00506591796875,-0.4362335205078125,-0.9259490966796875
1773062467870927616,35.9116895198822,0.0102081298828125,-0.441070556640625,-0.931182861328125
1773062467880982528,35.92174458503723,0.0142059326171875,-0.43798828125,-0.9413299560546875
1773062467891038720,35.93180060386658,0.018707275390625,-0.434417724609375,-0.9481353759765625
1773062467901093376,35.94185543060303,0.0235443115234375,-0.438079833984375,-0.9489593505859375
1773062467911149568,35.95191144943237,0.0271148681640625,-0.4410400390625,-0.942413330078125
1773062467921204480,35.9619665145874,0.025848388671875,-0.44183349609375,-0.93951416015625
1773062467931260672,35.97202253341675,0.030181884765625,-0.4437103271484375,-0.934783935546875
1773062467941315584,35.98207759857178,0.0369415283203125,-0.4454193115234375,-0.9283905029296875
1773062467951371776,35.99213361740112,0.041717529296875,-0.44769287109375,-0.9201202392578125
1773062467961426432,36.00218844413757,0.04034423828125,-0.446319580078125,-0.9161834716796875
1773062467971482624,36.01224446296692,0.0382843017578125,-0.4446868896484375,-0.9123077392578125
1773062467981537536,36.02229952812195,0.039581298828125,-0.4413909912109375,-0.915557861328125
1773062467991593472,36.032355546951294,0.0389404296875,-0.4393463134765625,-0.908599853515625
1773062468001648640,36.04241061210632,0.0350494384765625,-0.441986083984375,-0.8953704833984375
1773062468011704576,36.05246663093567,0.0308685302734375,-0.4462890625,-0.8857269287109375
1773062468021759488,36.06252145767212,0.0284881591796875,-0.445098876953125,-0.886962890625
1773062468031815424,36.072577476501465,0.0297088623046875,-0.4354095458984375,-0.892669677734375
1773062468041870592,36.082632541656494,0.0281982421875,-0.4277191162109375,-0.8948974609375
1773062468051926528,36.09268856048584,0.025909423828125,-0.4246673583984375,-0.8933258056640625
1773062468061981696,36.10274362564087,0.023651123046875,-0.42388916015625,-0.8855438232421875
1773062468072037376,36.112799406051636,0.0198974609375,-0.42523193359375,-0.886505126953125
1773062468082092544,36.122854471206665,0.0187835693359375,-0.42108154296875,-0.88677978515625
1773062468092148480,36.13291049003601,0.0149993896484375,-0.41650390625,-0.894012451171875
1773062468102203648,36.14296555519104,0.0125732421875,-0.4107513427734375,-0.8977813720703125
1773062468112259584,36.153021574020386,0.015045166015625,-0.4044647216796875,-0.9022216796875
1773062468122314752,36.163076639175415,0.017913818359375,-0.401092529296875,-0.90716552734375
1773062468132369408,36.173131465911865,0.023406982421875,-0.403472900390625,-0.914886474609375
1773062468142425600,36.18318748474121,0.0252227783203125,-0.4036102294921875,-0.91424560546875
1773062468152480512,36.19324254989624,0.0218963623046875,-0.401397705078125,-0.9102783203125
1773062468162536704,36.203298568725586,0.0211334228515625,-0.4031219482421875,-0.9113922119140625
1773062468172591616,36.213353633880615,0.0205535888671875,-0.40264892578125,-0.9160614013671875
1773062468182647552,36.22340941429138,0.019561767578125,-0.4010009765625,-0.9150543212890625
1773062468192702464,36.23346447944641,0.0184173583984375,-0.401702880859375,-0.910491943359375
1773062468202758656,36.24352049827576,0.0146942138671875,-0.406463623046875,-0.9109954833984375
1773062468212813568,36.253575563430786,0.0189971923828125,-0.40985107421875,-0.9195556640625
1773062468222869760,36.26363158226013,0.0218048095703125,-0.4111480712890625,-0.9246063232421875
1773062468232924416,36.27368640899658,0.0192718505859375,-0.4098968505859375,-0.9168548583984375
1773062468242980608,36.28374242782593,0.0137176513671875,-0.411590576171875,-0.91082763671875
1773062468253035520,36.29379749298096,0.0102386474609375,-0.4107513427734375,-0.906005859375
1773062468263091456,36.3038535118103,0.0102081298828125,-0.4097747802734375,-0.8981170654296875
1773062468273146624,36.31390857696533,0.0059661865234375,-0.415679931640625,-0.88916015625
1773062468283202560,36.32396459579468,0.0015106201171875,-0.419219970703125,-0.8830413818359375
1773062468293257472,36.33401942253113,-0.0009307861328125,-0.4188079833984375,-0.8811187744140625
1773062468303313408,36.344075441360474,-0.002105712890625,-0.4166259765625,-0.890533447265625
1773062468313368576,36.3541305065155,-0.0003814697265625,-0.4133148193359375,-0.8941802978515625
1773062468323424512,36.36418652534485,-0.000732421875,-0.4130706787109375,-0.8950042724609375
1773062468333479680,36.37424159049988,-0.0024261474609375,-0.4108123779296875,-0.894744873046875
1773062468343535616,36.384297609329224,-0.003631591796875,-0.40887451171875,-0.8997955322265625
1773062468353590528,36.394352436065674,-0.0034942626953125,-0.4082489013671875,-0.9022979736328125
1773062468363646464,36.40440845489502,-0.0047149658203125,-0.412384033203125,-0.9019622802734375
1773062468373701632,36.41446352005005,-0.003631591796875,-0.4167938232421875,-0.898651123046875
1773062468383757568,36.424519538879395,0.000335693359375,-0.416412353515625,-0.90447998046875
1773062468393812736,36.434574604034424,0.0021820068359375,-0.412567138671875,-0.9105682373046875
1773062468403868672,36.44463062286377,0.002471923828125,-0.41339111328125,-0.9158172607421875
1773062468413923584,36.45468544960022,0.005218505859375,-0.41448974609375,-0.920166015625
1773062468423979520,36.464741468429565,0.006011962890625,-0.4110565185546875,-0.9213714599609375
1773062468434034688,36.474796533584595,0.0026702880859375,-0.4132080078125,-0.9192657470703125
1773062468444090624,36.48485255241394,0.0011444091796875,-0.416656494140625,-0.920928955078125
1773062468454145792,36.49490761756897,0.003082275390625,-0.4168853759765625,-0.9233856201171875
1773062468464200448,36.50496244430542,0.0058746337890625,-0.4128875732421875,-0.918731689453125
1773062468474256640,36.515018463134766,0.0048370361328125,-0.4149932861328125,-0.9114532470703125
1773062468484311552,36.525073528289795,0.0021820068359375,-0.418792724609375,-0.9093017578125
1773062468494367488,36.53512954711914,0.0017852783203125,-0.4159393310546875,-0.9129791259765625
1773062468504422656,36.54518461227417,0.004913330078125,-0.4109039306640625,-0.91717529296875
1773062468514478592,36.555240631103516,0.0047454833984375,-0.4142608642578125,-0.9116363525390625
1773062468524533504,36.565295457839966,-0.000457763671875,-0.4184112548828125,-0.9100341796875
1773062468534589440,36.57535147666931,-0.0068817138671875,-0.4142303466796875,-0.9133453369140625
1773062468544644608,36.58540654182434,-0.0093841552734375,-0.4068603515625,-0.9149169921875
1773062468554700544,36.59546256065369,-0.0072021484375,-0.406524658203125,-0.913238525390625
1773062468564755712,36.605517625808716,-0.0052490234375,-0.41033935546875,-0.91082763671875
1773062468574811392,36.61557340621948,-0.0024261474609375,-0.41455078125,-0.902587890625
1773062468584866560,36.62562847137451,-0.0005645751953125,-0.4170074462890625,-0.90167236328125
1773062468594922496,36.63568449020386,-0.0012969970703125,-0.416046142578125,-0.8996429443359375
1773062468604977664,36.64573955535889,-0.002838134765625,-0.414947509765625,-0.896026611328125
1773062468615033600,36.65579557418823,-0.006256103515625,-0.4180908203125,-0.8985137939453125
1773062468625088768,36.66585063934326,-0.0024261474609375,-0.4201812744140625,-0.90234375
1773062468635144448,36.67590641975403,0.00390625,-0.4193878173828125,-0.9092559814453125
1773062468645199616,36.68596148490906,0.007537841796875,-0.41943359375,-0.9188232421875
1773062468655255552,36.6960175037384,0.0116729736328125,-0.4179840087890625,-0.9179534912109375
1773062468665310720,36.70607256889343,0.0116424560546875,-0.416534423828125,-0.9097137451171875
1773062468675366656,36.71612858772278,0.0054473876953125,-0.4174652099609375,-0.901123046875
1773062468685421568,36.72618341445923,0.003753662109375,-0.4175262451171875,-0.89569091796875
1773062468695477504,36.736239433288574,0.0079803466796875,-0.4169464111328125,-0.8952789306640625
1773062468705532672,36.7462944984436,0.0069427490234375,-0.4170684814453125,-0.904388427734375
1773062468715588608,36.75635051727295,0.0068359375,-0.41729736328125,-0.905731201171875
1773062468725643520,36.76640558242798,0.007598876953125,-0.4165496826171875,-0.9032745361328125
1773062468735699712,36.776461601257324,0.0062103271484375,-0.415496826171875,-0.9008026123046875
1773062468745754368,36.786516427993774,0.0009002685546875,-0.4125823974609375,-0.8973236083984375
1773062468755810560,36.79657244682312,-0.0021820068359375,-0.4102935791015625,-0.897216796875
1773062468765865472,36.80662751197815,0.0010986328125,-0.4127197265625,-0.89697265625
1773062468775920640,36.81668257713318,0.0049896240234375,-0.4183502197265625,-0.902130126953125
1773062468785976576,36.826738595962524,0.0068206787109375,-0.419158935546875,-0.9040679931640625
1773062468796031488,36.836793422698975,0.0059814453125,-0.4195098876953125,-0.8980255126953125
1773062468806088192,36.84685015678406,0.0019989013671875,-0.4208984375,-0.89404296875
1773062468816143360,36.85690522193909,0.001953125,-0.41436767578125,-0.8955535888671875
1773062468826199296,36.86696124076843,-0.00091552734375,-0.4132080078125,-0.901702880859375
1773062468836254208,36.87701606750488,-0.004425048828125,-0.4154205322265625,-0.903594970703125
1773062468846310144,36.88707208633423,-0.0025787353515625,-0.41485595703125,-0.9053955078125
1773062468856365312,36.89712715148926,-0.0025177001953125,-0.415679931640625,-0.9134368896484375
1773062468866421248,36.9071831703186,-0.000457763671875,-0.4145050048828125,-0.9122161865234375
1773062468876476160,36.91723823547363,0.0001983642578125,-0.41619873046875,-0.9145660400390625
1773062468886532352,36.92729425430298,0.0018157958984375,-0.40997314453125,-0.919158935546875
1773062468896587008,36.93734908103943,0.0036163330078125,-0.407073974609375,-0.918365478515625
1773062468906643200,36.947405099868774,0.0035400390625,-0.4109039306640625,-0.917327880859375
1773062468916698112,36.957460165023804,0.00347900390625,-0.415618896484375,-0.9134368896484375
1773062468926754304,36.96751618385315,0.0039215087890625,-0.414031982421875,-0.9120330810546875
1773062468936809216,36.97757124900818,0.004364013671875,-0.4166107177734375,-0.911041259765625
1773062468946865408,36.987627267837524,0.006378173828125,-0.417510986328125,-0.911956787109375
1773062468956920064,36.997682094573975,0.0096435546875,-0.4167633056640625,-0.9165496826171875
1773062468966976256,37.00773811340332,0.0141143798828125,-0.417083740234375,-0.91217041015625
1773062468977031168,37.01779317855835,0.0110321044921875,-0.4195709228515625,-0.904449462890625
1773062468987087360,37.027849197387695,0.0044708251953125,-0.421478271484375,-0.8992462158203125
1773062468997142272,37.037904262542725,0.0028533935546875,-0.420867919921875,-0.8960723876953125
1773062469007198208,37.04796004295349,0.0028228759765625,-0.4182281494140625,-0.8931427001953125
1773062469017253120,37.05801510810852,0.0010986328125,-0.4210052490234375,-0.88714599609375
1773062469027309056,37.068071126937866,0.000335693359375,-0.426116943359375,-0.880584716796875
1773062469037364224,37.078126192092896,-0.0001678466796875,-0.4297637939453125,-0.883056640625
1773062469047420160,37.08818221092224,-0.0010986328125,-0.4280548095703125,-0.8924560546875
1773062469057475072,37.09823703765869,-0.0001220703125,-0.419921875,-0.8992156982421875
1773062469067531008,37.10829305648804,-0.0002288818359375,-0.4194793701171875,-0.9040374755859375
1773062469077586176,37.118348121643066,0.002716064453125,-0.42230224609375,-0.9055633544921875
1773062469087642112,37.12840414047241,0.002471923828125,-0.4207000732421875,-0.90277099609375
1773062469097697280,37.13845920562744,0.000732421875,-0.4181671142578125,-0.902008056640625
1773062469107752192,37.14851403236389,-0.000274658203125,-0.4189605712890625,-0.901763916015625
1773062469117808128,37.15857005119324,0.0023651123046875,-0.41876220703125,-0.9009246826171875
1773062469127863296,37.16862511634827,0.0016632080078125,-0.423614501953125,-0.8998870849609375
1773062469137919232,37.17868113517761,0.001434326171875,-0.42462158203125,-0.89739990234375
1773062469147974144,37.18873620033264,0.0005645751953125,-0.4216766357421875,-0.8976593017578125
1773062469158030336,37.19879221916199,-0.0010833740234375,-0.417999267578125,-0.9046478271484375
1773062469168084992,37.20884704589844,0.0014190673828125,-0.41448974609375,-0.90386962890625
1773062469178141184,37.21890306472778,0.003509521484375,-0.4182891845703125,-0.8983612060546875
1773062469188196096,37.22895812988281,0.0028839111328125,-0.421142578125,-0.8991851806640625
1773062469198252288,37.23901414871216,0.00146484375,-0.416473388671875,-0.8994293212890625
1773062469208307200,37.24906921386719,0.0012054443359375,-0.41314697265625,-0.9049835205078125
1773062469218363392,37.25912523269653,0.0029144287109375,-0.41351318359375,-0.9130859375
1773062469228418048,37.26918005943298,0.0054779052734375,-0.419219970703125,-0.9114227294921875
1773062469238474240,37.27923607826233,0.008544921875,-0.423309326171875,-0.9132080078125
1773062469248529152,37.28929114341736,0.0100250244140625,-0.4234161376953125,-0.918853759765625
1773062469258585088,37.299347162246704,0.0096282958984375,-0.41796875,-0.9157562255859375
1773062469268640256,37.30940222740173,0.0052490234375,-0.42022705078125,-0.9103546142578125
1773062469278696192,37.31945824623108,0.0010986328125,-0.4232025146484375,-0.9002838134765625
1773062469288751104,37.32951307296753,-0.0002899169921875,-0.4257965087890625,-0.901580810546875
1773062469298807040,37.339569091796875,0.0037078857421875,-0.4290313720703125,-0.9000701904296875
1773062469308862208,37.349624156951904,0.0050811767578125,-0.4314727783203125,-0.89825439453125
1773062469318918144,37.35968017578125,0.0039825439453125,-0.4291229248046875,-0.89727783203125
1773062469328973312,37.36973524093628,0.0009307861328125,-0.425537109375,-0.902435302734375
1773062469339029248,37.379791259765625,0.0023956298828125,-0.4165496826171875,-0.9054412841796875
1773062469349084160,37.389846086502075,0.009490966796875,-0.4189453125,-0.9054107666015625
1773062469359140096,37.39990210533142,0.0113372802734375,-0.432281494140625,-0.90252685546875
1773062469369195264,37.40995717048645,0.0109100341796875,-0.4351348876953125,-0.90283203125
1773062469379251200,37.420013189315796,0.0047607421875,-0.427703857421875,-0.9046630859375
1773062469389306368,37.430068254470825,0.00323486328125,-0.4149017333984375,-0.908355712890625
1773062469399362048,37.44012403488159,0.0059661865234375,-0.414093017578125,-0.900360107421875
1773062469409417216,37.45017910003662,0.0071258544921875,-0.4253997802734375,-0.8978424072265625
1773062469419473152,37.46023511886597,0.0112152099609375,-0.42950439453125,-0.8971710205078125
1773062469429528320,37.470290184020996,0.0077056884765625,-0.4228057861328125,-0.904083251953125
1773062469439584256,37.48034620285034,0.0043487548828125,-0.405975341796875,-0.9139251708984375
1773062469449639424,37.49040126800537,0.0034637451171875,-0.40533447265625,-0.908416748046875
1773062469459694080,37.50045609474182,0.0052032470703125,-0.42291259765625,-0.9039306640625
1773062469469750272,37.51051211357117,0.006927490234375,-0.429107666015625,-0.9046173095703125
1773062469479805184,37.520567178726196,0.0044097900390625,-0.4196624755859375,-0.91131591796875
1773062469489861376,37.53062319755554,0.001800537109375,-0.407073974609375,-0.913665771484375
1773062469499916288,37.54067826271057,-0.00018310546875,-0.4094390869140625,-0.9102020263671875
1773062469509971968,37.55073404312134,-0.0024871826171875,-0.4204254150390625,-0.900177001953125
1773062469520027136,37.56078910827637,-0.0036163330078125,-0.42156982421875,-0.8978729248046875
1773062469530083072,37.57084512710571,-0.007476806640625,-0.4122772216796875,-0.896240234375
1773062469540138240,37.58090019226074,-0.008544921875,-0.417083740234375,-0.9019622802734375
1773062469550194176,37.59095621109009,-0.0020904541015625,-0.4243011474609375,-0.9126434326171875
1773062469560249088,37.60101103782654,-3.0517578125e-05,-0.4267730712890625,-0.917083740234375
1773062469570305024,37.611067056655884,-0.0047607421875,-0.4219818115234375,-0.915374755859375
1773062469580360192,37.62112212181091,-0.00860595703125,-0.4186859130859375,-0.9086151123046875
1773062469590416128,37.63117814064026,-0.00958251953125,-0.4258880615234375,-0.9053192138671875
1773062469600471296,37.64123320579529,-0.00836181640625,-0.4347381591796875,-0.909027099609375
1773062469610527232,37.651289224624634,-0.0079498291015625,-0.43890380859375,-0.909423828125
1773062469620582144,37.661344051361084,-0.0109405517578125,-0.438629150390625,-0.907073974609375
1773062469630638080,37.67140007019043,-0.0041656494140625,-0.4442596435546875,-0.9073333740234375
1773062469640693248,37.68145513534546,0.0070953369140625,-0.4355010986328125,-0.9073944091796875
1773062469650749184,37.691511154174805,-0.0003509521484375,-0.4178314208984375,-0.9140777587890625
1773062469660804352,37.701566219329834,-0.00323486328125,-0.4303741455078125,-0.9014739990234375
1773062469670860288,37.71162223815918,0.001953125,-0.4446868896484375,-0.895172119140625
1773062469680915200,37.72167706489563,0.005340576171875,-0.443145751953125,-0.88726806640625
1773062469690971136,37.731733083724976,0.00396728515625,-0.430572509765625,-0.8895111083984375
1773062469701026304,37.741788148880005,-0.000946044921875,-0.4310302734375,-0.889190673828125
1773062469711082240,37.75184416770935,-0.003173828125,-0.43719482421875,-0.879180908203125
1773062469721137408,37.76189923286438,-0.004974365234375,-0.4362945556640625,-0.881927490234375
1773062469731193344,37.771955251693726,-0.003662109375,-0.42950439453125,-0.8894195556640625
1773062469741248256,37.782010078430176,0.00152587890625,-0.42840576171875,-0.8929901123046875
1773062469751304192,37.79206609725952,0.008148193359375,-0.4324493408203125,-0.8929901123046875
1773062469761359104,37.80212116241455,0.0107421875,-0.43115234375,-0.8920745849609375
1773062469771415296,37.8121771812439,0.0076446533203125,-0.4246368408203125,-0.891998291015625
1773062469781470208,37.822232246398926,0.0041961669921875,-0.4207916259765625,-0.8960418701171875
1773062469791525120,37.832287073135376,0.001251220703125,-0.42327880859375,-0.900787353515625
1773062469801580544,37.842342376708984,-0.0019683837890625,-0.42218017578125,-0.9035491943359375
1773062469811635456,37.852397441864014,-0.004302978515625,-0.4203643798828125,-0.905426025390625
1773062469821691392,37.86245346069336,-0.001983642578125,-0.4180145263671875,-0.8989105224609375
1773062469831746304,37.87250828742981,0.0013885498046875,-0.420989990234375,-0.894073486328125
1773062469841802240,37.882564306259155,0.00079345703125,-0.4200592041015625,-0.8828582763671875
1773062469851857408,37.892619371414185,-0.00286865234375,-0.417572021484375,-0.88238525390625
1773062469861913344,37.90267539024353,-0.006988525390625,-0.415863037109375,-0.8917236328125
1773062469871968512,37.91273045539856,-0.0051116943359375,-0.4170684814453125,-0.8970184326171875
1773062469882024448,37.922786474227905,-0.00543212890625,-0.4217071533203125,-0.895538330078125
1773062469892079360,37.932841300964355,-0.0051116943359375,-0.4243621826171875,-0.89776611328125
1773062469902135296,37.9428973197937,-0.0009613037109375,-0.418670654296875,-0.8960723876953125
1773062469912190464,37.95295238494873,0.0008392333984375,-0.4234466552734375,-0.8917999267578125
1773062469922246400,37.963008403778076,0.0032958984375,-0.4317626953125,-0.887969970703125
1773062469932301568,37.973063468933105,0.0034942626953125,-0.4326934814453125,-0.889984130859375
1773062469942357504,37.98311948776245,0.0016937255859375,-0.435943603515625,-0.8899993896484375
1773062469952412416,37.9931743144989,0.0004425048828125,-0.442413330078125,-0.8934326171875
1773062469962468352,38.00323033332825,0.0015716552734375,-0.4429168701171875,-0.8995819091796875
1773062469972523520,38.013285398483276,0.001434326171875,-0.44146728515625,-0.901641845703125
1773062469982579456,38.02334141731262,-0.000274658203125,-0.4423675537109375,-0.9008331298828125
1773062469992634624,38.03339648246765,-0.00067138671875,-0.44378662109375,-0.898834228515625
1773062470002690560,38.043452501297,0.0035247802734375,-0.446380615234375,-0.9022216796875
1773062470012745472,38.05350732803345,0.00762939453125,-0.4512176513671875,-0.9032745361328125
1773062470022801408,38.06356334686279,0.0078125,-0.4538116455078125,-0.906280517578125
1773062470032856576,38.07361841201782,0.00689697265625,-0.449493408203125,-0.906768798828125
1773062470042912512,38.08367443084717,0.0122222900390625,-0.4444122314453125,-0.9055938720703125
1773062470052967424,38.0937294960022,0.010650634765625,-0.4501190185546875,-0.9019317626953125
1773062470063023616,38.10378551483154,0.0093536376953125,-0.4530029296875,-0.9017181396484375
1773062470073078272,38.11384034156799,0.011077880859375,-0.4486846923828125,-0.9025726318359375
1773062470083133440,38.12389540672302,0.01336669921875,-0.44683837890625,-0.901336669921875
1773062470093189376,38.13395142555237,0.01470947265625,-0.4500732421875,-0.8972930908203125
1773062470103244544,38.1440064907074,0.017913818359375,-0.4518585205078125,-0.8928680419921875
1773062470113300480,38.15406250953674,0.0166473388671875,-0.44964599609375,-0.8926849365234375
1773062470123355392,38.16411733627319,0.0143280029296875,-0.443389892578125,-0.8921661376953125
1773062470133411328,38.17417335510254,0.0158538818359375,-0.4400634765625,-0.88873291015625
1773062470143466496,38.18422842025757,0.0154876708984375,-0.4390869140625,-0.8909454345703125
1773062470153522432,38.194284439086914,0.0165557861328125,-0.4373931884765625,-0.891448974609375
1773062470163577600,38.20433950424194,0.019073486328125,-0.4352569580078125,-0.890472412109375
1773062470173633280,38.21439528465271,0.0204010009765625,-0.4370269775390625,-0.896759033203125
1773062470183688448,38.22445034980774,0.022613525390625,-0.4374542236328125,-0.8956146240234375
1773062470193744384,38.234506368637085,0.0194244384765625,-0.431915283203125,-0.89520263671875
1773062470203799552,38.244561433792114,0.0175628662109375,-0.4251861572265625,-0.89251708984375
1773062470213855488,38.25461745262146,0.01666259765625,-0.4256744384765625,-0.8905029296875
1773062470223910656,38.26467251777649,0.0194091796875,-0.427398681640625,-0.8909759521484375
1773062470233966336,38.274728298187256,0.0189971923828125,-0.4272003173828125,-0.8944244384765625
1773062470244021504,38.284783363342285,0.01812744140625,-0.4282073974609375,-0.89532470703125
1773062470254077440,38.29483938217163,0.0175018310546875,-0.4316558837890625,-0.892974853515625
1773062470264132608,38.30489444732666,0.0182037353515625,-0.4329986572265625,-0.89337158203125
1773062470274188544,38.314950466156006,0.01922607421875,-0.430328369140625,-0.896209716796875
1773062470284243456,38.325005292892456,0.0185699462890625,-0.4296875,-0.8936309814453125
1773062470294299392,38.3350613117218,0.017120361328125,-0.43402099609375,-0.891693115234375
1773062470304354304,38.34511637687683,0.0157318115234375,-0.4371337890625,-0.8956146240234375
1773062470314410496,38.35517239570618,0.0170135498046875,-0.4375762939453125,-0.89312744140625
1773062470324465408,38.365227460861206,0.0171051025390625,-0.44097900390625,-0.887603759765625
1773062470334521600,38.37528347969055,0.01641845703125,-0.4419097900390625,-0.8847503662109375
1773062470344576256,38.385338306427,0.017059326171875,-0.4431304931640625,-0.882537841796875
1773062470354632448,38.39539432525635,0.0176239013671875,-0.4429779052734375,-0.8819580078125
1773062470364687360,38.40544939041138,0.021453857421875,-0.4437103271484375,-0.881317138671875
1773062470374743552,38.41550540924072,0.0237274169921875,-0.4434814453125,-0.879730224609375
1773062470384798464,38.42556047439575,0.026031494140625,-0.4455413818359375,-0.8814697265625
1773062470394854656,38.4356164932251,0.0284271240234375,-0.4443206787109375,-0.886077880859375
1773062470404909312,38.44567131996155,0.0335693359375,-0.4442596435546875,-0.89208984375
1773062470414964480,38.45572638511658,0.03912353515625,-0.4499969482421875,-0.89898681640625
1773062470425020416,38.46578240394592,0.0441436767578125,-0.4500274658203125,-0.9067230224609375
1773062470435075584,38.47583746910095,0.043121337890625,-0.44818115234375,-0.9073028564453125
1773062470445131520,38.4858934879303,0.04071044921875,-0.4492645263671875,-0.901611328125
1773062470455186432,38.49594831466675,0.0403594970703125,-0.4490966796875,-0.9026031494140625
1773062470465242368,38.506004333496094,0.0376129150390625,-0.4470367431640625,-0.908477783203125
1773062470475297536,38.51605939865112,0.0358734130859375,-0.4456939697265625,-0.91302490234375
1773062470485353472,38.52611541748047,0.0357666015625,-0.4459686279296875,-0.9069366455078125
1773062470495408640,38.5361704826355,0.0323486328125,-0.4483795166015625,-0.8974456787109375
1773062470505464576,38.546226501464844,0.0324859619140625,-0.452239990234375,-0.8972320556640625
1773062470515519488,38.556281328201294,0.0319976806640625,-0.452056884765625,-0.898651123046875
1773062470525575424,38.56633734703064,0.029815673828125,-0.4489593505859375,-0.8982391357421875
1773062470535630592,38.57639241218567,0.025909423828125,-0.4482879638671875,-0.892181396484375
1773062470545686528,38.586448431015015,0.0238494873046875,-0.447662353515625,-0.8889007568359375
1773062470555741440,38.596503496170044,0.021575927734375,-0.4467926025390625,-0.88690185546875
1773062470565797632,38.60655951499939,0.0241546630859375,-0.4455718994140625,-0.88507080078125
1773062470575852288,38.61661434173584,0.027618408203125,-0.4515838623046875,-0.8771514892578125
1773062470585908480,38.626670360565186,0.02691650390625,-0.45489501953125,-0.8702239990234375
1773062470595963392,38.636725425720215,0.027923583984375,-0.4484405517578125,-0.87518310546875
1773062470606019584,38.64678144454956,0.0273590087890625,-0.440155029296875,-0.8839111328125
1773062470616074496,38.65683650970459,0.0268096923828125,-0.440155029296875,-0.8814544677734375
1773062470626130432,38.666892290115356,0.023406982421875,-0.44305419921875,-0.87933349609375
1773062470636185344,38.676947355270386,0.0199432373046875,-0.44305419921875,-0.88348388671875
1773062470646241536,38.68700337409973,0.0201568603515625,-0.437744140625,-0.8885345458984375
1773062470656296448,38.69705843925476,0.021820068359375,-0.433929443359375,-0.888824462890625
1773062470666352384,38.707114458084106,0.021026611328125,-0.433685302734375,-0.8903350830078125
1773062470676407296,38.71716928482056,0.020721435546875,-0.435394287109375,-0.8875274658203125
1773062470686463232,38.7272253036499,0.0240020751953125,-0.4387054443359375,-0.890625
1773062470696518400,38.73728036880493,0.02716064453125,-0.437042236328125,-0.8930206298828125
1773062470706574336,38.74733638763428,0.0258026123046875,-0.4359130859375,-0.8953857421875
1773062470716629504,38.75739145278931,0.024444580078125,-0.436492919921875,-0.898773193359375
1773062470726685440,38.76744747161865,0.0272979736328125,-0.439544677734375,-0.90771484375
1773062470736740352,38.7775022983551,0.0315093994140625,-0.446441650390625,-0.906646728515625
1773062470746795520,38.78755736351013,0.027252197265625,-0.4524383544921875,-0.90155029296875
1773062470756851456,38.79761338233948,0.023773193359375,-0.4519195556640625,-0.8939056396484375
1773062470766906624,38.80766844749451,0.0245361328125,-0.4508819580078125,-0.8886260986328125
1773062470776962560,38.81772446632385,0.027740478515625,-0.4512481689453125,-0.8829345703125
1773062470787017472,38.8277792930603,0.0267486572265625,-0.455841064453125,-0.8760986328125
1773062470797073408,38.83783531188965,0.0276947021484375,-0.4588470458984375,-0.87384033203125
1773062470807128832,38.847890853881836,0.0305328369140625,-0.459197998046875,-0.8783721923828125
1773062470817185024,38.85794687271118,0.0325775146484375,-0.4595489501953125,-0.884063720703125
1773062470827239936,38.86800193786621,0.03485107421875,-0.4600372314453125,-0.8823394775390625
1773062470837296128,38.87805795669556,0.03265380859375,-0.4583587646484375,-0.8783416748046875
1773062470847350784,38.88811278343201,0.031494140625,-0.4559173583984375,-0.875274658203125
1773062470857406976,38.89816880226135,0.0336761474609375,-0.45330810546875,-0.8803863525390625
1773062470867461888,38.90822386741638,0.034149169921875,-0.4512481689453125,-0.886260986328125
1773062470877517824,38.91827988624573,0.0368804931640625,-0.4511566162109375,-0.89190673828125
1773062470887572992,38.92833495140076,0.038177490234375,-0.448822021484375,-0.8983612060546875
1773062470897628928,38.9383909702301,0.0386505126953125,-0.444244384765625,-0.89324951171875
1773062470907683840,38.94844579696655,0.039093017578125,-0.44635009765625,-0.8867034912109375
1773062470917739776,38.9585018157959,0.041015625,-0.4481964111328125,-0.884033203125
1773062470927794944,38.96855688095093,0.042999267578125,-0.45025634765625,-0.8871917724609375
1773062470937850880,38.97861289978027,0.0409088134765625,-0.4466094970703125,-0.8911895751953125
1773062470947906048,38.9886679649353,0.0376434326171875,-0.4443817138671875,-0.894195556640625
1773062470957961984,38.99872398376465,0.033660888671875,-0.447906494140625,-0.8927764892578125
1773062470968016896,39.0087788105011,0.031341552734375,-0.4534912109375,-0.8873291015625
1773062470978072832,39.018834829330444,0.0332183837890625,-0.4550933837890625,-0.8849029541015625
1773062470988128000,39.028889894485474,0.0313720703125,-0.4537811279296875,-0.88330078125
1773062470998183936,39.03894591331482,0.0304718017578125,-0.451934814453125,-0.878570556640625
1773062471008239104,39.04900097846985,0.028533935546875,-0.45318603515625,-0.875518798828125
1773062471018295040,39.059056997299194,0.03021240234375,-0.45831298828125,-0.8775482177734375
1773062471028349952,39.069111824035645,0.0323944091796875,-0.4604339599609375,-0.884033203125
1773062471038405888,39.07916784286499,0.0316925048828125,-0.4542083740234375,-0.889007568359375
1773062471048461056,39.08922290802002,0.0288848876953125,-0.45574951171875,-0.8875732421875
1773062471058516992,39.099278926849365,0.02886962890625,-0.461090087890625,-0.8812713623046875
1773062471068572160,39.109333992004395,0.027130126953125,-0.46514892578125,-0.87420654296875
1773062471078626816,39.119388818740845,0.02581787109375,-0.461456298828125,-0.8804473876953125
1773062471088683008,39.12944483757019,0.029205322265625,-0.4568939208984375,-0.8896331787109375
1773062471098737920,39.13949990272522,0.0334014892578125,-0.4553375244140625,-0.891387939453125
1773062471108793856,39.149555921554565,0.033966064453125,-0.4605560302734375,-0.8877105712890625
1773062471118849024,39.159610986709595,0.033050537109375,-0.46173095703125,-0.889373779296875
1773062471128904960,39.16966700553894,0.03338623046875,-0.46087646484375,-0.8889312744140625
1773062471138959872,39.17972183227539,0.0349578857421875,-0.4569091796875,-0.8895263671875
1773062471149015808,39.189777851104736,0.0345611572265625,-0.455047607421875,-0.8905792236328125
1773062471159070976,39.199832916259766,0.0321044921875,-0.455230712890625,-0.895660400390625
1773062471169126912,39.20988893508911,0.0313568115234375,-0.45245361328125,-0.9044189453125
1773062471179182080,39.21994400024414,0.0312652587890625,-0.44622802734375,-0.9025421142578125
1773062471189237760,39.22999978065491,0.0294036865234375,-0.4493560791015625,-0.8918304443359375
1773062471199292928,39.24005484580994,0.030548095703125,-0.4589080810546875,-0.8822174072265625
1773062471209348864,39.25011086463928,0.03228759765625,-0.46356201171875,-0.8792724609375
1773062471219404032,39.26016592979431,0.030975341796875,-0.457183837890625,-0.8835296630859375
1773062471229459968,39.27022194862366,0.0310211181640625,-0.44561767578125,-0.8809356689453125
1773062471239515136,39.28027701377869,0.02911376953125,-0.452972412109375,-0.8811187744140625
1773062471249570816,39.29033279418945,0.03167724609375,-0.4596710205078125,-0.8844146728515625
1773062471259625984,39.30038785934448,0.0344696044921875,-0.4568023681640625,-0.8871307373046875
1773062471269681920,39.31044387817383,0.0330963134765625,-0.4481964111328125,-0.889801025390625
1773062471279737088,39.32049894332886,0.03271484375,-0.443939208984375,-0.8813018798828125
1773062471289793024,39.3305549621582,0.031646728515625,-0.4566192626953125,-0.87835693359375
1773062471299847936,39.34060978889465,0.035125732421875,-0.46234130859375,-0.879119873046875
1773062471309903872,39.350665807724,0.036163330078125,-0.4576568603515625,-0.88177490234375
1773062471319959040,39.36072087287903,0.03216552734375,-0.45025634765625,-0.8927001953125
1773062471330014976,39.370776891708374,0.032470703125,-0.443450927734375,-0.88946533203125
1773062471340069888,39.3808319568634,0.0337982177734375,-0.4547119140625,-0.8756561279296875
1773062471350126080,39.39088797569275,0.03509521484375,-0.4673309326171875,-0.8735809326171875
1773062471360180736,39.4009428024292,0.0379180908203125,-0.462310791015625,-0.881591796875
1773062471370235904,39.41099786758423,0.0389251708984375,-0.4553375244140625,-0.8890838623046875
1773062471380291840,39.421053886413574,0.03826904296875,-0.4509124755859375,-0.88909912109375
1773062471390347008,39.4311089515686,0.0368194580078125,-0.458099365234375,-0.8860931396484375
1773062471400402944,39.44116497039795,0.0389556884765625,-0.466522216796875,-0.8860931396484375
1773062471410457856,39.4512197971344,0.0394287109375,-0.466400146484375,-0.8835601806640625
1773062471420513792,39.461275815963745,0.03704833984375,-0.46307373046875,-0.8764801025390625
1773062471430568960,39.471330881118774,0.034820556640625,-0.4614715576171875,-0.8684844970703125
1773062471440624896,39.48138689994812,0.035919189453125,-0.461578369140625,-0.8657379150390625
1773062471450680064,39.49144196510315,0.03656005859375,-0.4598236083984375,-0.86077880859375
1773062471460736000,39.501497983932495,0.0382232666015625,-0.4630279541015625,-0.865142822265625
1773062471470790912,39.511552810668945,0.0455780029296875,-0.46710205078125,-0.8773956298828125
1773062471480846848,39.52160882949829,0.04547119140625,-0.4622344970703125,-0.8867034912109375
1773062471490902016,39.53166389465332,0.039337158203125,-0.4540252685546875,-0.8814697265625
1773062471500957952,39.541719913482666,0.0358428955078125,-0.45562744140625,-0.8905029296875
1773062471511013120,39.551774978637695,0.0403594970703125,-0.4577484130859375,-0.897613525390625
1773062471521069056,39.56183099746704,0.0400543212890625,-0.458587646484375,-0.8952484130859375
1773062471531123968,39.57188582420349,0.03631591796875,-0.4559478759765625,-0.895904541015625
1773062471541179904,39.58194184303284,0.0339508056640625,-0.453155517578125,-0.8941497802734375
1773062471551235072,39.591996908187866,0.0351104736328125,-0.4568634033203125,-0.8896636962890625
1773062471561291008,39.60205292701721,0.0366363525390625,-0.4571685791015625,-0.88543701171875
1773062471571345920,39.61210799217224,0.0386962890625,-0.459716796875,-0.887908935546875
1773062471581402112,39.62216401100159,0.041259765625,-0.4570770263671875,-0.8929595947265625
1773062471591456768,39.63221883773804,0.0386962890625,-0.4539337158203125,-0.8965301513671875
1773062471601512960,39.64227485656738,0.0353240966796875,-0.4540863037109375,-0.8978118896484375
1773062471611567872,39.65232992172241,0.03515625,-0.4554443359375,-0.8940582275390625
1773062471621624064,39.66238594055176,0.0364227294921875,-0.4610595703125,-0.8931427001953125
1773062471631678976,39.67244100570679,0.039154052734375,-0.46343994140625,-0.8957672119140625
1773062471641734912,39.682496786117554,0.0407257080078125,-0.458251953125,-0.89556884765625
1773062471651789824,39.69255185127258,0.0387115478515625,-0.4584197998046875,-0.8892974853515625
1773062471661844992,39.70260691642761,0.0376739501953125,-0.4566802978515625,-0.8850555419921875
1773062471671900928,39.71266293525696,0.0353851318359375,-0.4563140869140625,-0.8864288330078125
1773062471681956096,39.72271800041199,0.0391387939453125,-0.460235595703125,-0.882232666015625
1773062471692011776,39.732773780822754,0.0371551513671875,-0.46337890625,-0.8748321533203125
1773062471702066944,39.74282884597778,0.035614013671875,-0.459442138671875,-0.878875732421875
1773062471712122880,39.75288486480713,0.0368804931640625,-0.456695556640625,-0.883544921875
1773062471722178048,39.76293992996216,0.0373992919921875,-0.45599365234375,-0.8822479248046875
1773062471732233984,39.772995948791504,0.0358428955078125,-0.459259033203125,-0.879058837890625
1773062471742289152,39.78305101394653,0.03680419921875,-0.4616851806640625,-0.878326416015625
1773062471752344832,39.7931067943573,0.03704833984375,-0.4616241455078125,-0.875091552734375
1773062471762400000,39.80316185951233,0.0352325439453125,-0.459930419921875,-0.874542236328125
1773062471772455936,39.813217878341675,0.0363922119140625,-0.45782470703125,-0.877349853515625
1773062471782511104,39.823272943496704,0.0377349853515625,-0.4564208984375,-0.879302978515625
1773062471792567040,39.83332896232605,0.036346435546875,-0.4592742919921875,-0.8806915283203125
1773062471802622208,39.84338426589966,0.03619384765625,-0.457183837890625,-0.88275146484375
1773062471812678400,39.853440284729004,0.0355377197265625,-0.4565582275390625,-0.8874053955078125
1773062471822733312,39.86349534988403,0.037628173828125,-0.454803466796875,-0.8855133056640625
1773062471832789504,39.87355136871338,0.036834716796875,-0.4592132568359375,-0.886566162109375
1773062471842844416,39.88360643386841,0.03656005859375,-0.4597015380859375,-0.886962890625
1773062471852900352,39.893662214279175,0.0364227294921875,-0.4574432373046875,-0.882476806640625
1773062471862955264,39.903717279434204,0.035369873046875,-0.4590911865234375,-0.8813018798828125
1773062471873011456,39.91377329826355,0.03564453125,-0.4590911865234375,-0.8842620849609375
1773062471883066368,39.92382836341858,0.0369110107421875,-0.4615020751953125,-0.884918212890625
1773062471893122560,39.933884382247925,0.0357208251953125,-0.460968017578125,-0.883758544921875
1773062471903177216,39.943939208984375,0.0333709716796875,-0.4564971923828125,-0.8829193115234375
1773062471913233408,39.95399522781372,0.0316162109375,-0.455291748046875,-0.881561279296875
1773062471923288320,39.96405029296875,0.0327606201171875,-0.4557647705078125,-0.882659912109375
1773062471933344256,39.974106311798096,0.03302001953125,-0.4559173583984375,-0.8839874267578125
1773062471943399424,39.984161376953125,0.03399658203125,-0.45672607421875,-0.8855743408203125
1773062471953454336,39.994216203689575,0.034698486328125,-0.456268310546875,-0.88702392578125
1773062471963510272,40.00427222251892,0.0313720703125,-0.4549407958984375,-0.8915252685546875
1773062471973565440,40.01432728767395,0.03387451171875,-0.4536895751953125,-0.8892669677734375
1773062471983621376,40.024383306503296,0.032562255859375,-0.45574951171875,-0.8865814208984375
1773062471993676544,40.034438371658325,0.0342254638671875,-0.4557647705078125,-0.888092041015625
1773062472003732480,40.04449439048767,0.0352630615234375,-0.455718994140625,-0.8919219970703125
1773062472013787392,40.05454921722412,0.0358734130859375,-0.453277587890625,-0.8926544189453125
1773062472023843328,40.06460523605347,0.0346221923828125,-0.4578094482421875,-0.8836212158203125
1773062472033898240,40.074660301208496,0.030364990234375,-0.46270751953125,-0.8805389404296875
1773062472043954432,40.08471632003784,0.029754638671875,-0.46307373046875,-0.881103515625
1773062472054009344,40.09477138519287,0.0311126708984375,-0.4591064453125,-0.883758544921875
1773062472064065536,40.10482740402222,0.032684326171875,-0.4579010009765625,-0.88616943359375
1773062472074120192,40.11488223075867,0.03460693359375,-0.4614715576171875,-0.885528564453125
1773062472084176384,40.12493824958801,0.0352325439453125,-0.463348388671875,-0.883880615234375
1773062472094231296,40.13499331474304,0.03582763671875,-0.4600372314453125,-0.8851165771484375
1773062472104287488,40.14504933357239,0.0392608642578125,-0.45947265625,-0.8812713623046875
1773062472114342400,40.15510439872742,0.03692626953125,-0.4610595703125,-0.8735504150390625
1773062472124398592,40.16516041755676,0.0338592529296875,-0.4604949951171875,-0.8710174560546875
1773062472134453248,40.17521524429321,0.031951904296875,-0.4564971923828125,-0.8749542236328125
1773062472144509440,40.18527126312256,0.03253173828125,-0.4571685791015625,-0.87860107421875
1773062472154564352,40.19532632827759,0.0369873046875,-0.457977294921875,-0.8834228515625
1773062472164620288,40.205382347106934,0.0376739501953125,-0.4585723876953125,-0.8840179443359375
1773062472174675456,40.21543741226196,0.03607177734375,-0.4569244384765625,-0.8803863525390625
1773062472184731392,40.22549343109131,0.03399658203125,-0.4563751220703125,-0.8780517578125
1773062472194786304,40.23554825782776,0.0345916748046875,-0.4579620361328125,-0.878692626953125
1773062472204842240,40.245604276657104,0.03887939453125,-0.45867919921875,-0.8772125244140625
1773062472214897408,40.255659341812134,0.0381927490234375,-0.458740234375,-0.8779144287109375
1773062472224953344,40.26571536064148,0.0381622314453125,-0.459564208984375,-0.879486083984375
1773062472235008512,40.27577042579651,0.041046142578125,-0.4588623046875,-0.8841400146484375
1773062472245064192,40.285826206207275,0.0429534912109375,-0.4593353271484375,-0.8930511474609375
1773062472255119360,40.295881271362305,0.044342041015625,-0.460205078125,-0.896148681640625
1773062472265175296,40.30593729019165,0.0440673828125,-0.45880126953125,-0.894805908203125
1773062472275230464,40.31599235534668,0.042327880859375,-0.4560394287109375,-0.890106201171875
1773062472285285376,40.32604742050171,0.0415191650390625,-0.4606781005859375,-0.88629150390625
1773062472295341312,40.336103200912476,0.0380706787109375,-0.462982177734375,-0.8832855224609375
1773062472305396224,40.346158266067505,0.0354766845703125,-0.4618682861328125,-0.8825225830078125
1773062472315452416,40.35621428489685,0.0377960205078125,-0.4611968994140625,-0.886505126953125
1773062472325507328,40.36626935005188,0.042327880859375,-0.4647674560546875,-0.894744873046875
1773062472335563520,40.376325368881226,0.0434417724609375,-0.463897705078125,-0.8951416015625
1773062472345618432,40.386380434036255,0.04266357421875,-0.4625396728515625,-0.8905029296875
1773062472355674368,40.39643621444702,0.04205322265625,-0.462066650390625,-0.8849334716796875
1773062472365729280,40.40649127960205,0.0416259765625,-0.46466064453125,-0.8860626220703125
1773062472375785472,40.4165472984314,0.0401458740234375,-0.4607086181640625,-0.8851165771484375
1773062472385840384,40.426602363586426,0.038299560546875,-0.4595947265625,-0.8818359375
1773062472395896320,40.43665838241577,0.0369720458984375,-0.462127685546875,-0.880950927734375
1773062472405951232,40.44671320915222,0.03851318359375,-0.462127685546875,-0.8863983154296875
1773062472416007168,40.45676922798157,0.03985595703125,-0.4597625732421875,-0.8900604248046875
1773062472426062336,40.4668242931366,0.041351318359375,-0.456024169921875,-0.8935089111328125
1773062472436118272,40.47688031196594,0.04022216796875,-0.4566497802734375,-0.888824462890625
1773062472446173440,40.48693537712097,0.04156494140625,-0.4547882080078125,-0.8784942626953125
1773062472456229376,40.49699139595032,0.0401611328125,-0.4579620361328125,-0.8828125
1773062472466284288,40.50704622268677,0.044097900390625,-0.45721435546875,-0.8905029296875
1773062472476340224,40.51710224151611,0.0449676513671875,-0.4554290771484375,-0.8914794921875
1773062472486395392,40.52715730667114,0.043701171875,-0.452056884765625,-0.8902740478515625
1773062472496451328,40.53721332550049,0.0418853759765625,-0.4526824951171875,-0.8929290771484375
1773062472506506496,40.54726839065552,0.0433807373046875,-0.454345703125,-0.8930511474609375
1773062472516562432,40.55732440948486,0.0436553955078125,-0.457183837890625,-0.88214111328125
1773062472526617344,40.56737923622131,0.042083740234375,-0.4592437744140625,-0.8756256103515625
1773062472536673280,40.57743525505066,0.0411376953125,-0.4559783935546875,-0.88079833984375
1773062472546728448,40.58749032020569,0.041229248046875,-0.45208740234375,-0.8836822509765625
1773062472556784384,40.597546339035034,0.0410614013671875,-0.454254150390625,-0.883758544921875
1773062472566839552,40.60760140419006,0.0418548583984375,-0.4553070068359375,-0.8820953369140625
1773062472576894208,40.617656230926514,0.0408172607421875,-0.453948974609375,-0.884613037109375
1773062472586950400,40.62771224975586,0.043121337890625,-0.4575042724609375,-0.8847198486328125
1773062472597005312,40.63776731491089,0.0450592041015625,-0.4572296142578125,-0.8823089599609375
1773062472607061504,40.647823333740234,0.0436553955078125,-0.458160400390625,-0.8802032470703125
1773062472617116416,40.657878398895264,0.041656494140625,-0.45465087890625,-0.87445068359375
1773062472627172352,40.66793441772461,0.0428466796875,-0.4579315185546875,-0.880126953125
1773062472637227264,40.67798924446106,0.047149658203125,-0.455047607421875,-0.886962890625
1773062472647283200,40.688045263290405,0.0491943359375,-0.453460693359375,-0.89141845703125
1773062472657338368,40.698100328445435,0.0482025146484375,-0.4545135498046875,-0.886749267578125
1773062472667394304,40.70815634727478,0.0469818115234375,-0.4551544189453125,-0.8831024169921875
1773062472677449472,40.71821141242981,0.045867919921875,-0.453521728515625,-0.884033203125
1773062472687505408,40.728267431259155,0.0479736328125,-0.4515380859375,-0.88232421875
1773062472697560320,40.738322257995605,0.04888916015625,-0.4541473388671875,-0.881500244140625
1773062472707616256,40.74837827682495,0.0467376708984375,-0.4544677734375,-0.8816070556640625
1773062472717671424,40.75843334197998,0.044464111328125,-0.4518890380859375,-0.87872314453125
1773062472727727360,40.768489360809326,0.0413665771484375,-0.451019287109375,-0.8779449462890625
1773062472737782528,40.778544425964355,0.03814697265625,-0.452911376953125,-0.8806915283203125
1773062472747838208,40.78860020637512,0.0379180908203125,-0.453033447265625,-0.886962890625
1773062472757893376,40.79865527153015,0.041290283203125,-0.4530181884765625,-0.889495849609375
1773062472767949312,40.8087112903595,0.0414886474609375,-0.453094482421875,-0.883056640625
1773062472778004480,40.818766355514526,0.0399932861328125,-0.4571533203125,-0.8773040771484375
1773062472788060416,40.82882237434387,0.038116455078125,-0.455108642578125,-0.87554931640625
1773062472798115328,40.83887720108032,0.0396270751953125,-0.4605712890625,-0.87384033203125
1773062472808171264,40.84893321990967,0.043304443359375,-0.465087890625,-0.873748779296875
1773062472818226432,40.8589882850647,0.0420074462890625,-0.4700469970703125,-0.87677001953125
1773062472828282368,40.86904430389404,0.03936767578125,-0.4704742431640625,-0.8845367431640625
1773062472838337536,40.87909936904907,0.0377960205078125,-0.4651336669921875,-0.8908538818359375
1773062472848393472,40.88915538787842,0.0383148193359375,-0.4658050537109375,-0.890167236328125
1773062472858448384,40.89921021461487,0.0383148193359375,-0.472900390625,-0.88421630859375
1773062472868503296,40.9092652797699,0.03863525390625,-0.4743194580078125,-0.8835906982421875
1773062472878559232,40.91932129859924,0.0422821044921875,-0.47186279296875,-0.886505126953125
1773062472888614400,40.92937636375427,0.04296875,-0.4698638916015625,-0.886444091796875
1773062472898670336,40.93943238258362,0.038818359375,-0.4687957763671875,-0.8847808837890625
1773062472908725248,40.94948720932007,0.038238525390625,-0.4656982421875,-0.8875885009765625
1773062472918781184,40.959543228149414,0.040191650390625,-0.464385986328125,-0.8906097412109375
1773062472928836352,40.96959829330444,0.040802001953125,-0.4653778076171875,-0.893280029296875
1773062472938892288,40.97965431213379,0.0438079833984375,-0.4630584716796875,-0.8947296142578125
1773062472948947456,40.98970937728882,0.0441741943359375,-0.4558563232421875,-0.8941192626953125
1773062472959003136,40.999765157699585,0.0435638427734375,-0.45269775390625,-0.889892578125
1773062472969058304,41.009820222854614,0.0444488525390625,-0.45635986328125,-0.8874664306640625
1773062472979114240,41.01987624168396,0.045562744140625,-0.4584808349609375,-0.8865509033203125
1773062472989169408,41.02993130683899,0.04327392578125,-0.4558868408203125,-0.8881988525390625
1773062472999225344,41.039987325668335,0.03912353515625,-0.452056884765625,-0.8888092041015625
1773062473009280512,41.050042390823364,0.038330078125,-0.452178955078125,-0.8855438232421875
1773062473019336192,41.06009817123413,0.037872314453125,-0.4540557861328125,-0.883392333984375
1773062473029391360,41.07015323638916,0.0404510498046875,-0.451385498046875,-0.8827972412109375
1773062473039447296,41.080209255218506,0.0423583984375,-0.4501800537109375,-0.8856201171875
1773062473049502464,41.090264320373535,0.0414886474609375,-0.4519195556640625,-0.8869171142578125
1773062473059558400,41.10032033920288,0.0408782958984375,-0.4517059326171875,-0.8863525390625
1773062473069613312,41.11037516593933,0.040069580078125,-0.4533233642578125,-0.8791351318359375
1773062473079669248,41.12043118476868,0.0384979248046875,-0.457000732421875,-0.8758697509765625
1773062473089724416,41.130486249923706,0.0373077392578125,-0.4580230712890625,-0.874481201171875
1773062473099780352,41.14054226875305,0.0400848388671875,-0.456329345703125,-0.87005615234375
1773062473109835264,41.15059733390808,0.0409698486328125,-0.45782470703125,-0.870849609375
1773062473119891456,41.16065335273743,0.0405426025390625,-0.4586029052734375,-0.8755035400390625
1773062473129946112,41.17070817947388,0.0421295166015625,-0.461578369140625,-0.8780364990234375
1773062473140002304,41.18076419830322,0.0432891845703125,-0.4621734619140625,-0.8793792724609375
1773062473150057216,41.19081926345825,0.0435028076171875,-0.4608154296875,-0.8768157958984375
1773062473160112384,41.20087432861328,0.041290283203125,-0.4613189697265625,-0.8799591064453125
1773062473170168320,41.21093034744263,0.0416717529296875,-0.460540771484375,-0.88214111328125
1773062473180223232,41.22098517417908,0.0422821044921875,-0.4622955322265625,-0.881072998046875
1773062473190279168,41.23104119300842,0.0429229736328125,-0.46063232421875,-0.8815155029296875
1773062473200334336,41.24109625816345,0.04168701171875,-0.45989990234375,-0.887939453125
1773062473210390272,41.2511522769928,0.0440521240234375,-0.457000732421875,-0.8916168212890625
1773062473220445440,41.26120734214783,0.0465087890625,-0.46124267578125,-0.8900146484375
1773062473230501376,41.27126336097717,0.0464324951171875,-0.4604949951171875,-0.8896942138671875
1773062473240556288,41.28131818771362,0.044464111328125,-0.457916259765625,-0.8917388916015625
1773062473250612224,41.29137420654297,0.044403076171875,-0.4564666748046875,-0.889312744140625
1773062473260667392,41.301429271698,0.044891357421875,-0.461151123046875,-0.88623046875
1773062473270723328,41.311485290527344,0.044921875,-0.4620513916015625,-0.8857574462890625
1773062473280778496,41.32154035568237,0.0435943603515625,-0.4602203369140625,-0.8863067626953125
1773062473290834432,41.33159637451172,0.04388427734375,-0.455322265625,-0.8847198486328125
1773062473300889344,41.34165120124817,0.045501708984375,-0.45684814453125,-0.8868255615234375
1773062473310945280,41.351707220077515,0.0462646484375,-0.4567413330078125,-0.8917388916015625
1773062473321000448,41.361762285232544,0.0476226806640625,-0.4524993896484375,-0.8892364501953125
1773062473331056384,41.37181830406189,0.0498046875,-0.454803466796875,-0.8831634521484375
1773062473341111296,41.38187336921692,0.0478363037109375,-0.455596923828125,-0.88031005859375
1773062473351167488,41.391929388046265,0.0473175048828125,-0.4532012939453125,-0.88421630859375
1773062473361222144,41.401984214782715,0.045562744140625,-0.453399658203125,-0.88348388671875
1773062473371278336,41.41204023361206,0.046295166015625,-0.4544677734375,-0.87969970703125
1773062473381333248,41.42209529876709,0.0460052490234375,-0.45648193359375,-0.880706787109375
1773062473391389440,41.432151317596436,0.047607421875,-0.45587158203125,-0.87841796875
1773062473401444352,41.442206382751465,0.0478668212890625,-0.4531097412109375,-0.8793792724609375
1773062473411500288,41.45226216316223,0.04974365234375,-0.4509429931640625,-0.878021240234375
1773062473421555200,41.46231722831726,0.050445556640625,-0.45318603515625,-0.8789215087890625
1773062473431611392,41.472373247146606,0.0499725341796875,-0.454620361328125,-0.8769073486328125
1773062473441666304,41.482428312301636,0.047637939453125,-0.4574737548828125,-0.8719940185546875
1773062473451721472,41.492483377456665,0.04351806640625,-0.4611358642578125,-0.8713226318359375
1773062473461777152,41.50253915786743,0.04388427734375,-0.4579925537109375,-0.8761138916015625
1773062473471832320,41.51259422302246,0.044708251953125,-0.45538330078125,-0.884674072265625
1773062473481888256,41.52265024185181,0.046875,-0.4548187255859375,-0.8830413818359375
1773062473491943424,41.532705307006836,0.0455780029296875,-0.4552154541015625,-0.8770904541015625
1773062473501999360,41.54276132583618,0.040771484375,-0.4566192626953125,-0.8767547607421875
1773062473512054528,41.55281639099121,0.0404052734375,-0.4578094482421875,-0.88140869140625
1773062473522110208,41.56287217140198,0.0409393310546875,-0.45782470703125,-0.88885498046875
1773062473532165376,41.57292723655701,0.042205810546875,-0.4612274169921875,-0.8880157470703125
1773062473542221312,41.58298325538635,0.0411376953125,-0.4649200439453125,-0.8848114013671875
1773062473552276480,41.59303832054138,0.03985595703125,-0.462799072265625,-0.887451171875
1773062473562332416,41.60309433937073,0.040374755859375,-0.4608917236328125,-0.8889923095703125
1773062473572387328,41.61314916610718,0.0398712158203125,-0.459747314453125,-0.88922119140625
1773062473582443264,41.62320518493652,0.0417327880859375,-0.4588775634765625,-0.8911590576171875
1773062473592498176,41.63326025009155,0.0423736572265625,-0.4619140625,-0.891693115234375
1773062473602554368,41.6433162689209,0.0406036376953125,-0.4628753662109375,-0.89019775390625
1773062473612609280,41.65337133407593,0.0378875732421875,-0.463897705078125,-0.8849029541015625
1773062473622665472,41.66342735290527,0.0374908447265625,-0.4652557373046875,-0.8849334716796875
1773062473632720128,41.673482179641724,0.039703369140625,-0.4630279541015625,-0.8848114013671875
1773062473642776320,41.68353819847107,0.0375213623046875,-0.46124267578125,-0.884185791015625
1773062473652831232,41.6935932636261,0.0377044677734375,-0.463165283203125,-0.884674072265625
1773062473662887424,41.703649282455444,0.0396270751953125,-0.4638671875,-0.8857574462890625
1773062473672942336,41.713704347610474,0.037628173828125,-0.4662933349609375,-0.8874664306640625
1773062473682998528,41.72376036643982,0.035919189453125,-0.4650421142578125,-0.884918212890625
1773062473693053184,41.73381519317627,0.034423828125,-0.4658050537109375,-0.883209228515625
1773062473703109376,41.743871212005615,0.035400390625,-0.4665985107421875,-0.8791351318359375
1773062473713164288,41.753926277160645,0.03363037109375,-0.46502685546875,-0.875701904296875
1773062473723220224,41.76398229598999,0.0335845947265625,-0.4664154052734375,-0.8761138916015625
1773062473733275392,41.77403736114502,0.0340118408203125,-0.46533203125,-0.8799285888671875
1773062473743330304,41.78409218788147,0.0341644287109375,-0.464447021484375,-0.884063720703125
1773062473753386240,41.794148206710815,0.035858154296875,-0.4620819091796875,-0.886505126953125
1773062473763441408,41.804203271865845,0.0367431640625,-0.4621734619140625,-0.8892059326171875
1773062473773497344,41.81425929069519,0.0394287109375,-0.4616241455078125,-0.890594482421875
1773062473783552512,41.82431435585022,0.03955078125,-0.45867919921875,-0.889678955078125
1773062473793608448,41.834370374679565,0.038604736328125,-0.4571075439453125,-0.8871612548828125
1773062473803663616,41.844425678253174,0.0377349853515625,-0.4569244384765625,-0.886749267578125
1773062473813719808,41.85448169708252,0.03729248046875,-0.4561767578125,-0.8859405517578125
1773062473823774720,41.86453676223755,0.03717041015625,-0.4556427001953125,-0.883270263671875
1773062473833830912,41.874592781066895,0.0366058349609375,-0.4561920166015625,-0.8832244873046875
1773062473843885568,41.884647607803345,0.0360107421875,-0.455657958984375,-0.8808135986328125
1773062473853941760,41.89470362663269,0.0352783203125,-0.45416259765625,-0.8831024169921875
1773062473863996672,41.90475869178772,0.03729248046875,-0.454437255859375,-0.8796539306640625
1773062473874052864,41.914814710617065,0.038543701171875,-0.45379638671875,-0.8757781982421875
1773062473884107776,41.924869775772095,0.03680419921875,-0.4531402587890625,-0.8715057373046875
1773062473894163968,41.93492579460144,0.0361480712890625,-0.4545440673828125,-0.8709716796875
1773062473904218624,41.94498062133789,0.03662109375,-0.4540557861328125,-0.8732452392578125
1773062473914274816,41.955036640167236,0.0399932861328125,-0.453521728515625,-0.8744354248046875
1773062473924329728,41.965091705322266,0.040618896484375,-0.45556640625,-0.875
1773062473934385664,41.97514772415161,0.03826904296875,-0.458587646484375,-0.8756561279296875
1773062473944440832,41.98520278930664,0.0366668701171875,-0.45721435546875,-0.878021240234375
1773062473954496768,41.995258808135986,0.03656005859375,-0.4522705078125,-0.876220703125
1773062473964551680,42.00531363487244,0.0337066650390625,-0.4488525390625,-0.8751983642578125
1773062473974607616,42.01536965370178,0.038543701171875,-0.4499664306640625,-0.8731842041015625
1773062473984662784,42.02542471885681,0.043731689453125,-0.45751953125,-0.870269775390625
1773062473994718720,42.03548073768616,0.044403076171875,-0.456512451171875,-0.872222900390625
1773062474004773888,42.04553580284119,0.04168701171875,-0.4494171142578125,-0.876678466796875
1773062474014828800,42.05559062957764,0.0420989990234375,-0.4453277587890625,-0.8802032470703125
1773062474024884736,42.06564664840698,0.042724609375,-0.45184326171875,-0.8811798095703125
1773062474034939648,42.07570171356201,0.0438232421875,-0.4544525146484375,-0.8761444091796875
1773062474044995840,42.08575773239136,0.04888916015625,-0.4558563232421875,-0.876922607421875
1773062474055050752,42.09581279754639,0.05218505859375,-0.457122802734375,-0.870025634765625
1773062474065106688,42.10586857795715,0.05401611328125,-0.465179443359375,-0.862091064453125
1773062474075161600,42.11592364311218,0.0500030517578125,-0.476654052734375,-0.850250244140625
1773062474085217792,42.12597966194153,0.0391693115234375,-0.48858642578125,-0.84814453125
1773062474095272704,42.13603472709656,0.0289459228515625,-0.489013671875,-0.867218017578125
1773062474105328896,42.1460907459259,0.02386474609375,-0.477203369140625,-0.8782958984375
1773062474115383552,42.15614557266235,0.0146636962890625,-0.47601318359375,-0.8964080810546875
1773062474125439744,42.1662015914917,0.027008056640625,-0.476531982421875,-0.902587890625
1773062474135494656,42.17625665664673,0.040191650390625,-0.4827117919921875,-0.9064483642578125
1773062474145550848,42.186312675476074,0.0497894287109375,-0.48455810546875,-0.9064483642578125
1773062474155605760,42.1963677406311,0.0609588623046875,-0.47686767578125,-0.9100189208984375
1773062474165661696,42.20642375946045,0.072021484375,-0.4743499755859375,-0.91748046875
1773062474175716608,42.2164785861969,0.082794189453125,-0.47271728515625,-0.9214630126953125
1773062474185772544,42.226534605026245,0.09515380859375,-0.4722442626953125,-0.9162139892578125
1773062474195827712,42.236589670181274,0.105987548828125,-0.4744415283203125,-0.9061431884765625
1773062474205883648,42.24664568901062,0.1147918701171875,-0.467376708984375,-0.8933563232421875
1773062474215938816,42.25670075416565,0.119873046875,-0.4696502685546875,-0.8924102783203125
1773062474225994752,42.266756772994995,0.1269683837890625,-0.477325439453125,-0.8888702392578125
1773062474236049664,42.276811599731445,0.1341552734375,-0.4793243408203125,-0.879669189453125
1773062474246105600,42.28686761856079,0.1418914794921875,-0.4711151123046875,-0.8764190673828125
1773062474256160768,42.29692268371582,0.1405792236328125,-0.4647216796875,-0.8791656494140625
1773062474266216704,42.306978702545166,0.1407928466796875,-0.4667510986328125,-0.871368408203125
1773062474276271872,42.317033767700195,0.136627197265625,-0.47198486328125,-0.856903076171875
1773062474286327808,42.32708978652954,0.13787841796875,-0.484375,-0.852783203125
1773062474296382720,42.33714461326599,0.139434814453125,-0.4901885986328125,-0.855255126953125
1773062474306437632,42.34719967842102,0.1386566162109375,-0.4927978515625,-0.8596954345703125
1773062474316493824,42.357255697250366,0.13543701171875,-0.501190185546875,-0.8605804443359375
1773062474326548736,42.367310762405396,0.13360595703125,-0.50439453125,-0.8570098876953125
1773062474336604928,42.37736678123474,0.129638671875,-0.499755859375,-0.8586273193359375
1773062474346659584,42.38742160797119,0.12481689453125,-0.495086669921875,-0.86651611328125
1773062474356715776,42.39747762680054,0.123443603515625,-0.4994659423828125,-0.8719482421875
1773062474366770688,42.407532691955566,0.1277923583984375,-0.5117034912109375,-0.8730926513671875
1773062474376826880,42.41758871078491,0.1324310302734375,-0.5241851806640625,-0.87225341796875
1773062474386881792,42.42764377593994,0.1352386474609375,-0.531280517578125,-0.871002197265625
1773062474396937728,42.43769979476929,0.1339111328125,-0.539337158203125,-0.8652801513671875
1773062474406992640,42.44775462150574,0.13092041015625,-0.5403289794921875,-0.8643035888671875
1773062474417048576,42.45781064033508,0.1333160400390625,-0.5384063720703125,-0.8717041015625
1773062474427103744,42.46786570549011,0.1324005126953125,-0.537811279296875,-0.876953125
1773062474437159680,42.47792172431946,0.1306915283203125,-0.5386962890625,-0.871337890625
1773062474447214848,42.48797678947449,0.125091552734375,-0.5456085205078125,-0.8623046875
1773062474457270784,42.49803280830383,0.110137939453125,-0.54803466796875,-0.8462066650390625
1773062474467325696,42.50808763504028,0.0896453857421875,-0.5478668212890625,-0.8345184326171875
1773062474477381632,42.51814365386963,0.0725860595703125,-0.5429229736328125,-0.8353118896484375
1773062474487436800,42.52819871902466,0.0661773681640625,-0.5431671142578125,-0.835205078125
1773062474497492736,42.538254737854004,0.0615081787109375,-0.5458221435546875,-0.8307647705078125
1773062474507547904,42.54830980300903,0.0539703369140625,-0.5514068603515625,-0.82501220703125
1773062474517603584,42.5583655834198,0.04644775390625,-0.552886962890625,-0.8312835693359375
1773062474527658752,42.56842064857483,0.0478515625,-0.551177978515625,-0.8371124267578125
1773062474537714688,42.578476667404175,0.0480804443359375,-0.5558929443359375,-0.8403472900390625
1773062474547769856,42.588531732559204,0.045989990234375,-0.5678558349609375,-0.836669921875
1773062474557825792,42.59858775138855,0.040008544921875,-0.576629638671875,-0.8357086181640625
1773062474567880704,42.608642578125,0.0301055908203125,-0.57171630859375,-0.834075927734375
1773062474577935616,42.61869764328003,0.01397705078125,-0.5670166015625,-0.8309326171875
1773062474587991808,42.628753662109375,-0.003662109375,-0.56463623046875,-0.8308868408203125
1773062474598046720,42.638808727264404,-0.0150146484375,-0.561065673828125,-0.8274078369140625
1773062474608102912,42.64886474609375,-0.0241851806640625,-0.5512237548828125,-0.818634033203125
1773062474618157568,42.6589195728302,-0.03045654296875,-0.54217529296875,-0.8188934326171875
1773062474628213760,42.668975591659546,-0.0299224853515625,-0.5347137451171875,-0.82568359375
1773062474638268672,42.679030656814575,-0.0283050537109375,-0.5278778076171875,-0.832366943359375
1773062474648324608,42.68908667564392,-0.0308685302734375,-0.5205078125,-0.8348236083984375
1773062474658379776,42.69914174079895,-0.034698486328125,-0.5131072998046875,-0.838958740234375
1773062474668435712,42.709197759628296,-0.0323028564453125,-0.500762939453125,-0.849639892578125
1773062474678490624,42.719252586364746,-0.02801513671875,-0.4910888671875,-0.8577880859375
1773062474688546560,42.72930860519409,-0.031097412109375,-0.489715576171875,-0.8612823486328125
1773062474698601728,42.73936367034912,-0.034759521484375,-0.48419189453125,-0.8653411865234375
1773062474708657664,42.74941968917847,-0.034759521484375,-0.4765625,-0.8697509765625
1773062474718712832,42.759474754333496,-0.031585693359375,-0.4720916748046875,-0.865203857421875
1773062474728768768,42.76953077316284,-0.0375823974609375,-0.4812164306640625,-0.873779296875
1773062474738823680,42.77958559989929,-0.0428619384765625,-0.48834228515625,-0.8925933837890625
1773062474748879616,42.78964161872864,-0.0374755859375,-0.4883270263671875,-0.8997039794921875
1773062474758934784,42.79969668388367,-0.0322265625,-0.4908599853515625,-0.91802978515625
1773062474768990720,42.80975270271301,-0.022369384765625,-0.4904937744140625,-0.942779541015625
1773062474779045888,42.81980776786804,-0.0050048828125,-0.5090179443359375,-0.9434814453125
1773062474789101824,42.82986378669739,0.00140380859375,-0.5431976318359375,-0.9520721435546875
1773062474799156736,42.83991861343384,0.0194091796875,-0.56268310546875,-0.9750518798828125
1773062474809211392,42.84997344017029,0.0503082275390625,-0.572113037109375,-0.9791259765625
1773062474819266560,42.86002850532532,0.0657958984375,-0.599212646484375,-0.954071044921875
1773062474829321472,42.87008333206177,0.0664520263671875,-0.6376190185546875,-0.926177978515625
1773062474839377408,42.88013935089111,0.074554443359375,-0.64630126953125,-0.917266845703125
1773062474849432576,42.89019441604614,0.090301513671875,-0.6296234130859375,-0.92144775390625
1773062474859488512,42.90025043487549,0.106842041015625,-0.6139068603515625,-0.9268951416015625
1773062474869543680,42.91030550003052,0.110504150390625,-0.6115570068359375,-0.89532470703125
1773062474879599360,42.920361280441284,0.108123779296875,-0.6057891845703125,-0.81573486328125
1773062474889654272,42.93041634559631,0.0944366455078125,-0.5973358154296875,-0.800811767578125
1773062474899710464,42.94047236442566,0.075225830078125,-0.624267578125,-0.747039794921875
1773062474909765376,42.95052742958069,0.068359375,-0.6263427734375,-0.7342529296875
1773062474919821568,42.960583448410034,0.063507080078125,-0.6240997314453125,-0.7685699462890625
1773062474929876480,42.97063851356506,0.047149658203125,-0.621307373046875,-0.8081512451171875
1773062474939932416,42.98069429397583,0.0344085693359375,-0.615966796875,-0.83087158203125
1773062474949987328,42.99074935913086,0.019989013671875,-0.6174163818359375,-0.8898162841796875
1773062474960043520,43.000805377960205,0.0035858154296875,-0.6392669677734375,-0.93304443359375
1773062474970098432,43.010860443115234,-0.00616455078125,-0.672607421875,-0.9511871337890625
1773062474980154624,43.02091646194458,-0.0017852783203125,-0.66168212890625,-0.9971771240234375
1773062474990209280,43.03097128868103,-0.0100555419921875,-0.62261962890625,-1.004119873046875
1773062475000265472,43.041027307510376,-0.0319366455078125,-0.6128997802734375,-0.9522857666015625
1773062475010320384,43.051082372665405,-0.0539093017578125,-0.5995635986328125,-0.8818511962890625
1773062475020376320,43.06113839149475,-0.0776519775390625,-0.5633544921875,-0.8318939208984375
1773062475030431488,43.07119345664978,-0.105072021484375,-0.5284881591796875,-0.806243896484375
1773062475040487424,43.081249475479126,-0.121856689453125,-0.5289764404296875,-0.793853759765625
1773062475050542336,43.091304302215576,-0.12030029296875,-0.5141143798828125,-0.7996826171875
1773062475060598272,43.10136032104492,-0.1606292724609375,-0.4631195068359375,-0.7748260498046875
1773062475070653440,43.11141538619995,-0.2326812744140625,-0.433502197265625,-0.7636871337890625
1773062475080709376,43.1214714050293,-0.2851104736328125,-0.4153594970703125,-0.7805023193359375
1773062475090764544,43.131526470184326,-0.297332763671875,-0.3585662841796875,-0.79620361328125
1773062475100820480,43.14158248901367,-0.3185272216796875,-0.3160858154296875,-0.7872467041015625
1773062475110875392,43.15163731575012,-0.34490966796875,-0.3407440185546875,-0.771759033203125
1773062475120930560,43.16169238090515,-0.3568878173828125,-0.359161376953125,-0.7327728271484375
1773062475130986496,43.1717483997345,-0.3987579345703125,-0.3431549072265625,-0.670989990234375
1773062475141041408,43.181803464889526,-0.470703125,-0.3184051513671875,-0.62255859375
1773062475151097600,43.19185948371887,-0.5236358642578125,-0.26812744140625,-0.6124420166015625
1773062475161152256,43.20191431045532,-0.53900146484375,-0.2265167236328125,-0.6231231689453125
1773062475171208448,43.21197032928467,-0.5420989990234375,-0.2099761962890625,-0.6467742919921875
1773062475181263360,43.2220253944397,-0.5247650146484375,-0.2154083251953125,-0.690673828125
1773062475191319552,43.23208141326904,-0.500396728515625,-0.217987060546875,-0.7386016845703125
1773062475201374464,43.24213647842407,-0.47265625,-0.2391815185546875,-0.794281005859375
1773062475211430656,43.25219249725342,-0.486846923828125,-0.1609954833984375,-0.80841064453125
1773062475221485312,43.26224732398987,-0.5633697509765625,-0.153076171875,-0.8121185302734375
1773062475231541504,43.272303342819214,-0.55322265625,-0.1409759521484375,-0.785919189453125
1773062475241596416,43.28235840797424,-0.5863037109375,-0.1286773681640625,-0.7719268798828125
1773062475251652352,43.29241442680359,-0.60687255859375,-0.1154937744140625,-0.764984130859375
1773062475261707520,43.30246949195862,-0.625732421875,-0.088653564453125,-0.7614898681640625
1773062475271763456,43.312525510787964,-0.6316680908203125,-0.080718994140625,-0.786865234375
1773062475281818368,43.322580337524414,-0.6290283203125,-0.1226043701171875,-0.8383026123046875
1773062475291874304,43.33263635635376,-0.607574462890625,-0.1688690185546875,-0.9013519287109375
1773062475301929472,43.34269142150879,-0.566192626953125,-0.173919677734375,-0.9429779052734375
1773062475311985408,43.352747440338135,-0.532196044921875,-0.144866943359375,-0.954315185546875
1773062475322040576,43.362802505493164,-0.5066680908203125,-0.1441497802734375,-1.0046844482421875
1773062475332096256,43.37285828590393,-0.504852294921875,-0.1031494140625,-1.167816162109375
1773062475342151424,43.38291335105896,-0.525177001953125,-0.0003662109375,-1.18585205078125
1773062475352207360,43.392969369888306,-0.4905548095703125,-0.0509185791015625,-1.0552520751953125
1773062475362262528,43.403024435043335,-0.492645263671875,-0.1270599365234375,-0.88690185546875
1773062475372318464,43.41308045387268,-0.530853271484375,-0.1629638671875,-0.7611236572265625
1773062475382373376,43.42313528060913,-0.5623779296875,-0.1309661865234375,-0.7016448974609375
1773062475392428288,43.43319034576416,-0.555938720703125,-0.102203369140625,-0.70953369140625
1773062475402484480,43.443246364593506,-0.54278564453125,-0.19793701171875,-0.748046875
1773062475412539392,43.453301429748535,-0.5311431884765625,-0.3265380859375,-0.8531036376953125
1773062475422595584,43.46335744857788,-0.4768829345703125,-0.41143798828125,-0.9189300537109375
1773062475432650496,43.47341251373291,-0.461639404296875,-0.394134521484375,-0.9272918701171875
1773062475442706432,43.48346829414368,-0.524200439453125,-0.308807373046875,-0.8867950439453125
1773062475452761344,43.493523359298706,-0.6010284423828125,-0.21575927734375,-0.82843017578125
1773062475462817536,43.50357937812805,-0.6543121337890625,-0.17144775390625,-0.758331298828125
1773062475472872448,43.51363444328308,-0.69024658203125,-0.1996612548828125,-0.6848297119140625
1773062475482928640,43.52369046211243,-0.674102783203125,-0.231170654296875,-0.663421630859375
1773062475492983296,43.53374528884888,-0.6309051513671875,-0.212249755859375,-0.6826171875
1773062475503039488,43.54380130767822,-0.660797119140625,-0.2085418701171875,-0.6816253662109375
1773062475513094400,43.55385637283325,-0.6501922607421875,-0.2483062744140625,-0.609405517578125
1773062475523150336,43.5639123916626,-0.635589599609375,-0.2672119140625,-0.532745361328125
1773062475533205504,43.57396745681763,-0.6706085205078125,-0.22882080078125,-0.47979736328125
1773062475543261440,43.58402347564697,-0.706939697265625,-0.18792724609375,-0.4850006103515625
1773062475553316352,43.59407830238342,-0.7059478759765625,-0.1675262451171875,-0.531005859375
1773062475563372288,43.60413432121277,-0.6914520263671875,-0.2100982666015625,-0.6775054931640625
1773062475573427456,43.6141893863678,-0.655426025390625,-0.25927734375,-0.8112030029296875
1773062475583483392,43.624245405197144,-0.62054443359375,-0.251190185546875,-0.8525848388671875
1773062475593538560,43.63430047035217,-0.5956573486328125,-0.1685943603515625,-0.858673095703125
1773062475603594496,43.64435648918152,-0.615814208984375,-0.1219940185546875,-0.834320068359375
1773062475613649408,43.65441131591797,-0.6640777587890625,-0.1227569580078125,-0.7523345947265625
1773062475623705344,43.664467334747314,-0.6821441650390625,-0.0942230224609375,-0.6563720703125
1773062475633760512,43.674522399902344,-0.6733551025390625,-0.1099700927734375,-0.5806427001953125
1773062475643816448,43.68457841873169,-0.6363525390625,-0.1550750732421875,-0.557647705078125
1773062475653871616,43.69463348388672,-0.6198883056640625,-0.1949310302734375,-0.5710601806640625
1773062475663926272,43.70468831062317,-0.602081298828125,-0.222076416015625,-0.5760650634765625
1773062475673982464,43.714744329452515,-0.572113037109375,-0.2511749267578125,-0.5790557861328125
1773062475684037376,43.724799394607544,-0.5463714599609375,-0.2848663330078125,-0.6044158935546875
1773062475694093568,43.73485541343689,-0.5255889892578125,-0.305938720703125,-0.70147705078125
1773062475704148480,43.74491047859192,-0.52490234375,-0.3470916748046875,-0.793853759765625
1773062475714204672,43.754966497421265,-0.5203094482421875,-0.342498779296875,-0.8195648193359375
1773062475724259328,43.765021324157715,-0.5294342041015625,-0.28350830078125,-0.829498291015625
1773062475734315520,43.77507734298706,-0.5863189697265625,-0.259368896484375,-0.8568572998046875
1773062475744370432,43.78513240814209,-0.6179046630859375,-0.2589874267578125,-0.870513916015625
1773062475754426368,43.795188426971436,-0.6287384033203125,-0.2757720947265625,-0.8401947021484375
1773062475764481536,43.805243492126465,-0.638763427734375,-0.2587127685546875,-0.8028411865234375
1773062475774537472,43.81529951095581,-0.642333984375,-0.1720428466796875,-0.751708984375
1773062475784592384,43.82535433769226,-0.63623046875,-0.0614471435546875,-0.694061279296875
1773062475794648320,43.835410356521606,-0.6629486083984375,-0.0470123291015625,-0.6941986083984375
1773062475804705024,43.84546685218811,-0.679595947265625,-0.1368865966796875,-0.68743896484375
1773062475814760960,43.855522871017456,-0.6732025146484375,-0.2473907470703125,-0.6566314697265625
1773062475824815872,43.865577697753906,-0.663665771484375,-0.3026123046875,-0.6265106201171875
1773062475834871808,43.87563371658325,-0.6401214599609375,-0.287567138671875,-0.647491455078125
1773062475844926720,43.88568878173828,-0.6518707275390625,-0.2446441650390625,-0.6811370849609375
1773062475854982912,43.89574480056763,-0.7029571533203125,-0.196929931640625,-0.745697021484375
1773062475865037824,43.905799865722656,-0.7148284912109375,-0.1655426025390625,-0.8040924072265625
1773062475875094016,43.915855884552,-0.7462921142578125,-0.16204833984375,-0.85205078125
1773062475885148672,43.92591071128845,-0.7578887939453125,-0.175445556640625,-0.8222503662109375
1773062475895204864,43.9359667301178,-0.704620361328125,-0.184295654296875,-0.742706298828125
1773062475905259776,43.94602179527283,-0.6953277587890625,-0.210113525390625,-0.705474853515625
1773062475915314944,43.956076860427856,-0.719329833984375,-0.206329345703125,-0.684967041015625
1773062475925370880,43.9661328792572,-0.74603271484375,-0.1850738525390625,-0.652130126953125
1773062475935425792,43.97618770599365,-0.7532806396484375,-0.2378082275390625,-0.597991943359375
1773062475945481728,43.986243724823,-0.669525146484375,-0.266571044921875,-0.5802764892578125
1773062475955536896,43.99629878997803,-0.5897674560546875,-0.231414794921875,-0.5552825927734375
1773062475965592832,44.00635480880737,-0.5941925048828125,-0.2181396484375,-0.579498291015625
1773062475975648000,44.0164098739624,-0.6109161376953125,-0.218658447265625,-0.6190032958984375
1773062475985703936,44.02646589279175,-0.5888824462890625,-0.2235260009765625,-0.6209716796875
1773062475995758848,44.0365207195282,-0.5501861572265625,-0.24237060546875,-0.64410400390625
1773062476005814784,44.046576738357544,-0.53900146484375,-0.2672119140625,-0.7147369384765625
1773062476015869952,44.05663180351257,-0.5775909423828125,-0.2836761474609375,-0.7623291015625
1773062476025925888,44.06668782234192,-0.622222900390625,-0.24786376953125,-0.7998809814453125
1773062476035981056,44.07674288749695,-0.6490020751953125,-0.19232177734375,-0.7803192138671875
1773062476046036736,44.086798667907715,-0.6470947265625,-0.1455230712890625,-0.72808837890625
1773062476056091904,44.096853733062744,-0.6456451416015625,-0.1180419921875,-0.6888885498046875
1773062476066147840,44.10690975189209,-0.6839752197265625,-0.169921875,-0.7217559814453125
1773062476076202752,44.11696481704712,-0.7678070068359375,-0.33984375,-0.68798828125
1773062476086258944,44.127020835876465,-0.7491302490234375,-0.33892822265625,-0.6712493896484375
1773062476096313600,44.137075662612915,-0.73773193359375,-0.0794677734375,-0.713775634765625
1773062476106369792,44.14713168144226,-0.8420257568359375,0.3216552734375,-0.8279266357421875
1773062476116424704,44.15718674659729,-0.91259765625,0.4757537841796875,-0.778106689453125
1773062476126480896,44.167242765426636,-0.87213134765625,-0.0029754638671875,-0.6886749267578125
1773062476136535808,44.177297830581665,-0.7508544921875,-0.48321533203125,-0.7964935302734375
1773062476146592000,44.18735384941101,-0.5116119384765625,-0.41607666015625,-0.7771453857421875
1773062476156646656,44.19740867614746,-0.40350341796875,-0.2607574462890625,-0.7474365234375
1773062476166701824,44.20746374130249,-0.5218353271484375,-0.1645660400390625,-0.8206787109375
1773062476176757760,44.217519760131836,-0.647125244140625,-0.0405426025390625,-0.8679046630859375
1773062476186812928,44.227574825286865,-0.69329833984375,-0.0618438720703125,-0.85308837890625
1773062476196868864,44.23763084411621,-0.7196807861328125,-0.1661376953125,-0.7896728515625
1773062476206923776,44.24768567085266,-0.6752166748046875,-0.209075927734375,-0.7522125244140625
1773062476216979712,44.25774168968201,-0.668548583984375,-0.239837646484375,-0.7461395263671875
1773062476227034880,44.267796754837036,-0.7602386474609375,-0.1971588134765625,-0.776519775390625
1773062476237090816,44.27785277366638,-0.8527984619140625,-0.1731414794921875,-0.7360382080078125
1773062476247145984,44.28790783882141,-0.856414794921875,-0.138580322265625,-0.6383056640625
1773062476257201920,44.29796385765076,-0.7628173828125,-0.085845947265625,-0.672149658203125
1773062476267256832,44.30801868438721,-0.72125244140625,-0.1221160888671875,-0.7511138916015625
1773062476277312768,44.31807470321655,-0.71673583984375,-0.176788330078125,-0.84735107421875
1773062476287367936,44.32812976837158,-0.767425537109375,-0.1988677978515625,-0.86181640625
1773062476297423872,44.33818578720093,-0.800689697265625,-0.13671875,-0.8484954833984375
1773062476307478784,44.34824085235596,-0.7911376953125,-0.103302001953125,-0.807708740234375
1773062476317534976,44.3582968711853,-0.82763671875,-0.1666107177734375,-0.7549591064453125
1773062476327589632,44.36835169792175,-0.8671722412109375,-0.1297149658203125,-0.715911865234375
1773062476337645824,44.3784077167511,-0.82763671875,-0.086761474609375,-0.7218780517578125
1773062476347700736,44.38846278190613,-0.7945404052734375,-0.169158935546875,-0.791351318359375
1773062476357756928,44.398518800735474,-0.833465576171875,-0.308807373046875,-0.8917083740234375
1773062476367811840,44.4085738658905,-0.8394317626953125,-0.1761932373046875,-0.773712158203125
1773062476377868032,44.41862988471985,-0.8035888671875,-0.1057586669921875,-0.6617889404296875
1773062476387922688,44.4286847114563,-0.8576812744140625,-0.2223968505859375,-0.6763458251953125
1773062476397978880,44.438740730285645,-0.8703765869140625,-0.216766357421875,-0.7015838623046875
1773062476408033792,44.448795795440674,-0.8370361328125,-0.199615478515625,-0.7194061279296875
1773062476418089984,44.45885181427002,-0.810302734375,-0.2396392822265625,-0.7792205810546875
1773062476428144896,44.46890687942505,-0.839111328125,-0.31378173828125,-0.7644805908203125
1773062476438199808,44.4789617061615,-0.8066558837890625,-0.21978759765625,-0.6548614501953125
1773062476448255744,44.489017724990845,-0.7888336181640625,-0.19610595703125,-0.616851806640625
1773062476458310912,44.499072790145874,-0.8129119873046875,-0.2433624267578125,-0.6527862548828125
1773062476468366848,44.50912880897522,-0.7890625,-0.2357025146484375,-0.6519775390625
1773062476478422016,44.51918387413025,-0.7655487060546875,-0.239654541015625,-0.6264495849609375
1773062476488477952,44.529239892959595,-0.7567138671875,-0.244659423828125,-0.632781982421875
1773062476498532864,44.539294719696045,-0.7544403076171875,-0.182525634765625,-0.5910491943359375
1773062476508588800,44.54935073852539,-0.7192535400390625,-0.141082763671875,-0.5243377685546875
1773062476518643968,44.55940580368042,-0.740234375,-0.1817474365234375,-0.4941253662109375
1773062476528699904,44.569461822509766,-0.7595672607421875,-0.17816162109375,-0.4661712646484375
1773062476538754816,44.579516887664795,-0.742706298828125,-0.1614532470703125,-0.4559783935546875
1773062476548810752,44.58957266807556,-0.7546539306640625,-0.220703125,-0.4472198486328125
1773062476558865664,44.59962773323059,-0.7837677001953125,-0.2572479248046875,-0.4088592529296875
1773062476568921856,44.60968375205994,-0.786041259765625,-0.167205810546875,-0.345947265625
1773062476578976768,44.619738817214966,-0.7633056640625,-0.1037139892578125,-0.33465576171875
1773062476589032960,44.62979483604431,-0.808074951171875,-0.120513916015625,-0.32861328125
1773062476599087616,44.63984966278076,-0.7949066162109375,-0.130859375,-0.301513671875
1773062476609143808,44.64990568161011,-0.7469024658203125,-0.1600189208984375,-0.281829833984375
1773062476619198720,44.65996074676514,-0.7563629150390625,-0.170379638671875,-0.289276123046875
1773062476629254912,44.67001676559448,-0.784149169921875,-0.1056060791015625,-0.2958831787109375
1773062476639309824,44.68007183074951,-0.7853851318359375,-0.0190582275390625,-0.2715301513671875
1773062476649366016,44.69012784957886,-0.8022918701171875,0.00640869140625,-0.255859375
1773062476659420672,44.70018267631531,-0.82525634765625,0.004241943359375,-0.263519287109375
1773062476669476864,44.71023869514465,-0.8097076416015625,-0.0005035400390625,-0.2274932861328125
1773062476679531776,44.72029376029968,-0.813385009765625,-0.0474395751953125,-0.179656982421875
1773062476689587712,44.73034977912903,-0.8748779296875,-0.045013427734375,-0.19439697265625
1773062476699642880,44.74040484428406,-0.9098663330078125,-0.0209808349609375,-0.19110107421875
1773062476709697792,44.75045967102051,-0.9321441650390625,-0.1222686767578125,-0.171539306640625
1773062476719753728,44.76051568984985,-0.85186767578125,-0.0692291259765625,-0.172698974609375
1773062476729808896,44.77057075500488,-0.8956298828125,-0.025146484375,-0.1739654541015625
1773062476739864832,44.78062677383423,-0.971954345703125,-0.0877532958984375,-0.0982208251953125
1773062476749920000,44.79068183898926,-0.97222900390625,0.1198577880859375,-0.227569580078125
1773062476759975936,44.8007378578186,-0.932586669921875,0.168548583984375,-0.310821533203125
1773062476770030848,44.810792684555054,-0.9380645751953125,0.080841064453125,-0.3066253662109375
1773062476780086784,44.8208487033844,-0.94281005859375,0.004669189453125,-0.270294189453125
1773062476790141696,44.83090376853943,-0.9349365234375,-0.0995330810546875,-0.2430877685546875
1773062476800197888,44.840959787368774,-0.9477691650390625,-0.1253509521484375,-0.235137939453125
1773062476810252032,44.85101389884949,-0.973175048828125,-0.080810546875,-0.2053070068359375
1773062476820307968,44.86106991767883,-0.9667510986328125,-0.00555419921875,-0.178741455078125
1773062476830362880,44.87112474441528,-0.98284912109375,-0.0223846435546875,-0.182281494140625
1773062476840418816,44.88118076324463,-1.0257110595703125,-0.0420074462890625,-0.19134521484375
1773062476850473984,44.89123582839966,-1.0241851806640625,-0.0304107666015625,-0.1981353759765625
1773062476860529920,44.901291847229004,-0.98687744140625,-0.04119873046875,-0.189239501953125
1773062476870585088,44.91134691238403,-0.9694671630859375,-0.0560150146484375,-0.194793701171875
1773062476880641024,44.92140293121338,-0.9815216064453125,-0.1091461181640625,-0.258636474609375
1773062476890695936,44.93145775794983,-0.9878692626953125,-0.1403656005859375,-0.2576141357421875
1773062476900751872,44.941513776779175,-0.990997314453125,-0.057464599609375,-0.146942138671875
1773062476910806784,44.951568841934204,-1.0010833740234375,-0.0101776123046875,-0.097991943359375
1773062476920862976,44.96162486076355,-1.0294952392578125,-0.05023193359375,-0.104522705078125
1773062476930917888,44.97167992591858,-1.0231781005859375,-0.10711669921875,-0.1397552490234375
1773062476940973824,44.981735706329346,-0.985595703125,-0.0729522705078125,-0.1538543701171875
1773062476951028736,44.991790771484375,-0.9561004638671875,0.0108184814453125,-0.1700592041015625
1773062476961083904,45.001845836639404,-0.9487152099609375,0.033294677734375,-0.2447357177734375
1773062476971139840,45.01190185546875,-0.949310302734375,0.0167999267578125,-0.25506591796875
1773062476981195008,45.02195692062378,-0.9215850830078125,0.0142669677734375,-0.226226806640625
1773062476991250688,45.032012701034546,-0.897705078125,0.0152740478515625,-0.2426910400390625
1773062477001305856,45.042067766189575,-0.924835205078125,-0.0426177978515625,-0.1941986083984375
1773062477011361792,45.05212378501892,-0.96014404296875,-0.0442352294921875,-0.1141815185546875
1773062477021416960,45.06217885017395,-0.9803466796875,-0.0054931640625,-0.0803070068359375
1773062477031472896,45.072234869003296,-0.9735260009765625,-0.021636962890625,-0.0871124267578125
1773062477041528064,45.082289934158325,-0.9553070068359375,-0.0536346435546875,-0.1105194091796875
1773062477051583744,45.09234571456909,-0.9390106201171875,-0.0576324462890625,-0.1452789306640625
1773062477061638912,45.10240077972412,-0.9167938232421875,-0.054901123046875,-0.1704864501953125
1773062477071694848,45.11245679855347,-0.8932037353515625,-0.0571746826171875,-0.180908203125
1773062477081750016,45.122511863708496,-0.9009246826171875,-0.071014404296875,-0.1553497314453125
1773062477091805952,45.13256788253784,-0.8985748291015625,-0.0388031005859375,-0.1621856689453125
1773062477101860864,45.14262270927429,-0.8917999267578125,-0.0574493408203125,-0.170928955078125
1773062477111916800,45.15267872810364,-0.89068603515625,-0.092193603515625,-0.1397705078125
1773062477121971968,45.16273379325867,-0.9146575927734375,-0.0937347412109375,-0.098114013671875
1773062477132027904,45.17278981208801,-0.9207916259765625,-0.091217041015625,-0.1132354736328125
1773062477142082816,45.18284487724304,-0.9164581298828125,-0.0989990234375,-0.1663360595703125
1773062477152139008,45.19290089607239,-0.9316558837890625,-0.0896453857421875,-0.201507568359375
1773062477162193664,45.20295572280884,-0.945556640625,-0.090667724609375,-0.220947265625
1773062477172249856,45.213011741638184,-0.9534149169921875,-0.1308746337890625,-0.2451019287109375
1773062477182304768,45.22306680679321,-0.96282958984375,-0.127685546875,-0.275543212890625
1773062477192359936,45.23312187194824,-0.958648681640625,-0.123138427734375,-0.285064697265625
1773062477202415872,45.24317789077759,-0.9728240966796875,-0.1783905029296875,-0.259429931640625
1773062477212470784,45.25323271751404,-0.9764251708984375,-0.1949462890625,-0.267059326171875
1773062477222526720,45.263288736343384,-0.96783447265625,-0.1966400146484375,-0.2692413330078125
1773062477232581888,45.27334380149841,-0.9754486083984375,-0.2416839599609375,-0.267547607421875
1773062477242637824,45.28339982032776,-0.9946441650390625,-0.2620391845703125,-0.2544403076171875
1773062477252692992,45.29345488548279,-0.9967803955078125,-0.2452392578125,-0.2417449951171875
1773062477262748928,45.303510904312134,-1.0171661376953125,-0.2390289306640625,-0.2416229248046875
1773062477272803840,45.313565731048584,-1.04620361328125,-0.2203826904296875,-0.228271484375
1773062477282859776,45.32362174987793,-1.0657501220703125,-0.1998138427734375,-0.241058349609375
1773062477292914944,45.33367681503296,-1.048553466796875,-0.228118896484375,-0.2687530517578125
1773062477302970880,45.343732833862305,-1.0281219482421875,-0.2691192626953125,-0.2931671142578125
1773062477313026048,45.353787899017334,-1.0088348388671875,-0.294036865234375,-0.3035736083984375
1773062477323081984,45.36384391784668,-1.00927734375,-0.292755126953125,-0.303680419921875
1773062477333136896,45.37389874458313,-1.0147247314453125,-0.2599945068359375,-0.2935028076171875
1773062477343192832,45.383954763412476,-1.0339508056640625,-0.2577362060546875,-0.2545623779296875
1773062477353248000,45.394009828567505,-1.0487823486328125,-0.2710418701171875,-0.21923828125
1773062477363303936,45.40406584739685,-1.0406036376953125,-0.2580108642578125,-0.21942138671875
1773062477373358848,45.41412091255188,-1.0164337158203125,-0.247894287109375,-0.230712890625
1773062477383415040,45.424176931381226,-0.996368408203125,-0.261383056640625,-0.239471435546875
1773062477393469696,45.434231758117676,-0.970367431640625,-0.2606964111328125,-0.2529449462890625
1773062477403525888,45.44428777694702,-0.9333953857421875,-0.2546844482421875,-0.2626953125
1773062477413580800,45.45434284210205,-0.923828125,-0.2632293701171875,-0.2742462158203125
1773062477423635968,45.46439790725708,-0.9203948974609375,-0.2616119384765625,-0.2735595703125
1773062477433691904,45.474453926086426,-0.9109039306640625,-0.257904052734375,-0.2769622802734375
1773062477443746816,45.484508752822876,-0.8886566162109375,-0.275848388671875,-0.26348876953125
1773062477453802752,45.49456477165222,-0.8616485595703125,-0.293426513671875,-0.241912841796875
1773062477463857920,45.50461983680725,-0.849884033203125,-0.305938720703125,-0.2756195068359375
1773062477473913856,45.5146758556366,-0.840850830078125,-0.3018341064453125,-0.3441162109375
1773062477483969024,45.524730920791626,-0.8035888671875,-0.305755615234375,-0.387451171875
1773062477494024704,45.53478670120239,-0.7946014404296875,-0.31512451171875,-0.343658447265625
1773062477504079872,45.54484176635742,-0.812225341796875,-0.2596893310546875,-0.2892303466796875
1773062477514135808,45.55489778518677,-0.8375244140625,-0.2437744140625,-0.2429656982421875
1773062477524190976,45.5649528503418,-0.841094970703125,-0.2223052978515625,-0.1756439208984375
1773062477534246912,45.57500886917114,-0.8278350830078125,-0.191802978515625,-0.18182373046875
1773062477544302080,45.58506393432617,-0.8126220703125,-0.205108642578125,-0.2613983154296875
1773062477554357760,45.59511971473694,-0.774932861328125,-0.2092742919921875,-0.3247528076171875
1773062477564412928,45.60517477989197,-0.7353057861328125,-0.207366943359375,-0.3714447021484375
1773062477574468864,45.61523079872131,-0.721923828125,-0.32806396484375,-0.41015625
1773062477584524032,45.62528586387634,-0.7369842529296875,-0.3876190185546875,-0.3968048095703125
1773062477594579968,45.63534188270569,-0.709564208984375,-0.2345428466796875,-0.3145751953125
1773062477604634880,45.64539670944214,-0.7062835693359375,-0.207366943359375,-0.308563232421875
1773062477614690816,45.655452728271484,-0.7352294921875,-0.264617919921875,-0.3037567138671875
1773062477624745728,45.665507793426514,-0.7233734130859375,-0.21429443359375,-0.3098602294921875
1773062477634801920,45.67556381225586,-0.69171142578125,-0.180877685546875,-0.3639984130859375
1773062477644856832,45.68561887741089,-0.69085693359375,-0.3125152587890625,-0.4433746337890625
1773062477654911744,45.69567370414734,-0.6316680908203125,-0.3133544921875,-0.5222625732421875
1773062477664967680,45.705729722976685,-0.61480712890625,-0.2629852294921875,-0.500701904296875
1773062477675022848,45.715784788131714,-0.630279541015625,-0.306304931640625,-0.4506378173828125
1773062477685078784,45.72584080696106,-0.64593505859375,-0.2616729736328125,-0.4122772216796875
1773062477695133952,45.73589587211609,-0.6468048095703125,-0.2019500732421875,-0.4478759765625
1773062477705189888,45.745951890945435,-0.648773193359375,-0.2609405517578125,-0.508453369140625
1773062477715244800,45.756006717681885,-0.60272216796875,-0.35546875,-0.6449432373046875
1773062477725300736,45.76606273651123,-0.5520782470703125,-0.3571929931640625,-0.5914459228515625
1773062477735355904,45.77611780166626,-0.5224456787109375,-0.263916015625,-0.5659637451171875
1773062477745411840,45.786173820495605,-0.5402679443359375,-0.2352447509765625,-0.537322998046875
1773062477755467008,45.796228885650635,-0.5383758544921875,-0.2564544677734375,-0.480316162109375
1773062477765522944,45.80628490447998,-0.4871826171875,-0.211151123046875,-0.5438385009765625
1773062477775577856,45.81633973121643,-0.437408447265625,-0.2735137939453125,-0.593017578125
1773062477785633792,45.826395750045776,-0.36419677734375,-0.3686370849609375,-0.807403564453125
1773062477795688960,45.836450815200806,-0.3214569091796875,-0.3467864990234375,-0.720001220703125
1773062477805744896,45.84650683403015,-0.3002166748046875,-0.2752838134765625,-0.5911407470703125
1773062477815799808,45.8565616607666,-0.3178863525390625,-0.2321319580078125,-0.7445831298828125
1773062477825855744,45.86661767959595,-0.299102783203125,-0.2115936279296875,-0.7306365966796875
1773062477835910912,45.87667274475098,-0.2123870849609375,-0.2332611083984375,-0.83648681640625
1773062477845966848,45.88672876358032,-0.13677978515625,-0.289306640625,-0.9489898681640625
1773062477856021760,45.89678382873535,-0.0480499267578125,-0.3097686767578125,-0.9250640869140625
1773062477866077952,45.9068398475647,-0.04315185546875,-0.299072265625,-0.9618377685546875
1773062477876132608,45.91689467430115,-0.0332794189453125,-0.1755523681640625,-0.8328399658203125
1773062477886187776,45.92694973945618,-0.0110931396484375,-0.2277374267578125,-0.7075347900390625
1773062477896243712,45.93700575828552,-0.0182037353515625,-0.317657470703125,-0.717254638671875
1773062477906298880,45.94706082344055,0.040771484375,-0.2134857177734375,-0.8888397216796875
1773062477916354816,45.9571168422699,0.1079559326171875,-0.216888427734375,-0.96929931640625
1773062477926409728,45.96717166900635,0.217041015625,-0.2133941650390625,-1.130584716796875
1773062477936465664,45.97722768783569,0.2864837646484375,-0.1941986083984375,-1.065673828125
1773062477946520832,45.98728275299072,0.311065673828125,-0.180938720703125,-0.9077606201171875
1773062477956576768,45.99733877182007,0.3355712890625,-0.183837890625,-0.8255157470703125
1773062477966631936,46.0073938369751,0.4030609130859375,-0.143829345703125,-0.7721405029296875
1773062477976687872,46.01744985580444,0.32086181640625,-0.2203369140625,-0.83172607421875
1773062477986742784,46.027504682540894,0.296966552734375,-0.2504425048828125,-0.9764556884765625
1773062477996798720,46.03756070137024,0.451629638671875,-0.1613311767578125,-1.145843505859375
1773062478006853888,46.04761576652527,0.540985107421875,-0.0626678466796875,-1.1412811279296875
1773062478016909824,46.057671785354614,0.650299072265625,0.0460052490234375,-1.0220947265625
1773062478026964992,46.067726850509644,0.6589508056640625,-0.0566558837890625,-0.87841796875
1773062478037020928,46.07778286933899,0.5220489501953125,-0.23663330078125,-0.719970703125
1773062478047075840,46.08783769607544,0.5726470947265625,-0.26776123046875,-0.7431182861328125
1773062478057131776,46.097893714904785,0.583770751953125,-0.2713775634765625,-0.89959716796875
1773062478067186944,46.107948780059814,0.638031005859375,-0.23822021484375,-1.1243438720703125
1773062478077242880,46.11800479888916,0.72821044921875,-0.0612030029296875,-1.2789154052734375
1773062478087297792,46.12805986404419,0.7859039306640625,-0.0121002197265625,-0.990936279296875
1773062478097353984,46.138115882873535,0.7834014892578125,-0.1851806640625,-0.69744873046875
1773062478107408640,46.148170709609985,0.716949462890625,-0.1837615966796875,-0.68634033203125
1773062478117464832,46.15822672843933,0.6634521484375,-0.09197998046875,-0.794464111328125
1773062478127519744,46.16828179359436,0.6645050048828125,-0.0660400390625,-0.949371337890625
1773062478137575936,46.178337812423706,0.7631988525390625,-0.0997314453125,-0.954925537109375
1773062478147630848,46.188392877578735,0.82379150390625,-0.20318603515625,-0.8345184326171875
1773062478157685760,46.198447704315186,0.819732666015625,-0.22119140625,-0.88397216796875
1773062478167741696,46.20850372314453,0.8062744140625,-0.0161285400390625,-0.8741912841796875
1773062478177796864,46.21855878829956,0.8169708251953125,0.0351104736328125,-0.736419677734375
1773062478187852800,46.228614807128906,0.8111114501953125,-0.083251953125,-0.6934356689453125
1773062478197907968,46.238669872283936,0.783172607421875,-0.1732940673828125,-0.7206268310546875
1773062478207963904,46.24872589111328,0.7785186767578125,-0.1260223388671875,-0.7830657958984375
1773062478218018816,46.25878071784973,0.83349609375,-0.0891265869140625,-0.91668701171875
1773062478228074752,46.26883673667908,0.8881378173828125,-0.0699310302734375,-0.8363494873046875
1773062478238129920,46.278891801834106,0.8770599365234375,-0.0307769775390625,-0.63507080078125
1773062478248185856,46.28894782066345,0.8181915283203125,-0.0800018310546875,-0.6141815185546875
1773062478258241024,46.29900288581848,0.7971343994140625,-0.09130859375,-0.671356201171875
1773062478268296704,46.30905866622925,0.8253631591796875,-0.0401611328125,-0.700439453125
1773062478278351872,46.31911373138428,0.8249359130859375,-0.0653228759765625,-0.71160888671875
1773062478288407808,46.32916975021362,0.8477783203125,-0.1365966796875,-0.6789703369140625
1773062478298462976,46.33922481536865,0.874481201171875,-0.13104248046875,-0.6578826904296875
1773062478308518912,46.349280834198,0.895294189453125,-0.019287109375,-0.666900634765625
1773062478318573824,46.35933566093445,0.887725830078125,-0.0005950927734375,-0.704742431640625
1773062478328629760,46.369391679763794,0.88580322265625,-0.0605926513671875,-0.6650848388671875
1773062478338684672,46.37944674491882,0.8755645751953125,-0.0893096923828125,-0.544219970703125
1773062478348740864,46.38950276374817,0.8545684814453125,-0.0933685302734375,-0.494873046875
1773062478358795776,46.3995578289032,0.8507080078125,-0.0905914306640625,-0.496795654296875
1773062478368851968,46.409613847732544,0.907501220703125,-0.073822021484375,-0.49847412109375
1773062478378906624,46.419668674468994,0.984649658203125,-0.055267333984375,-0.4828338623046875
1773062478388961792,46.42972373962402,1.0390167236328125,-0.0965576171875,-0.4836578369140625
1773062478399017728,46.43977975845337,1.0531768798828125,-0.12841796875,-0.5073089599609375
1773062478409072896,46.4498348236084,1.015167236328125,-0.1436767578125,-0.5189208984375
1773062478419128832,46.459890842437744,0.980926513671875,-0.1374359130859375,-0.50286865234375
1773062478429183744,46.469945669174194,0.976715087890625,-0.12933349609375,-0.4544677734375
1773062478439239680,46.48000168800354,0.984161376953125,-0.1271820068359375,-0.40692138671875
1773062478449294848,46.49005675315857,1.001129150390625,-0.1369781494140625,-0.3662109375
1773062478459350784,46.500112771987915,0.9937286376953125,-0.10858154296875,-0.3520050048828125
1773062478469405952,46.510167837142944,0.9956817626953125,-0.075653076171875,-0.3631744384765625
1773062478479461888,46.52022385597229,1.0376739501953125,-0.0555267333984375,-0.4108428955078125
1773062478489516800,46.53027868270874,1.060699462890625,-0.070587158203125,-0.42547607421875
1773062478499572736,46.540334701538086,1.0429840087890625,-0.111907958984375,-0.42071533203125
1773062478509627904,46.550389766693115,0.97833251953125,-0.1368865966796875,-0.3985595703125
1773062478519683840,46.56044578552246,0.9129180908203125,-0.154388427734375,-0.35894775390625
1773062478529739008,46.57050085067749,0.91619873046875,-0.1434478759765625,-0.340301513671875
1773062478539794944,46.580556869506836,0.9622802734375,-0.097869873046875,-0.3710784912109375
1773062478549849856,46.590611696243286,0.995819091796875,-0.101776123046875,-0.3784637451171875
1773062478559905792,46.60066771507263,1.0043182373046875,-0.1213836669921875,-0.3355865478515625
1773062478569960960,46.61072278022766,0.99847412109375,-0.0982208251953125,-0.3016357421875
1773062478580016896,46.62077879905701,0.978851318359375,-0.1117401123046875,-0.27606201171875
1773062478590071808,46.630833864212036,0.97442626953125,-0.1246490478515625,-0.313995361328125
1773062478600128000,46.64088988304138,0.988983154296875,-0.09619140625,-0.364349365234375
1773062478610182656,46.65094470977783,0.9944305419921875,-0.1015625,-0.35125732421875
1773062478620237824,46.66099977493286,0.9865875244140625,-0.1370697021484375,-0.31939697265625
1773062478630293760,46.67105579376221,0.9749908447265625,-0.1487884521484375,-0.3144989013671875
1773062478640348928,46.681110858917236,0.9489898681640625,-0.1360321044921875,-0.3172454833984375
1773062478650404864,46.69116687774658,0.9318695068359375,-0.138031005859375,-0.295684814453125
1773062478660459776,46.70122170448303,0.9371795654296875,-0.1426544189453125,-0.2815399169921875
1773062478670515712,46.71127772331238,0.9502105712890625,-0.1210784912109375,-0.3074951171875
1773062478680570880,46.72133278846741,1.0089874267578125,-0.1147003173828125,-0.3488616943359375
1773062478690626816,46.73138880729675,0.9857177734375,-0.1301116943359375,-0.3163909912109375
1773062478700681984,46.74144387245178,0.9755859375,-0.17486572265625,-0.29364013671875
1773062478710737920,46.75149989128113,0.9817047119140625,-0.15985107421875,-0.2985382080078125
1773062478720792832,46.76155471801758,0.9669647216796875,-0.1576690673828125,-0.280914306640625
1773062478730848768,46.771610736846924,0.9316864013671875,-0.1186981201171875,-0.2350006103515625
1773062478740903936,46.78166580200195,0.9414520263671875,-0.1142730712890625,-0.2588653564453125
1773062478750959872,46.7917218208313,0.9901275634765625,-0.10101318359375,-0.282989501953125
1773062478761015040,46.80177688598633,0.9947052001953125,-0.1234283447265625,-0.3114471435546875
1773062478771070720,46.811832666397095,1.0065155029296875,-0.126220703125,-0.323699951171875
1773062478781125888,46.821887731552124,0.957366943359375,-0.1329345703125,-0.3313140869140625
1773062478791181824,46.83194375038147,0.9305419921875,-0.1550750732421875,-0.3529815673828125
1773062478801236992,46.8419988155365,0.928985595703125,-0.135894775390625,-0.3643341064453125
1773062478811292672,46.852054595947266,0.94049072265625,-0.11578369140625,-0.3710479736328125
1773062478821347584,46.862109422683716,0.948455810546875,-0.1226043701171875,-0.36810302734375
1773062478831402496,46.872164487838745,0.9361572265625,-0.174560546875,-0.3497772216796875
1773062478841458432,46.88222050666809,0.913909912109375,-0.205413818359375,-0.3247833251953125
1773062478851513600,46.89227557182312,0.9275360107421875,-0.1591949462890625,-0.290374755859375
1773062478861569536,46.902331590652466,0.9727325439453125,-0.133453369140625,-0.2913360595703125
1773062478871624448,46.912386417388916,1.0086669921875,-0.164764404296875,-0.3278961181640625
1773062478881680384,46.92244243621826,1.004547119140625,-0.19781494140625,-0.34661865234375
1773062478891735552,46.93249750137329,1.016082763671875,-0.1675567626953125,-0.4051513671875
1773062478901791488,46.94255352020264,1.0375823974609375,-0.1361846923828125,-0.4528961181640625
1773062478911846656,46.952608585357666,1.0658111572265625,-0.1810455322265625,-0.3826751708984375
1773062478921902592,46.96266460418701,1.09912109375,-0.1760101318359375,-0.3239898681640625
1773062478931957504,46.97271943092346,1.114410400390625,-0.1695556640625,-0.390594482421875
1773062478942013440,46.98277544975281,1.1221771240234375,-0.1866302490234375,-0.4746246337890625
1773062478952068608,46.99283051490784,1.137603759765625,-0.1713104248046875,-0.459442138671875
1773062478962124544,47.00288653373718,1.1587371826171875,-0.13787841796875,-0.4163055419921875
1773062478972179712,47.01294159889221,1.1081695556640625,-0.21917724609375,-0.3905029296875
1773062478982235648,47.02299761772156,1.050537109375,-0.267608642578125,-0.4599609375
1773062478992290560,47.03305244445801,1.0455474853515625,-0.1758270263671875,-0.607330322265625
1773062479002346496,47.04310846328735,1.1031341552734375,-0.1399993896484375,-0.682769775390625
1773062479012401664,47.05316352844238,1.1590576171875,-0.1674346923828125,-0.6417083740234375
1773062479022457600,47.06321954727173,1.1903228759765625,-0.1136474609375,-0.6020050048828125
1773062479032512768,47.07327461242676,1.2056732177734375,-0.02911376953125,-0.5770263671875
1773062479042568704,47.0833306312561,1.159759521484375,-0.1156158447265625,-0.483795166015625
1773062479052623616,47.093385457992554,1.0628509521484375,-0.2064361572265625,-0.4462738037109375
1773062479062678528,47.10344052314758,0.9857025146484375,-0.158233642578125,-0.582977294921875
1773062479072734720,47.11349654197693,0.9609832763671875,-0.10076904296875,-0.798553466796875
1773062479082789632,47.12355160713196,1.0021209716796875,-0.0479278564453125,-0.850830078125
1773062479092845568,47.133607625961304,1.0103759765625,-0.0897216796875,-0.724884033203125
1773062479102900480,47.143662452697754,0.96380615234375,-0.10589599609375,-0.662506103515625
1773062479112956416,47.1537184715271,0.9737396240234375,0.0367431640625,-0.640899658203125
1773062479123011584,47.16377353668213,0.9525909423828125,0.10711669921875,-0.6232757568359375
1773062479133067520,47.173829555511475,0.900054931640625,-0.009368896484375,-0.6971282958984375
1773062479143122688,47.183884620666504,0.847137451171875,-0.2051239013671875,-0.8407135009765625
1773062479153178624,47.19394063949585,0.8285980224609375,-0.185943603515625,-0.9645843505859375
1773062479163233536,47.2039954662323,0.85321044921875,-0.1298065185546875,-0.9938507080078125
1773062479173289472,47.214051485061646,0.912353515625,-0.18975830078125,-0.8650054931640625
1773062479183344640,47.224106550216675,0.95477294921875,-0.0513153076171875,-0.732940673828125
1773062479193400576,47.23416256904602,0.9660797119140625,0.1432037353515625,-0.69781494140625
1773062479203455744,47.24421763420105,0.9184417724609375,-0.020660400390625,-0.726715087890625
1773062479213511424,47.254273414611816,0.84326171875,-0.17315673828125,-0.787872314453125
1773062479223566592,47.264328479766846,0.7963104248046875,-0.170074462890625,-0.8514404296875
1773062479233622528,47.27438449859619,0.7464752197265625,-0.1003265380859375,-0.9644317626953125
1773062479243677696,47.28443956375122,0.7042083740234375,-0.1285247802734375,-0.9232177734375
1773062479253733632,47.294495582580566,0.654327392578125,-0.2024993896484375,-0.882904052734375
1773062479263788544,47.30455040931702,0.6381072998046875,-0.1424102783203125,-0.9054412841796875
1773062479273843456,47.314605474472046,0.6419219970703125,-0.0977935791015625,-0.915313720703125
1773062479283899648,47.32466149330139,0.6250457763671875,-0.1246337890625,-0.917388916015625
1773062479293954560,47.33471655845642,0.5841827392578125,-0.125762939453125,-0.8783721923828125
1773062479304010752,47.34477257728577,0.57373046875,-0.1196441650390625,-0.9019775390625
1773062479314065664,47.354827642440796,0.55419921875,-0.0893707275390625,-0.9510345458984375
1773062479324121600,47.36488342285156,0.46502685546875,-0.1065521240234375,-0.9245758056640625
1773062479334176512,47.37493848800659,0.3864898681640625,-0.17840576171875,-0.8440399169921875
1773062479344232448,47.38499450683594,0.3525390625,-0.193756103515625,-0.838226318359375
1773062479354287616,47.39504957199097,0.339324951171875,-0.14739990234375,-0.8965911865234375
1773062479364343552,47.40510559082031,0.331329345703125,-0.11053466796875,-0.8821563720703125
1773062479374398464,47.41516041755676,0.3264617919921875,-0.1302490234375,-0.8628082275390625
1773062479384454400,47.42521643638611,0.28662109375,-0.1977081298828125,-0.87255859375
1773062479394509568,47.43527150154114,0.2383270263671875,-0.2169189453125,-0.901336669921875
1773062479404565504,47.44532752037048,0.1968536376953125,-0.156158447265625,-0.8886260986328125
1773062479414620672,47.45538258552551,0.147064208984375,-0.154327392578125,-0.8590545654296875
1773062479424676608,47.46543860435486,0.0892791748046875,-0.19427490234375,-0.8066253662109375
1773062479434731520,47.47549343109131,0.04608154296875,-0.210296630859375,-0.7883758544921875
1773062479444787456,47.485549449920654,0.020355224609375,-0.219390869140625,-0.758392333984375
1773062479454842624,47.495604515075684,-0.0047760009765625,-0.1898345947265625,-0.796173095703125
1773062479464898560,47.50566053390503,-0.0384521484375,-0.1941070556640625,-0.8257904052734375
1773062479474953728,47.51571559906006,-0.047119140625,-0.19580078125,-0.8170013427734375
1773062479485009664,47.525771617889404,-0.0636444091796875,-0.256103515625,-0.7476959228515625
1773062479495064576,47.535826444625854,-0.1175384521484375,-0.298065185546875,-0.7183074951171875
1773062479505119488,47.545881509780884,-0.1388092041015625,-0.261627197265625,-0.748046875
1773062479515175680,47.55593752861023,-0.12591552734375,-0.23089599609375,-0.765350341796875
1773062479525230592,47.56599259376526,-0.1902618408203125,-0.2571868896484375,-0.685150146484375
1773062479535286784,47.576048612594604,-0.2703857421875,-0.27099609375,-0.6777496337890625
1773062479545341440,47.586103439331055,-0.2621307373046875,-0.23968505859375,-0.70074462890625
1773062479555397632,47.5961594581604,-0.264862060546875,-0.2782135009765625,-0.71697998046875
1773062479565452544,47.60621452331543,-0.3226776123046875,-0.2929534912109375,-0.7118988037109375
1773062479575508480,47.616270542144775,-0.3198089599609375,-0.2725830078125,-0.70269775390625
1773062479585563648,47.626325607299805,-0.31878662109375,-0.2694549560546875,-0.7195587158203125
1773062479595619584,47.63638162612915,-0.3600616455078125,-0.277984619140625,-0.6667938232421875
1773062479605674496,47.6464364528656,-0.3889312744140625,-0.2794647216796875,-0.61212158203125
1773062479615730432,47.656492471694946,-0.435699462890625,-0.2305755615234375,-0.5584564208984375
1773062479625785600,47.666547536849976,-0.458709716796875,-0.19854736328125,-0.584320068359375
1773062479635841536,47.67660355567932,-0.4808502197265625,-0.2426910400390625,-0.52935791015625
1773062479645896704,47.68665862083435,-0.58544921875,-0.340057373046875,-0.5809478759765625
1773062479655952640,47.696714639663696,-0.5013580322265625,-0.3052520751953125,-0.5587158203125
1773062479666007552,47.70676946640015,-0.5319366455078125,-0.403533935546875,-0.5046234130859375
1773062479676063488,47.71682548522949,-0.5530242919921875,-0.3424072265625,-0.50421142578125
1773062479686118656,47.72688055038452,-0.5814971923828125,-0.3596038818359375,-0.510833740234375
1773062479696174592,47.73693656921387,-0.6194000244140625,-0.293609619140625,-0.5126800537109375
1773062479706229760,47.7469916343689,-0.6044769287109375,-0.2419891357421875,-0.499359130859375
1773062479716285440,47.75704741477966,-0.5877532958984375,-0.3303680419921875,-0.466949462890625
1773062479726340608,47.76710247993469,-0.5890045166015625,-0.395843505859375,-0.400543212890625
1773062479736396544,47.77715849876404,-0.609466552734375,-0.3658599853515625,-0.36480712890625
1773062479746451712,47.78721356391907,-0.6520233154296875,-0.3612823486328125,-0.40130615234375
1773062479756506624,47.7972686290741,-0.6654510498046875,-0.3798065185546875,-0.4647979736328125
1773062479766562560,47.80732440948486,-0.69427490234375,-0.28497314453125,-0.4831695556640625
1773062479776617472,47.81737947463989,-0.7000274658203125,-0.2250823974609375,-0.4671630859375
1773062479786673664,47.82743549346924,-0.692474365234375,-0.26068115234375,-0.385162353515625
1773062479796728576,47.83749055862427,-0.734344482421875,-0.303131103515625,-0.2840576171875
1773062479806784512,47.84754657745361,-0.7774200439453125,-0.3243255615234375,-0.223724365234375
1773062479816840704,47.85760259628296,-0.7809906005859375,-0.32257080078125,-0.2909698486328125
1773062479826896640,47.867658615112305,-0.7830352783203125,-0.334930419921875,-0.3231201171875
1773062479836951552,47.877713441848755,-0.8047943115234375,-0.307861328125,-0.339111328125
1773062479847007488,47.8877694606781,-0.8091278076171875,-0.2975616455078125,-0.357421875
1773062479857062656,47.89782452583313,-0.788421630859375,-0.2649078369140625,-0.3992462158203125
1773062479867118592,47.907880544662476,-0.784820556640625,-0.260650634765625,-0.4200439453125
1773062479877173760,47.917935609817505,-0.8156890869140625,-0.31756591796875,-0.3303070068359375
1773062479887229696,47.92799162864685,-0.8447418212890625,-0.32147216796875,-0.266326904296875
1773062479897284608,47.9380464553833,-0.85369873046875,-0.2790069580078125,-0.281402587890625
1773062479907340544,47.94810247421265,-0.8715057373046875,-0.2729339599609375,-0.25445556640625
1773062479917395712,47.958157539367676,-0.9003143310546875,-0.26812744140625,-0.2611236572265625
1773062479927451648,47.96821355819702,-0.899749755859375,-0.26080322265625,-0.2716522216796875
1773062479937506560,47.97826862335205,-0.8781585693359375,-0.2728729248046875,-0.2977142333984375
1773062479947562752,47.9883246421814,-0.876495361328125,-0.2631683349609375,-0.31378173828125
1773062479957617408,47.99837946891785,-0.8671722412109375,-0.22705078125,-0.275543212890625
1773062479967672576,48.008434534072876,-0.90423583984375,-0.1914215087890625,-0.2234649658203125
1773062479977728512,48.01849055290222,-0.9181671142578125,-0.21612548828125,-0.2277374267578125
1773062479987783680,48.02854561805725,-0.90411376953125,-0.2023468017578125,-0.22845458984375
1773062479997839616,48.0386016368866,-0.910003662109375,-0.2442779541015625,-0.232086181640625
1773062480007894528,48.04865646362305,-0.9179229736328125,-0.232452392578125,-0.2152557373046875
1773062480017950464,48.05871248245239,-0.9202117919921875,-0.26702880859375,-0.24267578125
1773062480028005632,48.06876754760742,-0.9524078369140625,-0.2658538818359375,-0.2220306396484375
1773062480038061568,48.07882356643677,-0.9611968994140625,-0.2091827392578125,-0.1768646240234375
1773062480048116736,48.0888786315918,-0.970703125,-0.1920928955078125,-0.1870880126953125
1773062480058172416,48.09893441200256,-0.95867919921875,-0.1953125,-0.2068634033203125
1773062480068227584,48.10898947715759,-0.9650421142578125,-0.2235107421875,-0.197723388671875
1773062480078283520,48.11904549598694,-0.987762451171875,-0.2486572265625,-0.161956787109375
1773062480088338688,48.12910056114197,-1.00787353515625,-0.2464141845703125,-0.133636474609375
1773062480098394624,48.13915657997131,-1.028533935546875,-0.2152862548828125,-0.10394287109375
1773062480108449536,48.149211406707764,-1.0525970458984375,-0.2013702392578125,-0.0817413330078125
1773062480118505472,48.15926742553711,-1.0822296142578125,-0.195068359375,-0.1096343994140625
1773062480128560640,48.16932249069214,-1.06719970703125,-0.1803436279296875,-0.132354736328125
1773062480138616576,48.179378509521484,-1.0431365966796875,-0.18524169921875,-0.09002685546875
1773062480148671744,48.189433574676514,-1.063873291015625,-0.184295654296875,-0.09307861328125
1773062480158727680,48.19948959350586,-1.0615997314453125,-0.1803131103515625,-0.1085662841796875
1773062480168782592,48.20954442024231,-1.0407562255859375,-0.1602935791015625,-0.12493896484375
1773062480178837504,48.21959948539734,-1.0174713134765625,-0.1322174072265625,-0.1354217529296875
1773062480188893440,48.229655504226685,-1.001953125,-0.14288330078125,-0.1527862548828125
1773062480198948608,48.239710569381714,-0.9967498779296875,-0.1553802490234375,-0.16583251953125
1773062480209004544,48.24976658821106,-0.9863739013671875,-0.1461639404296875,-0.16241455078125
1773062480219059456,48.25982141494751,-0.968902587890625,-0.1337432861328125,-0.1737823486328125
1773062480229115392,48.269877433776855,-0.9533233642578125,-0.1313323974609375,-0.1729583740234375
1773062480239170560,48.279932498931885,-0.950164794921875,-0.1169586181640625,-0.1655426025390625
1773062480249226496,48.28998851776123,-0.9448394775390625,-0.1060943603515625,-0.1709136962890625
1773062480259281664,48.30004358291626,-0.9294281005859375,-0.1310272216796875,-0.209381103515625
1773062480269337600,48.310099601745605,-0.894256591796875,-0.1571807861328125,-0.2448577880859375
1773062480279392512,48.320154428482056,-0.86383056640625,-0.17303466796875,-0.235931396484375
1773062480289448448,48.3302104473114,-0.8758392333984375,-0.173614501953125,-0.2313690185546875
1773062480299503616,48.34026551246643,-0.89276123046875,-0.1664581298828125,-0.245574951171875
1773062480309559552,48.350321531295776,-0.8733367919921875,-0.173736572265625,-0.2215423583984375
1773062480319614720,48.360376596450806,-0.8656768798828125,-0.1904449462890625,-0.2233428955078125
1773062480329670656,48.37043261528015,-0.873748779296875,-0.1856842041015625,-0.2398834228515625
1773062480339725568,48.3804874420166,-0.85162353515625,-0.1911163330078125,-0.2978668212890625
1773062480349781504,48.39054346084595,-0.8321075439453125,-0.2047576904296875,-0.3747100830078125
1773062480359836672,48.40059852600098,-0.8093719482421875,-0.1977691650390625,-0.3848724365234375
1773062480369892608,48.41065454483032,-0.7904052734375,-0.192596435546875,-0.371490478515625
1773062480379947776,48.42070960998535,-0.8019561767578125,-0.1855621337890625,-0.352081298828125
1773062480390002432,48.4307644367218,-0.8096771240234375,-0.18389892578125,-0.3191070556640625
1773062480400058624,48.44082045555115,-0.8128814697265625,-0.1906585693359375,-0.2927703857421875
1773062480410113536,48.45087552070618,-0.813812255859375,-0.2212982177734375,-0.301727294921875
1773062480420169472,48.46093153953552,-0.801849365234375,-0.262664794921875,-0.37799072265625
1773062480430224640,48.47098660469055,-0.7748870849609375,-0.262115478515625,-0.4407501220703125
1773062480440280576,48.4810426235199,-0.73876953125,-0.220977783203125,-0.47784423828125
1773062480450335488,48.49109745025635,-0.72784423828125,-0.191558837890625,-0.4777374267578125
1773062480460391424,48.50115346908569,-0.7504425048828125,-0.1814422607421875,-0.401397705078125
1773062480470446592,48.51120853424072,-0.82275390625,-0.165435791015625,-0.3050689697265625
1773062480480502528,48.52126455307007,-0.8238372802734375,-0.194671630859375,-0.2782440185546875
1773062480490557696,48.5313196182251,-0.7840576171875,-0.28424072265625,-0.318328857421875
1773062480500613632,48.54137563705444,-0.761993408203125,-0.300689697265625,-0.364410400390625
1773062480510668544,48.551430463790894,-0.7338714599609375,-0.2360992431640625,-0.4668121337890625
1773062480520724480,48.56148648262024,-0.7069091796875,-0.197662353515625,-0.555755615234375
1773062480530779648,48.57154154777527,-0.679656982421875,-0.223876953125,-0.5790252685546875
1773062480540835584,48.581597566604614,-0.6842498779296875,-0.25848388671875,-0.474334716796875
1773062480550890752,48.591652631759644,-0.6976776123046875,-0.335723876953125,-0.57244873046875
1773062480560946432,48.60170841217041,-0.6261444091796875,-0.33868408203125,-0.6024932861328125
1773062480571001600,48.61176347732544,-0.62213134765625,-0.2890625,-0.5623931884765625
1773062480581056512,48.62181854248047,-0.6794586181640625,-0.2173309326171875,-0.5557403564453125
1773062480591112704,48.631874561309814,-0.670013427734375,-0.1812286376953125,-0.59344482421875
1773062480601167616,48.641929626464844,-0.5841064453125,-0.1866302490234375,-0.69671630859375
1773062480611223552,48.65198540687561,-0.501129150390625,-0.222747802734375,-0.7909393310546875
1773062480621278464,48.66204047203064,-0.4337615966796875,-0.2634124755859375,-0.837188720703125
1773062480631334656,48.672096490859985,-0.4353790283203125,-0.2909393310546875,-0.7560882568359375
1773062480641389568,48.682151556015015,-0.4726715087890625,-0.31707763671875,-0.650482177734375
1773062480651445504,48.69220757484436,-0.474639892578125,-0.2749176025390625,-0.62957763671875
1773062480661500672,48.70226263999939,-0.4451904296875,-0.1832427978515625,-0.6952362060546875
1773062480671556352,48.712318420410156,-0.409637451171875,-0.15557861328125,-0.7662506103515625
1773062480681611520,48.722373485565186,-0.359588623046875,-0.2327117919921875,-0.863037109375
1773062480691667456,48.73242950439453,-0.3193817138671875,-0.25018310546875,-0.88958740234375
1773062480701722624,48.74248456954956,-0.2799530029296875,-0.2183685302734375,-0.8084869384765625
1773062480711778560,48.752540588378906,-0.2836151123046875,-0.240020751953125,-0.86328125
1773062480721833472,48.762595415115356,-0.26739501953125,-0.23193359375,-0.8525543212890625
1773062480731889408,48.7726514339447,-0.2190093994140625,-0.19000244140625,-0.7711639404296875
1773062480741944576,48.78270649909973,-0.2357330322265625,-0.199981689453125,-0.757598876953125
1773062480752000512,48.79276251792908,-0.2432403564453125,-0.227752685546875,-0.84619140625
1773062480762055680,48.802817583084106,-0.1779632568359375,-0.2246551513671875,-0.98382568359375
1773062480772111616,48.81287360191345,-0.138031005859375,-0.219024658203125,-0.9528045654296875
1773062480782166528,48.8229284286499,-0.116668701171875,-0.2452239990234375,-0.936279296875
1773062480792222464,48.83298444747925,-0.098541259765625,-0.2476348876953125,-1.0077362060546875
1773062480802277632,48.84303951263428,-0.0628662109375,-0.1925048828125,-0.945281982421875
1773062480812332032,48.85309386253357,-0.0414886474609375,-0.212371826171875,-0.821563720703125
1773062480822387968,48.863149881362915,-0.1427001953125,-0.239501953125,-0.81378173828125
1773062480832442880,48.873204946517944,-0.092498779296875,-0.23883056640625,-0.8755340576171875
1773062480842499072,48.88326096534729,-0.0233154296875,-0.3134307861328125,-0.9752960205078125
1773062480852553984,48.89331603050232,0.0469970703125,-0.2780914306640625,-1.0152587890625
1773062480862610176,48.903372049331665,0.0409393310546875,-0.240875244140625,-0.979766845703125
1773062480872664832,48.913426876068115,0.0218505859375,-0.2138671875,-1.013763427734375
1773062480882721024,48.92348289489746,0.1352081298828125,-0.1048583984375,-0.941314697265625
1773062480892775936,48.93353796005249,0.071746826171875,-0.1712799072265625,-0.8313751220703125
1773062480902832128,48.943593978881836,0.0366668701171875,-0.2590789794921875,-0.8338775634765625
1773062480912887040,48.953649044036865,0.108123779296875,-0.3113250732421875,-0.935272216796875
1773062480922942976,48.96370482444763,0.1590423583984375,-0.283294677734375,-0.9578704833984375
1773062480932997888,48.97375988960266,0.1944427490234375,-0.220977783203125,-1.0690765380859375
1773062480943054080,48.98381590843201,0.25531005859375,-0.1486053466796875,-1.1036224365234375
1773062480953108992,48.993870973587036,0.3052978515625,-0.111175537109375,-0.9398651123046875
1773062480963164928,49.00392699241638,0.2716064453125,-0.1352691650390625,-0.7991485595703125
1773062480973220096,49.01398205757141,0.2203826904296875,-0.2164764404296875,-0.7265472412109375
1773062480983275776,49.02403783798218,0.2270355224609375,-0.3394775390625,-0.8177947998046875
1773062480993330944,49.03409290313721,0.2871246337890625,-0.38525390625,-1.0573577880859375
1773062481003386880,49.04414892196655,0.3702850341796875,-0.138214111328125,-1.0597076416015625
1773062481013442048,49.05420398712158,0.453765869140625,0.0306549072265625,-1.02923583984375
1773062481023497216,49.06425905227661,0.4557647705078125,-0.05218505859375,-1.0949554443359375
1773062481033552896,49.07431483268738,0.449371337890625,-0.1079864501953125,-0.850189208984375
1773062481043608064,49.08436989784241,0.4498291015625,-0.146728515625,-0.66741943359375
1773062481053664000,49.09442591667175,0.379119873046875,-0.2694091796875,-0.694183349609375
1773062481063718912,49.10448098182678,0.33551025390625,-0.3453826904296875,-0.7704925537109375
1773062481073775104,49.11453700065613,0.3847198486328125,-0.245513916015625,-0.980743408203125
1773062481083829760,49.12459182739258,0.523193359375,0.04302978515625,-1.1992645263671875
1773062481093885952,49.134647846221924,0.6431732177734375,0.1087493896484375,-1.1415863037109375
1773062481103940864,49.14470291137695,0.6685333251953125,0.00579833984375,-0.8195037841796875
1773062481113997056,49.1547589302063,0.6729736328125,-0.1086578369140625,-0.6237030029296875
1773062481124051968,49.16481399536133,0.678070068359375,-0.198333740234375,-0.647125244140625
1773062481134108160,49.174870014190674,0.6450958251953125,-0.1728363037109375,-0.7118988037109375
1773062481144162816,49.184924840927124,0.5972900390625,-0.096771240234375,-0.771820068359375
1773062481154219008,49.19498085975647,0.6524810791015625,-0.0067291259765625,-0.8638763427734375
1773062481164273920,49.2050359249115,0.770294189453125,0.07855224609375,-1.0266876220703125
1773062481174330112,49.215091943740845,0.798095703125,0.0826568603515625,-1.0219268798828125
1773062481184385024,49.225147008895874,0.7707061767578125,0.02789306640625,-0.798980712890625
1773062481194440960,49.23520302772522,0.77020263671875,-0.08831787109375,-0.7132110595703125
1773062481204495872,49.24525785446167,0.77349853515625,-0.1835784912109375,-0.6645965576171875
1773062481214551808,49.255313873291016,0.736907958984375,-0.2007904052734375,-0.6570892333984375
1773062481224606976,49.265368938446045,0.747344970703125,-0.1026153564453125,-0.6927032470703125
1773062481234662912,49.27542495727539,0.8296051025390625,0.0242767333984375,-0.7398681640625
1773062481244718080,49.28548002243042,0.857757568359375,0.0093231201171875,-0.850067138671875
1773062481254772992,49.29553484916687,0.8203582763671875,-0.021240234375,-0.8052978515625
1773062481264828928,49.305590867996216,0.7773895263671875,-0.044830322265625,-0.67340087890625
1773062481274884096,49.315645933151245,0.78900146484375,-0.1061859130859375,-0.6772613525390625
1773062481284940032,49.32570195198059,0.8598785400390625,-0.075103759765625,-0.7122344970703125
1773062481294994944,49.33575701713562,0.9390716552734375,-0.058319091796875,-0.710205078125
1773062481305051136,49.345813035964966,0.97613525390625,-0.09429931640625,-0.6348419189453125
1773062481315105792,49.355867862701416,0.94268798828125,-0.107025146484375,-0.6017608642578125
1773062481325161984,49.36592388153076,0.8872833251953125,-0.06658935546875,-0.655364990234375
1773062481335216896,49.37597894668579,0.863677978515625,-0.000946044921875,-0.6712799072265625
1773062481345273088,49.38603496551514,0.88519287109375,0.0034027099609375,-0.636749267578125
1773062481355328000,49.396090030670166,0.9127655029296875,-0.05517578125,-0.5885772705078125
1773062481365384192,49.40614604949951,0.90850830078125,-0.1254119873046875,-0.5349578857421875
1773062481375438848,49.41620087623596,0.9086151123046875,-0.077972412109375,-0.548583984375
1773062481385495040,49.42625689506531,0.9230194091796875,0.0111236572265625,-0.5823516845703125
1773062481395549952,49.43631196022034,0.9357452392578125,-0.046417236328125,-0.5736541748046875
1773062481405606144,49.44636797904968,0.9771881103515625,-0.0865478515625,-0.5453338623046875
1773062481415661056,49.45642304420471,1.0168914794921875,-0.0486907958984375,-0.5361328125
1773062481425716992,49.46647882461548,1.002716064453125,-0.052154541015625,-0.50457763671875
1773062481435771904,49.47653388977051,0.99920654296875,-0.09014892578125,-0.45855712890625
1773062481445827840,49.48658990859985,1.0033111572265625,-0.0919342041015625,-0.432281494140625
1773062481455883008,49.49664497375488,0.980255126953125,-0.05517578125,-0.421234130859375
1773062481465938176,49.50670003890991,0.9572601318359375,-0.0666046142578125,-0.4113616943359375
1773062481475994112,49.51675605773926,0.958984375,-0.0382537841796875,-0.43408203125
1773062481486049024,49.52681088447571,0.9619140625,-0.007843017578125,-0.4708404541015625
1773062481496104960,49.536866903305054,0.97430419921875,-0.03387451171875,-0.4275665283203125
1773062481506160128,49.54692196846008,1.00250244140625,-0.097381591796875,-0.330352783203125
1773062481516216064,49.55697798728943,1.030975341796875,-0.1361083984375,-0.3291015625
1773062481526271232,49.56703305244446,1.0270538330078125,-0.105865478515625,-0.3440399169921875
1773062481536326912,49.577088832855225,0.9877471923828125,-0.093597412109375,-0.31707763671875
1773062481546381824,49.587143898010254,0.9706878662109375,-0.0978851318359375,-0.3620452880859375
1773062481556438016,49.5971999168396,0.97064208984375,-0.128173828125,-0.4196014404296875
1773062481566492928,49.60725498199463,1.0015411376953125,-0.148162841796875,-0.43182373046875
1773062481576549120,49.617311000823975,1.026153564453125,-0.195709228515625,-0.44189453125
1773062481586603776,49.627365827560425,1.0534515380859375,-0.2097320556640625,-0.37823486328125
1773062481596659968,49.63742184638977,1.082244873046875,-0.104522705078125,-0.3349761962890625
1773062481606714880,49.6474769115448,1.08905029296875,-0.0681610107421875,-0.3384246826171875
1773062481616771072,49.657532930374146,1.07525634765625,-0.0901641845703125,-0.3614044189453125
1773062481626825984,49.667587995529175,1.03741455078125,-0.134246826171875,-0.3519134521484375
1773062481636882176,49.67764401435852,0.998046875,-0.1867218017578125,-0.3944244384765625
1773062481646936832,49.68769884109497,1.0070648193359375,-0.226959228515625,-0.503936767578125
1773062481656993024,49.697754859924316,1.0341949462890625,-0.2113800048828125,-0.5058135986328125
1773062481667047936,49.707809925079346,1.0593414306640625,-0.1156158447265625,-0.44561767578125
1773062481677103104,49.717864990234375,1.0546417236328125,-0.070068359375,-0.3874969482421875
1773062481687159040,49.72792100906372,1.0236358642578125,-0.11541748046875,-0.3388671875
1773062481697213952,49.73797583580017,1.0037841796875,-0.130340576171875,-0.406585693359375
1773062481707269888,49.74803185462952,1.0112152099609375,-0.1443023681640625,-0.5227813720703125
1773062481717325056,49.758086919784546,1.046417236328125,-0.186614990234375,-0.5419464111328125
1773062481727380992,49.76814293861389,1.059051513671875,-0.183135986328125,-0.5000457763671875
1773062481737436160,49.77819800376892,1.0541534423828125,-0.143585205078125,-0.457794189453125
1773062481747492096,49.78825402259827,1.05450439453125,-0.1324462890625,-0.460235595703125
1773062481757547008,49.79830884933472,1.057525634765625,-0.0989837646484375,-0.460174560546875
1773062481767602944,49.80836486816406,1.033935546875,-0.0833892822265625,-0.4898223876953125
1773062481777658112,49.81841993331909,1.0237274169921875,-0.14471435546875,-0.5534210205078125
1773062481787714048,49.82847595214844,1.029083251953125,-0.1526336669921875,-0.6111602783203125
1773062481797768960,49.83853101730347,1.0296783447265625,-0.1140594482421875,-0.6402130126953125
1773062481807825152,49.84858703613281,1.0320587158203125,-0.1011810302734375,-0.5896148681640625
1773062481817879808,49.85864186286926,1.0384368896484375,-0.0100860595703125,-0.4719696044921875
1773062481827936000,49.86869788169861,1.00152587890625,0.0370941162109375,-0.46234130859375
1773062481837990912,49.87875294685364,0.9705047607421875,-0.00982666015625,-0.5995025634765625
1773062481848047104,49.88880896568298,0.9729766845703125,-0.141021728515625,-0.763885498046875
1773062481858101760,49.898863792419434,0.987762451171875,-0.153961181640625,-0.8059234619140625
1773062481868157952,49.90891981124878,0.9970855712890625,-0.0445556640625,-0.7554779052734375
1773062481878212864,49.91897487640381,1.014556884765625,-0.051971435546875,-0.725006103515625
1773062481888268032,49.92902994155884,0.977874755859375,-0.098663330078125,-0.7024383544921875
1773062481898323968,49.939085960388184,0.9396514892578125,-0.094757080078125,-0.7041168212890625
1773062481908378880,49.949140787124634,0.9579315185546875,-0.12310791015625,-0.727203369140625
1773062481918434816,49.95919680595398,0.947723388671875,-0.1419525146484375,-0.755828857421875
1773062481928489984,49.96925187110901,0.8776092529296875,-0.1349945068359375,-0.7624053955078125
1773062481938545920,49.979307889938354,0.822479248046875,-0.0607452392578125,-0.79046630859375
1773062481948601088,49.989362955093384,0.8424224853515625,-0.0040130615234375,-0.834716796875
1773062481958657024,49.99941897392273,0.876678466796875,-0.0417633056640625,-0.838958740234375
1773062481968711936,50.00947380065918,0.8709869384765625,-0.104888916015625,-0.81903076171875
1773062481978767872,50.019529819488525,0.8101654052734375,-0.1441497802734375,-0.78515625
1773062481988823040,50.029584884643555,0.7625885009765625,-0.1020660400390625,-0.788604736328125
1773062481998878976,50.0396409034729,0.7370758056640625,-0.1421661376953125,-0.8146514892578125
1773062482008934144,50.04969596862793,0.688751220703125,-0.203094482421875,-0.8953399658203125
1773062482018990080,50.059751987457275,0.6883087158203125,-0.1273345947265625,-0.939208984375
1773062482029044992,50.069806814193726,0.74053955078125,-0.0929107666015625,-0.9395751953125
1773062482039100928,50.07986283302307,0.778106689453125,-0.1219329833984375,-0.86956787109375
1773062482049155840,50.0899178981781,0.7160186767578125,-0.0972137451171875,-0.807769775390625
1773062482059212032,50.099973917007446,0.6579742431640625,-0.0123138427734375,-0.831298828125
1773062482069266944,50.110028982162476,0.6592254638671875,-0.0845489501953125,-0.869293212890625
1773062482079323136,50.12008500099182,0.6175537109375,-0.117279052734375,-0.8831024169921875
1773062482089377792,50.13013982772827,0.581817626953125,-0.11737060546875,-0.9066009521484375
1773062482099432960,50.1401948928833,0.5438995361328125,-0.194091796875,-0.931427001953125
1773062482109488896,50.15025091171265,0.5026397705078125,-0.257965087890625,-0.9403228759765625
1773062482119544064,50.160305976867676,0.5122833251953125,-0.2227783203125,-0.989501953125
1773062482129600000,50.17036199569702,0.5557098388671875,-0.1752166748046875,-0.972259521484375
1773062482139654912,50.18041682243347,0.512359619140625,-0.192779541015625,-0.9061126708984375
1773062482149710848,50.19047284126282,0.4326171875,-0.1558074951171875,-0.8649749755859375
1773062482159766016,50.20052790641785,0.351531982421875,-0.1751708984375,-0.817657470703125
1773062482169821952,50.21058392524719,0.2725982666015625,-0.185546875,-0.9002227783203125
1773062482179877120,50.22063899040222,0.2926177978515625,-0.134796142578125,-0.997772216796875
1773062482189933056,50.23069500923157,0.33245849609375,-0.143218994140625,-0.9387969970703125
1773062482199987968,50.24074983596802,0.273895263671875,-0.2412567138671875,-0.9055938720703125
1773062482210043904,50.25080585479736,0.2446441650390625,-0.22265625,-0.8720703125
1773062482220099072,50.26086091995239,0.2031402587890625,-0.1568756103515625,-0.871307373046875
1773062482230155008,50.27091693878174,0.1369476318359375,-0.248809814453125,-0.8048095703125
1773062482240210176,50.28097200393677,0.078887939453125,-0.262847900390625,-0.79083251953125
1773062482250265856,50.291027784347534,0.07177734375,-0.1160430908203125,-0.864288330078125
1773062482260321024,50.30108284950256,0.061248779296875,-0.1418304443359375,-0.947113037109375
1773062482270376960,50.31113886833191,0.0525054931640625,-0.23822021484375,-0.8792877197265625
1773062482280431872,50.32119393348694,0.044036865234375,-0.2607421875,-0.8279571533203125
1773062482290488064,50.331249952316284,0.0117034912109375,-0.27496337890625,-0.7804107666015625
1773062482300542976,50.34130501747131,-0.0645904541015625,-0.2719268798828125,-0.7222900390625
1773062482310598912,50.35136079788208,-0.1078033447265625,-0.2625274658203125,-0.7323455810546875
1773062482320653824,50.36141586303711,-0.13238525390625,-0.231231689453125,-0.835357666015625
1773062482330708992,50.37147092819214,-0.1300201416015625,-0.1729736328125,-0.8810882568359375
1773062482340764928,50.381526947021484,-0.119232177734375,-0.1809539794921875,-0.82867431640625
1773062482350820096,50.391582012176514,-0.1203765869140625,-0.261322021484375,-0.7488555908203125
1773062482360875776,50.40163779258728,-0.150543212890625,-0.3201751708984375,-0.7039337158203125
1773062482370930944,50.41169285774231,-0.2142181396484375,-0.297119140625,-0.6566009521484375
1773062482380986880,50.421748876571655,-0.2771759033203125,-0.2381744384765625,-0.6499176025390625
1773062482391042048,50.431803941726685,-0.3302459716796875,-0.2394866943359375,-0.6796112060546875
1773062482401097984,50.44185996055603,-0.36474609375,-0.251953125,-0.7317047119140625
1773062482411152896,50.45191478729248,-0.337371826171875,-0.214508056640625,-0.7483978271484375
1773062482421208832,50.461970806121826,-0.3345489501953125,-0.2757720947265625,-0.6493682861328125
1773062482431264000,50.472025871276855,-0.380889892578125,-0.352783203125,-0.6753387451171875
1773062482441319936,50.4820818901062,-0.4026641845703125,-0.358489990234375,-0.732635498046875
1773062482451375104,50.49213695526123,-0.39300537109375,-0.3582611083984375,-0.7102813720703125
1773062482461431040,50.502192974090576,-0.4715728759765625,-0.3143463134765625,-0.6009521484375
1773062482471485952,50.512247800827026,-0.531402587890625,-0.3395843505859375,-0.54107666015625
1773062482481541888,50.52230381965637,-0.5690155029296875,-0.3006591796875,-0.562103271484375
1773062482491597056,50.5323588848114,-0.544708251953125,-0.2873077392578125,-0.5679473876953125
1773062482501652992,50.54241490364075,-0.5948486328125,-0.288299560546875,-0.6689605712890625
1773062482511707904,50.552469968795776,-0.571258544921875,-0.27117919921875,-0.6031951904296875
1773062482521764096,50.56252598762512,-0.5761260986328125,-0.2679901123046875,-0.5455474853515625
1773062482531818752,50.57258081436157,-0.6303558349609375,-0.283477783203125,-0.487457275390625
1773062482541874944,50.58263683319092,-0.630645751953125,-0.2667694091796875,-0.4679412841796875
1773062482551929856,50.59269189834595,-0.654205322265625,-0.3380584716796875,-0.47222900390625
1773062482561985024,50.60274696350098,-0.6798858642578125,-0.346588134765625,-0.44879150390625
1773062482572040960,50.61280298233032,-0.69720458984375,-0.2404632568359375,-0.3809814453125
1773062482582095872,50.62285780906677,-0.7078857421875,-0.235870361328125,-0.4547882080078125
1773062482592151808,50.63291382789612,-0.6728515625,-0.246246337890625,-0.4771728515625
1773062482602206976,50.64296889305115,-0.6822662353515625,-0.2504425048828125,-0.4113922119140625
1773062482612262912,50.65302491188049,-0.7308502197265625,-0.3060455322265625,-0.39300537109375
1773062482622318080,50.66307997703552,-0.7257232666015625,-0.3530731201171875,-0.380889892578125
1773062482632374016,50.67313599586487,-0.72369384765625,-0.3103485107421875,-0.2423553466796875
1773062482642428928,50.68319082260132,-0.768341064453125,-0.2558135986328125,-0.2506256103515625
1773062482652484864,50.693246841430664,-0.7840576171875,-0.244873046875,-0.311279296875
1773062482662540032,50.70330190658569,-0.7657318115234375,-0.2254638671875,-0.3086700439453125
1773062482672595968,50.71335792541504,-0.766510009765625,-0.2184600830078125,-0.3454132080078125
1773062482682651136,50.72341299057007,-0.7474365234375,-0.275299072265625,-0.3665618896484375
1773062482692707072,50.733469009399414,-0.7465057373046875,-0.26116943359375,-0.3199462890625
1773062482702761984,50.743523836135864,-0.7603912353515625,-0.2708740234375,-0.3038177490234375
1773062482712817920,50.75357985496521,-0.799072265625,-0.275909423828125,-0.21575927734375
1773062482722873088,50.76363492012024,-0.8336639404296875,-0.2250213623046875,-0.15423583984375
1773062482732929024,50.773690938949585,-0.8454132080078125,-0.203887939453125,-0.18914794921875
1773062482742983936,50.783746004104614,-0.8631744384765625,-0.1934051513671875,-0.22369384765625
1773062482753039872,50.79380178451538,-0.841583251953125,-0.18743896484375,-0.2891693115234375
1773062482763094784,50.80385684967041,-0.8096771240234375,-0.235137939453125,-0.302734375
1773062482773149952,50.81391191482544,-0.82037353515625,-0.247528076171875,-0.314453125
1773062482783205888,50.823967933654785,-0.817169189453125,-0.1987762451171875,-0.297210693359375
1773062482793261056,50.834022998809814,-0.8445587158203125,-0.1680450439453125,-0.21990966796875
1773062482803316992,50.84407901763916,-0.896697998046875,-0.1729278564453125,-0.118621826171875
1773062482813371648,50.85413360595703,-0.9400634765625,-0.2130584716796875,-0.0911865234375
1773062482823427584,50.86418962478638,-0.94708251953125,-0.1958770751953125,-0.130767822265625
1773062482833482752,50.874244689941406,-0.940948486328125,-0.1647796630859375,-0.1772613525390625
1773062482843538688,50.88430070877075,-0.9155731201171875,-0.1669921875,-0.2060546875
1773062482853593856,50.89435577392578,-0.9287567138671875,-0.2339935302734375,-0.1942291259765625
1773062482863649792,50.90441179275513,-0.944122314453125,-0.229736328125,-0.163299560546875
1773062482873704704,50.91446661949158,-0.9753875732421875,-0.2694244384765625,-0.1215667724609375
1773062482883760640,50.92452263832092,-1.0491790771484375,-0.2258758544921875,-0.053192138671875
1773062482893815808,50.93457770347595,-1.093536376953125,-0.199371337890625,-0.0642852783203125
1773062482903871744,50.9446337223053,-1.0832672119140625,-0.1654052734375,-0.085968017578125
1773062482913926912,50.95468878746033,-1.0776824951171875,-0.1527557373046875,-0.0885009765625
1773062482923982848,50.96474480628967,-1.0827789306640625,-0.165740966796875,-0.135162353515625
1773062482934037760,50.97479963302612,-1.0599517822265625,-0.18121337890625,-0.15802001953125
1773062482944093696,50.98485565185547,-1.05364990234375,-0.1796722412109375,-0.1128692626953125
1773062482954148864,50.9949107170105,-1.0887298583984375,-0.175140380859375,-0.1015167236328125
1773062482964204800,51.004966735839844,-1.1097412109375,-0.1780242919921875,-0.094482421875
1773062482974259968,51.01502180099487,-1.111480712890625,-0.167724609375,-0.086090087890625
1773062482984315648,51.02507758140564,-1.106231689453125,-0.158233642578125,-0.10150146484375
1773062482994370816,51.03513264656067,-1.0912017822265625,-0.1657257080078125,-0.1232452392578125
1773062483004425728,51.0451877117157,-1.06573486328125,-0.1685028076171875,-0.1057281494140625
1773062483014481664,51.055243730545044,-1.0500640869140625,-0.1572265625,-0.1351165771484375
1773062483024536832,51.06529879570007,-1.03125,-0.1408843994140625,-0.1739501953125
1773062483034592512,51.07535457611084,-1.014190673828125,-0.13897705078125,-0.1587066650390625
1773062483044647680,51.08540964126587,-1.002655029296875,-0.14080810546875,-0.1370391845703125
1773062483054703616,51.095465660095215,-0.9948883056640625,-0.1282196044921875,-0.135162353515625
1773062483064758784,51.105520725250244,-0.983001708984375,-0.1157379150390625,-0.1719970703125
1773062483074814720,51.11557674407959,-0.948699951171875,-0.1231689453125,-0.2141265869140625
1773062483084869888,51.12563180923462,-0.91900634765625,-0.14312744140625,-0.2205657958984375
1773062483094925568,51.135687589645386,-0.91400146484375,-0.1394500732421875,-0.2138519287109375
1773062483104980736,51.145742654800415,-0.9141693115234375,-0.114227294921875,-0.241912841796875
1773062483115036672,51.15579867362976,-0.899200439453125,-0.12786865234375,-0.26495361328125
1773062483125091840,51.16585373878479,-0.8736724853515625,-0.1147308349609375,-0.2699127197265625
1773062483135147776,51.175909757614136,-0.8567962646484375,-0.1196441650390625,-0.25689697265625
1773062483145202688,51.185964584350586,-0.8650665283203125,-0.1340789794921875,-0.2574920654296875
1773062483155258624,51.19602060317993,-0.8584747314453125,-0.1283721923828125,-0.285980224609375
1773062483165313792,51.20607566833496,-0.8469390869140625,-0.140777587890625,-0.311767578125
1773062483175369728,51.21613168716431,-0.83074951171875,-0.1666259765625,-0.3040618896484375
1773062483185424896,51.226186752319336,-0.826751708984375,-0.1655426025390625,-0.2901763916015625
1773062483195480832,51.23624277114868,-0.8222198486328125,-0.1378936767578125,-0.3299407958984375
1773062483205535744,51.24629759788513,-0.7938385009765625,-0.12286376953125,-0.4059906005859375
1773062483215590656,51.25635266304016,-0.7471160888671875,-0.1275787353515625,-0.440216064453125
1773062483225646848,51.26640868186951,-0.7294158935546875,-0.1374664306640625,-0.471954345703125
1773062483235701760,51.276463747024536,-0.7213134765625,-0.14862060546875,-0.5076141357421875
1773062483245757696,51.28651976585388,-0.7108001708984375,-0.200469970703125,-0.50091552734375
1773062483255812608,51.29657459259033,-0.712646484375,-0.2061004638671875,-0.46038818359375
1773062483265868544,51.30663061141968,-0.726715087890625,-0.1777496337890625,-0.4149169921875
1773062483275923712,51.31668567657471,-0.755401611328125,-0.1584625244140625,-0.39129638671875
1773062483285979648,51.32674169540405,-0.7659912109375,-0.187774658203125,-0.39776611328125
1773062483296034816,51.33679676055908,-0.7354583740234375,-0.2257537841796875,-0.457183837890625
1773062483306090752,51.34685277938843,-0.7062835693359375,-0.21148681640625,-0.485748291015625
1773062483316145664,51.35690760612488,-0.6682891845703125,-0.1981048583984375,-0.5383453369140625
1773062483326201600,51.366963624954224,-0.6472625732421875,-0.205169677734375,-0.5807647705078125
1773062483336256768,51.37701869010925,-0.63629150390625,-0.208099365234375,-0.641571044921875
1773062483346312704,51.3870747089386,-0.6194000244140625,-0.2282257080078125,-0.65435791015625
1773062483356367872,51.39712977409363,-0.6334075927734375,-0.2532958984375,-0.5825958251953125
1773062483366423808,51.407185792922974,-0.6386566162109375,-0.245330810546875,-0.550048828125
1773062483376478720,51.417240619659424,-0.663116455078125,-0.233978271484375,-0.5121002197265625
1773062483386534656,51.42729663848877,-0.646209716796875,-0.2447509765625,-0.58001708984375
1773062483396589824,51.4373517036438,-0.61920166015625,-0.267669677734375,-0.672088623046875
1773062483406645760,51.447407722473145,-0.5822296142578125,-0.21978759765625,-0.683135986328125
1773062483416700928,51.457462787628174,-0.5589752197265625,-0.1890411376953125,-0.7065582275390625
1773062483426756864,51.46751880645752,-0.5443878173828125,-0.2482757568359375,-0.7385406494140625
1773062483436811776,51.47757363319397,-0.5101776123046875,-0.2643890380859375,-0.687957763671875
1773062483446866688,51.487628698349,-0.5081329345703125,-0.3062286376953125,-0.6530303955078125
1773062483456922880,51.497684717178345,-0.5381317138671875,-0.3565673828125,-0.6040802001953125
1773062483466977792,51.507739782333374,-0.5975189208984375,-0.2578887939453125,-0.5020904541015625
1773062483477033728,51.51779580116272,-0.61749267578125,-0.1588287353515625,-0.501373291015625
1773062483487088640,51.52785062789917,-0.549041748046875,-0.1243438720703125,-0.690155029296875
1773062483497144576,51.537906646728516,-0.4369354248046875,-0.1151123046875,-0.825439453125
1773062483507199744,51.547961711883545,-0.33966064453125,-0.1760101318359375,-0.88824462890625
1773062483517255680,51.55801773071289,-0.2915802001953125,-0.36614990234375,-0.8574066162109375
1773062483527310848,51.56807279586792,-0.3227081298828125,-0.451873779296875,-0.720428466796875
1773062483537366528,51.57812857627869,-0.3428192138671875,-0.426483154296875,-0.7474822998046875
1773062483547421696,51.588183641433716,-0.3345947265625,-0.346710205078125,-0.7880401611328125
1773062483557477632,51.59823966026306,-0.3007659912109375,-0.217742919921875,-0.8348846435546875
1773062483567532800,51.60829472541809,-0.28521728515625,-0.1858062744140625,-0.7693634033203125
1773062483577588736,51.61835074424744,-0.27197265625,-0.238067626953125,-0.825042724609375
1773062483587643904,51.628405809402466,-0.2265472412109375,-0.29144287109375,-0.9179229736328125
1773062483597699584,51.63846158981323,-0.135650634765625,-0.2943878173828125,-0.986663818359375
1773062483607754752,51.64851665496826,-0.064300537109375,-0.358062744140625,-1.0943603515625
1773062483617810688,51.65857267379761,-0.084228515625,-0.3477020263671875,-0.97174072265625
1773062483627865856,51.66862773895264,-0.0772247314453125,-0.285858154296875,-0.72857666015625
1773062483637921792,51.67868375778198,-0.160552978515625,-0.2509002685546875,-0.6910858154296875
1773062483647976704,51.68873858451843,-0.1450958251953125,-0.1981658935546875,-0.87457275390625
1773062483658032640,51.69879460334778,-0.0307159423828125,-0.16644287109375,-1.005828857421875
1773062483668087808,51.70884966850281,0.053924560546875,-0.2706298828125,-1.0533599853515625
1773062483678143744,51.71890568733215,0.1156463623046875,-0.367218017578125,-1.0477294921875
1773062483688198912,51.72896075248718,0.1417236328125,-0.2978515625,-1.0214385986328125
1773062483698253568,51.73901557922363,0.1596527099609375,-0.20086669921875,-0.9260406494140625
1773062483708309760,51.74907159805298,0.14202880859375,-0.20977783203125,-0.8135528564453125
1773062483718364672,51.75912666320801,0.0561676025390625,-0.2643890380859375,-0.769683837890625
1773062483728420608,51.76918268203735,0.1250457763671875,-0.1956787109375,-0.7981109619140625
1773062483738475776,51.77923774719238,0.1464996337890625,-0.235107421875,-0.994476318359375
1773062483748531712,51.78929376602173,0.2438201904296875,-0.2594451904296875,-1.1295928955078125
1773062483758586624,51.79934859275818,0.36016845703125,-0.220611572265625,-1.0914764404296875
1773062483768642560,51.809404611587524,0.4033966064453125,-0.184295654296875,-1.02880859375
1773062483778697728,51.819459676742554,0.3814544677734375,-0.1323089599609375,-0.877777099609375
1773062483788753664,51.8295156955719,0.3108978271484375,-0.158050537109375,-0.7114410400390625
1773062483798808832,51.83957076072693,0.22869873046875,-0.17535400390625,-0.5673065185546875
1773062483808864768,51.849626779556274,0.3320770263671875,-0.18792724609375,-0.7368927001953125
1773062483818920448,51.85968232154846,0.4811553955078125,-0.288848876953125,-1.1503143310546875
1773062483828976384,51.86973834037781,0.528900146484375,-0.235626220703125,-1.2108306884765625
1773062483839031552,51.87979340553284,0.6329193115234375,-0.0843658447265625,-1.025726318359375
1773062483849087488,51.88984942436218,0.638275146484375,-0.14764404296875,-0.8986358642578125
1773062483859142656,51.89990448951721,0.566131591796875,-0.14569091796875,-0.739349365234375
1773062483869198592,51.90996050834656,0.5093994140625,-0.079071044921875,-0.6544952392578125
1773062483879253504,51.92001533508301,0.481842041015625,-0.1632843017578125,-0.737762451171875
1773062483889309440,51.93007135391235,0.5820770263671875,-0.1535797119140625,-0.9268341064453125
1773062483899364352,51.94012641906738,0.6906280517578125,-0.0188140869140625,-1.0883331298828125
1773062483909420544,51.95018243789673,0.728240966796875,-0.10565185546875,-1.02557373046875
1773062483919475456,51.96023750305176,0.684326171875,-0.3256072998046875,-0.841522216796875
1773062483929530368,51.97029232978821,0.6304168701171875,-0.3011627197265625,-0.7509918212890625
1773062483939586304,51.980348348617554,0.622100830078125,-0.1336822509765625,-0.66265869140625
1773062483949641472,51.99040341377258,0.6613006591796875,-0.03485107421875,-0.6392059326171875
1773062483959697408,52.00045943260193,0.7217254638671875,-0.04937744140625,-0.7653656005859375
1773062483969752576,52.01051449775696,0.7530364990234375,-0.0999603271484375,-0.9254150390625
1773062483979808512,52.020570516586304,0.80828857421875,-0.110931396484375,-1.0276947021484375
1773062483989863424,52.030625343322754,0.8592681884765625,-0.1939697265625,-0.9339599609375
1773062483999919360,52.0406813621521,0.8067169189453125,-0.1632537841796875,-0.7037353515625
1773062484009974528,52.05073642730713,0.775726318359375,-0.0614471435546875,-0.542388916015625
1773062484020030464,52.060792446136475,0.7691650390625,-0.1204376220703125,-0.569244384765625
1773062484030085632,52.070847511291504,0.7760467529296875,-0.146514892578125,-0.68780517578125
1773062484040141312,52.08090329170227,0.8004913330078125,-0.0822296142578125,-0.7994842529296875
1773062484050196480,52.0909583568573,0.8866119384765625,-0.0735321044921875,-0.9109039306640625
1773062484060252416,52.101014375686646,0.94879150390625,-0.0596160888671875,-0.854278564453125
1773062484070307584,52.111069440841675,0.94012451171875,-0.1569671630859375,-0.6869049072265625
1773062484080363520,52.12112545967102,0.883453369140625,-0.1969757080078125,-0.5830230712890625
1773062484090418432,52.13118028640747,0.846099853515625,-0.1357421875,-0.59820556640625
1773062484100474368,52.141236305236816,0.856597900390625,-0.083099365234375,-0.6349029541015625
1773062484110529536,52.151291370391846,0.8805999755859375,-0.0921173095703125,-0.642425537109375
1773062484120585472,52.16134738922119,0.8909759521484375,-0.1023406982421875,-0.6486968994140625
1773062484130640384,52.17140245437622,0.8764801025390625,-0.1151275634765625,-0.6542816162109375
1773062484140696576,52.181458473205566,0.873809814453125,-0.0947723388671875,-0.6667327880859375
1773062484150751232,52.19151329994202,0.886810302734375,-0.073150634765625,-0.604736328125
1773062484160807424,52.20156931877136,0.9192047119140625,-0.1001739501953125,-0.5776214599609375
1773062484170862336,52.21162438392639,0.931610107421875,-0.1310577392578125,-0.593414306640625
1773062484180917504,52.22167944908142,0.9173126220703125,-0.125640869140625,-0.5969085693359375
1773062484190973440,52.23173546791077,0.919952392578125,-0.117095947265625,-0.5540618896484375
1773062484201028352,52.24179029464722,0.9291229248046875,-0.121002197265625,-0.5321197509765625
1773062484211084288,52.25184631347656,0.9201812744140625,-0.06463623046875,-0.5210723876953125
1773062484221139456,52.26190137863159,0.90374755859375,-0.0368194580078125,-0.488616943359375
1773062484231195392,52.27195739746094,0.911865234375,-0.091400146484375,-0.472808837890625
1773062484241250560,52.28201246261597,0.941375732421875,-0.1023101806640625,-0.4897918701171875
1773062484251306496,52.29206848144531,0.9818878173828125,-0.0814666748046875,-0.478363037109375
1773062484261361408,52.30212330818176,1.01727294921875,-0.0927276611328125,-0.4534454345703125
1773062484271417344,52.31217932701111,1.0164947509765625,-0.1112823486328125,-0.4476165771484375
1773062484281472512,52.32223439216614,1.0001678466796875,-0.112762451171875,-0.4496917724609375
1773062484291528448,52.33229041099548,0.991729736328125,-0.1470794677734375,-0.40716552734375
1773062484301583616,52.34234547615051,0.9826812744140625,-0.15716552734375,-0.3722991943359375
1773062484311639552,52.35240149497986,0.972137451171875,-0.1208038330078125,-0.36395263671875
1773062484321694464,52.36245632171631,0.98675537109375,-0.0865631103515625,-0.374267578125
1773062484331750400,52.372512340545654,1.0200653076171875,-0.080718994140625,-0.38031005859375
1773062484341805568,52.382567405700684,1.0443115234375,-0.1166534423828125,-0.3613128662109375
1773062484351861504,52.39262342453003,1.0486907958984375,-0.14984130859375,-0.3223419189453125
1773062484361916416,52.40267848968506,1.0381317138671875,-0.1692047119140625,-0.2893829345703125
1773062484371972608,52.412734508514404,1.0206146240234375,-0.145660400390625,-0.3081207275390625
1773062484382027264,52.422789335250854,1.0072479248046875,-0.130096435546875,-0.316650390625
1773062484392083456,52.4328453540802,0.9940032958984375,-0.137603759765625,-0.3047637939453125
1773062484402138368,52.44290041923523,0.9930419921875,-0.1138458251953125,-0.309295654296875
1773062484412193536,52.45295548439026,0.994476318359375,-0.0977020263671875,-0.3263702392578125
1773062484422249472,52.463011503219604,0.9892730712890625,-0.1045989990234375,-0.324859619140625
1773062484432304384,52.473066329956055,0.982666015625,-0.12054443359375,-0.3090362548828125
1773062484442360320,52.4831223487854,0.958251953125,-0.12884521484375,-0.2950439453125
1773062484452415488,52.49317741394043,0.9342193603515625,-0.1394500732421875,-0.3347320556640625
1773062484462471424,52.503233432769775,0.9151763916015625,-0.1287841796875,-0.3807220458984375
1773062484472526592,52.513288497924805,0.9129486083984375,-0.0856475830078125,-0.384857177734375
1773062484482582528,52.52334451675415,0.9279632568359375,-0.0623931884765625,-0.368865966796875
1773062484492637440,52.5333993434906,0.9385528564453125,-0.0659027099609375,-0.360626220703125
1773062484502693376,52.543455362319946,0.9367523193359375,-0.0882568359375,-0.3310546875
1773062484512748544,52.553510427474976,0.9364013671875,-0.1079864501953125,-0.30389404296875
1773062484522804480,52.56356644630432,0.9427337646484375,-0.1021881103515625,-0.304931640625
1773062484532859648,52.57362151145935,0.9463348388671875,-0.091156005859375,-0.304229736328125
1773062484542915328,52.58367729187012,0.924652099609375,-0.10455322265625,-0.32000732421875
1773062484552970496,52.59373235702515,0.9109649658203125,-0.1114654541015625,-0.33477783203125
1773062484563026432,52.60378837585449,0.9315338134765625,-0.098785400390625,-0.3219757080078125
1773062484573081600,52.61384344100952,0.9665069580078125,-0.1239776611328125,-0.3048095703125
1773062484583137536,52.62389945983887,0.978424072265625,-0.1377716064453125,-0.2791748046875
1773062484593192448,52.63395428657532,0.9671783447265625,-0.126251220703125,-0.26025390625
1773062484603248384,52.64401030540466,0.958099365234375,-0.10467529296875,-0.2729644775390625
1773062484613303296,52.65406537055969,0.9660797119140625,-0.0732879638671875,-0.300079345703125
1773062484623359488,52.66412138938904,0.969207763671875,-0.0714263916015625,-0.3296661376953125
1773062484633414400,52.67417645454407,0.963897705078125,-0.1076202392578125,-0.32568359375
1773062484643470592,52.68423247337341,0.94415283203125,-0.1376495361328125,-0.2975921630859375
1773062484653525248,52.69428730010986,0.9207000732421875,-0.1499481201171875,-0.248626708984375
1773062484663580416,52.70434236526489,0.9141082763671875,-0.1418304443359375,-0.2802886962890625
1773062484673636352,52.71439838409424,0.9296112060546875,-0.1330718994140625,-0.3523101806640625
1773062484683691520,52.72445344924927,0.948760986328125,-0.161956787109375,-0.3494415283203125
1773062484693747456,52.73450946807861,0.9552459716796875,-0.1805267333984375,-0.321014404296875
1773062484703802368,52.74456429481506,0.94122314453125,-0.1453399658203125,-0.3257598876953125
1773062484713858304,52.75462031364441,0.9213714599609375,-0.0933074951171875,-0.3277130126953125
1773062484723913472,52.76467537879944,0.9130706787109375,-0.1329803466796875,-0.3310699462890625
1773062484733969408,52.774731397628784,0.940399169921875,-0.243896484375,-0.3508453369140625
1773062484744024576,52.78478646278381,1.000244140625,-0.3257598876953125,-0.3395233154296875
1773062484754080512,52.79484248161316,1.0319671630859375,-0.2777252197265625,-0.3262939453125
1773062484764135424,52.80489730834961,1.045928955078125,-0.134765625,-0.3282928466796875
1773062484774191360,52.814953327178955,1.03570556640625,-0.10589599609375,-0.3352813720703125
1773062484784246528,52.825008392333984,1.013397216796875,-0.1940155029296875,-0.3661346435546875
1773062484794302464,52.83506441116333,1.0325164794921875,-0.24560546875,-0.410858154296875
1773062484804357632,52.84511947631836,1.0863189697265625,-0.21044921875,-0.361602783203125
1773062484814413056,52.85517501831055,1.1392974853515625,-0.15777587890625,-0.276519775390625
1773062484824468224,52.865230083465576,1.155792236328125,-0.1611328125,-0.2971038818359375
1773062484834524160,52.87528610229492,1.129486083984375,-0.1598663330078125,-0.3140716552734375
1773062484844579328,52.88534116744995,1.0919189453125,-0.1235809326171875,-0.3422698974609375
1773062484854635008,52.89539694786072,1.0742340087890625,-0.1881561279296875,-0.441558837890625
1773062484864690176,52.90545201301575,1.0579986572265625,-0.3594207763671875,-0.522552490234375
1773062484874746112,52.91550803184509,1.0842437744140625,-0.3956146240234375,-0.5353546142578125
1773062484884801024,52.92556309700012,1.1809844970703125,-0.263946533203125,-0.5291290283203125
1773062484894857216,52.93561911582947,1.1944580078125,-0.1168670654296875,-0.5325775146484375
1773062484904912128,52.9456741809845,1.13006591796875,-0.0595245361328125,-0.5418701171875
1773062484914968064,52.955729961395264,1.0545806884765625,-0.05096435546875,-0.5648040771484375
1773062484925022976,52.96578502655029,1.009674072265625,-0.0197296142578125,-0.520904541015625
1773062484935078144,52.97584009170532,1.0018310546875,-0.0558624267578125,-0.549591064453125
1773062484945134080,52.98589611053467,1.01019287109375,-0.079833984375,-0.632720947265625
1773062484955189248,52.9959511756897,1.018768310546875,-0.13446044921875,-0.7167816162109375
1773062484965244928,53.006006956100464,1.04833984375,-0.143218994140625,-0.6942596435546875
1773062484975300096,53.01606202125549,1.0765228271484375,0.029876708984375,-0.6289215087890625
1773062484985356032,53.02611804008484,1.0752716064453125,0.036163330078125,-0.6224365234375
1773062484995411200,53.03617310523987,1.007232666015625,-0.14105224609375,-0.6643524169921875
1773062485005467136,53.046229124069214,0.9227447509765625,-0.2038421630859375,-0.758453369140625
1773062485015522048,53.056283950805664,0.90576171875,-0.202484130859375,-0.8505859375
1773062485025577984,53.06633996963501,0.965423583984375,-0.1337738037109375,-0.8625335693359375
1773062485035633152,53.07639503479004,0.99456787109375,0.0280303955078125,-0.76202392578125
1773062485045689088,53.086451053619385,1.0059051513671875,0.0162506103515625,-0.7061309814453125
1773062485055744256,53.096506118774414,0.9683990478515625,-0.01470947265625,-0.6923980712890625
1773062485065800192,53.10656213760376,0.9158782958984375,-0.0362396240234375,-0.712982177734375
1773062485075855104,53.11661696434021,0.896881103515625,-0.13702392578125,-0.7681427001953125
1773062485085911040,53.126672983169556,0.8735198974609375,-0.18389892578125,-0.8062286376953125
1773062485095966208,53.136728048324585,0.849334716796875,-0.1591339111328125,-0.84075927734375
1773062485106022144,53.14678406715393,0.843017578125,-0.1038818359375,-0.858917236328125
1773062485116077312,53.15683913230896,0.839324951171875,-0.0447235107421875,-0.851287841796875
1773062485126133248,53.166895151138306,0.7808074951171875,-0.02642822265625,-0.8046417236328125
1773062485136187904,53.176949977874756,0.7404937744140625,-0.09552001953125,-0.8324127197265625
1773062485146244096,53.1870059967041,0.7459869384765625,-0.107421875,-0.8470458984375
1773062485156299008,53.19706106185913,0.731964111328125,-0.027587890625,-0.7657623291015625
1773062485166355200,53.20711708068848,0.666595458984375,-0.0925445556640625,-0.7648468017578125
1773062485176410112,53.217172145843506,0.6353302001953125,-0.1969757080078125,-0.836029052734375
1773062485186466304,53.22722816467285,0.6540985107421875,-0.1306915283203125,-0.909027099609375
1773062485196520960,53.2372829914093,0.6670074462890625,-0.113983154296875,-0.882049560546875
1773062485206576128,53.24733805656433,0.6371612548828125,-0.132568359375,-0.8250579833984375
1773062485216632064,53.25739407539368,0.566650390625,-0.0956573486328125,-0.835296630859375
1773062485226687232,53.267449140548706,0.4952850341796875,-0.0753631591796875,-0.8160247802734375
1773062485236743168,53.27750515937805,0.4016876220703125,-0.116790771484375,-0.80865478515625
1773062485246798080,53.2875599861145,0.39129638671875,-0.1150054931640625,-0.8529815673828125
1773062485256854016,53.29761600494385,0.3576202392578125,-0.0978546142578125,-0.8692626953125
1773062485266909184,53.30767107009888,0.3436126708984375,-0.1772918701171875,-0.9452362060546875
1773062485276965120,53.31772708892822,0.3533782958984375,-0.1480712890625,-0.9622650146484375
1773062485287020288,53.32778215408325,0.3729400634765625,-0.1362457275390625,-0.856964111328125
1773062485297076224,53.3378381729126,0.3566131591796875,-0.2394256591796875,-0.782623291015625
1773062485307131136,53.34789299964905,0.3060455322265625,-0.2613677978515625,-0.8342437744140625
1773062485317187072,53.357949018478394,0.238372802734375,-0.2445068359375,-0.8703460693359375
1773062485327242240,53.36800408363342,0.173248291015625,-0.2099151611328125,-0.83843994140625
1773062485337298176,53.37806010246277,0.120758056640625,-0.1401824951171875,-0.8609771728515625
1773062485347353344,53.3881151676178,0.0748291015625,-0.1663970947265625,-0.8564453125
1773062485357409024,53.398170948028564,0.043609619140625,-0.197357177734375,-0.83294677734375
1773062485367464192,53.408226013183594,0.0298309326171875,-0.1847991943359375,-0.8775787353515625
1773062485377520128,53.41828203201294,0.0332489013671875,-0.186981201171875,-0.863616943359375
1773062485387575040,53.42833709716797,0.041961669921875,-0.1976165771484375,-0.7969207763671875
1773062485397631232,53.438393115997314,0.0096588134765625,-0.2213287353515625,-0.751800537109375
1773062485407686144,53.448448181152344,-0.0387725830078125,-0.272857666015625,-0.7671661376953125
1773062485417742080,53.45850396156311,-0.0866851806640625,-0.2274169921875,-0.798248291015625
1773062485427796992,53.46855902671814,-0.1230010986328125,-0.16888427734375,-0.7987213134765625
1773062485437853184,53.478615045547485,-0.1583099365234375,-0.22515869140625,-0.7642822265625
1773062485447908096,53.488670110702515,-0.1917572021484375,-0.279266357421875,-0.7013092041015625
1773062485457964288,53.49872612953186,-0.2079315185546875,-0.2760467529296875,-0.71588134765625
1773062485468018944,53.50878095626831,-0.2238006591796875,-0.236541748046875,-0.7168121337890625
1773062485478074112,53.51883602142334,-0.227996826171875,-0.2304840087890625,-0.6876983642578125
1773062485488130048,53.528892040252686,-0.277374267578125,-0.299072265625,-0.6864166259765625
1773062485498185216,53.538947105407715,-0.3299102783203125,-0.315185546875,-0.69464111328125
1773062485508241152,53.54900312423706,-0.34716796875,-0.26025390625,-0.607635498046875
1773062485518296064,53.55905795097351,-0.378448486328125,-0.25518798828125,-0.6101531982421875
1773062485528352000,53.569113969802856,-0.423004150390625,-0.2717132568359375,-0.6312713623046875
1773062485538407168,53.579169034957886,-0.4371795654296875,-0.25628662109375,-0.6396331787109375
1773062485548463104,53.58922505378723,-0.4174652099609375,-0.3015289306640625,-0.58233642578125
1773062485558518272,53.59928011894226,-0.4528656005859375,-0.23638916015625,-0.453277587890625
1773062485568574208,53.609336137771606,-0.57769775390625,-0.384735107421875,-0.5245819091796875
1773062485578629120,53.61939096450806,-0.5845794677734375,-0.3475341796875,-0.558502197265625
1773062485588685056,53.6294469833374,-0.540863037109375,-0.4124298095703125,-0.5607147216796875
1773062485598740224,53.63950204849243,-0.5659942626953125,-0.313446044921875,-0.5000762939453125
1773062485608796160,53.64955806732178,-0.6043853759765625,-0.1988067626953125,-0.45062255859375
1773062485618851072,53.65961313247681,-0.6583099365234375,-0.2455596923828125,-0.5009307861328125
1773062485628907264,53.66966915130615,-0.6316375732421875,-0.2655029296875,-0.539154052734375
1773062485638961920,53.6797239780426,-0.6268157958984375,-0.331756591796875,-0.491485595703125
1773062485649018112,53.68977999687195,-0.626190185546875,-0.330718994140625,-0.4573822021484375
1773062485659073024,53.69983506202698,-0.6368255615234375,-0.35540771484375,-0.3986053466796875
1773062485669129216,53.70989108085632,-0.7170562744140625,-0.3487396240234375,-0.3558197021484375
1773062485679184128,53.71994614601135,-0.7511138916015625,-0.2500762939453125,-0.3764801025390625
1773062485689240320,53.7300021648407,-0.735687255859375,-0.21588134765625,-0.398193359375
1773062485699294976,53.74005699157715,-0.7201995849609375,-0.2736968994140625,-0.4279022216796875
1773062485709351168,53.750113010406494,-0.73638916015625,-0.2994842529296875,-0.45416259765625
1773062485719406080,53.76016807556152,-0.74847412109375,-0.2819671630859375,-0.40203857421875
1773062485729461248,53.77022314071655,-0.75616455078125,-0.27825927734375,-0.3348541259765625
1773062485739517184,53.7802791595459,-0.8085784912109375,-0.292633056640625,-0.2895965576171875
1773062485749572096,53.79033398628235,-0.8444976806640625,-0.2512359619140625,-0.2997894287109375
1773062485759628032,53.800390005111694,-0.8433990478515625,-0.2063446044921875,-0.360443115234375
1773062485769683200,53.810445070266724,-0.8235321044921875,-0.2241058349609375,-0.366851806640625
1773062485779739136,53.82050108909607,-0.8286895751953125,-0.2616729736328125,-0.2893218994140625
1773062485789794304,53.8305561542511,-0.8480987548828125,-0.2663726806640625,-0.2893218994140625
1773062485799850240,53.840612173080444,-0.8868865966796875,-0.25390625,-0.262969970703125
1773062485809905152,53.850666999816895,-0.8973236083984375,-0.192291259765625,-0.2318267822265625
1773062485819960832,53.86072278022766,-0.9142303466796875,-0.152435302734375,-0.28729248046875
1773062485830015744,53.87077760696411,-0.924285888671875,-0.164642333984375,-0.338043212890625
1773062485840071680,53.88083362579346,-0.8830718994140625,-0.1694183349609375,-0.2961273193359375
1773062485850126848,53.890888690948486,-0.872467041015625,-0.1528778076171875,-0.286834716796875
1773062485860182784,53.90094470977783,-0.92266845703125,-0.1731109619140625,-0.252655029296875
1773062485870237952,53.91099977493286,-0.9742889404296875,-0.151214599609375,-0.2236785888671875
1773062485880293888,53.92105579376221,-0.9681854248046875,-0.1024169921875,-0.243377685546875
1773062485890348800,53.93111062049866,-0.984405517578125,-0.1176300048828125,-0.2622833251953125
1773062485900404736,53.941166639328,-0.9952545166015625,-0.137664794921875,-0.2905731201171875
1773062485910459648,53.95122170448303,-0.9389801025390625,-0.1265869140625,-0.2769622802734375
1773062485920515840,53.96127772331238,-0.934234619140625,-0.131195068359375,-0.294464111328125
1773062485930570752,53.97133278846741,-0.9787445068359375,-0.13671875,-0.244232177734375
1773062485940626944,53.98138880729675,-0.9962921142578125,-0.10089111328125,-0.16015625
1773062485950681600,53.9914436340332,-0.99822998046875,-0.0626983642578125,-0.152374267578125
1773062485960737792,54.00149965286255,-0.9976348876953125,-0.0478973388671875,-0.2236328125
1773062485970792704,54.01155471801758,-0.9677734375,-0.047393798828125,-0.2658233642578125
1773062485980848896,54.021610736846924,-0.96014404296875,-0.1055755615234375,-0.303131103515625
1773062485990903808,54.03166580200195,-0.946258544921875,-0.0810699462890625,-0.281982421875
1773062486000959744,54.04172158241272,-0.93243408203125,-0.04034423828125,-0.214019775390625
1773062486011014656,54.05177664756775,-0.944427490234375,-0.02618408203125,-0.1514434814453125
1773062486021069824,54.06183171272278,-0.9658050537109375,-0.0075836181640625,-0.164520263671875
1773062486031125760,54.071887731552124,-0.9655303955078125,0.006256103515625,-0.2399444580078125
1773062486041180928,54.08194279670715,-0.99853515625,0.013824462890625,-0.1929168701171875
1773062486051236608,54.09199857711792,-0.95208740234375,0.0361328125,-0.193572998046875
1773062486061291776,54.10205364227295,-0.9286651611328125,0.0059814453125,-0.1817474365234375
1773062486071347712,54.112109661102295,-0.9550323486328125,-0.0436248779296875,-0.195281982421875
1773062486081402880,54.122164726257324,-0.9626007080078125,-0.009490966796875,-0.1878814697265625
1773062486091458816,54.13222074508667,-0.983795166015625,0.021392822265625,-0.1358184814453125
1773062486101513728,54.14227557182312,-1.01568603515625,0.0478057861328125,-0.1420135498046875
1773062486111569664,54.152331590652466,-0.999542236328125,0.088714599609375,-0.1411590576171875
1773062486121624832,54.162386655807495,-0.9801177978515625,0.0793609619140625,-0.1501922607421875
1773062486131680768,54.17244267463684,-0.97833251953125,0.038970947265625,-0.15277099609375
1773062486141735680,54.18249773979187,-0.9958953857421875,0.00946044921875,-0.1139068603515625
1773062486151791872,54.192553758621216,-1.024322509765625,0.02978515625,-0.106475830078125
1773062486161846528,54.202608585357666,-1.036285400390625,0.0757904052734375,-0.1171417236328125
1773062486171902720,54.21266460418701,-1.0333099365234375,0.0972747802734375,-0.151153564453125
1773062486181957632,54.22271966934204,-1.04766845703125,0.058685302734375,-0.1358184814453125
1773062486192013824,54.23277568817139,-1.0428466796875,0.0455474853515625,-0.1510467529296875
1773062486202068736,54.242830753326416,-1.0558624267578125,0.0590057373046875,-0.1355743408203125
1773062486212124928,54.25288677215576,-1.0870513916015625,0.0468597412109375,-0.11376953125
1773062486222179584,54.26294159889221,-1.09564208984375,0.01080322265625,-0.11444091796875
1773062486232235776,54.27299761772156,-1.0836029052734375,0.002227783203125,-0.095703125
1773062486242290688,54.28305268287659,-1.085845947265625,0.0209503173828125,-0.076751708984375
1773062486252346880,54.29310870170593,-1.0852813720703125,0.0518798828125,-0.08636474609375
1773062486262401792,54.30316376686096,-1.0487060546875,0.0572509765625,-0.0927581787109375
1773062486272457728,54.31321978569031,-1.031097412109375,0.04400634765625,-0.0807952880859375
1773062486282512640,54.32327461242676,-1.028717041015625,0.039520263671875,-0.0679473876953125
1773062486292567808,54.33332967758179,-1.0151824951171875,0.0630950927734375,-0.07452392578125
1773062486302623744,54.34338569641113,-1.000030517578125,0.0717010498046875,-0.07696533203125
1773062486312678912,54.35344076156616,-0.9789886474609375,0.05303955078125,-0.091888427734375
1773062486322734848,54.36349678039551,-0.9656982421875,0.0510711669921875,-0.1000823974609375
1773062486332789760,54.37355160713196,-0.9545135498046875,0.05615234375,-0.1072235107421875
1773062486342845696,54.383607625961304,-0.9375,0.041107177734375,-0.129302978515625
1773062486352900864,54.39366269111633,-0.9196624755859375,0.0247344970703125,-0.1419830322265625
1773062486362956800,54.40371870994568,-0.9083099365234375,0.0100555419921875,-0.1397705078125
1773062486373011712,54.41377377510071,-0.90252685546875,-0.0075225830078125,-0.145751953125
1773062486383067904,54.423829793930054,-0.8986968994140625,-0.009429931640625,-0.1382598876953125
1773062486393122560,54.433884620666504,-0.89666748046875,0.007293701171875,-0.1486968994140625
1773062486403178752,54.44394063949585,-0.8822784423828125,0.0133514404296875,-0.1661834716796875
1773062486413233664,54.45399570465088,-0.88446044921875,-0.010833740234375,-0.196624755859375
1773062486423289856,54.464051723480225,-0.8841400146484375,-0.034942626953125,-0.2107696533203125
1773062486433344768,54.474106788635254,-0.881927490234375,-0.0592498779296875,-0.2224884033203125
1773062486443400960,54.4841628074646,-0.86199951171875,-0.076904296875,-0.2371063232421875
1773062486453455616,54.49421763420105,-0.8473358154296875,-0.0826873779296875,-0.2723846435546875
1773062486463511808,54.504273653030396,-0.858734130859375,-0.060394287109375,-0.264190673828125
1773062486473566720,54.514328718185425,-0.8644561767578125,-0.038818359375,-0.2451171875
1773062486483622912,54.52438473701477,-0.8699188232421875,-0.03948974609375,-0.228424072265625
1773062486493677824,54.5344398021698,-0.88885498046875,-0.074951171875,-0.2568817138671875
1773062486503733760,54.544495582580566,-0.8686065673828125,-0.102020263671875,-0.306884765625
1773062486513788672,54.554550647735596,-0.826080322265625,-0.11944580078125,-0.400726318359375
1773062486523844608,54.56460666656494,-0.80731201171875,-0.15399169921875,-0.405487060546875
1773062486533899776,54.57466173171997,-0.8140869140625,-0.170013427734375,-0.32000732421875
1773062486543955712,54.584717750549316,-0.856109619140625,-0.1363983154296875,-0.2881622314453125
1773062486554010624,54.59477257728577,-0.860260009765625,-0.08978271484375,-0.30291748046875
1773062486564066560,54.60482859611511,-0.8294525146484375,-0.1133575439453125,-0.3498077392578125
1773062486574121728,54.61488366127014,-0.794464111328125,-0.155487060546875,-0.4453887939453125
1773062486584177664,54.62493968009949,-0.762451171875,-0.1818695068359375,-0.4458770751953125
1773062486594232832,54.63499474525452,-0.7618560791015625,-0.2217864990234375,-0.417205810546875
1773062486604287744,54.64504957199097,-0.7882537841796875,-0.2261505126953125,-0.426300048828125
1773062486614343680,54.65510559082031,-0.7735595703125,-0.16802978515625,-0.4379119873046875
1773062486624398592,54.66516065597534,-0.74658203125,-0.143341064453125,-0.4510650634765625
1773062486634454784,54.67521667480469,-0.7522430419921875,-0.133941650390625,-0.5001373291015625
1773062486644509696,54.68527173995972,-0.7384033203125,-0.1481170654296875,-0.4794921875
1773062486654565888,54.69532775878906,-0.7031707763671875,-0.232818603515625,-0.4608612060546875
1773062486664620544,54.70538258552551,-0.703582763671875,-0.2690582275390625,-0.4664306640625
1773062486674676736,54.71543860435486,-0.7021331787109375,-0.250732421875,-0.59515380859375
1773062486684731648,54.72549366950989,-0.6053009033203125,-0.216827392578125,-0.701568603515625
1773062486694787840,54.73554968833923,-0.6194000244140625,-0.261871337890625,-0.648223876953125
1773062486704842752,54.74560475349426,-0.680084228515625,-0.2397003173828125,-0.5087127685546875
1773062486714898944,54.75566077232361,-0.6925201416015625,-0.2016754150390625,-0.4461517333984375
1773062486724953600,54.76571559906006,-0.645721435546875,-0.159088134765625,-0.6012115478515625
1773062486735009792,54.775771617889404,-0.5563507080078125,-0.183380126953125,-0.764251708984375
1773062486745064704,54.785826683044434,-0.4973297119140625,-0.2315216064453125,-0.7899932861328125
1773062486755120640,54.79588270187378,-0.4810943603515625,-0.2496795654296875,-0.7815093994140625
1773062486765175808,54.80593776702881,-0.4776763916015625,-0.2593994140625,-0.7356109619140625
1773062486775231744,54.815993785858154,-0.4618682861328125,-0.282318115234375,-0.669769287109375
1773062486785286656,54.826048612594604,-0.4824066162109375,-0.281494140625,-0.649139404296875
1773062486795342592,54.83610463142395,-0.4970855712890625,-0.274749755859375,-0.5895233154296875
1773062486805397760,54.84615969657898,-0.46331787109375,-0.23828125,-0.6522369384765625
1773062486815453696,54.856215715408325,-0.39373779296875,-0.244049072265625,-0.7528076171875
1773062486825508864,54.866270780563354,-0.3489532470703125,-0.2689666748046875,-0.882293701171875
1773062486835564800,54.8763267993927,-0.2785797119140625,-0.22552490234375,-0.9176177978515625
1773062486845619712,54.88638162612915,-0.22357177734375,-0.1753387451171875,-0.9029693603515625
1773062486855675648,54.896437644958496,-0.2425689697265625,-0.2007293701171875,-0.8328094482421875
1773062486865730816,54.906492710113525,-0.26275634765625,-0.263946533203125,-0.7154083251953125
1773062486875786752,54.91654872894287,-0.2548370361328125,-0.2512664794921875,-0.6504364013671875
1773062486885841920,54.9266037940979,-0.2176971435546875,-0.205535888671875,-0.7890472412109375
1773062486895897600,54.93665957450867,-0.1825103759765625,-0.2008056640625,-0.98138427734375
1773062486905952768,54.946714639663696,-0.1216278076171875,-0.14617919921875,-1.0133514404296875
1773062486916007680,54.956769704818726,-0.0893096923828125,-0.1783294677734375,-1.022796630859375
1773062486926063872,54.96682572364807,-0.031402587890625,-0.1606292724609375,-0.9474029541015625
1773062486936118784,54.9768807888031,-0.014129638671875,-0.1925506591796875,-0.807830810546875
1773062486946174976,54.986936807632446,-0.041351318359375,-0.2366943359375,-0.742462158203125
1773062486956229632,54.9969916343689,-0.0291595458984375,-0.223052978515625,-0.7140655517578125
1773062486966285824,55.00704765319824,-0.0030975341796875,-0.2621917724609375,-0.8786468505859375
1773062486976340736,55.01710271835327,0.0471649169921875,-0.2165374755859375,-1.052978515625
1773062486986396672,55.02715873718262,0.107177734375,-0.1417388916015625,-1.1950836181640625
1773062486996451840,55.03721380233765,0.1288299560546875,-0.143157958984375,-1.1107025146484375
1773062487006507520,55.04726958274841,0.1945343017578125,-0.2144012451171875,-0.9243011474609375
1773062487016562688,55.05732464790344,0.09771728515625,-0.20025634765625,-0.8082733154296875
1773062487026618624,55.06738066673279,0.105560302734375,-0.1715240478515625,-0.6553955078125
1773062487036673792,55.07743573188782,0.118560791015625,-0.1962738037109375,-0.7805328369140625
1773062487046729728,55.08749175071716,0.1864013671875,-0.1761627197265625,-0.957977294921875
1773062487056784640,55.09754657745361,0.28741455078125,-0.18524169921875,-1.050628662109375
1773062487066840576,55.10760259628296,0.2938690185546875,-0.2072601318359375,-1.140533447265625
1773062487076895744,55.11765766143799,0.3209075927734375,-0.1134185791015625,-1.016204833984375
1773062487086951680,55.127713680267334,0.35162353515625,-0.0694580078125,-0.8647003173828125
1773062487097006848,55.13776874542236,0.3020477294921875,-0.137237548828125,-0.8504180908203125
1773062487107062784,55.14782476425171,0.3394317626953125,-0.139678955078125,-0.7936553955078125
1773062487117117696,55.15787959098816,0.4048614501953125,-0.15704345703125,-0.7699432373046875
1773062487127173632,55.167935609817505,0.4333953857421875,-0.275848388671875,-0.8704376220703125
1773062487137228800,55.177990674972534,0.4542236328125,-0.2393951416015625,-0.896575927734375
1773062487147284736,55.18804669380188,0.502685546875,-0.0350341796875,-0.9299468994140625
1773062487157339904,55.19810175895691,0.5833282470703125,0.0775604248046875,-1.0858612060546875
1773062487167395840,55.208157777786255,0.63543701171875,0.02850341796875,-0.9857940673828125
1773062487177450752,55.218212604522705,0.65960693359375,-0.018402099609375,-0.817626953125
1773062487187506688,55.22826862335205,0.620635986328125,-0.1340789794921875,-0.7259979248046875
1773062487197561856,55.23832368850708,0.5956268310546875,-0.2370147705078125,-0.7385406494140625
1773062487207617792,55.248379707336426,0.597259521484375,-0.3140106201171875,-0.801666259765625
1773062487217672704,55.258434772491455,0.6339263916015625,-0.260498046875,-0.885162353515625
1773062487227727616,55.268489599227905,0.68194580078125,-0.0631561279296875,-0.8607330322265625
1773062487237783552,55.27854561805725,0.7256011962890625,0.00732421875,-0.8448944091796875
1773062487247838720,55.28860068321228,0.7723541259765625,-0.012664794921875,-0.8169708251953125
1773062487257894656,55.298656702041626,0.8439483642578125,-0.097442626953125,-0.7133331298828125
1773062487267949824,55.308711767196655,0.8739776611328125,-0.1825714111328125,-0.699737548828125
1773062487278005760,55.318767786026,0.8118896484375,-0.2723846435546875,-0.7529144287109375
1773062487288060672,55.32882261276245,0.7756500244140625,-0.21966552734375,-0.751251220703125
1773062487298116608,55.3388786315918,0.821319580078125,-0.0037994384765625,-0.7184295654296875
1773062487308171776,55.348933696746826,0.897216796875,0.092559814453125,-0.7581024169921875
1773062487318227712,55.35898971557617,0.9398651123046875,0.0664215087890625,-0.86572265625
1773062487328282880,55.3690447807312,0.9563751220703125,0.052001953125,-0.7403717041015625
1773062487338338816,55.37910079956055,0.92413330078125,-0.1056671142578125,-0.6072540283203125
1773062487348393728,55.389155626297,0.876251220703125,-0.253662109375,-0.7273406982421875
1773062487358449664,55.39921164512634,0.8978424072265625,-0.199798583984375,-0.754638671875
1773062487368504832,55.40926671028137,0.8918914794921875,-0.1660003662109375,-0.704742431640625
1773062487378560768,55.41932272911072,0.87127685546875,-0.1586761474609375,-0.6342926025390625
1773062487388615936,55.42937779426575,0.84619140625,-0.0943450927734375,-0.584228515625
1773062487398671616,55.439433574676514,0.8565673828125,0.00872802734375,-0.6176300048828125
1773062487408726784,55.44948863983154,0.88018798828125,0.0339202880859375,-0.66973876953125
1773062487418782720,55.45954465866089,0.9351654052734375,-0.03668212890625,-0.6974945068359375
1773062487428837888,55.46959972381592,1.031768798828125,-0.042205810546875,-0.669921875
1773062487438893824,55.479655742645264,1.059295654296875,-0.107452392578125,-0.5512237548828125
1773062487448948736,55.48971080780029,1.0211639404296875,-0.237640380859375,-0.49249267578125
1773062487459004672,55.49976658821106,0.974090576171875,-0.1929931640625,-0.478851318359375
1773062487469059584,55.50982165336609,0.9407958984375,-0.0489349365234375,-0.514190673828125
1773062487479115776,55.519877672195435,0.93157958984375,-0.0264434814453125,-0.537139892578125
1773062487489170688,55.529932737350464,0.949981689453125,-0.0654296875,-0.5330047607421875
1773062487499226880,55.53998875617981,0.960235595703125,-0.076568603515625,-0.548004150390625
1773062487509281536,55.55004358291626,0.971954345703125,-0.095611572265625,-0.555938720703125
1773062487519337728,55.560099601745605,0.98095703125,-0.090911865234375,-0.5280914306640625
1773062487529392640,55.570154666900635,0.98333740234375,-0.090667724609375,-0.4835662841796875
1773062487539447808,55.580209732055664,0.9847564697265625,-0.1118011474609375,-0.4457550048828125
1773062487549503744,55.59026575088501,0.9759521484375,-0.10479736328125,-0.4128265380859375
1773062487559558656,55.60032057762146,0.9705352783203125,-0.0474700927734375,-0.4391021728515625
1773062487569614592,55.610376596450806,0.9646453857421875,-0.0040435791015625,-0.4829254150390625
1773062487579669760,55.620431661605835,0.9432220458984375,-0.0693206787109375,-0.4149932861328125
1773062487589725696,55.63048768043518,0.930938720703125,-0.1578826904296875,-0.3614654541015625
1773062487599780864,55.64054274559021,0.951141357421875,-0.1483001708984375,-0.3790740966796875
1773062487609836800,55.650598764419556,0.9547576904296875,-0.109344482421875,-0.416107177734375
1773062487619891712,55.660653591156006,0.9493255615234375,-0.1414794921875,-0.423187255859375
1773062487629947648,55.67070960998535,0.9629974365234375,-0.1876068115234375,-0.370452880859375
1773062487640002816,55.68076467514038,0.9786834716796875,-0.1722564697265625,-0.3226318359375
1773062487650058752,55.69082069396973,1.01214599609375,-0.129547119140625,-0.27490234375
1773062487660113920,55.700875759124756,1.0342254638671875,-0.144195556640625,-0.2991790771484375
1773062487670169856,55.7109317779541,1.0419158935546875,-0.13336181640625,-0.329254150390625
1773062487680224768,55.72098660469055,1.059722900390625,-0.1221923828125,-0.33892822265625
1773062487690280704,55.7310426235199,1.075531005859375,-0.1449432373046875,-0.386260986328125
1773062487700335616,55.74109768867493,1.0621185302734375,-0.161407470703125,-0.421722412109375
1773062487710391808,55.75115370750427,1.025482177734375,-0.1713104248046875,-0.3945465087890625
1773062487720446720,55.7612087726593,0.984619140625,-0.17474365234375,-0.354095458984375
1773062487730502912,55.77126479148865,0.953460693359375,-0.1620330810546875,-0.3567962646484375
1773062487740557568,55.7813196182251,0.9415435791015625,-0.1177215576171875,-0.3608551025390625
1773062487750613760,55.79137563705444,0.9654541015625,-0.08184814453125,-0.35504150390625
1773062487760668672,55.80143070220947,0.98236083984375,-0.05224609375,-0.3961181640625
1773062487770724864,55.81148672103882,0.9709320068359375,-0.027984619140625,-0.4391021728515625
1773062487780779776,55.82154178619385,0.94183349609375,-0.087890625,-0.460113525390625
1773062487790835968,55.83159780502319,0.9185028076171875,-0.1898345947265625,-0.458221435546875
1773062487800890624,55.841652631759644,0.917816162109375,-0.1809539794921875,-0.4195709228515625
1773062487810946816,55.85170865058899,0.955230712890625,-0.1410064697265625,-0.370574951171875
1773062487821001984,55.8617639541626,0.977081298828125,-0.1532440185546875,-0.3109893798828125
1773062487831057920,55.87181997299194,0.975494384765625,-0.1465911865234375,-0.314208984375
1773062487841113088,55.88187503814697,0.97601318359375,-0.1243438720703125,-0.364044189453125
1773062487851168256,55.891930103302,0.990966796875,-0.097320556640625,-0.4183197021484375
1773062487861224192,55.90198612213135,1.0400238037109375,-0.080596923828125,-0.52178955078125
1773062487871279104,55.9120409488678,1.064208984375,-0.139404296875,-0.5877685546875
1773062487881335040,55.922096967697144,1.055694580078125,-0.053497314453125,-0.5163421630859375
1773062487891390208,55.93215203285217,1.0843353271484375,0.005401611328125,-0.40509033203125
1773062487901446144,55.94220805168152,1.101806640625,-0.1361846923828125,-0.394561767578125
1773062487911501056,55.95226311683655,1.05963134765625,-0.13800048828125,-0.4163360595703125
1773062487921557248,55.962319135665894,1.0150146484375,-0.1441802978515625,-0.5373382568359375
1773062487931611904,55.972373962402344,1.0269317626953125,-0.1990814208984375,-0.6978607177734375
1773062487941668096,55.98242998123169,1.047943115234375,-0.09381103515625,-0.7001495361328125
1773062487951723008,55.99248504638672,1.0560455322265625,0.026336669921875,-0.6249847412109375
1773062487961779200,56.002541065216064,1.029541015625,0.0045928955078125,-0.5845184326171875
1773062487971834112,56.012596130371094,0.995208740234375,-0.0504913330078125,-0.5644073486328125
1773062487981890304,56.02265214920044,0.9951019287109375,-0.0511016845703125,-0.5319671630859375
1773062487991944960,56.03270697593689,0.986846923828125,-0.0778961181640625,-0.561767578125
1773062488002001152,56.042762994766235,0.9963226318359375,-0.0962066650390625,-0.62799072265625
1773062488012056064,56.052818059921265,1.006317138671875,-0.077880859375,-0.7158050537109375
1773062488022112256,56.06287407875061,0.9937896728515625,-0.0569000244140625,-0.7956695556640625
1773062488032167168,56.07292914390564,0.9633026123046875,0.0279541015625,-0.8008575439453125
1773062488042223104,56.082985162734985,0.9587860107421875,0.0897979736328125,-0.6934356689453125
1773062488052278016,56.093039989471436,0.9692840576171875,-0.008758544921875,-0.6031494140625
1773062488062333952,56.10309600830078,1.0191802978515625,-0.1245269775390625,-0.593414306640625
1773062488072389120,56.11315107345581,1.003143310546875,-0.226409912109375,-0.708587646484375
1773062488082445056,56.123207092285156,0.959136962890625,-0.17828369140625,-0.839111328125
1773062488092500224,56.133262157440186,0.9788818359375,-0.1279449462890625,-0.8477630615234375
1773062488102556160,56.14331817626953,0.9693145751953125,-0.0701141357421875,-0.790191650390625
1773062488112611072,56.15337300300598,0.9045867919921875,0.041900634765625,-0.797637939453125
1773062488122667008,56.16342902183533,0.789794921875,-0.008514404296875,-0.7855987548828125
1773062488132722176,56.173484086990356,0.709930419921875,-0.1437835693359375,-0.7289886474609375
1773062488142778112,56.1835401058197,0.7435150146484375,-0.2333984375,-0.7672271728515625
1773062488152833280,56.19359517097473,0.7988739013671875,-0.2037506103515625,-0.910125732421875
1773062488162888960,56.2036509513855,0.80889892578125,-0.095489501953125,-1.003631591796875
1773062488172944128,56.21370601654053,0.786712646484375,-0.18353271484375,-0.9499969482421875
1773062488183000064,56.22376203536987,0.7604827880859375,-0.288330078125,-0.890411376953125
1773062488193055232,56.2338171005249,0.752685546875,-0.181060791015625,-0.8529205322265625
1773062488203111168,56.24387311935425,0.7129669189453125,-0.1565704345703125,-0.845916748046875
1773062488213166336,56.25392818450928,0.6469879150390625,-0.190216064453125,-0.875274658203125
1773062488223220992,56.26398301124573,0.5832366943359375,-0.2003173828125,-0.846649169921875
1773062488233277184,56.27403903007507,0.5751190185546875,-0.18853759765625,-0.936309814453125
1773062488243332096,56.2840940952301,0.5839691162109375,-0.223175048828125,-1.025970458984375
1773062488253388288,56.29415011405945,0.6058197021484375,-0.218902587890625,-0.9720916748046875
1773062488263443200,56.30420517921448,0.6156158447265625,-0.205291748046875,-0.9398193359375
1773062488273499136,56.314260959625244,0.5706939697265625,-0.1508331298828125,-0.9076690673828125
1773062488283554048,56.32431602478027,0.535400390625,-0.113525390625,-0.847137451171875
1773062488293609984,56.33437204360962,0.4983978271484375,-0.0938568115234375,-0.8261871337890625
1773062488303665152,56.34442710876465,0.40179443359375,-0.1500244140625,-0.845306396484375
1773062488313721088,56.354483127593994,0.334716796875,-0.1426849365234375,-0.8906097412109375
1773062488323776000,56.364537954330444,0.38751220703125,-0.11822509765625,-0.956329345703125
1773062488333831936,56.37459397315979,0.4195709228515625,-0.1590423583984375,-0.9648590087890625
1773062488343887104,56.38464903831482,0.3660888671875,-0.0819854736328125,-0.8731231689453125
1773062488353943040,56.394705057144165,0.3340301513671875,-0.005157470703125,-0.797882080078125
1773062488363998208,56.404760122299194,0.301849365234375,-0.1309356689453125,-0.7932281494140625
1773062488374054144,56.41481614112854,0.256622314453125,-0.140289306640625,-0.80718994140625
1773062488384109056,56.42487096786499,0.213165283203125,-0.094940185546875,-0.868560791015625
1773062488394164992,56.434926986694336,0.1723480224609375,-0.1550445556640625,-0.8827972412109375
1773062488404220160,56.444982051849365,0.1543121337890625,-0.180511474609375,-0.92181396484375
1773062488414276096,56.45503807067871,0.1408538818359375,-0.18267822265625,-0.93048095703125
1773062488424331264,56.46509313583374,0.124114990234375,-0.13739013671875,-0.851226806640625
1773062488434387200,56.475149154663086,0.073638916015625,-0.1209716796875,-0.7447967529296875
1773062488444442112,56.485203981399536,-0.016754150390625,-0.156280517578125,-0.7457275390625
1773062488454498048,56.49526000022888,-0.043731689453125,-0.209564208984375,-0.8057098388671875
1773062488464553216,56.50531506538391,-0.044189453125,-0.207427978515625,-0.820159912109375
1773062488474609152,56.51537108421326,-0.0781097412109375,-0.18035888671875,-0.8032684326171875
1773062488484664320,56.525426149368286,-0.115081787109375,-0.2066802978515625,-0.767303466796875
1773062488494720256,56.53548216819763,-0.143035888671875,-0.21405029296875,-0.75146484375
1773062488504775168,56.54553699493408,-0.16632080078125,-0.2078704833984375,-0.7473297119140625
1773062488514831104,56.55559301376343,-0.186309814453125,-0.143463134765625,-0.7480926513671875
1773062488524886016,56.56564807891846,-0.2105712890625,-0.156463623046875,-0.7371368408203125
1773062488534942208,56.5757040977478,-0.258209228515625,-0.214019775390625,-0.7212371826171875
1773062488544997120,56.58575916290283,-0.30609130859375,-0.2019195556640625,-0.7174835205078125
1773062488555053312,56.59581518173218,-0.3192291259765625,-0.2140350341796875,-0.7443389892578125
1773062488565107968,56.60587000846863,-0.349395751953125,-0.2305450439453125,-0.721893310546875
1773062488575164160,56.615926027297974,-0.3920440673828125,-0.19525146484375,-0.7048797607421875
1773062488585219072,56.625981092453,-0.40289306640625,-0.21893310546875,-0.6772308349609375
1773062488595274240,56.63603615760803,-0.43475341796875,-0.2352752685546875,-0.6406097412109375
1773062488605330176,56.64609217643738,-0.465240478515625,-0.227783203125,-0.6231536865234375
1773062488615385088,56.65614700317383,-0.481689453125,-0.1807708740234375,-0.618927001953125
1773062488625441024,56.666203022003174,-0.4530181884765625,-0.227203369140625,-0.6283721923828125
1773062488635496192,56.6762580871582,-0.58367919921875,-0.1635284423828125,-0.55230712890625
1773062488645552128,56.68631410598755,-0.6504974365234375,-0.2417449951171875,-0.594940185546875
1773062488655607296,56.69636917114258,-0.6487579345703125,-0.1979827880859375,-0.5454559326171875
1773062488665662976,56.706424951553345,-0.6635589599609375,-0.2611541748046875,-0.5327606201171875
1773062488675718144,56.716480016708374,-0.6435699462890625,-0.328155517578125,-0.550018310546875
1773062488685774080,56.72653603553772,-0.6407928466796875,-0.3033294677734375,-0.5168914794921875
1773062488695829248,56.73659110069275,-0.6280975341796875,-0.2150115966796875,-0.4767608642578125
1773062488705885184,56.746647119522095,-0.6961822509765625,-0.1985321044921875,-0.4969482421875
1773062488715940352,56.756702184677124,-0.7202301025390625,-0.211822509765625,-0.5208892822265625
1773062488725996032,56.76675796508789,-0.7186737060546875,-0.2313232421875,-0.550567626953125
1773062488736051200,56.77681303024292,-0.725006103515625,-0.288848876953125,-0.525543212890625
1773062488746107136,56.786869049072266,-0.715972900390625,-0.3221282958984375,-0.5125579833984375
1773062488756162048,56.796924114227295,-0.714691162109375,-0.315216064453125,-0.50140380859375
1773062488766218240,56.80698013305664,-0.7468719482421875,-0.2637786865234375,-0.4751434326171875
1773062488776272896,56.81703495979309,-0.757720947265625,-0.164337158203125,-0.4680023193359375
1773062488786329088,56.82709097862244,-0.7626495361328125,-0.150909423828125,-0.455291748046875
1773062488796384000,56.837146043777466,-0.78021240234375,-0.1784210205078125,-0.4212646484375
1773062488806440192,56.84720206260681,-0.8052825927734375,-0.161529541015625,-0.3836517333984375
1773062488816495104,56.85725712776184,-0.8129119873046875,-0.1467742919921875,-0.4192962646484375
1773062488826550784,56.86731266975403,-0.78955078125,-0.16375732421875,-0.4561767578125
1773062488836605696,56.87736773490906,-0.7642822265625,-0.1458892822265625,-0.4202117919921875
1773062488846661888,56.8874237537384,-0.780364990234375,-0.1087188720703125,-0.3889923095703125
1773062488856716800,56.89747881889343,-0.8056182861328125,-0.1059417724609375,-0.3642120361328125
1773062488866772992,56.90753483772278,-0.8316802978515625,-0.115234375,-0.3276824951171875
1773062488876827648,56.91758966445923,-0.871124267578125,-0.1112518310546875,-0.317779541015625
1773062488886883840,56.927645683288574,-0.891754150390625,-0.109466552734375,-0.3808135986328125
1773062488896938752,56.9377007484436,-0.868896484375,-0.15924072265625,-0.3861846923828125
1773062488906994944,56.94775676727295,-0.8318939208984375,-0.174407958984375,-0.369110107421875
1773062488917049856,56.95781183242798,-0.838104248046875,-0.1273956298828125,-0.3342132568359375
1773062488927105792,56.967867851257324,-0.8844451904296875,-0.07147216796875,-0.2939300537109375
1773062488937160704,56.977922677993774,-0.92333984375,-0.0548858642578125,-0.2944793701171875
1773062488947216640,56.98797869682312,-0.927978515625,-0.079254150390625,-0.29046630859375
1773062488957271808,56.99803376197815,-0.9278564453125,-0.12567138671875,-0.2782440185546875
1773062488967326976,57.00808882713318,-0.9242706298828125,-0.12713623046875,-0.2937469482421875
1773062488977382912,57.018144845962524,-0.8911895751953125,-0.063995361328125,-0.326629638671875
1773062488987437824,57.028199672698975,-0.8903656005859375,-0.05511474609375,-0.340057373046875
1773062488997493760,57.03825569152832,-0.9366302490234375,-0.07855224609375,-0.3467559814453125
1773062489007548928,57.04831075668335,-0.9346771240234375,-0.0654144287109375,-0.2784423828125
1773062489017604864,57.058366775512695,-0.9503173828125,-0.078765869140625,-0.2312774658203125
1773062489027659776,57.068421840667725,-0.9653472900390625,-0.0687103271484375,-0.207061767578125
1773062489037715968,57.07847785949707,-0.9468231201171875,-0.04693603515625,-0.20574951171875
1773062489047770624,57.08853268623352,-0.9622344970703125,-0.043182373046875,-0.2201995849609375
1773062489057826816,57.098588705062866,-0.96624755859375,-0.028839111328125,-0.2031707763671875
1773062489067881728,57.108643770217896,-0.9730377197265625,-0.0353546142578125,-0.18597412109375
1773062489077937920,57.11869978904724,-1.00225830078125,-0.0351409912109375,-0.18408203125
1773062489087992832,57.12875485420227,-0.9963836669921875,-0.0345458984375,-0.16558837890625
1773062489098049024,57.138810873031616,-0.990936279296875,-0.019317626953125,-0.205535888671875
1773062489108103680,57.148865699768066,-0.9993133544921875,-0.010009765625,-0.2370147705078125
1773062489118159872,57.15892171859741,-0.9953765869140625,-0.0632476806640625,-0.1829681396484375
1773062489128214784,57.16897678375244,-0.991973876953125,-0.08026123046875,-0.157562255859375
1773062489138270976,57.17903280258179,-0.994415283203125,-0.07635498046875,-0.15472412109375
1773062489148325888,57.189087867736816,-1.0142059326171875,-0.04248046875,-0.15179443359375
1773062489158381824,57.19914388656616,-1.018280029296875,0.0159149169921875,-0.1337432861328125
1773062489168436736,57.20919871330261,-1.0270843505859375,0.0214691162109375,-0.11602783203125
1773062489178492672,57.21925473213196,-1.033905029296875,0.02117919921875,-0.1166229248046875
1773062489188547840,57.22930979728699,-1.0189361572265625,0.0083465576171875,-0.1378326416015625
1773062489198603776,57.23936581611633,-1.0015106201171875,-0.018218994140625,-0.1412506103515625
1773062489208658944,57.24942088127136,-1.0236663818359375,-0.0281219482421875,-0.073333740234375
1773062489218714624,57.25947666168213,-1.0444793701171875,-0.0223541259765625,-0.0946197509765625
1773062489228769792,57.26953172683716,-1.0239105224609375,-0.0152587890625,-0.113037109375
1773062489238825728,57.279587745666504,-1.012359619140625,0.0141754150390625,-0.0957183837890625
1773062489248880896,57.28964281082153,-1.0313720703125,0.0095672607421875,-0.0927276611328125
1773062489258936832,57.29969882965088,-1.0359344482421875,-0.0002899169921875,-0.1109619140625
1773062489268991744,57.30975365638733,-1.0156097412109375,-0.0048065185546875,-0.1172027587890625
1773062489279047680,57.319809675216675,-1.0044403076171875,-0.0448150634765625,-0.1307220458984375
1773062489289102848,57.329864740371704,-0.997711181640625,-0.04296875,-0.1173858642578125
1773062489299158784,57.33992075920105,-1.01409912109375,-0.00970458984375,-0.0715789794921875
1773062489309213952,57.34997582435608,-1.034271240234375,-0.00128173828125,-0.0721893310546875
1773062489319269888,57.360031843185425,-1.0207977294921875,-0.020965576171875,-0.07855224609375
1773062489329324800,57.370086669921875,-1.004302978515625,-0.0396575927734375,-0.0700225830078125
1773062489339380736,57.38014268875122,-0.9878997802734375,-0.0425872802734375,-0.108551025390625
1773062489349435904,57.39019775390625,-0.96673583984375,-0.0431365966796875,-0.1452178955078125
1773062489359490816,57.40025281906128,-0.9502716064453125,-0.034149169921875,-0.110931396484375
1773062489369547008,57.410308837890625,-0.9581298828125,-0.01971435546875,-0.098358154296875
1773062489379601664,57.420363664627075,-0.9580841064453125,-0.0124969482421875,-0.1198883056640625
1773062489389657856,57.43041968345642,-0.9388275146484375,-0.0214080810546875,-0.124725341796875
1773062489399712768,57.44047474861145,-0.922332763671875,-0.0422515869140625,-0.1594390869140625
1773062489409768704,57.450530767440796,-0.9001922607421875,-0.0463409423828125,-0.16143798828125
1773062489419823872,57.460585832595825,-0.89306640625,-0.0414581298828125,-0.1833343505859375
1773062489429879808,57.47064185142517,-0.895660400390625,-0.0576629638671875,-0.191680908203125
1773062489439934720,57.48069667816162,-0.8836517333984375,-0.074554443359375,-0.15045166015625
1773062489449990656,57.49075269699097,-0.8989410400390625,-0.07257080078125,-0.1675872802734375
1773062489460045824,57.500807762145996,-0.8863372802734375,-0.054046630859375,-0.1547698974609375
1773062489470101760,57.51086378097534,-0.8855133056640625,-0.0494384765625,-0.1791534423828125
1773062489480156928,57.52091884613037,-0.8885955810546875,-0.0492401123046875,-0.21295166015625
1773062489490212864,57.53097486495972,-0.870697021484375,-0.0777435302734375,-0.2481231689453125
1773062489500267776,57.54102969169617,-0.8432464599609375,-0.1193084716796875,-0.301544189453125
1773062489510323712,57.55108571052551,-0.8385467529296875,-0.144500732421875,-0.2788543701171875
1773062489520378880,57.56114077568054,-0.8443603515625,-0.1471405029296875,-0.2716827392578125
1773062489530434816,57.57119679450989,-0.8475341796875,-0.1200714111328125,-0.2451324462890625
1773062489540489984,57.58125185966492,-0.860595703125,-0.073394775390625,-0.25848388671875
1773062489550545920,57.59130787849426,-0.87823486328125,-0.0503692626953125,-0.2824859619140625
1773062489560600832,57.60136270523071,-0.8607940673828125,-0.0951995849609375,-0.3155364990234375
1773062489570656768,57.61141872406006,-0.82421875,-0.1789093017578125,-0.3956298828125
1773062489580711936,57.62147378921509,-0.7874755859375,-0.2171630859375,-0.4512786865234375
1773062489590767872,57.631529808044434,-0.759613037109375,-0.2093963623046875,-0.4175872802734375
1773062489600823040,57.64158487319946,-0.7981719970703125,-0.176513671875,-0.3223419189453125
1773062489610878976,57.65164089202881,-0.8479766845703125,-0.145904541015625,-0.3573760986328125
1773062489620933888,57.66169571876526,-0.834808349609375,-0.124176025390625,-0.3981781005859375
1773062489630989824,57.671751737594604,-0.8044281005859375,-0.1907806396484375,-0.4556121826171875
1773062489641044736,57.681806802749634,-0.80291748046875,-0.254730224609375,-0.519866943359375
1773062489651100928,57.69186282157898,-0.7834320068359375,-0.2182464599609375,-0.4834442138671875
1773062489661155840,57.70191788673401,-0.771820068359375,-0.1774749755859375,-0.4650421142578125
1773062489671211776,57.711973667144775,-0.7764892578125,-0.212738037109375,-0.4847412109375
1773062489681266688,57.722028732299805,-0.7138214111328125,-0.2181396484375,-0.5007476806640625
1773062489691322880,57.73208475112915,-0.7129669189453125,-0.2140960693359375,-0.4797210693359375
1773062489701377792,57.74213981628418,-0.704833984375,-0.209197998046875,-0.488433837890625
1773062489711433984,57.752195835113525,-0.6739959716796875,-0.2458648681640625,-0.574310302734375
1773062489721488640,57.762250661849976,-0.6324920654296875,-0.2588653564453125,-0.6047210693359375
1773062489731544832,57.77230668067932,-0.6013031005859375,-0.264129638671875,-0.6322174072265625
1773062489741599744,57.78236174583435,-0.59625244140625,-0.2696685791015625,-0.6242218017578125
1773062489751655936,57.792417764663696,-0.580596923828125,-0.258453369140625,-0.57403564453125
1773062489761710848,57.802472829818726,-0.5619964599609375,-0.2274017333984375,-0.536346435546875
1773062489771766784,57.81252884864807,-0.559661865234375,-0.2300567626953125,-0.5832061767578125
1773062489781821696,57.82258367538452,-0.480255126953125,-0.2204437255859375,-0.6961822509765625
1773062489791877632,57.83263969421387,-0.4166412353515625,-0.236328125,-0.735137939453125
1773062489801932800,57.8426947593689,-0.444183349609375,-0.26971435546875,-0.7146453857421875
1773062489811988736,57.85275077819824,-0.4490966796875,-0.26873779296875,-0.669952392578125
1773062489822043648,57.86280560493469,-0.4010009765625,-0.26104736328125,-0.63201904296875
1773062489832098816,57.87286067008972,-0.395599365234375,-0.259124755859375,-0.623382568359375
1773062489842154752,57.88291668891907,-0.3625030517578125,-0.19061279296875,-0.673919677734375
1773062489852209920,57.8929717540741,-0.3097076416015625,-0.1702728271484375,-0.8182373046875
1773062489862265856,57.90302777290344,-0.2829437255859375,-0.228118896484375,-0.852935791015625
1773062489872320768,57.91308259963989,-0.2451171875,-0.25732421875,-0.88385009765625
1773062489882376704,57.92313861846924,-0.223846435546875,-0.2534942626953125,-0.8783721923828125
1773062489892431616,57.93319368362427,-0.212249755859375,-0.288238525390625,-0.7784271240234375
1773062489902487808,57.94324970245361,-0.2281646728515625,-0.34222412109375,-0.744537353515625
1773062489912542720,57.95330476760864,-0.164703369140625,-0.22467041015625,-0.756805419921875
1773062489922598912,57.96336078643799,-0.1123504638671875,-0.187896728515625,-0.8143157958984375
1773062489932653568,57.97341561317444,-0.1082611083984375,-0.21612548828125,-0.93402099609375
1773062489942709760,57.983471632003784,-0.048187255859375,-0.2032928466796875,-1.0470733642578125
1773062489952764672,57.99352669715881,0.021484375,-0.2469635009765625,-1.0487518310546875
1773062489962820864,58.00358271598816,0.01239013671875,-0.2608184814453125,-0.8906707763671875
1773062489972875776,58.01363778114319,0.0145263671875,-0.3263397216796875,-0.7302093505859375
1773062489982931968,58.023693799972534,0.0543060302734375,-0.2012176513671875,-0.7622833251953125
1773062489992986624,58.033748626708984,0.08203125,-0.1443634033203125,-0.7946319580078125
1773062490003042816,58.04380464553833,0.1085662841796875,-0.1876373291015625,-0.947174072265625
1773062490013097728,58.05385971069336,0.1771392822265625,-0.210479736328125,-1.1221466064453125
1773062490023153664,58.063915729522705,0.3144378662109375,-0.189300537109375,-1.0418548583984375
1773062490033208832,58.073970794677734,0.225830078125,-0.2387847900390625,-1.036285400390625
1773062490043264512,58.0840265750885,0.1638031005859375,-0.35284423828125,-0.843902587890625
1773062490053319680,58.09408164024353,0.253173828125,-0.182586669921875,-0.615264892578125
1773062490063375616,58.104137659072876,0.2596282958984375,0.0495758056640625,-0.6740570068359375
1773062490073430784,58.114192724227905,0.29583740234375,-0.0086212158203125,-0.851470947265625
1773062490083486720,58.12424874305725,0.4149017333984375,-0.0835418701171875,-0.9425811767578125
1773062490093541888,58.13430380821228,0.50872802734375,-0.0991058349609375,-1.1031494140625
1773062490103597568,58.14435958862305,0.56982421875,-0.1887359619140625,-1.0072479248046875
1773062490113652736,58.154414653778076,0.578460693359375,-0.2383575439453125,-0.884124755859375
1773062490123708672,58.16447067260742,0.53851318359375,-0.1486663818359375,-0.8079376220703125
1773062490133763840,58.17452573776245,0.5249786376953125,-0.04339599609375,-0.6957855224609375
1773062490143819776,58.1845817565918,0.5205841064453125,-0.0224761962890625,-0.6761932373046875
1773062490153874688,58.19463658332825,0.5565948486328125,0.06085205078125,-0.8535919189453125
1773062490163930624,58.20469260215759,0.6478271484375,-0.00897216796875,-1.0443878173828125
1773062490173985792,58.21474766731262,0.7436676025390625,-0.09527587890625,-1.134918212890625
1773062490184041728,58.22480368614197,0.7863311767578125,-0.1578826904296875,-0.9497222900390625
1773062490194096896,58.234858751297,0.792236328125,-0.239013671875,-0.7551422119140625
1773062490204152832,58.24491477012634,0.7169952392578125,-0.2578887939453125,-0.7234344482421875
1773062490214207744,58.25496959686279,0.68707275390625,-0.0576934814453125,-0.7893218994140625
1773062490224263680,58.26502561569214,0.7033843994140625,0.1232757568359375,-0.8195037841796875
1773062490234318848,58.27508068084717,0.6986541748046875,0.042388916015625,-0.8871917724609375
1773062490244373760,58.2851357460022,0.7172698974609375,-0.112060546875,-0.8860015869140625
1773062490254429696,58.29519176483154,0.7871551513671875,-0.194915771484375,-0.8831634521484375
1773062490264484608,58.30524659156799,0.8278961181640625,-0.1336212158203125,-0.8774871826171875
1773062490274540544,58.31530261039734,0.7944793701171875,-0.0955047607421875,-0.832794189453125
1773062490284595712,58.32535767555237,0.7752685546875,-0.1010589599609375,-0.7646636962890625
1773062490294651648,58.335413694381714,0.776611328125,-0.0146942138671875,-0.6676483154296875
1773062490304706816,58.34546875953674,0.805450439453125,0.00909423828125,-0.671875
1773062490314762752,58.35552477836609,0.827423095703125,-0.0034332275390625,-0.776702880859375
1773062490324817664,58.36557960510254,0.814300537109375,0.0117340087890625,-0.7780303955078125
1773062490334873600,58.375635623931885,0.828826904296875,-0.0106964111328125,-0.750457763671875
1773062490344928768,58.385690689086914,0.87353515625,-0.0377349853515625,-0.6916351318359375
1773062490354984704,58.39574670791626,0.882568359375,-0.089141845703125,-0.58270263671875
1773062490365039872,58.40580177307129,0.880157470703125,-0.0900726318359375,-0.5608978271484375
1773062490375095808,58.415857791900635,0.8876190185546875,-0.0092926025390625,-0.60357666015625
1773062490385150720,58.425912618637085,0.93560791015625,0.0571441650390625,-0.6386566162109375
1773062490395206656,58.43596863746643,0.9669647216796875,0.042022705078125,-0.63824462890625
1773062490405261824,58.44602370262146,0.97625732421875,-0.010040283203125,-0.6402130126953125
1773062490415317760,58.456079721450806,0.967315673828125,-0.0756988525390625,-0.6348876953125
1773062490425372928,58.466134786605835,0.9692840576171875,-0.120391845703125,-0.615478515625
1773062490435428864,58.47619080543518,1.024688720703125,-0.0809326171875,-0.6021881103515625
1773062490445483776,58.48624563217163,1.0801239013671875,-0.0363616943359375,-0.5402984619140625
1773062490455539712,58.49630165100098,1.1193695068359375,-0.04547119140625,-0.5013580322265625
1773062490465594880,58.506356716156006,1.1198883056640625,-0.083709716796875,-0.51104736328125
1773062490475650816,58.51641273498535,1.0786590576171875,-0.0903167724609375,-0.471221923828125
1773062490485705728,58.52646780014038,1.034393310546875,-0.1300506591796875,-0.38055419921875
1773062490495761664,58.53652358055115,0.993377685546875,-0.207366943359375,-0.3487091064453125
1773062490505816576,58.54657864570618,0.9646759033203125,-0.221343994140625,-0.4131622314453125
1773062490515872768,58.55663466453552,0.9498443603515625,-0.1290130615234375,-0.4775848388671875
1773062490525927680,58.56668972969055,1.00836181640625,-0.05316162109375,-0.4734344482421875
1773062490535983872,58.5767457485199,1.084686279296875,-0.07293701171875,-0.4405059814453125
1773062490546038528,58.58680057525635,1.075958251953125,-0.12567138671875,-0.430908203125
1773062490556094720,58.59685659408569,1.0069427490234375,-0.097869873046875,-0.4265289306640625
1773062490566149632,58.60691165924072,0.9496612548828125,-0.0650177001953125,-0.439056396484375
1773062490576205824,58.61696767807007,0.9198455810546875,-0.0611419677734375,-0.4489593505859375
1773062490586260736,58.6270227432251,0.9082489013671875,-0.0584564208984375,-0.4532623291015625
1773062490596316928,58.63707876205444,0.910308837890625,-0.062896728515625,-0.4295654296875
1773062490606371584,58.647133588790894,0.9251251220703125,-0.053466796875,-0.410308837890625
1773062490616427776,58.65718960762024,0.9339752197265625,-0.036865234375,-0.399139404296875
1773062490626482688,58.66724467277527,0.9378204345703125,-0.04608154296875,-0.4046783447265625
1773062490636538624,58.677300691604614,0.9275665283203125,-0.09637451171875,-0.4024505615234375
1773062490646593792,58.687355756759644,0.9162750244140625,-0.1407623291015625,-0.3522491455078125
1773062490656649728,58.69741177558899,0.9280242919921875,-0.1089630126953125,-0.3337860107421875
1773062490666704640,58.70746660232544,0.9472198486328125,-0.0696868896484375,-0.37481689453125
1773062490676760576,58.717522621154785,0.9569244384765625,-0.1009368896484375,-0.3601226806640625
1773062490686815744,58.727577686309814,0.995147705078125,-0.1441497802734375,-0.2946014404296875
1773062490696871680,58.73763370513916,1.03985595703125,-0.155853271484375,-0.288848876953125
1773062490706926848,58.74768877029419,1.0396728515625,-0.1380767822265625,-0.324249267578125
1773062490716982784,58.757744789123535,1.019439697265625,-0.1356353759765625,-0.345977783203125
1773062490727037696,58.767799615859985,1.015777587890625,-0.15301513671875,-0.3533782958984375
1773062490737093632,58.77785563468933,1.0028839111328125,-0.1711578369140625,-0.34912109375
1773062490747148800,58.78791069984436,0.98736572265625,-0.1585845947265625,-0.331390380859375
1773062490757203712,58.79796576499939,0.9813232421875,-0.127044677734375,-0.3366546630859375
1773062490767259904,58.808021783828735,0.964447021484375,-0.120941162109375,-0.36981201171875
1773062490777314560,58.818076610565186,0.931610107421875,-0.126953125,-0.4010467529296875
1773062490787370752,58.82813262939453,0.9289093017578125,-0.1197357177734375,-0.404541015625
1773062490797425664,58.83818769454956,0.9584503173828125,-0.1679840087890625,-0.38348388671875
1773062490807481856,58.848243713378906,0.9784393310546875,-0.2010498046875,-0.322662353515625
1773062490817536768,58.858298778533936,0.9691619873046875,-0.103546142578125,-0.296112060546875
1773062490827592960,58.86835479736328,0.9612884521484375,-0.052764892578125,-0.307861328125
1773062490837647872,58.87840986251831,0.9578399658203125,-0.11895751953125,-0.3489532470703125
1773062490847703808,58.888465881347656,0.9659576416015625,-0.1232147216796875,-0.40631103515625
1773062490857758720,58.898520708084106,0.979156494140625,-0.1236419677734375,-0.419403076171875
1773062490867814656,58.90857672691345,1.0026092529296875,-0.18353271484375,-0.38543701171875
1773062490877869824,58.91863179206848,1.0417938232421875,-0.1688690185546875,-0.3836517333984375
1773062490887925760,58.92868781089783,1.06524658203125,-0.123260498046875,-0.3444366455078125
1773062490897980928,58.938742876052856,1.0594635009765625,-0.1414031982421875,-0.29132080078125
1773062490908036864,58.9487988948822,1.03607177734375,-0.1367950439453125,-0.3834991455078125
1773062490918091776,58.95885372161865,1.0269927978515625,-0.1334686279296875,-0.5128173828125
1773062490928147712,58.968909740448,1.055023193359375,-0.13677978515625,-0.4990692138671875
1773062490938202880,58.97896480560303,1.079742431640625,-0.14007568359375,-0.44219970703125
1773062490948258816,58.98902082443237,1.0781707763671875,-0.12664794921875,-0.4618377685546875
1773062490958313984,58.9990758895874,1.066070556640625,-0.0907745361328125,-0.4683380126953125
1773062490968369920,59.00913190841675,1.0586395263671875,-0.06781005859375,-0.47430419921875
1773062490978424832,59.0191867351532,1.025634765625,-0.110687255859375,-0.4640655517578125
1773062490988480768,59.029242753982544,1.006011962890625,-0.1699981689453125,-0.5456085205078125
1773062490998535936,59.03929781913757,1.0218963623046875,-0.157257080078125,-0.6281280517578125
1773062491008591872,59.04935383796692,1.0216522216796875,-0.1319732666015625,-0.587493896484375
1773062491018647040,59.05940890312195,1.05078125,-0.1419525146484375,-0.536346435546875
1773062491028702976,59.069464921951294,1.05364990234375,-0.1206207275390625,-0.494232177734375
1773062491038757888,59.079519748687744,1.0166015625,0.0691375732421875,-0.5013580322265625
1773062491048813824,59.08957576751709,0.9300537109375,0.003875732421875,-0.5375213623046875
1773062491058868992,59.09963083267212,0.8687286376953125,-0.1652069091796875,-0.664337158203125
1773062491068924928,59.109686851501465,0.8983612060546875,-0.115631103515625,-0.737396240234375
1773062491078980096,59.119741916656494,0.9170379638671875,-0.0043182373046875,-0.718902587890625
1773062491089035776,59.12979769706726,0.8888397216796875,-0.0384979248046875,-0.7284698486328125
1773062491099090688,59.13985276222229,0.8125457763671875,-0.1056365966796875,-0.7489013671875
1773062491109146880,59.149908781051636,0.764251708984375,-0.092529296875,-0.7678680419921875
1773062491119201792,59.159963846206665,0.8082427978515625,-0.07861328125,-0.8375091552734375
1773062491129257984,59.17001986503601,0.8501739501953125,0.004241943359375,-0.7910308837890625
1773062491139312896,59.18007493019104,0.898895263671875,-0.0929718017578125,-0.737640380859375
1773062491149368832,59.19013071060181,0.8610992431640625,-0.199798583984375,-0.7771148681640625
1773062491159423744,59.200185775756836,0.8373260498046875,-0.189605712890625,-0.823150634765625
1773062491169479936,59.21024179458618,0.8492431640625,-0.045196533203125,-0.859893798828125
1773062491179534848,59.22029685974121,0.8929595947265625,-0.0179290771484375,-0.87152099609375
1773062491189591040,59.23035287857056,0.8975830078125,-0.073486328125,-0.8414764404296875
1773062491199645696,59.24040770530701,0.8700103759765625,-0.20068359375,-0.7942047119140625
1773062491209701888,59.25046372413635,0.859344482421875,-0.24639892578125,-0.783538818359375
1773062491219756800,59.26051878929138,0.8773651123046875,-0.1972503662109375,-0.79425048828125
1773062491229812736,59.27057480812073,0.8740081787109375,-0.19415283203125,-0.8248138427734375
1773062491239867904,59.28062987327576,0.8398590087890625,-0.1302947998046875,-0.8534698486328125
1773062491249923840,59.2906858921051,0.8328399658203125,-0.0205078125,-0.884918212890625
1773062491259978752,59.30074071884155,0.832550048828125,-0.01812744140625,-0.8764190673828125
1773062491270034688,59.3107967376709,0.79730224609375,-0.1726226806640625,-0.84747314453125
1773062491280089856,59.32085180282593,0.71429443359375,-0.1870269775390625,-0.8159637451171875
1773062491290145024,59.33090686798096,0.6854248046875,-0.1943206787109375,-0.8636322021484375
1773062491300200960,59.3409628868103,0.683013916015625,-0.2667388916015625,-0.8968048095703125
1773062491310255872,59.35101771354675,0.6699066162109375,-0.2056427001953125,-0.8524322509765625
1773062491320311808,59.3610737323761,0.6605682373046875,-0.0772857666015625,-0.858367919921875
1773062491330366976,59.37112879753113,0.6201324462890625,-0.0766448974609375,-0.916961669921875
1773062491340422912,59.381184816360474,0.5374908447265625,-0.062347412109375,-0.8775787353515625
1773062491350477824,59.3912398815155,0.472076416015625,-0.1048126220703125,-0.81982421875
1773062491360534016,59.40129590034485,0.45086669921875,-0.2061004638671875,-0.8348388671875
1773062491370588672,59.4113507270813,0.4617462158203125,-0.272491455078125,-0.8955535888671875
1773062491380644864,59.421406745910645,0.4824676513671875,-0.21722412109375,-0.9244537353515625
1773062491390699776,59.431461811065674,0.4834136962890625,-0.12567138671875,-0.8881072998046875
1773062491400755968,59.44151782989502,0.4163360595703125,-0.1347198486328125,-0.9102630615234375
1773062491410810880,59.45157289505005,0.3489532470703125,-0.088775634765625,-0.9384307861328125
1773062491420867072,59.461628913879395,0.2867889404296875,-0.016937255859375,-0.9102935791015625
1773062491430921728,59.471683740615845,0.2396087646484375,-0.098297119140625,-0.83953857421875
1773062491440977920,59.48173975944519,0.200347900390625,-0.2544708251953125,-0.8083953857421875
1773062491451032832,59.49179482460022,0.1701507568359375,-0.3290557861328125,-0.839630126953125
1773062491461088768,59.501850843429565,0.140777587890625,-0.3024749755859375,-0.8595428466796875
1773062491471143936,59.511905908584595,0.0830230712890625,-0.2705078125,-0.86944580078125
1773062491481199872,59.52196192741394,0.0530853271484375,-0.222381591796875,-0.965240478515625
1773062491491254784,59.53201675415039,0.058502197265625,-0.1307220458984375,-0.98431396484375
1773062491501310720,59.542072772979736,0.069122314453125,-0.1014251708984375,-0.9454193115234375
1773062491511365888,59.552127838134766,0.0683746337890625,-0.1644134521484375,-0.85198974609375
1773062491521421824,59.56218385696411,0.0028228759765625,-0.1917724609375,-0.7725982666015625
1773062491531476992,59.57223892211914,-0.0602569580078125,-0.2371063232421875,-0.774383544921875
1773062491541532672,59.58229470252991,-0.103240966796875,-0.2652587890625,-0.7584075927734375
1773062491551587840,59.59234976768494,-0.1417388916015625,-0.2784881591796875,-0.741790771484375
1773062491561643776,59.60240578651428,-0.177886962890625,-0.2852630615234375,-0.7664337158203125
1773062491571698944,59.61246085166931,-0.1783599853515625,-0.295501708984375,-0.810394287109375
1773062491581754880,59.62251687049866,-0.19268798828125,-0.28558349609375,-0.8456878662109375
1773062491591809792,59.63257169723511,-0.1829681396484375,-0.299163818359375,-0.84173583984375
1773062491601865728,59.64262771606445,-0.1519012451171875,-0.2884063720703125,-0.82745361328125
1773062491611920896,59.65268278121948,-0.197662353515625,-0.2425689697265625,-0.7285919189453125
1773062491621976832,59.66273880004883,-0.2732391357421875,-0.2597808837890625,-0.59295654296875
1773062491632032000,59.67279386520386,-0.3491058349609375,-0.268310546875,-0.49603271484375
1773062491642087936,59.6828498840332,-0.410552978515625,-0.2906951904296875,-0.5163726806640625
1773062491652142848,59.69290471076965,-0.4677276611328125,-0.3512115478515625,-0.60565185546875
1773062491662198784,59.702960729599,-0.43560791015625,-0.33685302734375,-0.6873321533203125
1773062491672253952,59.71301579475403,-0.407562255859375,-0.2718505859375,-0.7449188232421875
1773062491682309888,59.723071813583374,-0.3997955322265625,-0.327667236328125,-0.7427215576171875
1773062491692365056,59.7331268787384,-0.39581298828125,-0.307525634765625,-0.6579132080078125
1773062491702420992,59.74318289756775,-0.504058837890625,-0.3306732177734375,-0.588714599609375
1773062491712475904,59.7532377243042,-0.503875732421875,-0.339141845703125,-0.5597381591796875
1773062491722531840,59.763293743133545,-0.5506134033203125,-0.296722412109375,-0.5178985595703125
1773062491732586752,59.773348808288574,-0.583221435546875,-0.2796478271484375,-0.531402587890625
1773062491742642944,59.78340482711792,-0.6098785400390625,-0.229888916015625,-0.484588623046875
1773062491752697856,59.79345989227295,-0.6463775634765625,-0.259368896484375,-0.4906463623046875
1773062491762754048,59.803515911102295,-0.6331329345703125,-0.2846832275390625,-0.4914398193359375
1773062491772808704,59.813570737838745,-0.633026123046875,-0.28399658203125,-0.4718780517578125
1773062491782864896,59.82362675666809,-0.657806396484375,-0.3152618408203125,-0.462158203125
1773062491792919808,59.83368182182312,-0.682281494140625,-0.3195343017578125,-0.409637451171875
1773062491802976000,59.843737840652466,-0.705474853515625,-0.2919158935546875,-0.40057373046875
1773062491813030912,59.853792905807495,-0.720916748046875,-0.2657928466796875,-0.419647216796875
1773062491823087104,59.86384892463684,-0.7322845458984375,-0.2701568603515625,-0.4660797119140625
1773062491833142016,59.87390398979187,-0.7291107177734375,-0.328125,-0.483062744140625
1773062491843197952,59.883960008621216,-0.7449188232421875,-0.2992095947265625,-0.411712646484375
1773062491853252864,59.894014835357666,-0.76318359375,-0.2574310302734375,-0.389312744140625
1773062491863308800,59.90407085418701,-0.760040283203125,-0.2757415771484375,-0.3557891845703125
1773062491873363968,59.91412591934204,-0.8070526123046875,-0.293609619140625,-0.3091583251953125
1773062491883419136,59.92418098449707,-0.8453369140625,-0.2486114501953125,-0.31060791015625
1773062491893475072,59.934237003326416,-0.8432464599609375,-0.2148590087890625,-0.35345458984375
1773062491903529984,59.944291830062866,-0.8309478759765625,-0.2152862548828125,-0.440277099609375
1773062491913585920,59.95434784889221,-0.8073883056640625,-0.225189208984375,-0.4426116943359375
1773062491923641088,59.96440291404724,-0.7958984375,-0.2241668701171875,-0.39410400390625
1773062491933697024,59.97445893287659,-0.826568603515625,-0.2218017578125,-0.3173065185546875
1773062491943751936,59.984513998031616,-0.872344970703125,-0.2315826416015625,-0.2821044921875
1773062491953808128,59.99457001686096,-0.90338134765625,-0.2374267578125,-0.26629638671875
1773062491963862784,60.00462484359741,-0.906982421875,-0.2116851806640625,-0.226165771484375
1773062491973918976,60.01468086242676,-0.8973846435546875,-0.198944091796875,-0.2639617919921875
1773062491983973888,60.02473592758179,-0.8905029296875,-0.2155609130859375,-0.25482177734375
1773062491994030080,60.03479194641113,-0.882232666015625,-0.187896728515625,-0.2496337890625
1773062492004084992,60.04484701156616,-0.868804931640625,-0.1683807373046875,-0.1995697021484375
1773062492014140928,60.05490279197693,-0.910552978515625,-0.17938232421875,-0.1600494384765625
1773062492024195840,60.06495785713196,-0.9620208740234375,-0.18017578125,-0.1378936767578125
1773062492034252032,60.075013875961304,-0.95562744140625,-0.16552734375,-0.1517181396484375
1773062492044306944,60.08506894111633,-0.946563720703125,-0.1679840087890625,-0.2370758056640625
1773062492054363136,60.09512495994568,-0.9067535400390625,-0.1447296142578125,-0.274139404296875
1773062492064417792,60.10517978668213,-0.9570465087890625,-0.1470184326171875,-0.197906494140625
1773062492074473984,60.115235805511475,-0.99365234375,-0.1207275390625,-0.1576690673828125
1773062492084528896,60.125290870666504,-0.966796875,-0.171600341796875,-0.125030517578125
1773062492094584832,60.13534688949585,-0.9471282958984375,-0.1715087890625,-0.118316650390625
1773062492104640000,60.14540195465088,-0.9579620361328125,-0.1711578369140625,-0.126800537109375
1773062492114695936,60.155457973480225,-0.9589996337890625,-0.1937408447265625,-0.155975341796875
1773062492124750848,60.165512800216675,-0.9758148193359375,-0.168670654296875,-0.1730804443359375
1773062492134806784,60.17556881904602,-1.0164031982421875,-0.12066650390625,-0.1867828369140625
1773062492144861952,60.18562388420105,-1.0059051513671875,-0.101593017578125,-0.1665496826171875
1773062492154917888,60.195679903030396,-0.9864044189453125,-0.1113128662109375,-0.2103729248046875
1773062492164973056,60.205734968185425,-0.9812469482421875,-0.144317626953125,-0.2139892578125
1773062492175028992,60.21579098701477,-0.9743804931640625,-0.1733245849609375,-0.18341064453125
1773062492185083904,60.22584581375122,-0.9818572998046875,-0.1652984619140625,-0.1748199462890625
1773062492195139840,60.235901832580566,-1.008819580078125,-0.1603546142578125,-0.194183349609375
1773062492205195008,60.245956897735596,-1.01971435546875,-0.1021728515625,-0.149810791015625
1773062492215250944,60.25601291656494,-0.97540283203125,-0.0411529541015625,-0.0919342041015625
1773062492225306112,60.26606798171997,-0.9722442626953125,-0.097625732421875,-0.117584228515625
1773062492235362048,60.276124000549316,-1.011505126953125,-0.114288330078125,-0.187744140625
1773062492245416960,60.28617882728577,-1.0004119873046875,0.035186767578125,-0.1545562744140625
1773062492255472896,60.29623484611511,-0.9462738037109375,0.0822296142578125,-0.133453369140625
1773062492265528064,60.30628991127014,-0.9387664794921875,-0.0085906982421875,-0.16278076171875
1773062492275584000,60.31634593009949,-0.93060302734375,0.0076751708984375,-0.16082763671875
1773062492285639168,60.32640099525452,-0.921661376953125,-0.014984130859375,-0.14117431640625
1773062492295695104,60.33645701408386,-0.9537200927734375,-0.0338897705078125,-0.1216583251953125
1773062492305750016,60.34651184082031,-0.9734344482421875,-0.017059326171875,-0.1161651611328125
1773062492315805952,60.35656785964966,-0.9612579345703125,-0.0284576416015625,-0.10040283203125
1773062492325860864,60.36662292480469,-0.9550933837890625,-0.008026123046875,-0.0906829833984375
1773062492335917056,60.37667894363403,-0.9612579345703125,0.0277557373046875,-0.1074371337890625
1773062492345971968,60.38673400878906,-0.9542083740234375,0.0,-0.1316680908203125
1773062492356027904,60.39678978919983,-0.9905853271484375,-0.0223541259765625,-0.1706085205078125
1773062492366082816,60.40684485435486,-1.00103759765625,-0.00775146484375,-0.1487884521484375
1773062492376139008,60.416900873184204,-0.988616943359375,-0.0043182373046875,-0.1338043212890625
1773062492386193920,60.42695593833923,-1.002960205078125,0.010772705078125,-0.1185150146484375
1773062492396250112,60.43701195716858,-1.0138702392578125,0.04296875,-0.1199798583984375
1773062492406304768,60.44706678390503,-1.0319366455078125,0.058990478515625,-0.1389617919921875
1773062492416360960,60.457122802734375,-1.0207977294921875,0.06658935546875,-0.1656341552734375
1773062492426415872,60.467177867889404,-1.0221099853515625,0.04022216796875,-0.1874847412109375
1773062492436472064,60.47723388671875,-1.0365142822265625,-0.0180206298828125,-0.1765594482421875
1773062492446526976,60.48728895187378,-1.036590576171875,0.00927734375,-0.160736083984375
1773062492456582912,60.497344970703125,-1.04595947265625,0.038726806640625,-0.1813507080078125
1773062492466637824,60.507399797439575,-1.0439300537109375,0.04986572265625,-0.1526947021484375
1773062492476693760,60.51745581626892,-1.0350341796875,0.092071533203125,-0.182464599609375
1773062492486748928,60.52751088142395,-1.0472259521484375,0.10443115234375,-0.1695556640625
1773062492496804864,60.537566900253296,-1.044403076171875,0.0292816162109375,-0.1468353271484375
1773062492506860032,60.547621965408325,-1.0554351806640625,-0.0003662109375,-0.1612548828125
1773062492516915968,60.55767798423767,-1.0685272216796875,0.00030517578125,-0.1514129638671875
1773062492526970880,60.56773281097412,-1.067108154296875,-0.010040283203125,-0.139678955078125
1773062492537026816,60.57778882980347,-1.0424957275390625,0.0162811279296875,-0.1446380615234375
1773062492547081984,60.587843894958496,-1.0241241455078125,0.0208892822265625,-0.1361846923828125
1773062492557136896,60.597898960113525,-1.0290069580078125,0.0448455810546875,-0.14093017578125
1773062492567193088,60.60795497894287,-1.034820556640625,0.060333251953125,-0.11749267578125
1773062492577247744,60.61800980567932,-1.0283050537109375,0.0220794677734375,-0.101318359375
1773062492587303936,60.62806582450867,-1.0199737548828125,-0.0185394287109375,-0.07806396484375
1773062492597358848,60.638120889663696,-1.01702880859375,-0.0369720458984375,-0.087799072265625
1773062492607415040,60.64817690849304,-1.0059051513671875,-0.03515625,-0.094390869140625
1773062492617469952,60.65823197364807,-0.9866943359375,-0.03350830078125,-0.11309814453125
1773062492627526144,60.66828799247742,-0.950958251953125,-0.04656982421875,-0.17779541015625
1773062492637580800,60.67834281921387,-0.9376373291015625,-0.0221099853515625,-0.1445770263671875
1773062492647636992,60.68839883804321,-0.93994140625,0.0143890380859375,-0.144287109375
1773062492657691904,60.69845390319824,-0.931304931640625,-0.0209197998046875,-0.204986572265625
1773062492667748096,60.70850992202759,-0.948089599609375,0.022003173828125,-0.202789306640625
1773062492677803008,60.71856498718262,-0.9636077880859375,0.035247802734375,-0.1685791015625
1773062492687858944,60.72862100601196,-0.9567108154296875,0.010894775390625,-0.0914764404296875
1773062492697913856,60.73867583274841,-0.944671630859375,-0.0400390625,-0.10137939453125
1773062492707969792,60.74873185157776,-0.9594268798828125,-0.0805511474609375,-0.1100311279296875
1773062492718024960,60.75878691673279,-0.9551544189453125,-0.0579833984375,-0.1502685546875
1773062492728080896,60.768842935562134,-0.912628173828125,-0.0525665283203125,-0.181121826171875
1773062492738136064,60.77889800071716,-0.886749267578125,-0.042083740234375,-0.205902099609375
1773062492748191744,60.78895378112793,-0.8787841796875,-0.0526885986328125,-0.21380615234375
1773062492758246912,60.79900884628296,-0.8666534423828125,-0.0202178955078125,-0.1887664794921875
1773062492768302848,60.809064865112305,-0.8941497802734375,-0.0120697021484375,-0.1510009765625
1773062492778358016,60.819119930267334,-0.94512939453125,-0.0642852783203125,-0.1757659912109375
1773062492788413952,60.82917594909668,-0.96197509765625,-0.04461669921875,-0.1673583984375
1773062492798469120,60.83923101425171,-0.9625396728515625,-0.06365966796875,-0.1753692626953125
1773062492808524800,60.849286794662476,-0.9433135986328125,-0.0957183837890625,-0.1913909912109375
1773062492818579968,60.859341859817505,-0.9290313720703125,-0.0831756591796875,-0.181793212890625
1773062492828636160,60.86939811706543,-0.911865234375,-0.0703887939453125,-0.1501312255859375
1773062492838691072,60.87945294380188,-0.9228973388671875,-0.08099365234375,-0.1616668701171875
1773062492848747008,60.889508962631226,-0.93072509765625,-0.064727783203125,-0.17010498046875
1773062492858802176,60.899564027786255,-0.921478271484375,-0.0297088623046875,-0.1923065185546875
1773062492868858112,60.9096200466156,-0.9046630859375,-0.0437774658203125,-0.2454681396484375
1773062492878913280,60.91967511177063,-0.883331298828125,-0.0584564208984375,-0.274261474609375
1773062492888969216,60.929731130599976,-0.8597564697265625,-0.0513916015625,-0.273345947265625
1773062492899024128,60.939785957336426,-0.85992431640625,-0.043304443359375,-0.3062591552734375
1773062492909080064,60.94984197616577,-0.8388214111328125,-0.05804443359375,-0.3174896240234375
1773062492919134976,60.9598970413208,-0.8434906005859375,-0.07855224609375,-0.314605712890625
1773062492929191168,60.96995306015015,-0.8641510009765625,-0.0817108154296875,-0.30792236328125
1773062492939246080,60.980008125305176,-0.877044677734375,-0.0933837890625,-0.29718017578125
1773062492949302016,60.99006390571594,-0.88165283203125,-0.0921783447265625,-0.31353759765625
1773062492959356928,61.00011897087097,-0.87322998046875,-0.046844482421875,-0.2984466552734375
1773062492969413120,61.01017498970032,-0.879150390625,-0.022705078125,-0.2889404296875
1773062492979468032,61.02023005485535,-0.88018798828125,-0.0607452392578125,-0.30706787109375
1773062492989524224,61.03028607368469,-0.877349853515625,-0.109405517578125,-0.3650970458984375
1773062492999579136,61.04034113883972,-0.8703765869140625,-0.13897705078125,-0.427032470703125
1773062493009635072,61.05039691925049,-0.876983642578125,-0.1618499755859375,-0.491119384765625
1773062493019689984,61.06045198440552,-0.8890228271484375,-0.136474609375,-0.4405059814453125
1773062493029746176,61.07050800323486,-0.8983917236328125,-0.1337890625,-0.40625
1773062493039801088,61.08056306838989,-0.905670166015625,-0.129119873046875,-0.38623046875
1773062493049857024,61.09061908721924,-0.8842010498046875,-0.116485595703125,-0.3990478515625
1773062493059911936,61.10067391395569,-0.835052490234375,-0.16632080078125,-0.4807586669921875
1773062493069967872,61.110729932785034,-0.801300048828125,-0.1803131103515625,-0.5555877685546875
1773062493080023040,61.12078499794006,-0.817626953125,-0.1709747314453125,-0.49102783203125
1773062493090078976,61.13084101676941,-0.80511474609375,-0.175018310546875,-0.6024169921875
1773062493100134144,61.14089608192444,-0.665740966796875,-0.14105224609375,-0.61163330078125
1773062493110190080,61.150952100753784,-0.6609954833984375,-0.1547698974609375,-0.4907684326171875
1773062493120244992,61.161006927490234,-0.747528076171875,-0.177032470703125,-0.434112548828125
1773062493130300928,61.17106294631958,-0.77862548828125,-0.1916961669921875,-0.4225616455078125
1773062493140356096,61.18111801147461,-0.7159576416015625,-0.15264892578125,-0.548797607421875
1773062493150412032,61.191174030303955,-0.6103668212890625,-0.18658447265625,-0.67327880859375
1773062493160467200,61.201229095458984,-0.5753631591796875,-0.207275390625,-0.7204132080078125
1773062493170523136,61.21128511428833,-0.57904052734375,-0.201873779296875,-0.638427734375
1773062493180578048,61.22133994102478,-0.570587158203125,-0.2031402587890625,-0.54962158203125
1773062493190633984,61.231395959854126,-0.5814971923828125,-0.204376220703125,-0.535675048828125
1773062493200689152,61.241451025009155,-0.6047210693359375,-0.248504638671875,-0.570709228515625
1773062493210745088,61.2515070438385,-0.563385009765625,-0.3167724609375,-0.709716796875
1773062493220800256,61.26156210899353,-0.489288330078125,-0.33966064453125,-0.740386962890625
1773062493230856192,61.271618127822876,-0.485321044921875,-0.2925262451171875,-0.7524261474609375
1773062493240911104,61.281672954559326,-0.4671478271484375,-0.2378387451171875,-0.795196533203125
1773062493250967040,61.29172897338867,-0.4114990234375,-0.2196044921875,-0.778564453125
1773062493261022208,61.3017840385437,-0.409576416015625,-0.23187255859375,-0.6925811767578125
1773062493271078144,61.31184005737305,-0.430755615234375,-0.2099151611328125,-0.6966400146484375
1773062493281133056,61.321895122528076,-0.4232025146484375,-0.2046966552734375,-0.6623077392578125
1773062493291187968,61.331949949264526,-0.410858154296875,-0.192413330078125,-0.6912078857421875
1773062493301243904,61.34200596809387,-0.3713226318359375,-0.137237548828125,-0.833648681640625
1773062493311299072,61.3520610332489,-0.3105621337890625,-0.16265869140625,-0.87738037109375
1773062493321355008,61.36211705207825,-0.2519989013671875,-0.19970703125,-0.9040069580078125
1773062493331410176,61.372172117233276,-0.226654052734375,-0.2111358642578125,-0.814727783203125
1773062493341466112,61.38222813606262,-0.2480010986328125,-0.2477874755859375,-0.746246337890625
1773062493351521024,61.39228296279907,-0.266021728515625,-0.248870849609375,-0.716217041015625
1773062493361576960,61.40233898162842,-0.2489013671875,-0.1693878173828125,-0.6933441162109375
1773062493371632128,61.41239404678345,-0.2365264892578125,-0.13226318359375,-0.7714691162109375
1773062493381688064,61.42245006561279,-0.206634521484375,-0.1857757568359375,-0.9224853515625
1773062493391743232,61.43250513076782,-0.1458892822265625,-0.2198944091796875,-1.015655517578125
1773062493401798912,61.44256091117859,-0.11029052734375,-0.2026824951171875,-0.95306396484375
1773062493411854080,61.45261597633362,-0.124053955078125,-0.2268829345703125,-0.878326416015625
1773062493421910016,61.462671995162964,-0.1383819580078125,-0.212799072265625,-0.832611083984375
1773062493431965184,61.47272706031799,-0.12847900390625,-0.15606689453125,-0.780120849609375
1773062493442021120,61.48278307914734,-0.1568756103515625,-0.1372528076171875,-0.76910400390625
1773062493452076032,61.49283790588379,-0.0848236083984375,-0.22808837890625,-0.89056396484375
1773062493462131968,61.502893924713135,-0.0189971923828125,-0.25994873046875,-1.1208038330078125
1773062493472187136,61.512948989868164,0.0579681396484375,-0.2240447998046875,-1.0615997314453125
1773062493482243072,61.52300500869751,0.0805816650390625,-0.2835540771484375,-1.055877685546875
1773062493492298240,61.53306007385254,0.08099365234375,-0.2254638671875,-0.9409637451171875
1773062493502354176,61.543116092681885,0.1472015380859375,-0.11724853515625,-0.80548095703125
1773062493512409088,61.553170919418335,0.044586181640625,-0.147735595703125,-0.79522705078125
1773062493522465024,61.56322693824768,0.0627288818359375,-0.198333740234375,-0.8989105224609375
1773062493532519936,61.57328200340271,0.1912841796875,-0.3241729736328125,-0.9718170166015625
1773062493542576128,61.583338022232056,0.252288818359375,-0.3323211669921875,-0.8870086669921875
1773062493552631040,61.593393087387085,0.3154296875,-0.179901123046875,-1.006103515625
1773062493562687232,61.60344910621643,0.356536865234375,-0.113983154296875,-1.04541015625
1773062493572741888,61.61350393295288,0.4011993408203125,-0.1190185546875,-0.84173583984375
1773062493582798080,61.62355995178223,0.40692138671875,-0.1101226806640625,-0.6934814453125
1773062493592852992,61.633615016937256,0.3539886474609375,-0.0652923583984375,-0.6865234375
1773062493602909184,61.6436710357666,0.3631591796875,-0.075653076171875,-0.75653076171875
1773062493612964096,61.65372610092163,0.417388916015625,-0.0628509521484375,-0.9832916259765625
1773062493623020288,61.66378211975098,0.5334625244140625,-0.0381317138671875,-1.1320648193359375
1773062493633074944,61.67383694648743,0.6370086669921875,-0.00860595703125,-0.9602813720703125
1773062493643131136,61.68389296531677,0.652587890625,-0.1059112548828125,-0.8219451904296875
1773062493653186048,61.6939480304718,0.589141845703125,-0.1851806640625,-0.6599273681640625
1773062493663241984,61.70400404930115,0.5430145263671875,-0.086639404296875,-0.5992889404296875
1773062493673297152,61.71405911445618,0.5231781005859375,-0.0022430419921875,-0.7855377197265625
1773062493683353088,61.72411513328552,0.6062469482421875,-0.0829620361328125,-0.9190673828125
1773062493693408000,61.73416996002197,0.7301177978515625,-0.122314453125,-1.040252685546875
1773062493703463936,61.74422597885132,0.7930450439453125,-0.067413330078125,-1.0103759765625
1773062493713519104,61.75428104400635,0.7769622802734375,-0.0596771240234375,-0.7881622314453125
1773062493723575040,61.76433706283569,0.7483978271484375,-0.166015625,-0.7254791259765625
1773062493733630208,61.77439212799072,0.73138427734375,-0.0911712646484375,-0.73883056640625
1773062493743685888,61.78444790840149,0.7822723388671875,0.031402587890625,-0.623870849609375
1773062493753741056,61.79450297355652,0.821868896484375,-0.01763916015625,-0.6949615478515625
1773062493763796992,61.804558992385864,0.7943267822265625,-0.127227783203125,-0.7822113037109375
1773062493773852160,61.814614057540894,0.8103790283203125,-0.119415283203125,-0.805999755859375
1773062493783908096,61.82467007637024,0.8556976318359375,-0.075927734375,-0.8231964111328125
1773062493793963264,61.83472514152527,0.87945556640625,-0.0447540283203125,-0.8005828857421875
1773062493804018944,61.844780921936035,0.9305877685546875,-0.00665283203125,-0.75115966796875
1773062493814074112,61.854835987091064,0.95245361328125,0.017822265625,-0.6339263916015625
1773062493824130816,61.86489272117615,0.9327545166015625,-0.0602569580078125,-0.5788421630859375
1773062493834185728,61.87494778633118,0.9080047607421875,-0.161590576171875,-0.642120361328125
1773062493844241920,61.88500380516052,0.889495849609375,-0.1039886474609375,-0.65380859375
1773062493854296832,61.89505887031555,0.904205322265625,-0.055755615234375,-0.6349029541015625
1773062493864353024,61.9051148891449,0.9898223876953125,-0.1092681884765625,-0.6552276611328125
1773062493874407680,61.91516971588135,1.0316009521484375,-0.074920654296875,-0.614410400390625
1773062493884463872,61.92522573471069,1.0435943603515625,-0.0543060302734375,-0.6249237060546875
1773062493894518784,61.93528079986572,1.061492919921875,-0.0768585205078125,-0.5983734130859375
1773062493904574976,61.94533681869507,1.0634002685546875,-0.0363006591796875,-0.47186279296875
1773062493914629888,61.9553918838501,1.064605712890625,-0.038177490234375,-0.4661407470703125
1773062493924685824,61.965447664260864,1.0574798583984375,-0.0574951171875,-0.532867431640625
1773062493934740736,61.975502729415894,1.0644073486328125,-0.005615234375,-0.538330078125
1773062493944796928,61.98555874824524,1.12164306640625,-0.0399017333984375,-0.575439453125
1773062493954851840,61.99561381340027,1.13714599609375,-0.1639862060546875,-0.5616607666015625
1773062493964907776,62.005669832229614,1.046356201171875,-0.1526641845703125,-0.40667724609375
1773062493974962688,62.015724658966064,1.0492095947265625,-0.128173828125,-0.3622283935546875
1773062493985018624,62.02578067779541,1.0491943359375,-0.1400909423828125,-0.3746337890625
1773062493995073792,62.03583574295044,1.069580078125,-0.0993499755859375,-0.3668975830078125
1773062494005129728,62.045891761779785,1.1096954345703125,-0.107147216796875,-0.379608154296875
1773062494015184896,62.055946826934814,1.1260833740234375,-0.132080078125,-0.38433837890625
1773062494025240832,62.06600284576416,1.1038055419921875,-0.154693603515625,-0.3830718994140625
1773062494035295744,62.07605767250061,1.0550079345703125,-0.14422607421875,-0.4009246826171875
1773062494045351680,62.086113691329956,0.9989471435546875,-0.130706787109375,-0.383392333984375
1773062494055406848,62.096168756484985,0.9404449462890625,-0.1462249755859375,-0.3548583984375
1773062494065462784,62.10622477531433,0.9205322265625,-0.098541259765625,-0.4001922607421875
1773062494075517952,62.11627984046936,0.912750244140625,-0.0351409912109375,-0.437164306640625
1773062494085573888,62.126335859298706,0.9260711669921875,-0.060516357421875,-0.430084228515625
1773062494095628800,62.136390686035156,0.9657440185546875,-0.07855224609375,-0.404296875
1773062494105684736,62.1464467048645,0.9698028564453125,-0.1035919189453125,-0.3807220458984375
1773062494115739904,62.15650177001953,0.9483642578125,-0.1115875244140625,-0.3739471435546875
1773062494125795840,62.16655778884888,0.941650390625,-0.099945068359375,-0.376190185546875
1773062494135851008,62.176612854003906,0.9356842041015625,-0.104827880859375,-0.37408447265625
1773062494145906944,62.18666887283325,0.9427032470703125,-0.11602783203125,-0.357086181640625
1773062494155961856,62.1967236995697,0.95574951171875,-0.09979248046875,-0.356414794921875
1773062494166017792,62.20677971839905,0.9543914794921875,-0.0937652587890625,-0.360260009765625
1773062494176072960,62.21683478355408,0.9429779052734375,-0.0939483642578125,-0.318084716796875
1773062494186128896,62.22689080238342,0.9511871337890625,-0.10260009765625,-0.293670654296875
1773062494196183808,62.23694586753845,0.9623565673828125,-0.1132659912109375,-0.275665283203125
1773062494206240000,62.2470018863678,0.97467041015625,-0.120147705078125,-0.2833251953125
1773062494216294656,62.25705671310425,0.97613525390625,-0.1258544921875,-0.317657470703125
1773062494226350848,62.267112731933594,0.95892333984375,-0.1368255615234375,-0.312225341796875
1773062494236405760,62.27716779708862,0.967132568359375,-0.1522674560546875,-0.29193115234375
1773062494246461952,62.28722381591797,0.98553466796875,-0.1486968994140625,-0.29412841796875
1773062494256516864,62.297278881073,1.022369384765625,-0.1378173828125,-0.308349609375
1773062494266571776,62.30733370780945,0.9627227783203125,-0.145050048828125,-0.2514190673828125
1773062494276627712,62.317389726638794,0.9436492919921875,-0.10833740234375,-0.2470703125
1773062494286682880,62.32744479179382,0.9509735107421875,-0.05780029296875,-0.2816619873046875
1773062494296738816,62.33750081062317,0.9592132568359375,-0.0772247314453125,-0.2944183349609375
1773062494306793984,62.3475558757782,0.9687652587890625,-0.1008758544921875,-0.2734375
1773062494316849664,62.357611656188965,0.9710693359375,-0.1071929931640625,-0.25775146484375
1773062494326904832,62.367666721343994,0.9502716064453125,-0.1121826171875,-0.259857177734375
1773062494336960768,62.37772274017334,0.9236907958984375,-0.0978546142578125,-0.28680419921875
1773062494347015936,62.38777780532837,0.904205322265625,-0.0577392578125,-0.2825775146484375
1773062494357071872,62.397833824157715,0.9041900634765625,-0.0350189208984375,-0.2945404052734375
1773062494367127040,62.407888889312744,0.9131927490234375,-0.0359954833984375,-0.3108367919921875
1773062494377182720,62.41794466972351,0.9391021728515625,-0.0668182373046875,-0.298248291015625
1773062494387237888,62.42799973487854,0.95867919921875,-0.098968505859375,-0.273834228515625
1773062494397293824,62.438055753707886,0.968109130859375,-0.094329833984375,-0.258941650390625
1773062494407348992,62.448110818862915,0.9592132568359375,-0.08892822265625,-0.25384521484375
1773062494417404928,62.45816683769226,0.9442138671875,-0.08544921875,-0.242095947265625
1773062494427459840,62.46822166442871,0.931060791015625,-0.088043212890625,-0.238677978515625
1773062494437515776,62.47827768325806,0.940673828125,-0.0745697021484375,-0.2592010498046875
1773062494447570688,62.488332748413086,0.955078125,-0.05621337890625,-0.297760009765625
1773062494457626880,62.49838876724243,0.96197509765625,-0.08453369140625,-0.2964324951171875
1773062494467681792,62.50844383239746,0.979217529296875,-0.1277008056640625,-0.244720458984375
1773062494477737984,62.51849985122681,1.0050506591796875,-0.127410888671875,-0.22039794921875
1773062494487792640,62.52855467796326,1.0017242431640625,-0.0996551513671875,-0.1920166015625
1773062494497848832,62.5386106967926,0.98468017578125,-0.0464324951171875,-0.1693267822265625
1773062494507903744,62.54866576194763,0.986083984375,-0.0286865234375,-0.2186431884765625
1773062494517959936,62.55872178077698,0.9886474609375,-0.073822021484375,-0.2906646728515625
1773062494528014848,62.56877684593201,0.9821014404296875,-0.134765625,-0.273529052734375
1773062494538071040,62.57883286476135,0.990203857421875,-0.17987060546875,-0.2074432373046875
1773062494548125696,62.5888876914978,1.005157470703125,-0.1802825927734375,-0.2066802978515625
1773062494558181888,62.59894371032715,0.9921722412109375,-0.152740478515625,-0.227081298828125
1773062494568236800,62.60899877548218,0.9900970458984375,-0.1368255615234375,-0.26409912109375
1773062494578292736,62.61905479431152,1.013397216796875,-0.111968994140625,-0.323333740234375
1773062494588347904,62.62910985946655,1.0182037353515625,-0.1399993896484375,-0.36981201171875
1773062494598403840,62.6391658782959,0.983001708984375,-0.2266387939453125,-0.3573760986328125
1773062494608458752,62.64922070503235,0.952789306640625,-0.2617034912109375,-0.270599365234375
1773062494618514688,62.659276723861694,0.98419189453125,-0.145660400390625,-0.205352783203125
1773062494628569856,62.669331789016724,1.0184783935546875,-0.080718994140625,-0.205535888671875
1773062494638625792,62.67938780784607,0.9946746826171875,-0.1992950439453125,-0.3008575439453125
1773062494648680960,62.6894428730011,0.9798126220703125,-0.274810791015625,-0.4054107666015625
1773062494658736896,62.699498891830444,1.031890869140625,-0.1529083251953125,-0.427520751953125
1773062494668791808,62.709553718566895,1.056732177734375,-0.1021881103515625,-0.3929595947265625
1773062494678847744,62.71960973739624,1.0676422119140625,-0.103790283203125,-0.38671875
1773062494688902912,62.72966480255127,1.0894317626953125,-0.0252227783203125,-0.4153594970703125
1773062494698958848,62.739720821380615,1.0826263427734375,-0.0489501953125,-0.339813232421875
1773062494709014016,62.749775886535645,1.074920654296875,-0.1511077880859375,-0.25567626953125
1773062494719069696,62.75983166694641,1.0670318603515625,-0.1206512451171875,-0.378875732421875
1773062494729124864,62.76988673210144,1.054412841796875,-0.167083740234375,-0.5852203369140625
1773062494739180800,62.779942750930786,1.0612335205078125,-0.219451904296875,-0.649871826171875
1773062494749235968,62.789997816085815,1.1091156005859375,-0.1804962158203125,-0.6050872802734375
1773062494759291904,62.80005383491516,1.1188507080078125,-0.054229736328125,-0.6202850341796875
1773062494769346816,62.81010866165161,1.0879058837890625,0.042755126953125,-0.5760345458984375
1773062494779402752,62.82016468048096,1.029937744140625,-0.064178466796875,-0.4246063232421875
1773062494789457920,62.830219745635986,1.0039825439453125,-0.13726806640625,-0.3995819091796875
1773062494799513856,62.84027576446533,1.0014801025390625,-0.1319122314453125,-0.52703857421875
1773062494809568768,62.85033082962036,1.034576416015625,-0.0631103515625,-0.66253662109375
1773062494819624960,62.86038684844971,1.0740509033203125,-0.0883026123046875,-0.73638916015625
1773062494829679616,62.87044143676758,1.0675506591796875,-0.1781768798828125,-0.718475341796875
1773062494839735552,62.880497455596924,1.03192138671875,-0.2198333740234375,-0.682586669921875
1773062494849790208,62.890552282333374,0.9947357177734375,-0.039642333984375,-0.6866302490234375
1773062494859846400,62.90060830116272,0.986328125,0.0101470947265625,-0.6521148681640625
1773062494869901312,62.91066336631775,0.9614410400390625,-0.071136474609375,-0.6397247314453125
1773062494879957504,62.920719385147095,0.952728271484375,-0.005126953125,-0.633087158203125
1773062494890012416,62.930774450302124,0.9674835205078125,-0.06646728515625,-0.7274169921875
1773062494900068608,62.94083046913147,0.9295196533203125,-0.14373779296875,-0.852630615234375
1773062494910123264,62.95088529586792,0.854339599609375,-0.2061004638671875,-0.8909454345703125
1773062494920179456,62.960941314697266,0.8302154541015625,-0.2456207275390625,-0.8536224365234375
1773062494930234368,62.970996379852295,0.8605499267578125,-0.133575439453125,-0.780731201171875
1773062494940290560,62.98105239868164,0.917694091796875,-0.108184814453125,-0.8060455322265625
1773062494950345472,62.99110746383667,0.922393798828125,-0.144195556640625,-0.7847137451171875
1773062494960401408,63.001163482666016,0.8785858154296875,-0.0253143310546875,-0.7046661376953125
1773062494970456320,63.011218309402466,0.8129119873046875,-0.024505615234375,-0.728668212890625
1773062494980512256,63.02127432823181,0.7531280517578125,-0.111419677734375,-0.7738037109375
1773062494990567424,63.03132939338684,0.719268798828125,-0.1591339111328125,-0.725067138671875
1773062495000623360,63.04138541221619,0.739715576171875,-0.192138671875,-0.7812652587890625
1773062495010678528,63.051440477371216,0.7522735595703125,-0.1274566650390625,-0.85589599609375
1773062495020734464,63.06149649620056,0.7520599365234375,-0.098114013671875,-0.830169677734375
1773062495030789376,63.07155132293701,0.803802490234375,-0.1906890869140625,-0.8340911865234375
1773062495040845312,63.08160734176636,0.7882232666015625,-0.2006988525390625,-0.821624755859375
1773062495050900480,63.09166240692139,0.7435302734375,-0.135833740234375,-0.78594970703125
1773062495060956416,63.10171842575073,0.6928253173828125,-0.0778350830078125,-0.7559814453125
1773062495071011584,63.11177349090576,0.631591796875,-0.0355682373046875,-0.8111114501953125
1773062495081067520,63.12182950973511,0.5712432861328125,-0.109466552734375,-0.86053466796875
1773062495091122432,63.13188433647156,0.533782958984375,-0.1756134033203125,-0.86004638671875
1773062495101178368,63.1419403553009,0.5293121337890625,-0.209197998046875,-0.8672637939453125
1773062495111233536,63.15199542045593,0.52581787109375,-0.2093505859375,-0.8732757568359375
1773062495121289472,63.16205143928528,0.511627197265625,-0.1817474365234375,-0.8990020751953125
1773062495131344640,63.17210650444031,0.4770050048828125,-0.099365234375,-0.891326904296875
1773062495141400320,63.182162284851074,0.4343414306640625,-0.079803466796875,-0.817474365234375
1773062495151455488,63.1922173500061,0.3865814208984375,-0.1329803466796875,-0.7621002197265625
1773062495161511424,63.20227336883545,0.3286285400390625,-0.1739044189453125,-0.767578125
1773062495171566592,63.21232843399048,0.2506256103515625,-0.1841583251953125,-0.821624755859375
1773062495181622528,63.222384452819824,0.2054443359375,-0.2137603759765625,-0.890594482421875
1773062495191677696,63.23243951797485,0.1850128173828125,-0.1864471435546875,-0.9060821533203125
1773062495201733376,63.24249529838562,0.1924285888671875,-0.14306640625,-0.8477935791015625
1773062495211788288,63.25255036354065,0.1790618896484375,-0.1422576904296875,-0.8184967041015625
1773062495221844480,63.262606382369995,0.13140869140625,-0.178436279296875,-0.8193359375
1773062495231899392,63.272661447525024,0.0813446044921875,-0.2382659912109375,-0.826629638671875
1773062495241955584,63.28271746635437,0.0557098388671875,-0.22772216796875,-0.8057861328125
1773062495252010240,63.29277229309082,0.0257415771484375,-0.2400970458984375,-0.816986083984375
1773062495262066432,63.302828311920166,-0.04638671875,-0.2604217529296875,-0.8070526123046875
1773062495272121344,63.312883377075195,-0.0815887451171875,-0.20184326171875,-0.867645263671875
1773062495282177536,63.32293939590454,-0.080902099609375,-0.2115020751953125,-0.8897705078125
1773062495292232448,63.33299446105957,-0.046295166015625,-0.2908172607421875,-0.8328094482421875
1773062495302288640,63.343050479888916,-0.049041748046875,-0.3191375732421875,-0.8191986083984375
1773062495312343296,63.353105306625366,-0.1205596923828125,-0.412109375,-0.7776031494140625
1773062495322399488,63.36316132545471,-0.152740478515625,-0.4201202392578125,-0.6960601806640625
1773062495332454400,63.37321639060974,-0.1873626708984375,-0.3058319091796875,-0.747833251953125
1773062495342510336,63.38327240943909,-0.208984375,-0.309173583984375,-0.7616119384765625
1773062495352565504,63.393327474594116,-0.2342681884765625,-0.3101959228515625,-0.6910400390625
1773062495362621440,63.40338349342346,-0.2907867431640625,-0.2828521728515625,-0.753692626953125
1773062495372676352,63.41343832015991,-0.2970428466796875,-0.2978668212890625,-0.7911376953125
1773062495382732288,63.42349433898926,-0.2592620849609375,-0.3444976806640625,-0.841949462890625
1773062495392787456,63.43354940414429,-0.2504119873046875,-0.3719329833984375,-0.7894134521484375
1773062495402843392,63.44360542297363,-0.29937744140625,-0.41229248046875,-0.6015472412109375
1773062495412898560,63.45366048812866,-0.36572265625,-0.431640625,-0.501556396484375
1773062495422953472,63.46371531486511,-0.4175262451171875,-0.3693695068359375,-0.6220550537109375
1773062495433009408,63.47377133369446,-0.43658447265625,-0.31268310546875,-0.7606048583984375
1773062495443064576,63.48382639884949,-0.4183349609375,-0.29278564453125,-0.7015380859375
1773062495453120512,63.49388241767883,-0.44189453125,-0.33270263671875,-0.68011474609375
1773062495463176448,63.50393843650818,-0.5239105224609375,-0.328765869140625,-0.6521148681640625
1773062495473231616,63.51399350166321,-0.4982757568359375,-0.320709228515625,-0.66815185546875
1773062495483286272,63.52404832839966,-0.507110595703125,-0.2774658203125,-0.650390625
1773062495493342464,63.534104347229004,-0.5365447998046875,-0.2833099365234375,-0.5955352783203125
1773062495503397376,63.54415941238403,-0.606719970703125,-0.3088531494140625,-0.56103515625
1773062495513453568,63.55421543121338,-0.6421356201171875,-0.29443359375,-0.545257568359375
1773062495523508480,63.56427049636841,-0.6237335205078125,-0.2294921875,-0.56304931640625
1773062495533564672,63.574326515197754,-0.6275177001953125,-0.2066650390625,-0.633453369140625
1773062495543619328,63.584381341934204,-0.6482086181640625,-0.2427825927734375,-0.633453369140625
1773062495553675520,63.59443736076355,-0.6524658203125,-0.2870941162109375,-0.5640716552734375
1773062495563730432,63.60449242591858,-0.6741485595703125,-0.3144989013671875,-0.508453369140625
1773062495573786624,63.614548444747925,-0.7012786865234375,-0.3340606689453125,-0.522979736328125
1773062495583841536,63.624603509902954,-0.6914215087890625,-0.3072052001953125,-0.539306640625
1773062495593897216,63.63465929031372,-0.691009521484375,-0.3064727783203125,-0.501312255859375
1773062495603952384,63.64471435546875,-0.72760009765625,-0.265899658203125,-0.454376220703125
1773062495614008320,63.654770374298096,-0.7290802001953125,-0.2491912841796875,-0.48272705078125
1773062495624063488,63.664825439453125,-0.731109619140625,-0.242950439453125,-0.49322509765625
1773062495634119424,63.67488145828247,-0.7481689453125,-0.2489166259765625,-0.4735260009765625
1773062495644174336,63.68493628501892,-0.7600250244140625,-0.28277587890625,-0.422515869140625
1773062495654230272,63.69499230384827,-0.7616729736328125,-0.2687835693359375,-0.408416748046875
1773062495664285440,63.705047369003296,-0.756439208984375,-0.2377166748046875,-0.3775177001953125
1773062495674341376,63.71510338783264,-0.757171630859375,-0.1969757080078125,-0.4019775390625
1773062495684396544,63.72515845298767,-0.7530364990234375,-0.1778564453125,-0.399444580078125
1773062495694452480,63.73521447181702,-0.7727203369140625,-0.1771392822265625,-0.31927490234375
1773062495704507392,63.74526929855347,-0.811248779296875,-0.1907806396484375,-0.3046112060546875
1773062495714563328,63.75532531738281,-0.83538818359375,-0.210418701171875,-0.3490753173828125
1773062495724618496,63.76538038253784,-0.81561279296875,-0.2149505615234375,-0.3256378173828125
1773062495734674432,63.77543640136719,-0.8206634521484375,-0.1563262939453125,-0.2475128173828125
1773062495744729600,63.78549146652222,-0.8554229736328125,-0.143646240234375,-0.1881256103515625
1773062495754785536,63.79554748535156,-0.88873291015625,-0.1325836181640625,-0.1796722412109375
1773062495764840448,63.80560231208801,-0.872283935546875,-0.112640380859375,-0.23529052734375
1773062495774896384,63.81565833091736,-0.820953369140625,-0.114166259765625,-0.28271484375
1773062495784951552,63.82571339607239,-0.7918243408203125,-0.115997314453125,-0.2577056884765625
1773062495795007488,63.83576941490173,-0.8421173095703125,-0.1696014404296875,-0.1880950927734375
1773062495805062656,63.84582448005676,-0.9194793701171875,-0.1621551513671875,-0.160430908203125
1773062495815118592,63.85588049888611,-0.905731201171875,-0.1226806640625,-0.13409423828125
1773062495825172736,63.86593461036682,-0.9114532470703125,-0.086883544921875,-0.1622772216796875
1773062495835228672,63.87599062919617,-0.9274444580078125,-0.033905029296875,-0.169769287109375
1773062495845283584,63.88604545593262,-0.9269256591796875,-0.022857666015625,-0.2093505859375
1773062495855339520,63.89610147476196,-0.91552734375,-0.0770721435546875,-0.1286773681640625
1773062495865394688,63.90615653991699,-0.94775390625,-0.1309967041015625,-0.058807373046875
1773062495875450624,63.91621255874634,-0.974456787109375,-0.145172119140625,-0.0588226318359375
1773062495885505792,63.92626762390137,-0.9937744140625,-0.1299591064453125,-0.0494537353515625
1773062495895561728,63.93632364273071,-1.01434326171875,-0.090087890625,-0.0506134033203125
1773062495905616640,63.94637846946716,-0.9994354248046875,-0.03594970703125,-0.10443115234375
1773062495915672576,63.95643448829651,-1.033721923828125,-0.003875732421875,-0.0540008544921875
1773062495925727488,63.96648955345154,-1.06512451171875,0.0234375,-0.0548248291015625
1773062495935783680,63.976545572280884,-1.029571533203125,0.02630615234375,-0.080780029296875
1773062495945838592,63.98660063743591,-1.03021240234375,-0.0006561279296875,-0.1207427978515625
1773062495955894528,63.99665641784668,-1.0111236572265625,-0.0204315185546875,-0.177032470703125
1773062495965949440,64.00671148300171,-0.97076416015625,-0.051513671875,-0.199981689453125
1773062495976005632,64.01676750183105,-0.985260009765625,-0.065093994140625,-0.1086578369140625
1773062495986060544,64.02682256698608,-1.01336669921875,-0.0361175537109375,-0.1119384765625
1773062495996116736,64.03687858581543,-1.0536651611328125,0.009490966796875,-0.1018829345703125
1773062496006171392,64.04693341255188,-1.0854339599609375,0.002685546875,-0.0234222412109375
1773062496016227584,64.05698943138123,-1.088958740234375,-0.0498199462890625,0.0177001953125
1773062496026282496,64.06704449653625,-1.1053466796875,-0.051544189453125,0.03289794921875
1773062496036338688,64.0771005153656,-1.1119384765625,0.0205078125,0.003204345703125
1773062496046393600,64.08715558052063,-1.10186767578125,0.0800933837890625,-0.0543212890625
1773062496056449536,64.09721159934998,-1.0554351806640625,0.068572998046875,-0.0300140380859375
1773062496066504448,64.10726642608643,-1.0613250732421875,0.00506591796875,-0.00323486328125
1773062496076560384,64.11732244491577,-1.0669708251953125,-0.024078369140625,-0.001922607421875
1773062496086615552,64.1273775100708,-1.0601959228515625,-0.043548583984375,0.0233306884765625
1773062496096671488,64.13743352890015,-1.0701751708984375,-0.0161590576171875,0.0330352783203125
1773062496106726656,64.14748859405518,-1.06134033203125,0.0123138427734375,0.015380859375
1773062496116782592,64.15754461288452,-1.0273590087890625,0.0164031982421875,0.0049591064453125
1773062496126837504,64.16759943962097,-1.0105743408203125,0.019866943359375,0.039337158203125
1773062496136893440,64.17765545845032,-1.0132293701171875,0.00360107421875,0.047210693359375
1773062496146948608,64.18771052360535,-1.001190185546875,0.0005035400390625,0.039154052734375
1773062496157004544,64.19776654243469,-0.9932098388671875,0.01361083984375,0.0388641357421875
1773062496167059712,64.20782160758972,-0.9893951416015625,0.04754638671875,0.040313720703125
1773062496177115648,64.21787762641907,-0.9899139404296875,0.0592041015625,0.0382537841796875
1773062496187170560,64.22793245315552,-0.978363037109375,0.0479583740234375,0.0267486572265625
1773062496197226496,64.23798847198486,-0.9603424072265625,0.0383148193359375,0.004638671875
1773062496207281664,64.24804353713989,-0.9435882568359375,0.0216827392578125,0.020233154296875
1773062496217337600,64.25809955596924,-0.9571685791015625,0.013671875,0.05133056640625
1773062496227392768,64.26815462112427,-0.978485107421875,0.0387420654296875,0.0571746826171875
1773062496237448704,64.27821063995361,-0.980010986328125,0.0510406494140625,0.038787841796875
1773062496247503616,64.28826546669006,-0.970916748046875,0.03387451171875,0.010467529296875
1773062496257559552,64.29832148551941,-0.9514923095703125,0.021240234375,-0.0064239501953125
1773062496267614720,64.30837655067444,-0.952301025390625,0.010467529296875,-0.007537841796875
1773062496277670656,64.31843256950378,-0.9651031494140625,0.014190673828125,-0.03009033203125
1773062496287725568,64.32848763465881,-0.962188720703125,0.023284912109375,-0.03814697265625
1773062496297781504,64.33854341506958,-0.9513397216796875,0.02581787109375,-0.031280517578125
1773062496307836416,64.34859848022461,-0.95648193359375,0.0266265869140625,-0.03265380859375
1773062496317892608,64.35865449905396,-0.9626922607421875,0.012603759765625,-0.0344390869140625
1773062496327947520,64.36870956420898,-0.961944580078125,-0.023101806640625,-0.0366058349609375
1773062496338003712,64.37876558303833,-0.952667236328125,-0.0344390869140625,-0.0697479248046875
1773062496348058368,64.38882040977478,-0.9315643310546875,-0.023345947265625,-0.0826873779296875
1773062496358114560,64.39887642860413,-0.94610595703125,-0.0224151611328125,-0.088226318359375
1773062496368169472,64.40893149375916,-0.9639434814453125,-0.0193328857421875,-0.1000213623046875
1773062496378225664,64.4189875125885,-0.96026611328125,-0.0173797607421875,-0.117584228515625
1773062496388280576,64.42904257774353,-0.9454193115234375,-0.0112457275390625,-0.142364501953125
1773062496398336768,64.43909859657288,-0.943359375,-0.0176239013671875,-0.1602783203125
1773062496408391424,64.44915342330933,-0.936920166015625,-0.0368804931640625,-0.1696624755859375
1773062496418447616,64.45920944213867,-0.934234619140625,-0.0456390380859375,-0.1786041259765625
1773062496428502528,64.4692645072937,-0.9295806884765625,-0.026336669921875,-0.1847381591796875
1773062496438558464,64.47932052612305,-0.9302215576171875,-0.0069580078125,-0.1917877197265625
1773062496448613632,64.48937559127808,-0.9357452392578125,-0.01483154296875,-0.23516845703125
1773062496458669568,64.49943161010742,-0.9201812744140625,-0.01910400390625,-0.250091552734375
1773062496468724480,64.50948643684387,-0.905914306640625,-0.0300750732421875,-0.2596893310546875
1773062496478780416,64.51954245567322,-0.8997650146484375,-0.0428314208984375,-0.2839508056640625
1773062496488835584,64.52959752082825,-0.8955841064453125,-0.05914306640625,-0.31304931640625
1773062496498891520,64.53965353965759,-0.879974365234375,-0.04205322265625,-0.356475830078125
1773062496508946688,64.54970860481262,-0.853515625,-0.016754150390625,-0.3828887939453125
1773062496519002624,64.55976462364197,-0.8431396484375,-0.0160369873046875,-0.4129791259765625
1773062496529057536,64.56981945037842,-0.848724365234375,-0.0435638427734375,-0.438720703125
1773062496539113472,64.57987546920776,-0.8473052978515625,-0.0798492431640625,-0.4755096435546875
1773062496549168640,64.5899305343628,-0.8428192138671875,-0.087188720703125,-0.4998931884765625
1773062496559224576,64.59998655319214,-0.8638153076171875,-0.075927734375,-0.5253143310546875
1773062496569279744,64.61004161834717,-0.8863067626953125,-0.04486083984375,-0.4528350830078125
1773062496579335680,64.62009763717651,-0.9069671630859375,0.026947021484375,-0.40380859375
1773062496589390592,64.63015246391296,-0.8713226318359375,0.0135650634765625,-0.266815185546875
1773062496599445504,64.640207529068,-0.8286895751953125,-0.1217193603515625,-0.3423004150390625
1773062496609501696,64.65026354789734,-0.7802734375,-0.2093048095703125,-0.44647216796875
1773062496619556608,64.66031861305237,-0.7503814697265625,-0.2043609619140625,-0.512420654296875
1773062496629612800,64.67037463188171,-0.764190673828125,-0.1604461669921875,-0.4483642578125
1773062496639667456,64.68042945861816,-0.7909393310546875,-0.100982666015625,-0.349517822265625
1773062496649723648,64.69048547744751,-0.8072509765625,-0.0764923095703125,-0.35699462890625
1773062496659778560,64.70054054260254,-0.74212646484375,-0.069854736328125,-0.426910400390625
1773062496669834496,64.71059656143188,-0.658538818359375,-0.101806640625,-0.551971435546875
1773062496679889664,64.72065162658691,-0.63299560546875,-0.139495849609375,-0.66033935546875
1773062496689945344,64.73070740699768,-0.629425048828125,-0.153045654296875,-0.54522705078125
1773062496700000512,64.74076247215271,-0.6529388427734375,-0.1632232666015625,-0.4283447265625
1773062496710056448,64.75081849098206,-0.6384735107421875,-0.105560302734375,-0.4461212158203125
1773062496720111616,64.76087355613708,-0.6394195556640625,-0.0852813720703125,-0.4712982177734375
1773062496730167552,64.77092957496643,-0.640899658203125,-0.11737060546875,-0.5090789794921875
1773062496740222720,64.78098464012146,-0.6342620849609375,-0.1105804443359375,-0.5599822998046875
1773062496750278400,64.79104042053223,-0.603118896484375,-0.1316375732421875,-0.691375732421875
1773062496760333568,64.80109548568726,-0.5522003173828125,-0.1646575927734375,-0.802337646484375
1773062496770389504,64.8111515045166,-0.50531005859375,-0.1732330322265625,-0.7482757568359375
1773062496780444672,64.82120656967163,-0.510650634765625,-0.2279815673828125,-0.627838134765625
1773062496790500608,64.83126258850098,-0.5492401123046875,-0.261962890625,-0.5720977783203125
1773062496800555520,64.84131741523743,-0.5796966552734375,-0.2433929443359375,-0.60675048828125
1773062496810611456,64.85137343406677,-0.5689239501953125,-0.17352294921875,-0.708251953125
1773062496820666624,64.8614284992218,-0.524017333984375,-0.18145751953125,-0.8495330810546875
1773062496830723584,64.87148547172546,-0.468841552734375,-0.250946044921875,-0.8582916259765625
1773062496840778496,64.8815405368805,-0.4334716796875,-0.269989013671875,-0.80487060546875
1773062496850834688,64.89159655570984,-0.3940887451171875,-0.24188232421875,-0.72442626953125
1773062496860889600,64.90165162086487,-0.3939056396484375,-0.2247161865234375,-0.7209320068359375
1773062496870945792,64.91170763969421,-0.4044189453125,-0.2427520751953125,-0.7286834716796875
1773062496881000448,64.92176246643066,-0.3759613037109375,-0.1807098388671875,-0.7594757080078125
1773062496891056640,64.93181848526001,-0.3341217041015625,-0.15557861328125,-0.8269195556640625
1773062496901111552,64.94187355041504,-0.2738494873046875,-0.2327117919921875,-0.885406494140625
1773062496911167744,64.95192956924438,-0.1971282958984375,-0.2629547119140625,-0.8935394287109375
1773062496921222656,64.96198463439941,-0.1621856689453125,-0.19482421875,-0.9072418212890625
1773062496931278592,64.97204041481018,-0.19232177734375,-0.158905029296875,-0.849212646484375
1773062496941333504,64.98209547996521,-0.2538909912109375,-0.150177001953125,-0.7371063232421875
1773062496951389440,64.99215149879456,-0.2570953369140625,-0.1724700927734375,-0.804901123046875
1773062496961444608,65.00220656394958,-0.1881256103515625,-0.1649169921875,-0.827545166015625
1773062496971500544,65.01226258277893,-0.069305419921875,-0.157318115234375,-0.9969635009765625
1773062496981555456,65.02231740951538,0.003875732421875,-0.1545257568359375,-1.1331634521484375
1773062496991611392,65.03237342834473,0.063720703125,-0.13653564453125,-1.05828857421875
1773062497001666560,65.04242849349976,0.065887451171875,-0.142608642578125,-1.041107177734375
1773062497011722496,65.0524845123291,0.11505126953125,-0.1377410888671875,-0.9272308349609375
1773062497021777664,65.06253957748413,0.1038360595703125,-0.214813232421875,-0.8521881103515625
1773062497031833600,65.07259559631348,0.04876708984375,-0.1940765380859375,-0.7818450927734375
1773062497041888512,65.08265042304993,0.0191650390625,-0.0962677001953125,-0.834442138671875
1773062497051944448,65.09270644187927,0.0314788818359375,-0.1166839599609375,-0.9947662353515625
1773062497061999616,65.1027615070343,0.2209930419921875,-0.0081634521484375,-1.12261962890625
1773062497072055552,65.11281752586365,0.296539306640625,-0.034820556640625,-1.1942138671875
1773062497082110720,65.12287259101868,0.287017822265625,-0.1757659912109375,-0.960418701171875
1773062497092166656,65.13292860984802,0.3524322509765625,-0.2380218505859375,-0.7569580078125
1773062497102221568,65.14298343658447,0.34747314453125,-0.2454986572265625,-0.70526123046875
1773062497112277504,65.15303945541382,0.3048248291015625,-0.1873931884765625,-0.833831787109375
1773062497122332672,65.16309452056885,0.2455902099609375,-0.0877227783203125,-0.8640289306640625
1773062497132388608,65.1731505393982,0.290802001953125,-0.0280914306640625,-0.93255615234375
1773062497142443776,65.18320560455322,0.4053802490234375,0.0216827392578125,-1.2368927001953125
1773062497152499712,65.19326162338257,0.5067596435546875,0.0718231201171875,-1.216217041015625
1773062497162554624,65.20331645011902,0.576171875,-0.0119476318359375,-0.871337890625
1773062497172610560,65.21337246894836,0.560089111328125,-0.150146484375,-0.7065582275390625
1773062497182665472,65.2234275341034,0.5168914794921875,-0.262420654296875,-0.7403717041015625
1773062497192721664,65.23348355293274,0.4607696533203125,-0.1942291259765625,-0.797149658203125
1773062497202776576,65.24353861808777,0.450469970703125,-0.06884765625,-0.8743133544921875
1773062497212832768,65.25359463691711,0.5325469970703125,-0.012603759765625,-1.0555267333984375
1773062497222887424,65.26364946365356,0.623321533203125,0.008056640625,-1.1524810791015625
1773062497232943616,65.27370548248291,0.6585693359375,-0.0511627197265625,-0.9042816162109375
1773062497242998528,65.28376054763794,0.658782958984375,-0.1519317626953125,-0.8739776611328125
1773062497253054720,65.29381656646729,0.6755828857421875,-0.126007080078125,-0.9131011962890625
1773062497263109632,65.30387163162231,0.6870269775390625,-0.060028076171875,-0.7747650146484375
1773062497273165568,65.31392741203308,0.629425048828125,-0.1078338623046875,-0.8223876953125
1773062497283220480,65.32398247718811,0.6666717529296875,-0.0586090087890625,-0.96295166015625
1773062497293276672,65.33403849601746,0.7420654296875,0.018310546875,-0.899688720703125
1773062497303331584,65.34409356117249,0.75238037109375,0.0061492919921875,-0.838348388671875
1773062497313387520,65.35414958000183,0.77984619140625,-0.010589599609375,-0.947845458984375
1773062497323442432,65.36420440673828,0.812225341796875,0.014892578125,-0.9304351806640625
1773062497333498368,65.37426042556763,0.807159423828125,-0.0107421875,-0.7607574462890625
1773062497343553536,65.38431549072266,0.7489776611328125,-0.0699310302734375,-0.7191314697265625
1773062497353609472,65.394371509552,0.7181243896484375,-0.0793304443359375,-0.7883148193359375
1773062497363664640,65.40442657470703,0.7622528076171875,-0.01300048828125,-0.7955780029296875
1773062497373720576,65.41448259353638,0.7843475341796875,-0.0211029052734375,-0.7625579833984375
1773062497383775488,65.42453742027283,0.8220367431640625,-0.06292724609375,-0.89447021484375
1773062497393831424,65.43459343910217,0.8729248046875,-0.0301971435546875,-0.9136505126953125
1773062497403886592,65.4446485042572,0.897247314453125,-0.040130615234375,-0.7371673583984375
1773062497413942528,65.45470452308655,0.873260498046875,-0.0463714599609375,-0.595367431640625
1773062497423997696,65.46475958824158,0.80712890625,-0.0551605224609375,-0.547149658203125
1773062497434053632,65.47481560707092,0.7826690673828125,-0.02655029296875,-0.6245574951171875
1773062497444108544,65.48487043380737,0.807861328125,0.0250701904296875,-0.7141265869140625
1773062497454164480,65.49492645263672,0.8521575927734375,0.009857177734375,-0.7609710693359375
1773062497464219648,65.50498151779175,0.9205474853515625,-0.030517578125,-0.7479400634765625
1773062497474275584,65.5150375366211,0.951171875,-0.0804290771484375,-0.6669464111328125
1773062497484330752,65.52509260177612,0.955780029296875,-0.13604736328125,-0.65142822265625
1773062497494386688,65.53514862060547,0.9467010498046875,-0.112335205078125,-0.5997314453125
1773062497504441600,65.54520344734192,0.9395751953125,-0.075408935546875,-0.5556488037109375
1773062497514497536,65.55525946617126,0.9445648193359375,-0.0672607421875,-0.5750885009765625
1773062497524552704,65.5653145313263,0.9323577880859375,-0.0524749755859375,-0.5755157470703125
1773062497534608640,65.57537055015564,0.9334564208984375,-0.0435638427734375,-0.5642852783203125
1773062497544663552,65.58542561531067,0.9240570068359375,-0.073455810546875,-0.528839111328125
1773062497554719744,65.59548163414001,0.9256591796875,-0.0723419189453125,-0.498138427734375
1773062497564774400,65.60553646087646,0.94476318359375,-0.0126190185546875,-0.4929046630859375
1773062497574830592,65.61559247970581,0.9803924560546875,-0.0056610107421875,-0.47796630859375
1773062497584885504,65.62564754486084,1.004119873046875,-0.04986572265625,-0.443817138671875
1773062497594941696,65.63570356369019,1.003143310546875,-0.0936737060546875,-0.4447021484375
1773062497604996608,65.64575862884521,0.9951324462890625,-0.09344482421875,-0.45263671875
1773062497615052544,65.65581440925598,0.9846343994140625,-0.0870208740234375,-0.456573486328125
1773062497625107456,65.66586947441101,0.973297119140625,-0.105499267578125,-0.4423370361328125
1773062497635163648,65.67592549324036,0.9524383544921875,-0.119384765625,-0.4380950927734375
1773062497645218560,65.68598055839539,0.9315948486328125,-0.111785888671875,-0.4231719970703125
1773062497655274752,65.69603657722473,0.9407501220703125,-0.0997772216796875,-0.4005126953125
1773062497665329664,65.70609164237976,0.965850830078125,-0.09149169921875,-0.3937225341796875
1773062497675385600,65.71614742279053,0.982635498046875,-0.0826873779296875,-0.3868865966796875
1773062497685440512,65.72620248794556,0.9905242919921875,-0.0775909423828125,-0.384185791015625
1773062497695496448,65.7362585067749,0.979522705078125,-0.082763671875,-0.3693084716796875
1773062497705551616,65.74631357192993,0.96343994140625,-0.115936279296875,-0.332366943359375
1773062497715607552,65.75636959075928,0.9496002197265625,-0.1211700439453125,-0.34124755859375
1773062497725662464,65.76642441749573,0.9452667236328125,-0.075897216796875,-0.374481201171875
1773062497735718400,65.77648043632507,0.956451416015625,-0.0684661865234375,-0.38043212890625
1773062497745773568,65.7865355014801,0.96978759765625,-0.0794830322265625,-0.3733978271484375
1773062497755829504,65.79659152030945,0.970977783203125,-0.0885772705078125,-0.372161865234375
1773062497765884672,65.80664658546448,0.958984375,-0.0997772216796875,-0.358428955078125
1773062497775940608,65.81670260429382,0.933990478515625,-0.1089324951171875,-0.3470458984375
1773062497785995520,65.82675743103027,0.9182281494140625,-0.0847930908203125,-0.3635406494140625
1773062497796051456,65.83681344985962,0.9203643798828125,-0.066375732421875,-0.37457275390625
1773062497806106624,65.84686851501465,0.9316253662109375,-0.060394287109375,-0.3838653564453125
1773062497816162560,65.856924533844,0.9239044189453125,-0.0777740478515625,-0.3743133544921875
1773062497826217728,65.86697959899902,0.912261962890625,-0.0960693359375,-0.3755950927734375
1773062497836272128,65.8770341873169,0.9236602783203125,-0.100830078125,-0.382537841796875
1773062497846327296,65.88708925247192,0.9333953857421875,-0.091644287109375,-0.3867340087890625
1773062497856383232,65.89714527130127,0.940155029296875,-0.1045989990234375,-0.38665771484375
1773062497866438144,65.90720009803772,0.9390411376953125,-0.11590576171875,-0.3717041015625
1773062497876494080,65.91725611686707,0.929840087890625,-0.10406494140625,-0.35272216796875
1773062497886549248,65.9273111820221,0.91314697265625,-0.0798797607421875,-0.33740234375
1773062497896605184,65.93736720085144,0.895477294921875,-0.0554656982421875,-0.3548736572265625
1773062497906660352,65.94742226600647,0.906280517578125,-0.09576416015625,-0.3701629638671875
1773062497916716288,65.95747828483582,0.92315673828125,-0.1421051025390625,-0.3353118896484375
1773062497926771200,65.96753311157227,0.9579010009765625,-0.1501007080078125,-0.303070068359375
1773062497936827136,65.97758913040161,0.9776153564453125,-0.16131591796875,-0.2984466552734375
1773062497946882304,65.98764419555664,0.9679412841796875,-0.158294677734375,-0.290374755859375
1773062497956938240,65.99770021438599,0.962066650390625,-0.1259613037109375,-0.2933197021484375
1773062497966993408,66.00775527954102,0.96014404296875,-0.10400390625,-0.32427978515625
1773062497977049344,66.01781129837036,0.9524078369140625,-0.1351470947265625,-0.366851806640625
1773062497987104256,66.02786612510681,0.9573822021484375,-0.187103271484375,-0.345458984375
1773062497997160192,66.03792214393616,0.944000244140625,-0.27117919921875,-0.2866973876953125
1773062498007215360,66.04797720909119,0.9678955078125,-0.271026611328125,-0.2218475341796875
1773062498017271296,66.05803322792053,1.012298583984375,-0.163787841796875,-0.1818389892578125
1773062498027326464,66.06808829307556,1.04736328125,-0.110260009765625,-0.19158935546875
1773062498037382144,66.07814407348633,1.056549072265625,-0.118896484375,-0.3284759521484375
1773062498047437312,66.08819913864136,1.053436279296875,-0.1061553955078125,-0.5212249755859375
1773062498057493248,66.0982551574707,1.037689208984375,-0.1502227783203125,-0.561859130859375
1773062498067548160,66.10831022262573,1.0964202880859375,-0.17919921875,-0.5207061767578125
1773062498077604352,66.11836624145508,1.1457061767578125,-0.151214599609375,-0.4713134765625
1773062498087659264,66.12842130661011,1.1240234375,-0.089569091796875,-0.40838623046875
1773062498097715200,66.13847708702087,1.10064697265625,0.00439453125,-0.3936004638671875
1773062498107770112,66.1485321521759,1.0869598388671875,0.029205322265625,-0.5010223388671875
1773062498117826304,66.15858817100525,1.0672149658203125,-0.0739288330078125,-0.5887298583984375
1773062498127881216,66.16864323616028,1.0701446533203125,-0.132171630859375,-0.643829345703125
1773062498137937408,66.17869925498962,1.0479278564453125,-0.1209259033203125,-0.607879638671875
1773062498147992064,66.18875408172607,0.992279052734375,-0.190185546875,-0.6136016845703125
1773062498158048256,66.19881010055542,0.9846038818359375,-0.12115478515625,-0.6734619140625
1773062498168103168,66.20886516571045,0.96795654296875,-0.1004180908203125,-0.6446990966796875
1773062498178159360,66.2189211845398,0.9690399169921875,-0.1718902587890625,-0.5931243896484375
1773062498188214272,66.22897624969482,0.9971160888671875,-0.0996246337890625,-0.5977783203125
1773062498198270208,66.23903226852417,1.0177154541015625,-0.0145416259765625,-0.6862945556640625
1773062498208325120,66.24908709526062,1.013427734375,-0.020172119140625,-0.7819366455078125
1773062498218381056,66.25914311408997,0.9948883056640625,-0.087890625,-0.7772064208984375
1773062498228436224,66.269198179245,0.9580841064453125,-0.268768310546875,-0.6789093017578125
1773062498238492160,66.27925419807434,0.976776123046875,-0.2100982666015625,-0.668914794921875
1773062498248547328,66.28930926322937,0.996978759765625,-0.015899658203125,-0.7075347900390625
1773062498258603264,66.29936528205872,0.985321044921875,-0.101776123046875,-0.7268524169921875
1773062498268658176,66.30942010879517,0.991912841796875,-0.1202392578125,-0.7225799560546875
1773062498278714112,66.31947612762451,0.98406982421875,-0.098541259765625,-0.711669921875
1773062498288769280,66.32953119277954,0.977935791015625,-0.13555908203125,-0.7325592041015625
1773062498298825216,66.33958721160889,0.948455810546875,-0.1451416015625,-0.771636962890625
1773062498308880384,66.34964227676392,0.8892822265625,-0.1419830322265625,-0.8246307373046875
1773062498318936320,66.35969829559326,0.892242431640625,-0.172882080078125,-0.8115386962890625
1773062498328991232,66.36975312232971,0.940277099609375,-0.115966796875,-0.7772674560546875
1773062498339047168,66.37980914115906,0.94659423828125,-0.0203857421875,-0.786956787109375
1773062498349102336,66.38986420631409,0.8767852783203125,-0.0459442138671875,-0.83050537109375
1773062498359158272,66.39992022514343,0.7711944580078125,-0.1611328125,-0.8367462158203125
1773062498369213440,66.40997529029846,0.782501220703125,-0.177093505859375,-0.9008026123046875
1773062498379269376,66.42003130912781,0.8133087158203125,-0.192779541015625,-0.87896728515625
1773062498389324288,66.43008613586426,0.8265533447265625,-0.281982421875,-0.8818359375
1773062498399380224,66.4401421546936,0.814117431640625,-0.23834228515625,-0.914459228515625
1773062498409435392,66.45019721984863,0.8214263916015625,-0.103607177734375,-0.89019775390625
1773062498419491328,66.46025323867798,0.7721099853515625,-0.0579986572265625,-0.8331756591796875
1773062498429546240,66.47030830383301,0.672119140625,-0.0962982177734375,-0.8276214599609375
1773062498439602176,66.48036408424377,0.58111572265625,-0.1423797607421875,-0.813201904296875
1773062498449657088,66.4904191493988,0.5086212158203125,-0.1667327880859375,-0.860198974609375
1773062498459713280,66.50047516822815,0.54010009765625,-0.2081756591796875,-0.9674072265625
1773062498469768192,66.51053023338318,0.5637664794921875,-0.1778411865234375,-0.936492919921875
1773062498479824384,66.52058625221252,0.5673828125,-0.1912384033203125,-0.8808441162109375
1773062498489879040,66.53064107894897,0.5242767333984375,-0.2141265869140625,-0.886260986328125
1773062498499935232,66.54069709777832,0.43267822265625,-0.188995361328125,-0.8740997314453125
1773062498509990144,66.55075216293335,0.364410400390625,-0.1487274169921875,-0.8668060302734375
1773062498520046336,66.5608081817627,0.3281402587890625,-0.1504058837890625,-0.8787689208984375
1773062498530101248,66.57086324691772,0.306915283203125,-0.1038665771484375,-0.8194732666015625
1773062498540157440,66.58091926574707,0.262420654296875,-0.075714111328125,-0.775543212890625
1773062498550212096,66.59097409248352,0.206939697265625,-0.1802978515625,-0.8221282958984375
1773062498560268288,66.60103011131287,0.1581573486328125,-0.2227783203125,-0.843597412109375
1773062498570323200,66.6110851764679,0.117279052734375,-0.1895751953125,-0.85009765625
1773062498580379136,66.62114119529724,0.10345458984375,-0.1522369384765625,-0.90069580078125
1773062498590434304,66.63119626045227,0.0843963623046875,-0.1404266357421875,-0.8927459716796875
1773062498600490240,66.64125227928162,0.0582733154296875,-0.1500396728515625,-0.863494873046875
1773062498610545152,66.65130710601807,0.0577545166015625,-0.1656951904296875,-0.8446197509765625
1773062498620601088,66.66136312484741,0.038787841796875,-0.1851348876953125,-0.83013916015625
1773062498630656256,66.67141819000244,-0.0101470947265625,-0.1745758056640625,-0.7405548095703125
1773062498640712192,66.68147420883179,-0.0954132080078125,-0.1706390380859375,-0.6824493408203125
1773062498650767360,66.69152927398682,-0.1527099609375,-0.2332611083984375,-0.7354278564453125
1773062498660823296,66.70158529281616,-0.162384033203125,-0.249359130859375,-0.760162353515625
1773062498670878208,66.71164011955261,-0.141510009765625,-0.1995697021484375,-0.8090057373046875
1773062498680934144,66.72169613838196,-0.1387939453125,-0.1528167724609375,-0.793975830078125
1773062498690989312,66.73175120353699,-0.1600494384765625,-0.169281005859375,-0.777587890625
1773062498701045248,66.74180722236633,-0.2185821533203125,-0.2516937255859375,-0.6715240478515625
1773062498711100416,66.75186228752136,-0.2620086669921875,-0.2642974853515625,-0.584930419921875
1773062498721156352,66.76191830635071,-0.3081512451171875,-0.272918701171875,-0.5899200439453125
1773062498731211264,66.77197313308716,-0.35272216796875,-0.2796630859375,-0.626953125
1773062498741267200,66.7820291519165,-0.370025634765625,-0.2282562255859375,-0.6545257568359375
1773062498751322368,66.79208421707153,-0.3569793701171875,-0.1848297119140625,-0.6900177001953125
1773062498761378304,66.80214023590088,-0.3585662841796875,-0.18695068359375,-0.6632537841796875
1773062498771433472,66.81219530105591,-0.4068450927734375,-0.1467132568359375,-0.656341552734375
1773062498781489152,66.82225108146667,-0.432830810546875,-0.078948974609375,-0.6880035400390625
1773062498791544320,66.8323061466217,-0.42962646484375,-0.095672607421875,-0.7162933349609375
1773062498801600256,66.84236216545105,-0.4544525146484375,-0.1465606689453125,-0.6932373046875
1773062498811655168,66.85241723060608,-0.4713592529296875,-0.2472991943359375,-0.607421875
1773062498821711360,66.86247324943542,-0.5233917236328125,-0.284515380859375,-0.5590362548828125
1773062498831766784,66.87252879142761,-0.629150390625,-0.2094573974609375,-0.5749359130859375
1773062498841822976,66.88258481025696,-0.6204071044921875,-0.2336273193359375,-0.5843048095703125
1773062498851877888,66.89263987541199,-0.6273040771484375,-0.2219390869140625,-0.5391082763671875
1773062498861933824,66.90269589424133,-0.643707275390625,-0.1934661865234375,-0.5521240234375
1773062498871988992,66.91275095939636,-0.66375732421875,-0.18890380859375,-0.542022705078125
1773062498882044928,66.92280697822571,-0.6701507568359375,-0.1822052001953125,-0.5404205322265625
1773062498892099840,66.93286180496216,-0.6790771484375,-0.1851959228515625,-0.534088134765625
1773062498902155776,66.9429178237915,-0.7093048095703125,-0.21661376953125,-0.5080718994140625
1773062498912210944,66.95297288894653,-0.7292327880859375,-0.176666259765625,-0.4732818603515625
1773062498922266880,66.96302890777588,-0.7264404296875,-0.1584625244140625,-0.4602203369140625
1773062498932322048,66.97308397293091,-0.7497100830078125,-0.1674957275390625,-0.5054473876953125
1773062498942377984,66.98313999176025,-0.744964599609375,-0.218902587890625,-0.487091064453125
1773062498952432896,66.9931948184967,-0.770477294921875,-0.2474517822265625,-0.43243408203125
1773062498962488832,67.00325083732605,-0.7902984619140625,-0.16741943359375,-0.371826171875
1773062498972544000,67.01330590248108,-0.7893829345703125,-0.14263916015625,-0.3660125732421875
1773062498982599936,67.02336192131042,-0.81829833984375,-0.1622161865234375,-0.3740081787109375
1773062498992655104,67.03341698646545,-0.852081298828125,-0.1233367919921875,-0.374481201171875
1773062499002711040,67.0434730052948,-0.8263092041015625,-0.1118011474609375,-0.343841552734375
1773062499012765952,67.05352783203125,-0.8183441162109375,-0.1272430419921875,-0.3285980224609375
1773062499022821888,67.0635838508606,-0.8140411376953125,-0.0913238525390625,-0.3589019775390625
1773062499032877056,67.07363891601562,-0.8165435791015625,-0.08209228515625,-0.32476806640625
1773062499042932992,67.08369493484497,-0.855865478515625,-0.10888671875,-0.2826080322265625
1773062499052988160,67.09375,-0.8800201416015625,-0.1044769287109375,-0.2534027099609375
1773062499063043840,67.10380578041077,-0.8871307373046875,-0.0803070068359375,-0.238861083984375
1773062499073099008,67.1138608455658,-0.8818817138671875,-0.034759521484375,-0.268585205078125
1773062499083154944,67.12391686439514,-0.8585662841796875,-0.0431060791015625,-0.297943115234375
1773062499093209856,67.13397192955017,-0.804412841796875,-0.077362060546875,-0.3227996826171875
1773062499103266048,67.14402794837952,-0.8076019287109375,-0.061767578125,-0.29144287109375
1773062499113320960,67.15408301353455,-0.874786376953125,-0.057708740234375,-0.2528076171875
1773062499123376896,67.16413879394531,-0.9028472900390625,-0.0383148193359375,-0.2199249267578125
1773062499133431808,67.17419385910034,-0.9048614501953125,-0.01385498046875,-0.18365478515625
1773062499143488000,67.18424987792969,-0.9231109619140625,0.0146636962890625,-0.173126220703125
1773062499153542912,67.19430494308472,-0.924072265625,0.0318145751953125,-0.177459716796875
1773062499163599104,67.20436096191406,-0.8382720947265625,0.053558349609375,-0.2087860107421875
1773062499173653760,67.21441578865051,-0.86431884765625,-0.0180816650390625,-0.1640625
1773062499183709952,67.22447180747986,-0.9214630126953125,-0.02239990234375,-0.14471435546875
1773062499193764864,67.23452687263489,-0.9574737548828125,-0.015899658203125,-0.1400909423828125
1773062499203821056,67.24458289146423,-0.98846435546875,-0.0238189697265625,-0.1035308837890625
1773062499213875968,67.25463795661926,-1.0130157470703125,0.04107666015625,-0.1348876953125
1773062499223931904,67.26469397544861,-1.02508544921875,0.0606231689453125,-0.1064300537109375
1773062499233986816,67.27474880218506,-1.0109100341796875,0.0725250244140625,-0.1199798583984375
1773062499244042752,67.2848048210144,-1.0045623779296875,0.09735107421875,-0.1649169921875
1773062499254097920,67.29485988616943,-1.0191497802734375,0.0876922607421875,-0.19403076171875
1773062499264153856,67.30491590499878,-1.015655517578125,0.0691986083984375,-0.2195281982421875
1773062499274209024,67.31497097015381,-1.020904541015625,0.04052734375,-0.1885833740234375
1773062499284264960,67.32502698898315,-1.066558837890625,0.02313232421875,-0.1433258056640625
1773062499294319872,67.3350818157196,-1.098663330078125,0.076141357421875,-0.11785888671875
1773062499304375808,67.34513783454895,-1.1013031005859375,0.1046295166015625,-0.142791748046875
1773062499314430976,67.35519289970398,-1.0844879150390625,0.0974884033203125,-0.1627197265625
1773062499324486912,67.36524891853333,-1.0726470947265625,0.0884857177734375,-0.160919189453125
1773062499334542080,67.37530398368835,-1.062652587890625,0.081146240234375,-0.1636199951171875
1773062499344598016,67.3853600025177,-1.0539093017578125,0.07952880859375,-0.1722259521484375
1773062499354652928,67.39541482925415,-1.05157470703125,0.1172943115234375,-0.169891357421875
1773062499364708864,67.4054708480835,-1.04241943359375,0.1193389892578125,-0.1480560302734375
1773062499374764032,67.41552591323853,-1.04083251953125,0.1031341552734375,-0.15185546875
1773062499384819968,67.42558193206787,-1.03021240234375,0.1070404052734375,-0.15313720703125
1773062499394875136,67.4356369972229,-1.0123443603515625,0.0983428955078125,-0.1287078857421875
1773062499404931072,67.44569301605225,-1.0134124755859375,0.0993194580078125,-0.119842529296875
1773062499414985984,67.4557478427887,-1.0027313232421875,0.110595703125,-0.1342926025390625
1773062499425041920,67.46580386161804,-0.9933929443359375,0.1295623779296875,-0.1204071044921875
1773062499435097088,67.47585892677307,-0.9742584228515625,0.13507080078125,-0.1034088134765625
1773062499445153024,67.48591494560242,-0.9550628662109375,0.1160430908203125,-0.0958099365234375
1773062499455207936,67.49597001075745,-0.9570465087890625,0.112335205078125,-0.072296142578125
1773062499465263872,67.50602579116821,-0.9554443359375,0.1098785400390625,-0.0904083251953125
1773062499475318784,67.51608085632324,-0.9375762939453125,0.0914154052734375,-0.1495361328125
1773062499485374976,67.52613687515259,-0.934539794921875,0.0921783447265625,-0.156402587890625
1773062499495429888,67.53619194030762,-0.935272216796875,0.11248779296875,-0.1602630615234375
1773062499505486080,67.54624795913696,-0.9289703369140625,0.1256103515625,-0.159423828125
1773062499515540736,67.55630278587341,-0.946014404296875,0.131744384765625,-0.146148681640625
1773062499525596928,67.56635880470276,-0.9503631591796875,0.1450958251953125,-0.1431121826171875
1773062499535651840,67.57641386985779,-0.94256591796875,0.152587890625,-0.15087890625
1773062499545708032,67.58646988868713,-0.9417572021484375,0.1434783935546875,-0.1681060791015625
1773062499555762944,67.59652495384216,-0.9424896240234375,0.12939453125,-0.183624267578125
1773062499565819136,67.60658097267151,-0.9357147216796875,0.122222900390625,-0.212127685546875
1773062499575873792,67.61663579940796,-0.9224700927734375,0.13397216796875,-0.2445220947265625
1773062499585929984,67.6266918182373,-0.904998779296875,0.153228759765625,-0.2559356689453125
1773062499595984896,67.63674688339233,-0.9185028076171875,0.1330718994140625,-0.26739501953125
1773062499606040832,67.64680290222168,-0.9299468994140625,0.1014251708984375,-0.28271484375
1773062499616096000,67.65685796737671,-0.9061126708984375,0.0877227783203125,-0.2894287109375
1773062499626151936,67.66691398620605,-0.9121551513671875,0.0570220947265625,-0.306182861328125
1773062499636206848,67.6769688129425,-0.9116973876953125,0.047332763671875,-0.3605194091796875
1773062499646262784,67.68702483177185,-0.897247314453125,0.0603485107421875,-0.3668670654296875
1773062499656317952,67.69707989692688,-0.895843505859375,0.0865020751953125,-0.369415283203125
1773062499666373888,67.70713591575623,-0.9124908447265625,0.081329345703125,-0.330108642578125
1773062499676429056,67.71719098091125,-0.9273223876953125,0.066253662109375,-0.3285369873046875
1773062499686484992,67.7272469997406,-0.931610107421875,0.0478515625,-0.3903045654296875
1773062499696539904,67.73730182647705,-0.935394287109375,0.01727294921875,-0.414306640625
1773062499706595840,67.7473578453064,-0.8884124755859375,0.0038909912109375,-0.43695068359375
1773062499716651008,67.75741291046143,-0.8779296875,0.040985107421875,-0.393524169921875
1773062499726706944,67.76746892929077,-0.9068603515625,0.0577545166015625,-0.3506927490234375
1773062499736762112,67.7775239944458,-0.9276580810546875,0.06201171875,-0.3643035888671875
1773062499746818048,67.78758001327515,-0.9002838134765625,0.0129241943359375,-0.4118194580078125
1773062499756872960,67.7976348400116,-0.8735504150390625,-0.073577880859375,-0.441192626953125
1773062499766928896,67.80769085884094,-0.8348236083984375,-0.0505828857421875,-0.461944580078125
1773062499776984064,67.81774592399597,-0.806427001953125,-0.0312957763671875,-0.5037994384765625
1773062499787040000,67.82780194282532,-0.792938232421875,-0.0536651611328125,-0.513946533203125
1773062499797095168,67.83785700798035,-0.798065185546875,-0.023529052734375,-0.5061492919921875
1773062499807150848,67.84791278839111,-0.8191070556640625,-0.0052947998046875,-0.4991455078125
1773062499817206016,67.85796785354614,-0.81640625,-0.0403900146484375,-0.4754486083984375
1773062499827261952,67.86802387237549,-0.810272216796875,-0.0665740966796875,-0.478302001953125
1773062499837316608,67.87807846069336,-0.815521240234375,-0.074676513671875,-0.4895172119140625
1773062499847372544,67.8881344795227,-0.78546142578125,-0.0621337890625,-0.5349578857421875
1773062499857427712,67.89818954467773,-0.7399749755859375,-0.0365447998046875,-0.5556488037109375
1773062499867483648,67.90824556350708,-0.7517852783203125,-0.04437255859375,-0.493377685546875
1773062499877538560,67.91830062866211,-0.6537322998046875,-0.0496063232421875,-0.7075347900390625
1773062499887594496,67.92835640907288,-0.621490478515625,-0.0825042724609375,-0.63360595703125
1773062499897649408,67.9384114742279,-0.6630096435546875,-0.08721923828125,-0.5426177978515625
1773062499907705600,67.94846749305725,-0.7050323486328125,-0.08270263671875,-0.498748779296875
1773062499917760512,67.95852255821228,-0.7091522216796875,-0.08294677734375,-0.5850067138671875
1773062499927816704,67.96857857704163,-0.651611328125,-0.101776123046875,-0.6888427734375
1773062499937871616,67.97863364219666,-0.601104736328125,-0.1083984375,-0.6435699462890625
1773062499947927552,67.98868942260742,-0.611083984375,-0.13006591796875,-0.6228790283203125
1773062499957982464,67.99874448776245,-0.5841064453125,-0.14532470703125,-0.6661529541015625
1773062499968038656,68.0088005065918,-0.50897216796875,-0.1397705078125,-0.652099609375
1773062499978093568,68.01885557174683,-0.537200927734375,-0.1873931884765625,-0.6356658935546875
1773062499988149760,68.02891159057617,-0.5490875244140625,-0.1885528564453125,-0.6514129638671875
1773062499998204416,68.03896641731262,-0.5424346923828125,-0.157073974609375,-0.6017913818359375
1773062500008260608,68.04902243614197,-0.5431976318359375,-0.1572113037109375,-0.59466552734375
1773062500018315520,68.059077501297,-0.5252532958984375,-0.1700439453125,-0.6658172607421875
1773062500028371456,68.06913352012634,-0.4677734375,-0.1866455078125,-0.7471466064453125
1773062500038426624,68.07918858528137,-0.4338226318359375,-0.19354248046875,-0.714111328125
1773062500048482560,68.08924460411072,-0.42950439453125,-0.1506195068359375,-0.6595458984375
1773062500058538752,68.09930062294006,-0.4163665771484375,-0.1780548095703125,-0.742950439453125
1773062500068593408,68.10935544967651,-0.3258819580078125,-0.2335357666015625,-0.7070465087890625
1773062500078649600,68.11941146850586,-0.2976226806640625,-0.226287841796875,-0.5841522216796875
1773062500088704512,68.12946653366089,-0.35302734375,-0.2448883056640625,-0.5863037109375
1773062500098760704,68.13952255249023,-0.3466033935546875,-0.2943267822265625,-0.7112884521484375
1773062500108815616,68.14957761764526,-0.2315216064453125,-0.2217254638671875,-0.8011016845703125
1773062500118871808,68.15963363647461,-0.1834259033203125,-0.20989990234375,-0.864715576171875
1773062500128926464,68.16968846321106,-0.168792724609375,-0.2589263916015625,-0.844757080078125
1773062500138982656,68.1797444820404,-0.1314697265625,-0.2407989501953125,-0.7861785888671875
1773062500149037568,68.18979954719543,-0.1265716552734375,-0.205047607421875,-0.7814788818359375
1773062500159093504,68.19985556602478,-0.137237548828125,-0.2418670654296875,-0.7980804443359375
1773062500169148672,68.20991063117981,-0.1257781982421875,-0.274200439453125,-0.765899658203125
1773062500179204352,68.21996641159058,-0.113311767578125,-0.2706756591796875,-0.6821746826171875
1773062500189259520,68.2300214767456,-0.0950469970703125,-0.396453857421875,-0.8159332275390625
1773062500199315456,68.24007749557495,0.0083770751953125,-0.2881011962890625,-0.982666015625
1773062500209370624,68.25013256072998,0.12139892578125,-0.1637725830078125,-0.9557037353515625
1773062500219426560,68.26018857955933,0.1031341552734375,-0.282012939453125,-0.91253662109375
1773062500229481472,68.27024340629578,0.1004180908203125,-0.261627197265625,-0.855438232421875
1773062500239537408,68.28029942512512,0.1737213134765625,-0.1722869873046875,-0.844879150390625
1773062500249592576,68.29035449028015,0.1898040771484375,-0.249755859375,-0.857391357421875
1773062500259648512,68.3004105091095,0.2085418701171875,-0.2838592529296875,-0.7392425537109375
1773062500269703680,68.31046557426453,0.3201141357421875,-0.267181396484375,-0.7255096435546875
1773062500279759616,68.32052159309387,0.203033447265625,-0.1874237060546875,-0.8764190673828125
1773062500289814528,68.33057641983032,0.378662109375,-0.009307861328125,-0.9510498046875
1773062500299870464,68.34063243865967,0.478302001953125,-0.0580596923828125,-0.8970184326171875
1773062500309925632,68.3506875038147,0.47528076171875,-0.1079559326171875,-0.918670654296875
1773062500319981568,68.36074352264404,0.5469512939453125,-0.242706298828125,-0.84906005859375
1773062500330036736,68.37079858779907,0.563446044921875,-0.4160614013671875,-0.82769775390625
1773062500340092672,68.38085460662842,0.585906982421875,-0.47760009765625,-0.6678009033203125
1773062500350147584,68.39090943336487,0.557403564453125,-0.3642730712890625,-0.8137664794921875
1773062500360203520,68.40096545219421,0.64569091796875,-0.0871734619140625,-1.0239715576171875
1773062500370258688,68.41102051734924,0.74188232421875,-0.0675048828125,-0.9456939697265625
1773062500380314624,68.42107653617859,0.7309722900390625,-0.2136077880859375,-0.97357177734375
1773062500390369536,68.43113160133362,0.6973876953125,-0.3092803955078125,-0.93231201171875
1773062500400425728,68.44118762016296,0.684783935546875,-0.3808746337890625,-0.86309814453125
1773062500410480384,68.45124244689941,0.736907958984375,-0.449432373046875,-0.7188720703125
1773062500420536576,68.46129846572876,0.773345947265625,-0.414642333984375,-0.6824798583984375
1773062500430591488,68.47135353088379,0.7908782958984375,-0.178863525390625,-0.861114501953125
1773062500440647680,68.48140954971313,0.835205078125,-0.020599365234375,-0.905975341796875
1773062500450702592,68.49146461486816,0.8825531005859375,-0.0419769287109375,-0.81304931640625
1773062500460758784,68.50152063369751,0.9506072998046875,-0.1435089111328125,-0.855743408203125
1773062500470813440,68.51157546043396,0.913970947265625,-0.27154541015625,-0.84210205078125
1773062500480869632,68.5216314792633,0.9036407470703125,-0.3358612060546875,-0.7222137451171875
1773062500490924544,68.53168654441833,0.9446563720703125,-0.3125,-0.6345367431640625
1773062500500980736,68.54174256324768,0.9481048583984375,-0.2140960693359375,-0.618988037109375
1773062500511035648,68.55179762840271,0.969757080078125,0.0020904541015625,-0.688690185546875
1773062500521091584,68.56185340881348,1.007476806640625,0.057586669921875,-0.7505035400390625
1773062500531146496,68.5719084739685,0.9890289306640625,-0.103271484375,-0.7135009765625
1773062500541202432,68.58196449279785,0.957672119140625,-0.228363037109375,-0.6057586669921875
1773062500551257600,68.59201955795288,0.9190521240234375,-0.3118438720703125,-0.58709716796875
1773062500561313536,68.60207557678223,0.9313201904296875,-0.3053436279296875,-0.635162353515625
1773062500571368704,68.61213064193726,0.990753173828125,-0.2463226318359375,-0.642486572265625
1773062500581424384,68.62218642234802,1.0543060302734375,-0.15472412109375,-0.5950775146484375
1773062500591479552,68.63224148750305,1.065673828125,-0.0882110595703125,-0.5517578125
1773062500601535488,68.6422975063324,1.019195556640625,-0.0976409912109375,-0.5380706787109375
1773062500611590656,68.65235257148743,0.9946746826171875,-0.1170501708984375,-0.583740234375
1773062500621646592,68.66240859031677,0.969146728515625,-0.1419525146484375,-0.58209228515625
1773062500631702784,68.67246460914612,0.9439544677734375,-0.188751220703125,-0.52392578125
1773062500641757440,68.68251943588257,0.9736175537109375,-0.207916259765625,-0.506561279296875
1773062500651812608,68.6925745010376,0.9945068359375,-0.15521240234375,-0.5557403564453125
1773062500661868544,68.70263051986694,0.994964599609375,-0.123748779296875,-0.6078033447265625
1773062500671924480,68.71268653869629,0.9940948486328125,-0.14422607421875,-0.5541839599609375
1773062500681979648,68.72274160385132,0.96649169921875,-0.1363983154296875,-0.4840850830078125
1773062500692035584,68.73279762268066,0.942840576171875,-0.1529998779296875,-0.437774658203125
1773062500702090496,68.74285244941711,0.956787109375,-0.1755828857421875,-0.3952484130859375
1773062500712146432,68.75290846824646,0.9798431396484375,-0.1496124267578125,-0.4039154052734375
1773062500722201600,68.76296353340149,0.9908905029296875,-0.142913818359375,-0.40185546875
1773062500732257536,68.77301955223083,1.0032501220703125,-0.1519622802734375,-0.38616943359375
1773062500742312704,68.78307461738586,1.0117950439453125,-0.1594390869140625,-0.39013671875
1773062500752368640,68.79313063621521,0.98919677734375,-0.147705078125,-0.38555908203125
1773062500762423552,68.80318546295166,0.9995269775390625,-0.09710693359375,-0.3650360107421875
1773062500772479488,68.813241481781,1.021759033203125,-0.0897979736328125,-0.3488006591796875
1773062500782534656,68.82329654693604,1.0076141357421875,-0.1192474365234375,-0.2724456787109375
1773062500792590592,68.83335256576538,0.98388671875,-0.1017303466796875,-0.2356109619140625
1773062500802645760,68.84340763092041,0.9785308837890625,-0.0803070068359375,-0.2953643798828125
1773062500812701440,68.85346341133118,0.9685821533203125,-0.0740509033203125,-0.3524322509765625
1773062500822756608,68.8635184764862,0.9570159912109375,-0.1183624267578125,-0.3604736328125
1773062500832812544,68.87357449531555,0.940338134765625,-0.1671142578125,-0.3429412841796875
1773062500842867456,68.883629322052,0.9389495849609375,-0.1597442626953125,-0.3318328857421875
1773062500852923392,68.89368534088135,0.9766845703125,-0.096435546875,-0.370025634765625
1773062500862978560,68.90374040603638,0.9647064208984375,-0.0919189453125,-0.3704986572265625
1773062500873034496,68.91379642486572,0.9566192626953125,-0.136688232421875,-0.330780029296875
1773062500883089664,68.92385149002075,0.9599456787109375,-0.1322479248046875,-0.2871856689453125
1773062500893145600,68.9339075088501,0.957183837890625,-0.1124114990234375,-0.3173980712890625
1773062500903200512,68.94396233558655,0.95880126953125,-0.115692138671875,-0.34783935546875
1773062500913256448,68.9540183544159,0.9607086181640625,-0.1401824951171875,-0.33990478515625
1773062500923311360,68.96407341957092,0.96624755859375,-0.144287109375,-0.3354644775390625
1773062500933367552,68.97412943840027,0.961273193359375,-0.1484527587890625,-0.3546600341796875
1773062500943422464,68.9841845035553,0.94012451171875,-0.1793060302734375,-0.3168182373046875
1773062500953478400,68.99424028396606,0.923797607421875,-0.1901092529296875,-0.2811737060546875
1773062500963533312,69.0042953491211,0.9248046875,-0.151336669921875,-0.319061279296875
1773062500973589504,69.01435136795044,0.920654296875,-0.14129638671875,-0.362060546875
1773062500983644416,69.02440643310547,0.930145263671875,-0.1405181884765625,-0.356842041015625
1773062500993700608,69.03446245193481,0.936676025390625,-0.1352691650390625,-0.3535308837890625
1773062501003755520,69.04451751708984,0.930419921875,-0.1341705322265625,-0.3647613525390625
1773062501013811456,69.05457329750061,0.9370880126953125,-0.1381072998046875,-0.3988189697265625
1773062501023866368,69.06462836265564,0.9750518798828125,-0.111663818359375,-0.437286376953125
1773062501033922560,69.07468438148499,0.9953460693359375,-0.0945587158203125,-0.4304962158203125
1773062501043977472,69.08473944664001,0.9740142822265625,-0.1164398193359375,-0.4112548828125
1773062501054033408,69.09479546546936,0.9121551513671875,-0.1667633056640625,-0.2472686767578125
1773062501064088320,69.10485029220581,0.86309814453125,-0.2063751220703125,-0.081817626953125
1773062501074144256,69.11490631103516,0.88311767578125,-0.147125244140625,-0.151214599609375
1773062501084199424,69.12496137619019,0.9119415283203125,-0.0882720947265625,-0.308929443359375
1773062501094255360,69.13501739501953,0.93719482421875,-0.0639801025390625,-0.374755859375
1773062501104310528,69.14507246017456,0.968231201171875,-0.0655670166015625,-0.3444366455078125
1773062501114366464,69.1551284790039,0.9583892822265625,-0.1113739013671875,-0.2861480712890625
1773062501124422656,69.16518449783325,0.9244842529296875,-0.13494873046875,-0.19256591796875
1773062501134477312,69.1752393245697,0.93341064453125,-0.09442138671875,-0.17449951171875
1773062501144533504,69.18529534339905,0.972137451171875,-0.048431396484375,-0.2469940185546875
1773062501154588416,69.19535040855408,0.9947357177734375,-0.0411529541015625,-0.2695159912109375
1773062501164644352,69.20540642738342,1.0135650634765625,-0.063232421875,-0.2567138671875
1773062501174699520,69.21546149253845,1.0090484619140625,-0.046173095703125,-0.195892333984375
1773062501184755456,69.2255175113678,0.9822998046875,-0.0208892822265625,-0.1546630859375
1773062501194810368,69.23557233810425,0.985626220703125,-0.0542449951171875,-0.2140655517578125
1773062501204866304,69.2456283569336,0.989227294921875,-0.083770751953125,-0.286773681640625
1773062501214921472,69.25568342208862,0.9826507568359375,-0.095733642578125,-0.29754638671875
1773062501224977408,69.26573944091797,0.977081298828125,-0.124481201171875,-0.291595458984375
1773062501235032576,69.275794506073,0.973663330078125,-0.1227569580078125,-0.2773895263671875
1773062501245088256,69.28585028648376,0.9742889404296875,-0.088531494140625,-0.276123046875
1773062501255143424,69.2959053516388,0.9781951904296875,-0.0674285888671875,-0.2973175048828125
1773062501265199360,69.30596137046814,0.9847564697265625,-0.0624847412109375,-0.310699462890625
1773062501275254528,69.31601643562317,0.988128662109375,-0.06390380859375,-0.3072509765625
1773062501285310464,69.32607245445251,0.9705352783203125,-0.0772705078125,-0.3094940185546875
1773062501295365376,69.33612728118896,0.936676025390625,-0.0935516357421875,-0.320648193359375
1773062501305421312,69.34618330001831,0.9207763671875,-0.098846435546875,-0.32452392578125
1773062501315476480,69.35623836517334,0.9271392822265625,-0.071075439453125,-0.3400421142578125
1773062501325532416,69.36629438400269,0.927734375,-0.0578460693359375,-0.34124755859375
1773062501335587584,69.37634944915771,0.9255218505859375,-0.07696533203125,-0.3410491943359375
1773062501345643520,69.38640546798706,0.9286041259765625,-0.0910797119140625,-0.3403167724609375
1773062501355698432,69.39646029472351,0.9225311279296875,-0.0776824951171875,-0.334503173828125
1773062501365754368,69.40651631355286,0.9221343994140625,-0.055816650390625,-0.33831787109375
1773062501375809536,69.41657137870789,0.929290771484375,-0.046844482421875,-0.352874755859375
1773062501385865472,69.42662739753723,0.9352569580078125,-0.079742431640625,-0.311004638671875
1773062501395920640,69.43668246269226,0.95660400390625,-0.0875396728515625,-0.2575225830078125
1773062501405976576,69.4467384815216,0.962554931640625,-0.0857086181640625,-0.23565673828125
1773062501416031488,69.45679330825806,0.9577484130859375,-0.0972442626953125,-0.2421112060546875
1773062501426087424,69.4668493270874,0.9602203369140625,-0.088134765625,-0.239410400390625
1773062501436142336,69.47690439224243,0.966705322265625,-0.0800933837890625,-0.1964569091796875
1773062501446198528,69.48696041107178,0.9820404052734375,-0.0964202880859375,-0.1708526611328125
1773062501456253440,69.4970154762268,0.988525390625,-0.067108154296875,-0.2337799072265625
1773062501466309632,69.50707149505615,0.9510040283203125,-0.0843963623046875,-0.30615234375
1773062501476364288,69.5171263217926,0.936798095703125,-0.1354522705078125,-0.290679931640625
1773062501486420480,69.52718234062195,0.9798126220703125,-0.1333770751953125,-0.22357177734375
1773062501496475392,69.53723740577698,1.0203704833984375,-0.1373291015625,-0.20770263671875
1773062501506531584,69.54729342460632,1.0279998779296875,-0.1243743896484375,-0.2056427001953125
1773062501516586496,69.55734848976135,1.0470428466796875,-0.07342529296875,-0.218994140625
1773062501526642688,69.5674045085907,1.06658935546875,-0.03729248046875,-0.24822998046875
1773062501536697344,69.57745933532715,1.0571136474609375,-0.0885009765625,-0.2430572509765625
1773062501546753280,69.5875153541565,1.0260162353515625,-0.2077484130859375,-0.2585906982421875
1773062501556809472,69.59757137298584,1.00225830078125,-0.2440185546875,-0.2364044189453125
1773062501566864384,69.60762643814087,0.98358154296875,-0.2738494873046875,-0.152374267578125
1773062501576920576,69.61768245697021,1.0172882080078125,-0.264404296875,-0.161956787109375
1773062501586975232,69.62773728370667,1.0523681640625,-0.1481781005859375,-0.2103271484375
1773062501597031424,69.63779330253601,1.0503387451171875,-0.0988006591796875,-0.2288818359375
1773062501607086336,69.64784836769104,1.0584564208984375,-0.0839691162109375,-0.3166351318359375
1773062501617142528,69.65790438652039,1.073944091796875,-0.025054931640625,-0.413055419921875
1773062501627197440,69.66795945167542,1.0517425537109375,-0.078125,-0.463836669921875
1773062501637253632,69.67801547050476,1.0497589111328125,-0.121246337890625,-0.4303131103515625
1773062501647308288,69.68807029724121,1.0704498291015625,-0.039398193359375,-0.387969970703125
1773062501657364480,69.69812631607056,1.0639495849609375,-0.0106201171875,-0.3973846435546875
1773062501667419392,69.70818138122559,1.007659912109375,-0.0880126953125,-0.36077880859375
1773062501677475328,69.71823740005493,0.9557342529296875,-0.1639862060546875,-0.3365325927734375
1773062501687530496,69.72829246520996,0.919708251953125,-0.1628265380859375,-0.369140625
1773062501697586432,69.7383484840393,0.9092559814453125,-0.096649169921875,-0.4459075927734375
1773062501707641344,69.74840331077576,0.925628662109375,-0.090789794921875,-0.5234832763671875
1773062501717697280,69.7584593296051,0.9389801025390625,-0.1413116455078125,-0.513519287109375
1773062501727752448,69.76851439476013,0.9632720947265625,-0.1905059814453125,-0.4792022705078125
1773062501737808384,69.77857041358948,0.981842041015625,-0.1774444580078125,-0.4470672607421875
1773062501747863552,69.7886254787445,0.9694061279296875,-0.1278533935546875,-0.400726318359375
1773062501757919488,69.79868149757385,0.9617156982421875,-0.0982818603515625,-0.3718719482421875
1773062501767974400,69.8087363243103,0.9764251708984375,-0.1215972900390625,-0.4150848388671875
1773062501778030336,69.81879234313965,0.9766845703125,-0.1913909912109375,-0.5189208984375
1773062501788085504,69.82884740829468,1.007720947265625,-0.177276611328125,-0.577545166015625
1773062501798141440,69.83890342712402,1.077880859375,-0.147552490234375,-0.5662994384765625
1773062501808196608,69.84895849227905,1.133453369140625,-0.201385498046875,-0.5053253173828125
1773062501818252544,69.8590145111084,1.144500732421875,-0.1704254150390625,-0.4411163330078125
1773062501828307456,69.86906933784485,1.0961456298828125,-0.109344482421875,-0.401336669921875
1773062501838363904,69.87912583351135,1.0423126220703125,-0.0829925537109375,-0.4779510498046875
1773062501848419072,69.88918089866638,1.018402099609375,-0.1178436279296875,-0.6549072265625
1773062501858475008,69.89923691749573,1.0174102783203125,-0.148162841796875,-0.75927734375
1773062501868529920,69.90929174423218,1.069488525390625,-0.113006591796875,-0.7287139892578125
1773062501878585856,69.91934776306152,1.0956268310546875,-0.135162353515625,-0.686370849609375
1773062501888640768,69.92940282821655,1.0242767333984375,-0.2877044677734375,-0.648773193359375
1773062501898696960,69.9394588470459,0.9561309814453125,-0.3318634033203125,-0.596221923828125
1773062501908752896,69.94951486587524,0.928375244140625,-0.0785675048828125,-0.6102142333984375
1773062501918808064,69.95956993103027,0.9209136962890625,0.0217437744140625,-0.7205352783203125
1773062501928863744,69.96962571144104,0.9426116943359375,-0.0336761474609375,-0.86376953125
1773062501938918912,69.97968077659607,0.924591064453125,-0.1071014404296875,-0.9390716552734375
1773062501948974848,69.98973679542542,0.9170379638671875,-0.21246337890625,-0.9459228515625
1773062501959030016,69.99979186058044,0.9590911865234375,-0.2463836669921875,-0.787567138671875
1773062501969085952,70.00984787940979,0.9818878173828125,-0.206024169921875,-0.55218505859375
1773062501979140864,70.01990270614624,0.9139251708984375,-0.250579833984375,-0.640899658203125
1773062501989196800,70.02995872497559,0.8441619873046875,-0.1383056640625,-0.694976806640625
1773062501999251968,70.04001379013062,0.800262451171875,-0.146759033203125,-0.6876983642578125
1773062502009307904,70.05006980895996,0.7996826171875,-0.1804962158203125,-0.856719970703125
1773062502019362816,70.06012487411499,0.7601470947265625,-0.1169586181640625,-1.036285400390625
1773062502029419008,70.07018089294434,0.7026214599609375,-0.089447021484375,-0.9578704833984375
1773062502039473664,70.08023571968079,0.7520294189453125,-0.1165924072265625,-0.801025390625
1773062502049529856,70.09029173851013,0.811279296875,-0.189483642578125,-0.72161865234375
1773062502059584768,70.10034680366516,0.781982421875,-0.2665863037109375,-0.72918701171875
1773062502069640960,70.1104028224945,0.7214813232421875,-0.2189178466796875,-0.7406158447265625
1773062502079695872,70.12045788764954,0.6994171142578125,-0.1690673828125,-0.8020477294921875
1773062502089752064,70.13051390647888,0.6863555908203125,-0.1762237548828125,-0.793365478515625
1773062502099806720,70.14056873321533,0.66180419921875,-0.200164794921875,-0.948089599609375
1773062502109862912,70.15062475204468,0.5509796142578125,-0.17230224609375,-0.9796142578125
1773062502119917824,70.1606798171997,0.4868927001953125,-0.1523590087890625,-0.7891998291015625
1773062502129974016,70.17073583602905,0.5327606201171875,-0.222442626953125,-0.811004638671875
1773062502140028928,70.18079090118408,0.52105712890625,-0.277984619140625,-0.9017333984375
1773062502150084864,70.19084692001343,0.490509033203125,-0.22100830078125,-0.8511810302734375
1773062502160139776,70.20090174674988,0.4901885986328125,-0.205596923828125,-0.830047607421875
1773062502170195712,70.21095776557922,0.4098358154296875,-0.2411956787109375,-0.837158203125
1773062502180250880,70.22101283073425,0.3785858154296875,-0.26654052734375,-0.772003173828125
1773062502190306816,70.2310688495636,0.351806640625,-0.2404937744140625,-0.8695220947265625
1773062502200361984,70.24112391471863,0.243438720703125,-0.1706390380859375,-0.9136962890625
1773062502210417920,70.25117993354797,0.1712188720703125,-0.1801605224609375,-0.9034881591796875
1773062502220472832,70.26123476028442,0.1764678955078125,-0.270294189453125,-0.8396453857421875
1773062502230528768,70.27129077911377,0.2138519287109375,-0.3038177490234375,-0.79730224609375
1773062502240584960,70.28134679794312,0.2005767822265625,-0.297821044921875,-0.8082122802734375
1773062502250639872,70.29140186309814,0.172821044921875,-0.27508544921875,-0.784393310546875
1773062502260695808,70.30145788192749,0.1534576416015625,-0.2906951904296875,-0.7525634765625
1773062502270750720,70.31151270866394,0.091461181640625,-0.306610107421875,-0.7431640625
1773062502280806656,70.32156872749329,0.01641845703125,-0.289276123046875,-0.8062896728515625
1773062502290861824,70.33162379264832,-0.0400238037109375,-0.2423553466796875,-0.8651123046875
1773062502300917760,70.34167981147766,-0.0573883056640625,-0.28076171875,-0.7518310546875
1773062502310972928,70.35173487663269,-0.059295654296875,-0.3013458251953125,-0.6851654052734375
1773062502321028864,70.36179089546204,-0.106231689453125,-0.2828369140625,-0.6784210205078125
1773062502331083776,70.37184572219849,-0.144866943359375,-0.32098388671875,-0.6688995361328125
1773062502341139712,70.38190174102783,-0.162872314453125,-0.3538970947265625,-0.7056121826171875
1773062502351194880,70.39195680618286,-0.1842041015625,-0.3634796142578125,-0.7212066650390625
1773062502361250816,70.4020128250122,-0.203704833984375,-0.354827880859375,-0.7568511962890625
1773062502371305984,70.41206789016724,-0.2230224609375,-0.3109893798828125,-0.70843505859375
1773062502381361920,70.42212390899658,-0.2696075439453125,-0.3246612548828125,-0.6500244140625
1773062502391416832,70.43217873573303,-0.3346710205078125,-0.3623046875,-0.5690155029296875
1773062502401472768,70.44223475456238,-0.3600006103515625,-0.3589935302734375,-0.5310211181640625
1773062502411527936,70.45228981971741,-0.384246826171875,-0.3591461181640625,-0.5547332763671875
1773062502421583872,70.46234583854675,-0.400299072265625,-0.299652099609375,-0.5302581787109375
1773062502431639040,70.47240090370178,-0.4232940673828125,-0.2808990478515625,-0.529083251953125
1773062502441694976,70.48245692253113,-0.465545654296875,-0.3303680419921875,-0.60302734375
1773062502451749888,70.49251174926758,-0.445159912109375,-0.324615478515625,-0.59661865234375
1773062502461805824,70.50256776809692,-0.422332763671875,-0.340240478515625,-0.5218353271484375
1773062502471860992,70.51262283325195,-0.450286865234375,-0.35797119140625,-0.4716339111328125
1773062502481916928,70.5226788520813,-0.5570068359375,-0.4434661865234375,-0.348052978515625
1773062502491972096,70.53273391723633,-0.6039276123046875,-0.3472442626953125,-0.41845703125
1773062502502027776,70.5427896976471,-0.595428466796875,-0.286468505859375,-0.4103546142578125
1773062502512082688,70.55284476280212,-0.6692047119140625,-0.3184051513671875,-0.43646240234375
1773062502522138880,70.56290078163147,-0.617156982421875,-0.25506591796875,-0.4660186767578125
1773062502532193792,70.5729558467865,-0.636383056640625,-0.28350830078125,-0.475250244140625
1773062502542249984,70.58301186561584,-0.63885498046875,-0.344879150390625,-0.4839630126953125
1773062502552305920,70.59306788444519,-0.634246826171875,-0.38775634765625,-0.4394683837890625
1773062502562360832,70.60312271118164,-0.638458251953125,-0.3672332763671875,-0.3735809326171875
1773062502572416768,70.61317873001099,-0.6747894287109375,-0.374420166015625,-0.3449859619140625
1773062502582471936,70.62323379516602,-0.723358154296875,-0.3598785400390625,-0.3371124267578125
1773062502592527872,70.63328981399536,-0.7451019287109375,-0.2592315673828125,-0.304931640625
1773062502602583040,70.64334487915039,-0.7621307373046875,-0.226654052734375,-0.3262786865234375
1773062502612638976,70.65340089797974,-0.76409912109375,-0.2555084228515625,-0.3340606689453125
1773062502622693888,70.66345572471619,-0.7686004638671875,-0.23779296875,-0.3583831787109375
1773062502632749824,70.67351174354553,-0.7576904296875,-0.2555389404296875,-0.4009246826171875
1773062502642804736,70.68356680870056,-0.751800537109375,-0.3165740966796875,-0.3162994384765625
1773062502652860928,70.69362282752991,-0.7919921875,-0.273529052734375,-0.2378082275390625
1773062502662915840,70.70367789268494,-0.84912109375,-0.242095947265625,-0.180419921875
1773062502672972032,70.71373391151428,-0.878387451171875,-0.2042999267578125,-0.2213592529296875
1773062502683026688,70.72378873825073,-0.8806304931640625,-0.175750732421875,-0.246124267578125
1773062502693082880,70.73384475708008,-0.873992919921875,-0.1904296875,-0.2601165771484375
1773062502703137792,70.74389982223511,-0.8649749755859375,-0.19573974609375,-0.2792816162109375
1773062502713193984,70.75395584106445,-0.86669921875,-0.161865234375,-0.28924560546875
1773062502723248896,70.76401090621948,-0.830718994140625,-0.0960693359375,-0.2821502685546875
1773062502733305088,70.77406692504883,-0.9073028564453125,-0.189239501953125,-0.23516845703125
1773062502743359744,70.78412175178528,-0.9490203857421875,-0.1702880859375,-0.22845458984375
1773062502753415936,70.79417777061462,-0.92913818359375,-0.1293487548828125,-0.231781005859375
1773062502763470848,70.80423283576965,-0.932098388671875,-0.1214599609375,-0.270538330078125
1773062502773526784,70.814288854599,-0.9267120361328125,-0.1265106201171875,-0.2790679931640625
1773062502783581952,70.82434391975403,-0.939849853515625,-0.13836669921875,-0.208526611328125
1773062502793637632,70.8343997001648,-0.97540283203125,-0.1209259033203125,-0.155426025390625
1773062502803692800,70.84445476531982,-1.0388031005859375,-0.10504150390625,-0.1380767822265625
1773062502813748736,70.85451078414917,-1.0744171142578125,-0.0912628173828125,-0.15423583984375
1773062502823803904,70.8645658493042,-1.067230224609375,-0.090850830078125,-0.2047119140625
1773062502833860864,70.87462282180786,-1.0226287841796875,-0.111846923828125,-0.2344512939453125
1773062502843916032,70.88467788696289,-0.972412109375,-0.07904052734375,-0.2812042236328125
1773062502853971712,70.89473366737366,-1.0126800537109375,-0.1171417236328125,-0.2490081787109375
1773062502864027648,70.904789686203,-1.062744140625,-0.107513427734375,-0.2190399169921875
1773062502874082816,70.91484475135803,-1.0619049072265625,-0.06719970703125,-0.1996307373046875
1773062502884138752,70.92490077018738,-1.07470703125,-0.080230712890625,-0.162567138671875
1773062502894193920,70.93495583534241,-1.07489013671875,-0.07373046875,-0.1906890869140625
1773062502904249856,70.94501185417175,-1.0440216064453125,-0.092681884765625,-0.1921539306640625
1773062502914304768,70.9550666809082,-1.03582763671875,-0.104766845703125,-0.2151031494140625
1773062502924360704,70.96512269973755,-1.026031494140625,-0.1038665771484375,-0.2412261962890625
1773062502934415872,70.97517776489258,-1.0110626220703125,-0.0978851318359375,-0.231475830078125
1773062502944471808,70.98523378372192,-0.9988555908203125,-0.071502685546875,-0.2296905517578125
1773062502954526976,70.99528884887695,-0.98797607421875,-0.0452423095703125,-0.2534637451171875
1773062502964582912,71.0053448677063,-0.9730987548828125,-0.0285797119140625,-0.2469024658203125
1773062502974637824,71.01539969444275,-0.9759674072265625,-0.02960205078125,-0.23944091796875
1773062502984693760,71.0254557132721,-0.9759368896484375,-0.0487213134765625,-0.2233734130859375
1773062502994748928,71.03551077842712,-0.966796875,-0.0557861328125,-0.19207763671875
1773062503004804864,71.04556679725647,-0.969024658203125,-0.02294921875,-0.184844970703125
1773062503014860032,71.0556218624115,-0.9689178466796875,-0.0048370361328125,-0.1857452392578125
1773062503024915968,71.06567788124084,-0.9581451416015625,0.0128021240234375,-0.1907196044921875
1773062503034970880,71.0757327079773,-0.9593505859375,0.0167236328125,-0.1835784912109375
1773062503045026816,71.08578872680664,-0.965545654296875,0.0205230712890625,-0.1733551025390625
1773062503055081728,71.09584379196167,-0.976226806640625,0.0152740478515625,-0.1690216064453125
1773062503065137920,71.10589981079102,-0.9903106689453125,0.0155029296875,-0.152862548828125
1773062503075192832,71.11595487594604,-0.9990997314453125,0.0158233642578125,-0.1351776123046875
1773062503085248768,71.12601065635681,-0.999786376953125,0.0166015625,-0.14599609375
1773062503095303680,71.13606572151184,-0.9915771484375,0.0293426513671875,-0.1884918212890625
1773062503105359872,71.14612174034119,-0.9817047119140625,0.031280517578125,-0.20001220703125
1773062503115414784,71.15617680549622,-0.9969635009765625,0.0304718017578125,-0.1918182373046875
1773062503125470976,71.16623282432556,-1.0091400146484375,0.016204833984375,-0.1838836669921875
1773062503135525888,71.17628788948059,-1.0251617431640625,-0.0091705322265625,-0.1616363525390625
1773062503145581824,71.18634366989136,-1.0271759033203125,-0.0043487548828125,-0.18768310546875
1773062503155636736,71.19639873504639,-1.0171966552734375,0.0109100341796875,-0.2151336669921875
1773062503165692928,71.20645475387573,-1.0139617919921875,0.0134429931640625,-0.1978759765625
1773062503175748864,71.21651077270508,-1.0262451171875,0.0075836181640625,-0.2169647216796875
1773062503185803776,71.22656583786011,-1.0229034423828125,0.00091552734375,-0.2266082763671875
1773062503195859968,71.23662185668945,-1.0008392333984375,-0.0007171630859375,-0.2205047607421875
1773062503205914624,71.2466766834259,-0.99053955078125,-0.008087158203125,-0.2210540771484375
1773062503215970816,71.25673270225525,-0.986175537109375,-0.0051422119140625,-0.2287139892578125
1773062503226025728,71.26678776741028,-0.976837158203125,0.00518798828125,-0.2283477783203125
1773062503236081920,71.27684378623962,-0.969970703125,-0.0070037841796875,-0.230194091796875
1773062503246136832,71.28689885139465,-0.9716339111328125,-0.01861572265625,-0.222808837890625
1773062503256193024,71.296954870224,-0.9795379638671875,-0.0223388671875,-0.2188720703125
1773062503266247680,71.30700969696045,-0.9624481201171875,-0.030975341796875,-0.2385711669921875
1773062503276303872,71.3170657157898,-0.960296630859375,-0.0359649658203125,-0.2537841796875
1773062503286358784,71.32712078094482,-0.951690673828125,-0.05096435546875,-0.27593994140625
1773062503296414976,71.33717679977417,-0.919525146484375,-0.0471343994140625,-0.2841033935546875
1773062503306469888,71.3472318649292,-0.8993988037109375,-0.0396270751953125,-0.2753143310546875
1773062503316525824,71.35728788375854,-0.91070556640625,-0.043914794921875,-0.265045166015625
1773062503326580736,71.367342710495,-0.9230194091796875,-0.06280517578125,-0.26959228515625
1773062503336636672,71.37739872932434,-0.9241485595703125,-0.099273681640625,-0.2653961181640625
1773062503346691840,71.38745379447937,-0.9333648681640625,-0.1300811767578125,-0.2365570068359375
1773062503356747776,71.39750981330872,-0.9492645263671875,-0.126434326171875,-0.2517547607421875
1773062503366802944,71.40756487846375,-0.945343017578125,-0.1145477294921875,-0.271881103515625
1773062503376858624,71.41762065887451,-0.917816162109375,-0.13946533203125,-0.2639617919921875
1773062503386913792,71.42767572402954,-0.9037933349609375,-0.152099609375,-0.28167724609375
1773062503396969728,71.43773174285889,-0.8806304931640625,-0.1363983154296875,-0.2756805419921875
1773062503407024896,71.44778680801392,-0.86065673828125,-0.132781982421875,-0.259796142578125
1773062503417080832,71.45784282684326,-0.868621826171875,-0.130035400390625,-0.2655029296875
1773062503427137024,71.46789884567261,-0.8627471923828125,-0.1679840087890625,-0.2725830078125
1773062503437191680,71.47795367240906,-0.8509979248046875,-0.217498779296875,-0.3027496337890625
1773062503447247616,71.4880096912384,-0.83648681640625,-0.20843505859375,-0.3215179443359375
1773062503457302784,71.49806475639343,-0.8185272216796875,-0.192962646484375,-0.330596923828125
1773062503467358720,71.50812077522278,-0.8075408935546875,-0.182586669921875,-0.36151123046875
1773062503477413888,71.51817584037781,-0.7948760986328125,-0.1771240234375,-0.360015869140625
1773062503487469824,71.52823185920715,-0.7871551513671875,-0.1550750732421875,-0.362762451171875
1773062503497524736,71.5382866859436,-0.783599853515625,-0.135223388671875,-0.3333587646484375
1773062503507580672,71.54834270477295,-0.7806854248046875,-0.1751251220703125,-0.379241943359375
1773062503517635840,71.55839776992798,-0.7409820556640625,-0.2365570068359375,-0.397003173828125
1773062503527691776,71.56845378875732,-0.698883056640625,-0.2642822265625,-0.4103240966796875
1773062503537746944,71.57850885391235,-0.69818115234375,-0.2279815673828125,-0.4400177001953125
1773062503547802880,71.5885648727417,-0.7105560302734375,-0.2145233154296875,-0.4466552734375
1773062503557857792,71.59861969947815,-0.712646484375,-0.220794677734375,-0.4448699951171875
1773062503567913728,71.6086757183075,-0.690765380859375,-0.241363525390625,-0.447601318359375
1773062503577968896,71.61873078346252,-0.6685028076171875,-0.2489013671875,-0.4675445556640625
1773062503588024832,71.62878680229187,-0.6679840087890625,-0.2507476806640625,-0.491851806640625
1773062503598080000,71.6388418674469,-0.673583984375,-0.2491607666015625,-0.5337982177734375
1773062503608135936,71.64889788627625,-0.6448516845703125,-0.2286529541015625,-0.5557098388671875
1773062503618190848,71.6589527130127,-0.6077423095703125,-0.2366485595703125,-0.5875701904296875
1773062503628246784,71.66900873184204,-0.574066162109375,-0.2628021240234375,-0.63525390625
1773062503638301952,71.67906379699707,-0.5464019775390625,-0.2760009765625,-0.6708221435546875
1773062503648357888,71.68911981582642,-0.558868408203125,-0.34490966796875,-0.64886474609375
1773062503658413056,71.69917488098145,-0.5095367431640625,-0.36724853515625,-0.78631591796875
1773062503668468736,71.70923066139221,-0.454742431640625,-0.3115081787109375,-0.6533660888671875
1773062503678523904,71.71928572654724,-0.47308349609375,-0.361053466796875,-0.6785888671875
1773062503688579840,71.72934174537659,-0.4990997314453125,-0.3926239013671875,-0.6593170166015625
1773062503698634752,71.73939681053162,-0.453399658203125,-0.3685455322265625,-0.5915679931640625
1773062503708690944,71.74945282936096,-0.390167236328125,-0.4039459228515625,-0.659881591796875
1773062503718746880,71.75950884819031,-0.2927703857421875,-0.4085845947265625,-0.793914794921875
1773062503728801792,71.76956367492676,-0.24462890625,-0.4083251953125,-0.788665771484375
1773062503738857728,71.7796196937561,-0.2587890625,-0.38458251953125,-0.7397918701171875
1773062503748912896,71.78967475891113,-0.2766265869140625,-0.275360107421875,-0.7354888916015625
1773062503758968832,71.79973077774048,-0.2686920166015625,-0.1592254638671875,-0.6817169189453125
1773062503769024000,71.80978584289551,-0.2559967041015625,-0.2011260986328125,-0.6958770751953125
1773062503779079936,71.81984186172485,-0.2186279296875,-0.32354736328125,-0.871795654296875
1773062503789134848,71.8298966884613,-0.136077880859375,-0.303070068359375,-0.934417724609375
1773062503799190784,71.83995270729065,-0.1027374267578125,-0.2499847412109375,-0.9002838134765625
1773062503809245952,71.85000777244568,-0.1499786376953125,-0.2663726806640625,-0.9048919677734375
1773062503819301888,71.86006379127502,-0.1366119384765625,-0.2632904052734375,-0.86260986328125
1773062503829356800,71.87011885643005,-0.119232177734375,-0.28411865234375,-0.774505615234375
1773062503839412224,71.88017416000366,-0.1211700439453125,-0.2713623046875,-0.8310546875
1773062503849467392,71.89022922515869,-0.1541595458984375,-0.243133544921875,-0.890838623046875
1773062503859523328,71.90028524398804,-0.07476806640625,-0.2456207275390625,-0.92132568359375
1773062503869578240,71.91034030914307,-0.0630340576171875,-0.3148956298828125,-0.9552459716796875
1773062503879634176,71.92039608955383,-0.049468994140625,-0.2984619140625,-0.9524688720703125
1773062503889689088,71.93045115470886,0.0002593994140625,-0.2434844970703125,-0.9977569580078125
1773062503899745280,71.94050717353821,-0.0004119873046875,-0.259521484375,-0.929412841796875
1773062503909800192,71.95056223869324,-0.031341552734375,-0.2912139892578125,-0.81329345703125
1773062503919856384,71.96061825752258,-0.0696563720703125,-0.330596923828125,-0.8930511474609375
1773062503929911040,71.97067308425903,0.0108184814453125,-0.3123016357421875,-0.9605865478515625
1773062503939967232,71.98072910308838,0.0821380615234375,-0.311370849609375,-1.0822906494140625
1773062503950022144,71.99078416824341,0.03106689453125,-0.328582763671875,-1.04071044921875
1773062503960078336,72.00084018707275,0.1349945068359375,-0.3097381591796875,-0.9168701171875
1773062503970133248,72.01089525222778,0.0751190185546875,-0.2641754150390625,-0.86444091796875
1773062503980189440,72.02095127105713,0.075714111328125,-0.1449737548828125,-0.8192291259765625
1773062503990245376,72.03100728988647,0.1397705078125,-0.14337158203125,-0.80694580078125
1773062504000300288,72.04106211662292,0.2061614990234375,-0.130615234375,-1.0779571533203125
1773062504010356224,72.05111813545227,0.2784576416015625,-0.08953857421875,-1.1690673828125
1773062504020411136,72.0611732006073,0.35467529296875,-0.1373291015625,-0.9881591796875
1773062504030467328,72.07122921943665,0.33111572265625,-0.30389404296875,-0.881805419921875
1773062504040522240,72.08128428459167,0.3001861572265625,-0.363555908203125,-0.80059814453125
1773062504050578432,72.09134030342102,0.294036865234375,-0.245391845703125,-0.7152099609375
1773062504060633088,72.10139513015747,0.2761993408203125,-0.1407470703125,-0.746795654296875
1773062504070689280,72.11145114898682,0.33612060546875,-0.0811920166015625,-0.966583251953125
1773062504080744192,72.12150621414185,0.4864654541015625,-0.0156402587890625,-1.2125701904296875
1773062504090800384,72.13156223297119,0.5934906005859375,-0.05120849609375,-1.0658721923828125
1773062504100855296,72.14161729812622,0.6295928955078125,-0.1736907958984375,-0.79010009765625
1773062504110911232,72.15167307853699,0.59423828125,-0.22418212890625,-0.8058013916015625
1773062504120966144,72.16172814369202,0.583587646484375,-0.165740966796875,-0.7791595458984375
1773062504131022336,72.17178416252136,0.5719757080078125,-0.1743927001953125,-0.5997314453125
1773062504141077248,72.18183922767639,0.538055419921875,-0.1113128662109375,-0.7146759033203125
1773062504151133184,72.19189524650574,0.5809783935546875,0.008758544921875,-0.924041748046875
1773062504161188096,72.20195007324219,0.694122314453125,0.030487060546875,-0.9414520263671875
1773062504171244032,72.21200609207153,0.763092041015625,-0.088409423828125,-0.892578125
1773062504181299200,72.22206115722656,0.7537384033203125,-0.171844482421875,-0.83233642578125
1773062504191355136,72.23211717605591,0.7249298095703125,-0.1714019775390625,-0.71148681640625
1773062504201410304,72.24217224121094,0.713470458984375,-0.118316650390625,-0.6857147216796875
1773062504211466240,72.25222826004028,0.7126007080078125,-0.1065216064453125,-0.6811676025390625
1773062504221521152,72.26228308677673,0.7385101318359375,-0.143463134765625,-0.660003662109375
1773062504231577088,72.27233910560608,0.7880401611328125,-0.0566558837890625,-0.882568359375
1773062504241632256,72.28239417076111,0.85772705078125,0.0817718505859375,-0.9870147705078125
1773062504251688192,72.29245018959045,0.8560943603515625,-0.06817626953125,-0.7122955322265625
1773062504261744384,72.3025062084198,0.793365478515625,-0.29913330078125,-0.5953826904296875
1773062504271799296,72.31256127357483,0.761322021484375,-0.2595367431640625,-0.61016845703125
1773062504281855232,72.32261729240417,0.7895355224609375,-0.0597991943359375,-0.606842041015625
1773062504291910144,72.33267211914062,0.85711669921875,0.0617523193359375,-0.6342010498046875
1773062504301966080,72.34272813796997,0.948272705078125,0.092010498046875,-0.64678955078125
1773062504312021248,72.352783203125,1.0590972900390625,0.135223388671875,-0.776580810546875
1773062504322077184,72.36283922195435,1.108154296875,0.1125640869140625,-0.6430816650390625
1773062504332132352,72.37289428710938,1.087677001953125,-0.0652313232421875,-0.3983154296875
1773062504342188288,72.38295030593872,1.019744873046875,-0.1459808349609375,-0.3480224609375
1773062504352243200,72.39300513267517,0.9807281494140625,-0.0613861083984375,-0.4103546142578125
1773062504362299136,72.40306115150452,1.0018463134765625,-0.025360107421875,-0.464691162109375
1773062504372354304,72.41311621665955,1.0061798095703125,-0.069549560546875,-0.4903106689453125
1773062504382410240,72.42317223548889,1.0452880859375,-0.0724029541015625,-0.486541748046875
1773062504392465408,72.43322730064392,1.0875396728515625,-0.055908203125,-0.4708404541015625
1773062504402521088,72.44328308105469,1.103973388671875,-0.0802459716796875,-0.458587646484375
1773062504412576256,72.45333814620972,1.128082275390625,-0.097381591796875,-0.45623779296875
1773062504422632192,72.46339416503906,1.1305999755859375,-0.1186370849609375,-0.439971923828125
1773062504432687360,72.47344923019409,1.1051483154296875,-0.1455841064453125,-0.3989715576171875
1773062504442743296,72.48350524902344,1.0513458251953125,-0.15753173828125,-0.3796539306640625
1773062504452798208,72.49356007575989,1.0269012451171875,-0.1764984130859375,-0.4195404052734375
1773062504462854144,72.50361609458923,1.0446014404296875,-0.1429901123046875,-0.4142608642578125
1773062504472909312,72.51367115974426,1.0658721923828125,-0.09539794921875,-0.37017822265625
1773062504482965248,72.52372717857361,1.070281982421875,-0.105682373046875,-0.3111419677734375
1773062504493020416,72.53378224372864,1.0803985595703125,-0.1099853515625,-0.281707763671875
1773062504503076352,72.54383826255798,1.0800933837890625,-0.0900421142578125,-0.2879638671875
1773062504513131264,72.55389308929443,1.0570068359375,-0.0925750732421875,-0.292510986328125
1773062504523187200,72.56394910812378,1.02899169921875,-0.1107330322265625,-0.3279266357421875
1773062504533242112,72.57400417327881,0.994964599609375,-0.119384765625,-0.3742218017578125
1773062504543298304,72.58406019210815,0.969329833984375,-0.133819580078125,-0.4266510009765625
1773062504553353216,72.59411525726318,0.9532928466796875,-0.1227874755859375,-0.432708740234375
1773062504563409408,72.60417127609253,0.9626922607421875,-0.101654052734375,-0.402374267578125
1773062504573465344,72.61422729492188,0.9859619140625,-0.0985565185546875,-0.3655242919921875
1773062504583520256,72.62428212165833,0.998504638671875,-0.1056365966796875,-0.347412109375
1773062504593576192,72.63433814048767,0.9948577880859375,-0.08441162109375,-0.3505706787109375
1773062504603631360,72.6443932056427,0.986328125,-0.061004638671875,-0.370391845703125
1773062504613687296,72.65444922447205,0.9605560302734375,-0.0609283447265625,-0.3907928466796875
1773062504623742464,72.66450428962708,0.9353179931640625,-0.089752197265625,-0.3614959716796875
1773062504633798400,72.67456030845642,0.9476318359375,-0.1093902587890625,-0.330413818359375
1773062504643853312,72.68461513519287,0.9779815673828125,-0.0987701416015625,-0.35137939453125
1773062504653909248,72.69467115402222,0.9908905029296875,-0.1009368896484375,-0.3552093505859375
1773062504663964160,72.70472621917725,0.9828643798828125,-0.12548828125,-0.3063812255859375
1773062504674020352,72.71478223800659,0.970428466796875,-0.138092041015625,-0.2451019287109375
1773062504684075264,72.72483730316162,0.9713134765625,-0.110809326171875,-0.2470245361328125
1773062504694131200,72.73489308357239,0.960968017578125,-0.070953369140625,-0.274444580078125
1773062504704186112,72.74494814872742,0.940093994140625,-0.0653533935546875,-0.2484130859375
1773062504714242304,72.75500416755676,0.9586029052734375,-0.0976715087890625,-0.2295074462890625
1773062504724297216,72.76505923271179,0.9985198974609375,-0.091064453125,-0.243621826171875
1773062504734353408,72.77511525154114,1.0196685791015625,-0.0831298828125,-0.2405242919921875
1773062504744408064,72.78517007827759,1.004241943359375,-0.1127777099609375,-0.1947479248046875
1773062504754464256,72.79522609710693,0.9796905517578125,-0.1309661865234375,-0.1581878662109375
1773062504764519168,72.80528116226196,0.963775634765625,-0.102508544921875,-0.17138671875
1773062504774575360,72.81533718109131,0.9459075927734375,-0.074737548828125,-0.182373046875
1773062504784630272,72.82539224624634,0.9370269775390625,-0.0848541259765625,-0.177276611328125
1773062504794686208,72.83544826507568,0.9674224853515625,-0.096099853515625,-0.1780242919921875
1773062504804741120,72.84550309181213,0.99658203125,-0.112548828125,-0.1596221923828125
1773062504814797056,72.85555911064148,1.00140380859375,-0.123199462890625,-0.1518096923828125
1773062504824853248,72.86561512947083,0.9968414306640625,-0.09649658203125,-0.1708831787109375
1773062504834908416,72.87567043304443,0.99127197265625,-0.0656585693359375,-0.189849853515625
1773062504844964608,72.88572645187378,0.9729156494140625,-0.0628204345703125,-0.2045135498046875
1773062504855019520,72.89578151702881,0.9464569091796875,-0.0701141357421875,-0.2048492431640625
1773062504865075712,72.90583753585815,0.9266204833984375,-0.086090087890625,-0.2071380615234375
1773062504875130624,72.91589260101318,0.932647705078125,-0.0821380615234375,-0.20794677734375
1773062504885186560,72.92594861984253,0.9481658935546875,-0.08148193359375,-0.18951416015625
1773062504895241472,72.93600344657898,0.9691009521484375,-0.086273193359375,-0.1704559326171875
1773062504905297408,72.94605946540833,0.9838714599609375,-0.07464599609375,-0.1904449462890625
1773062504915352576,72.95611453056335,0.980224609375,-0.0654144287109375,-0.222076416015625
1773062504925408512,72.9661705493927,0.968994140625,-0.071044921875,-0.2308807373046875
1773062504935463680,72.97622561454773,0.9506072998046875,-0.097137451171875,-0.2382659912109375
1773062504945519616,72.98628163337708,0.941986083984375,-0.108245849609375,-0.2389984130859375
1773062504955574528,72.99633646011353,0.9413299560546875,-0.111297607421875,-0.2527618408203125
1773062504965630464,73.00639247894287,0.9688720703125,-0.124908447265625,-0.2819976806640625
1773062504975685632,73.0164475440979,0.992034912109375,-0.124053955078125,-0.300323486328125
1773062504985741568,73.02650356292725,0.9972686767578125,-0.11785888671875,-0.3048858642578125
1773062504995796736,73.03655862808228,0.9914398193359375,-0.1043853759765625,-0.3232879638671875
1773062505005852416,73.04661440849304,0.9792938232421875,-0.0819549560546875,-0.3550567626953125
1773062505015907584,73.05666947364807,0.963409423828125,-0.0853118896484375,-0.3897857666015625
1773062505025963520,73.06672549247742,0.9697723388671875,-0.0721893310546875,-0.4524078369140625
1773062505036018688,73.07678055763245,0.9763641357421875,-0.1028289794921875,-0.5273284912109375
1773062505046074624,73.08683657646179,0.9800872802734375,-0.25634765625,-0.5095672607421875
1773062505056129792,73.09689164161682,1.00213623046875,-0.2372589111328125,-0.3697509765625
1773062505066185472,73.10694742202759,1.00634765625,-0.0665435791015625,-0.232940673828125
1773062505076240640,73.11700248718262,0.933502197265625,-0.0122222900390625,-0.1927032470703125
1773062505086296576,73.12705850601196,0.909454345703125,-0.0753173828125,-0.297943115234375
1773062505096352512,73.13711452484131,0.9459075927734375,-0.21600341796875,-0.3848876953125
1773062505106407680,73.14716958999634,0.9594268798828125,-0.3443756103515625,-0.337188720703125
1773062505116463616,73.15722560882568,1.0019073486328125,-0.2485198974609375,-0.2227935791015625
1773062505126518528,73.16728043556213,1.0850677490234375,-0.170745849609375,-0.1680908203125
1773062505136574464,73.17733645439148,1.177825927734375,-0.0984649658203125,-0.1126861572265625
1773062505146629632,73.18739151954651,1.216766357421875,-0.048126220703125,-0.1036224365234375
1773062505156685568,73.19744753837585,1.168731689453125,-0.0452728271484375,-0.213775634765625
1773062505166740736,73.20750260353088,1.08465576171875,-0.2125091552734375,-0.47967529296875
1773062505176796672,73.21755862236023,1.0329132080078125,-0.419158935546875,-0.6492919921875
1773062505186851584,73.22761344909668,1.1182861328125,-0.3096923828125,-0.512176513671875
1773062505196907520,73.23766946792603,1.2111663818359375,-0.239654541015625,-0.3421173095703125
1773062505206962688,73.24772453308105,1.261688232421875,-0.172454833984375,-0.2735443115234375
1773062505217018624,73.2577805519104,1.2476348876953125,0.0150909423828125,-0.324462890625
1773062505227073792,73.26783561706543,1.1314697265625,-0.04046630859375,-0.436676025390625
1773062505237129728,73.27789163589478,1.026092529296875,-0.1363525390625,-0.610595703125
1773062505247184640,73.28794646263123,0.9991912841796875,-0.240509033203125,-0.771514892578125
1773062505257240576,73.29800248146057,1.0770416259765625,-0.1751861572265625,-0.75701904296875
1773062505267295488,73.3080575466156,1.1841278076171875,-0.10711669921875,-0.6131134033203125
1773062505277351680,73.31811356544495,1.20416259765625,-0.1932373046875,-0.503204345703125
1773062505287406592,73.32816863059998,1.173553466796875,-0.08837890625,-0.471649169921875
1773062505297462528,73.33822441101074,1.1241912841796875,-0.0081939697265625,-0.482757568359375
1773062505307517440,73.34827947616577,1.0346832275390625,-0.0576629638671875,-0.5530853271484375
1773062505317573632,73.35833549499512,0.9773406982421875,-0.0928955078125,-0.7178802490234375
1773062505327628544,73.36839056015015,0.9749298095703125,-0.162384033203125,-0.8535003662109375
1773062505337684736,73.37844657897949,1.024871826171875,-0.1213836669921875,-0.8653564453125
1773062505347739392,73.38850140571594,1.0375213623046875,-0.0780181884765625,-0.7476959228515625
1773062505357795584,73.39855742454529,1.0608367919921875,-0.0980377197265625,-0.6677398681640625
1773062505367851520,73.40861344337463,1.1229705810546875,-0.0337982177734375,-0.601165771484375
1773062505377906688,73.41866850852966,1.0970916748046875,-0.0435028076171875,-0.559326171875
1773062505387962624,73.42872452735901,1.0059814453125,-0.14447021484375,-0.7119903564453125
1773062505398017536,73.43877959251404,0.9240875244140625,-0.2070465087890625,-0.88348388671875
1773062505408073728,73.44883561134338,0.867218017578125,-0.1721343994140625,-0.9590606689453125
1773062505418128384,73.45889043807983,0.8829193115234375,-0.119384765625,-0.9353485107421875
1773062505428184576,73.46894645690918,0.8944091796875,-0.1554718017578125,-0.8809661865234375
1773062505438239488,73.47900152206421,0.9157867431640625,-0.1085052490234375,-0.8044281005859375
1773062505448295680,73.48905754089355,0.9003448486328125,-0.056182861328125,-0.760986328125
1773062505458350592,73.49911260604858,0.8466033935546875,-0.1404571533203125,-0.76031494140625
1773062505468406784,73.50916862487793,0.77398681640625,-0.1482086181640625,-0.8322906494140625
1773062505478461440,73.51922345161438,0.7291259765625,-0.1764373779296875,-0.8557586669921875
1773062505488517632,73.52927947044373,0.7263641357421875,-0.213470458984375,-0.8006134033203125
1773062505498572544,73.53933453559875,0.77490234375,-0.1373443603515625,-0.8346405029296875
1773062505508628480,73.5493905544281,0.8100128173828125,-0.1559906005859375,-0.9557952880859375
1773062505518683648,73.55944561958313,0.773406982421875,-0.1647186279296875,-0.9092254638671875
1773062505528739584,73.56950163841248,0.7018280029296875,-0.155975341796875,-0.742431640625
1773062505538794496,73.57955646514893,0.6540374755859375,-0.162567138671875,-0.6853485107421875
1773062505548850432,73.58961248397827,0.599822998046875,-0.066375732421875,-0.756744384765625
1773062505558905600,73.5996675491333,0.5116119384765625,0.02880859375,-0.75653076171875
1773062505568961536,73.60972356796265,0.4291534423828125,-0.0291900634765625,-0.7514190673828125
1773062505579016704,73.61977863311768,0.401763916015625,-0.164306640625,-0.7489166259765625
1773062505589072384,73.62983441352844,0.4358673095703125,-0.1546173095703125,-0.8350677490234375
1773062505599127552,73.63988947868347,0.44842529296875,-0.1326751708984375,-0.8922882080078125
1773062505609183488,73.64994549751282,0.4238739013671875,-0.2167816162109375,-0.7927703857421875
1773062505619238656,73.66000056266785,0.3895263671875,-0.1527252197265625,-0.665283203125
1773062505629294592,73.67005658149719,0.31121826171875,-0.04302978515625,-0.634613037109375
1773062505639349504,73.68011140823364,0.22662353515625,-0.1062774658203125,-0.673583984375
1773062505649405440,73.69016742706299,0.1217498779296875,-0.1815185546875,-0.6721649169921875
1773062505659461376,73.70022344589233,0.06011962890625,-0.16387939453125,-0.719268798828125
1773062505669516544,73.71027851104736,0.0328216552734375,-0.1745758056640625,-0.779205322265625
1773062505679572480,73.72033452987671,0.03717041015625,-0.23211669921875,-0.8740081787109375
1773062505689627648,73.73038959503174,0.0840911865234375,-0.2315673828125,-0.8648223876953125
1773062505699683584,73.74044561386108,0.059326171875,-0.203369140625,-0.7148895263671875
1773062505709738496,73.75050044059753,0.0132904052734375,-0.233551025390625,-0.614105224609375
1773062505719794432,73.76055645942688,-0.046112060546875,-0.297088623046875,-0.6404876708984375
1773062505729849600,73.77061152458191,-0.1128997802734375,-0.2745208740234375,-0.669189453125
1773062505739905536,73.78066754341125,-0.1650543212890625,-0.2100830078125,-0.7275390625
1773062505749960704,73.79072260856628,-0.217437744140625,-0.1960906982421875,-0.741424560546875
1773062505760016640,73.80077862739563,-0.206085205078125,-0.2324371337890625,-0.7951507568359375
1773062505770071552,73.81083345413208,-0.157867431640625,-0.2861785888671875,-0.7855072021484375
1773062505780127488,73.82088947296143,-0.1737213134765625,-0.3448638916015625,-0.7023162841796875
1773062505790182656,73.83094453811646,-0.195892333984375,-0.3310699462890625,-0.627838134765625
1773062505800238592,73.8410005569458,-0.216217041015625,-0.3345947265625,-0.619842529296875
1773062505810293760,73.85105562210083,-0.267303466796875,-0.36322021484375,-0.5889434814453125
1773062505820349696,73.86111164093018,-0.3271331787109375,-0.37225341796875,-0.578125
1773062505830404608,73.87116646766663,-0.38519287109375,-0.377105712890625,-0.5787506103515625
1773062505840460032,73.88122200965881,-0.4202423095703125,-0.323028564453125,-0.5485687255859375
1773062505850515200,73.89127707481384,-0.4437408447265625,-0.370941162109375,-0.6885986328125
1773062505860571136,73.90133309364319,-0.4157562255859375,-0.37677001953125,-0.7691192626953125
1773062505870626048,73.91138792037964,-0.3777313232421875,-0.361297607421875,-0.6670989990234375
1773062505880681984,73.92144393920898,-0.4417266845703125,-0.414031982421875,-0.5742034912109375
1773062505890737152,73.93149900436401,-0.49169921875,-0.427337646484375,-0.545867919921875
1773062505900793088,73.94155502319336,-0.4796295166015625,-0.44256591796875,-0.59613037109375
1773062505910848256,73.95161008834839,-0.4459991455078125,-0.3538055419921875,-0.5355682373046875
1773062505920904192,73.96166610717773,-0.549896240234375,-0.4248809814453125,-0.484405517578125
1773062505930960128,73.97172212600708,-0.630126953125,-0.3102874755859375,-0.4785614013671875
1773062505941015040,73.98177695274353,-0.59967041015625,-0.33966064453125,-0.47296142578125
1773062505951070976,73.99183297157288,-0.630218505859375,-0.34857177734375,-0.5565032958984375
1773062505961126144,74.0018880367279,-0.56298828125,-0.303497314453125,-0.5608673095703125
1773062505971182080,74.01194405555725,-0.59332275390625,-0.33258056640625,-0.53826904296875
1773062505981237248,74.02199912071228,-0.66351318359375,-0.3493804931640625,-0.479278564453125
1773062505991293184,74.03205513954163,-0.6910400390625,-0.323822021484375,-0.44427490234375
1773062506001348096,74.04210996627808,-0.706268310546875,-0.3085174560546875,-0.4355010986328125
1773062506011404032,74.05216598510742,-0.72650146484375,-0.2982330322265625,-0.351318359375
1773062506021459200,74.06222105026245,-0.7515411376953125,-0.3070526123046875,-0.2972412109375
1773062506031515136,74.0722770690918,-0.796844482421875,-0.2913818359375,-0.3200836181640625
1773062506041570304,74.08233213424683,-0.782073974609375,-0.2613067626953125,-0.383270263671875
1773062506051625984,74.09238791465759,-0.7515869140625,-0.3165740966796875,-0.393402099609375
1773062506061681152,74.10244297981262,-0.7410736083984375,-0.345367431640625,-0.3403472900390625
1773062506071737088,74.11249899864197,-0.780181884765625,-0.34185791015625,-0.3475341796875
1773062506081792000,74.122554063797,-0.7971343994140625,-0.3339385986328125,-0.363739013671875
1773062506091848192,74.13261008262634,-0.7971343994140625,-0.322723388671875,-0.3086090087890625
1773062506101902848,74.1426649093628,-0.850921630859375,-0.2595367431640625,-0.2669830322265625
1773062506111959040,74.15272092819214,-0.8713226318359375,-0.2424468994140625,-0.2859344482421875
1773062506122013952,74.16277599334717,-0.8569183349609375,-0.280181884765625,-0.296661376953125
1773062506132070144,74.17283201217651,-0.863616943359375,-0.2981414794921875,-0.295745849609375
1773062506142125056,74.18288707733154,-0.861297607421875,-0.280792236328125,-0.2985992431640625
1773062506152181248,74.19294309616089,-0.8395233154296875,-0.273101806640625,-0.29168701171875
1773062506162235904,74.20299792289734,-0.8446197509765625,-0.254974365234375,-0.251617431640625
1773062506172292096,74.21305394172668,-0.86279296875,-0.2172698974609375,-0.25225830078125
1773062506182348032,74.22310996055603,-0.8887481689453125,-0.2041015625,-0.2681732177734375
1773062506192403200,74.23316502571106,-0.893951416015625,-0.228668212890625,-0.3038482666015625
1773062506202459136,74.2432210445404,-0.894195556640625,-0.2718658447265625,-0.24444580078125
1773062506212514048,74.25327610969543,-0.9089508056640625,-0.240020751953125,-0.237579345703125
1773062506222570240,74.26333212852478,-0.9012451171875,-0.21673583984375,-0.2397613525390625
1773062506232624896,74.27338695526123,-0.8936614990234375,-0.2126312255859375,-0.21630859375
1773062506242681088,74.28344297409058,-0.9010467529296875,-0.1946868896484375,-0.1780853271484375
1773062506252736000,74.2934980392456,-0.975189208984375,-0.175811767578125,-0.2093353271484375
1773062506262792192,74.30355405807495,-0.9620208740234375,-0.1634063720703125,-0.2717742919921875
1773062506272847104,74.31360912322998,-0.94366455078125,-0.1798248291015625,-0.27191162109375
1773062506282903296,74.32366514205933,-0.9484405517578125,-0.192108154296875,-0.2320709228515625
1773062506292957952,74.33371996879578,-0.9706878662109375,-0.1784820556640625,-0.2328643798828125
1773062506303014144,74.34377598762512,-0.9732513427734375,-0.15924072265625,-0.2013092041015625
1773062506313069056,74.35383105278015,-1.00054931640625,-0.1485748291015625,-0.196624755859375
1773062506323125248,74.3638870716095,-1.0197601318359375,-0.1351776123046875,-0.1971588134765625
1773062506333180160,74.37394213676453,-1.014678955078125,-0.1197967529296875,-0.218780517578125
1773062506343236096,74.3839979171753,-1.0189971923828125,-0.1105194091796875,-0.249267578125
1773062506353291008,74.39405298233032,-1.0216522216796875,-0.1068267822265625,-0.2429046630859375
1773062506363346944,74.40410900115967,-1.028472900390625,-0.1263275146484375,-0.2370758056640625
1773062506373402112,74.4141640663147,-1.023681640625,-0.138702392578125,-0.233123779296875
1773062506383458048,74.42422008514404,-1.008026123046875,-0.109832763671875,-0.220611572265625
1773062506393512960,74.4342749118805,-1.016204833984375,-0.072235107421875,-0.2332916259765625
1773062506403568896,74.44433093070984,-1.01324462890625,-0.06915283203125,-0.2636566162109375
1773062506413624064,74.45438599586487,-0.99462890625,-0.0915679931640625,-0.2579803466796875
1773062506423680000,74.46444201469421,-0.9958038330078125,-0.123687744140625,-0.2211761474609375
1773062506433735168,74.47449707984924,-1.0136566162109375,-0.1190032958984375,-0.213134765625
1773062506443791104,74.48455309867859,-1.0228271484375,-0.1055145263671875,-0.2085113525390625
1773062506453846016,74.49460792541504,-1.011474609375,-0.0521087646484375,-0.1961517333984375
1773062506463901952,74.50466394424438,-0.99359130859375,-0.016204833984375,-0.220855712890625
1773062506473957888,74.51471996307373,-1.01513671875,-0.0259246826171875,-0.230072021484375
1773062506484013056,74.52477502822876,-1.0132598876953125,-0.038970947265625,-0.2719268798828125
1773062506494068992,74.5348310470581,-0.98681640625,-0.0770721435546875,-0.271759033203125
1773062506504124160,74.54488611221313,-0.9787139892578125,-0.0757598876953125,-0.25628662109375
1773062506514180096,74.55494213104248,-0.96856689453125,-0.0268096923828125,-0.2537994384765625
1773062506524235008,74.56499695777893,-0.9668426513671875,-0.0300445556640625,-0.2545928955078125
1773062506534290944,74.57505297660828,-0.9662933349609375,-0.0512542724609375,-0.26007080078125
1773062506544346112,74.5851080417633,-0.9681396484375,-0.06414794921875,-0.2391510009765625
1773062506554402048,74.59516406059265,-0.9850921630859375,-0.0657958984375,-0.232696533203125
1773062506564457216,74.60521912574768,-1.004302978515625,-0.059661865234375,-0.2150421142578125
1773062506574512896,74.61527490615845,-1.006988525390625,-0.0372467041015625,-0.203125
1773062506584568064,74.62532997131348,-1.002471923828125,-0.0298614501953125,-0.2032012939453125
1773062506594624000,74.63538599014282,-0.9911651611328125,-0.0277557373046875,-0.2030792236328125
1773062506604679168,74.64544105529785,-0.982818603515625,-0.037261962890625,-0.212615966796875
1773062506614735104,74.6554970741272,-0.993499755859375,-0.056549072265625,-0.20428466796875
1773062506624790272,74.66555213928223,-1.0027008056640625,-0.060211181640625,-0.215362548828125
1773062506634845952,74.675607919693,-1.0182647705078125,-0.0516510009765625,-0.2351226806640625
1773062506644901120,74.68566298484802,-1.05078125,-0.04571533203125,-0.2091217041015625
1773062506654957056,74.69571900367737,-1.0824432373046875,-0.0406341552734375,-0.1789093017578125
1773062506665012224,74.7057740688324,-1.0683441162109375,-0.021331787109375,-0.1776580810546875
1773062506675068160,74.71583008766174,-1.02978515625,-0.002655029296875,-0.172332763671875
1773062506685123072,74.7258849143982,-1.001739501953125,-0.0145416259765625,-0.2135467529296875
1773062506695179008,74.73594093322754,-0.9792938232421875,-0.037689208984375,-0.253662109375
1773062506705234176,74.74599599838257,-0.9626922607421875,-0.062713623046875,-0.256927490234375
1773062506715290112,74.75605201721191,-0.9375152587890625,-0.068359375,-0.21990966796875
1773062506725345024,74.76610708236694,-0.9399871826171875,-0.0800018310546875,-0.18011474609375
1773062506735401216,74.77616310119629,-0.9604949951171875,-0.071380615234375,-0.1817169189453125
1773062506745457152,74.78621912002563,-0.962677001953125,-0.0366058349609375,-0.1871185302734375
1773062506755512064,74.79627394676208,-0.935546875,-0.0281829833984375,-0.229156494140625
1773062506765568000,74.80632996559143,-0.901123046875,-0.0651702880859375,-0.2510223388671875
1773062506775623168,74.81638503074646,-0.89141845703125,-0.10028076171875,-0.2454071044921875
1773062506785679104,74.8264410495758,-0.8816986083984375,-0.096832275390625,-0.258331298828125
1773062506795734272,74.83649611473083,-0.8673095703125,-0.0971221923828125,-0.2729949951171875
1773062506805790208,74.84655213356018,-0.849365234375,-0.0924530029296875,-0.280364990234375
1773062506815845120,74.85660696029663,-0.8427734375,-0.069549560546875,-0.2704925537109375
1773062506825901056,74.86666297912598,-0.8623504638671875,-0.048919677734375,-0.262542724609375
1773062506835955968,74.87671780586243,-0.8774261474609375,-0.0486907958984375,-0.2562408447265625
1773062506846011904,74.88677382469177,-0.869232177734375,-0.097442626953125,-0.260894775390625
1773062506856066816,74.8968288898468,-0.8415985107421875,-0.1533050537109375,-0.2823486328125
1773062506866122752,74.90688467025757,-0.813629150390625,-0.16839599609375,-0.2991180419921875
1773062506876177664,74.9169397354126,-0.8002471923828125,-0.15338134765625,-0.297760009765625
1773062506886233856,74.92699575424194,-0.8096466064453125,-0.1409759521484375,-0.3335113525390625
1773062506896288768,74.93705081939697,-0.787628173828125,-0.1333465576171875,-0.341522216796875
1773062506906344960,74.94710683822632,-0.797698974609375,-0.1298980712890625,-0.3099822998046875
1773062506916399616,74.95716166496277,-0.84967041015625,-0.1621551513671875,-0.332061767578125
1773062506926455808,74.96721768379211,-0.842071533203125,-0.2175750732421875,-0.3895416259765625
1773062506936510720,74.97727274894714,-0.8055419921875,-0.22454833984375,-0.4196319580078125
1773062506946566912,74.98732876777649,-0.775787353515625,-0.2126007080078125,-0.4350433349609375
1773062506956621824,74.99738383293152,-0.743194580078125,-0.2479400634765625,-0.4840240478515625
1773062506966678016,75.00743985176086,-0.691070556640625,-0.2622528076171875,-0.489501953125
1773062506976732672,75.01749467849731,-0.721923828125,-0.2393035888671875,-0.4611358642578125
1773062506986788864,75.02755069732666,-0.809539794921875,-0.219207763671875,-0.388885498046875
1773062506996843776,75.03760576248169,-0.8340301513671875,-0.225250244140625,-0.378692626953125
1773062507006899712,75.04766178131104,-0.8438262939453125,-0.2682342529296875,-0.4290924072265625
1773062507016954880,75.05771684646606,-0.789886474609375,-0.32940673828125,-0.5317535400390625
1773062507027010816,75.06777286529541,-0.68792724609375,-0.301116943359375,-0.5823974609375
1773062507037067008,75.07782888412476,-0.6308135986328125,-0.3065338134765625,-0.580718994140625
1773062507047121664,75.0878837108612,-0.6361236572265625,-0.336334228515625,-0.475677490234375
1773062507057177856,75.09793972969055,-0.673095703125,-0.36187744140625,-0.431793212890625
1773062507067232768,75.10799479484558,-0.6860504150390625,-0.3075408935546875,-0.3634796142578125
1773062507077288960,75.11805081367493,-0.6728515625,-0.253173828125,-0.382354736328125
1773062507087343872,75.12810587882996,-0.7079010009765625,-0.31390380859375,-0.36016845703125
1773062507097399808,75.13816165924072,-0.565643310546875,-0.278900146484375,-0.86602783203125
1773062507107454720,75.14821672439575,-0.384521484375,-0.174835205078125,-0.7906341552734375
1773062507117510912,75.1582727432251,-0.3959503173828125,-0.2492218017578125,-0.6578521728515625
1773062507127565824,75.16832780838013,-0.4707794189453125,-0.370452880859375,-0.5777740478515625
1773062507137621760,75.17838382720947,-0.4956817626953125,-0.421783447265625,-0.4172210693359375
1773062507147676928,75.1884388923645,-0.4379730224609375,-0.2812652587890625,-0.4146881103515625
1773062507157732608,75.19849467277527,-0.4394683837890625,-0.267822265625,-0.58612060546875
1773062507167787776,75.2085497379303,-0.42193603515625,-0.19232177734375,-0.6509857177734375
1773062507177843712,75.21860575675964,-0.3676300048828125,-0.1410675048828125,-0.7704925537109375
1773062507187898880,75.22866082191467,-0.2922515869140625,-0.183135986328125,-0.816070556640625
1773062507197954816,75.23871684074402,-0.2153778076171875,-0.174652099609375,-0.832427978515625
1773062507208009728,75.24877166748047,-0.21160888671875,-0.2184295654296875,-0.7728424072265625
1773062507218065664,75.25882768630981,-0.253753662109375,-0.315338134765625,-0.5987396240234375
1773062507228120832,75.26888275146484,-0.2558135986328125,-0.3134307861328125,-0.598297119140625
1773062507238176768,75.27893877029419,-0.2234954833984375,-0.332550048828125,-0.7215576171875
1773062507248231936,75.28899383544922,-0.1696319580078125,-0.293975830078125,-0.8002471923828125
1773062507258287872,75.29904985427856,-0.1288909912109375,-0.183197021484375,-0.9595794677734375
1773062507268342784,75.30910468101501,-0.063323974609375,-0.171600341796875,-1.0179290771484375
1773062507278398720,75.31916069984436,-0.0261993408203125,-0.2311553955078125,-0.97015380859375
1773062507288453888,75.32921576499939,-0.004058837890625,-0.333251953125,-0.7874755859375
1773062507298509824,75.33927178382874,-0.0534210205078125,-0.379730224609375,-0.7212066650390625
1773062507308565760,75.34932780265808,-0.005523681640625,-0.202117919921875,-0.7116241455078125
1773062507318620928,75.35938286781311,0.001312255859375,-0.1059417724609375,-0.790863037109375
1773062507328676864,75.36943888664246,0.02557373046875,-0.034027099609375,-0.827178955078125
1773062507338731776,75.3794937133789,0.0902252197265625,-0.0653076171875,-0.91412353515625
1773062507348787712,75.38954973220825,0.14923095703125,-0.1549224853515625,-1.0158538818359375
1773062507358842880,75.39960479736328,0.3209991455078125,-0.09832763671875,-1.0429840087890625
1773062507368898816,75.40966081619263,0.3155059814453125,-0.18939208984375,-0.938446044921875
1773062507378953984,75.41971588134766,0.2894287109375,-0.2890472412109375,-0.9033203125
1773062507389009664,75.42977166175842,0.2995758056640625,-0.21099853515625,-0.76361083984375
1773062507399064832,75.43982672691345,0.3134307861328125,-0.1973419189453125,-0.662689208984375
1773062507409120768,75.4498827457428,0.3317413330078125,-0.019439697265625,-0.7973785400390625
1773062507419175936,75.45993781089783,0.37274169921875,0.078765869140625,-0.9091796875
1773062507429231872,75.46999382972717,0.466766357421875,0.048675537109375,-1.102142333984375
1773062507439286784,75.48004865646362,0.567840576171875,-0.035675048828125,-1.053009033203125
1773062507449342720,75.49010467529297,0.6498565673828125,-0.1725006103515625,-0.932891845703125
1773062507459397888,75.500159740448,0.6164093017578125,-0.3540191650390625,-0.8973846435546875
1773062507469453824,75.51021575927734,0.5915069580078125,-0.2934722900390625,-0.7389068603515625
1773062507479508992,75.52027082443237,0.6181488037109375,-0.119720458984375,-0.6179656982421875
1773062507489564928,75.53032684326172,0.595672607421875,0.011993408203125,-0.8061370849609375
1773062507499619840,75.54038166999817,0.67388916015625,0.1226654052734375,-1.0073394775390625
1773062507509675776,75.55043768882751,0.7957611083984375,0.094757080078125,-1.0955047607421875
1773062507519730688,75.56049275398254,0.8022918701171875,-0.067352294921875,-0.9931182861328125
1773062507529786880,75.57054877281189,0.79412841796875,-0.209320068359375,-0.8455047607421875
1773062507539841792,75.58060383796692,0.79583740234375,-0.28228759765625,-0.736724853515625
1773062507549897984,75.59065985679626,0.7666473388671875,-0.2113037109375,-0.679107666015625
1773062507559952640,75.60071468353271,0.7688446044921875,-0.0406951904296875,-0.8037261962890625
1773062507570008832,75.61077070236206,0.8109893798828125,0.08349609375,-0.794830322265625
1773062507580064768,75.6208267211914,0.8554840087890625,0.0731353759765625,-0.7815399169921875
1773062507590119936,75.63088178634644,0.8480224609375,0.04888916015625,-0.9678497314453125
1773062507600175872,75.64093780517578,0.8973541259765625,0.0442962646484375,-0.9579925537109375
1773062507610231040,75.65099287033081,0.95465087890625,-0.0903778076171875,-0.7076263427734375
1773062507620286976,75.66104888916016,0.960235595703125,-0.2480316162109375,-0.5778656005859375
1773062507630341888,75.6711037158966,0.9530792236328125,-0.1529541015625,-0.6102294921875
1773062507640397824,75.68115973472595,0.883941650390625,0.0522918701171875,-0.6564483642578125
1773062507650452736,75.69121479988098,0.852020263671875,0.1089324951171875,-0.685882568359375
1773062507660508928,75.70127081871033,0.883819580078125,0.0424346923828125,-0.7274169921875
1773062507670563840,75.71132588386536,0.9450225830078125,0.029205322265625,-0.7572784423828125
1773062507680619776,75.72138166427612,0.9784698486328125,0.0001373291015625,-0.724517822265625
1773062507690674688,75.73143672943115,0.990142822265625,-0.0733489990234375,-0.682464599609375
1773062507700730880,75.7414927482605,0.9920501708984375,-0.09259033203125,-0.626678466796875
1773062507710785792,75.75154781341553,0.98126220703125,-0.095489501953125,-0.593353271484375
1773062507720841984,75.76160383224487,0.9914093017578125,-0.09765625,-0.578155517578125
1773062507730896640,75.77165865898132,0.9878082275390625,-0.107330322265625,-0.575653076171875
1773062507740952832,75.78171467781067,0.9723663330078125,-0.11749267578125,-0.528533935546875
1773062507751007744,75.7917697429657,0.9645843505859375,-0.0911102294921875,-0.5072021484375
1773062507761063936,75.80182576179504,0.9539337158203125,-0.0019989013671875,-0.5446319580078125
1773062507771118848,75.81188082695007,0.965087890625,0.0509796142578125,-0.5630645751953125
1773062507781174784,75.82193684577942,1.0096282958984375,0.0428314208984375,-0.5501708984375
1773062507791229696,75.83199167251587,1.0401153564453125,-0.005126953125,-0.5160369873046875
1773062507801285632,75.84204769134521,1.0454254150390625,-0.0937957763671875,-0.4660491943359375
1773062507811340800,75.85210275650024,1.0464935302734375,-0.138092041015625,-0.4488677978515625
1773062507821396736,75.86215877532959,1.0546875,-0.11065673828125,-0.44342041015625
1773062507831451904,75.87221384048462,1.0431976318359375,-0.1125030517578125,-0.50030517578125
1773062507841507584,75.88226962089539,0.9747314453125,-0.092559814453125,-0.4725799560546875
1773062507851562496,75.89232444763184,0.98028564453125,-0.0204620361328125,-0.4422454833984375
1773062507861618432,75.90238046646118,0.991790771484375,-0.025299072265625,-0.385772705078125
1773062507871674624,75.91243648529053,1.000274658203125,-0.0694732666015625,-0.3262939453125
1773062507881729536,75.92249155044556,1.0193328857421875,-0.075897216796875,-0.3482513427734375
1773062507891785728,75.9325475692749,1.0341644287109375,-0.0592498779296875,-0.3770599365234375
1773062507901840640,75.94260263442993,1.058380126953125,-0.0649566650390625,-0.3636627197265625
1773062507911896576,75.9526584148407,1.0704193115234375,-0.09197998046875,-0.3466339111328125
1773062507921951488,75.96271347999573,1.0494384765625,-0.095458984375,-0.338836669921875
1773062507932007424,75.97276949882507,1.009674072265625,-0.074615478515625,-0.32220458984375
1773062507942062592,75.9828245639801,0.986907958984375,-0.0590057373046875,-0.3361663818359375
1773062507952118528,75.99288058280945,0.9664306640625,-0.052703857421875,-0.36468505859375
1773062507962173440,76.0029354095459,0.957550048828125,-0.051025390625,-0.387786865234375
1773062507972229376,76.01299142837524,0.95513916015625,-0.0667724609375,-0.392333984375
1773062507982284544,76.02304649353027,0.9733734130859375,-0.0713043212890625,-0.4036865234375
1773062507992340480,76.03310251235962,0.9860076904296875,-0.0772857666015625,-0.435699462890625
1773062508002395648,76.04315757751465,0.9756622314453125,-0.0979156494140625,-0.431671142578125
1773062508012451584,76.053213596344,0.9667816162109375,-0.101287841796875,-0.4031219482421875
1773062508022506496,76.06326842308044,0.94921875,-0.1031341552734375,-0.4025421142578125
1773062508032562432,76.07332444190979,0.938720703125,-0.116912841796875,-0.397735595703125
1773062508042617600,76.08337950706482,0.9312286376953125,-0.127716064453125,-0.394805908203125
1773062508052673536,76.09343552589417,0.9460906982421875,-0.10064697265625,-0.403961181640625
1773062508062728704,76.1034905910492,0.9547271728515625,-0.074462890625,-0.3968505859375
1773062508072784640,76.11354660987854,0.94580078125,-0.075897216796875,-0.3695068359375
1773062508082839552,76.12360143661499,0.9385986328125,-0.1009979248046875,-0.3344268798828125
1773062508092895488,76.13365745544434,0.9265594482421875,-0.11016845703125,-0.29620361328125
1773062508102950656,76.14371252059937,0.9048614501953125,-0.09747314453125,-0.2623443603515625
1773062508113006592,76.15376853942871,0.9121551513671875,-0.08978271484375,-0.25238037109375
1773062508123061760,76.16382360458374,0.96746826171875,-0.0634002685546875,-0.251373291015625
1773062508133117696,76.17387962341309,1.0095062255859375,-0.038909912109375,-0.25146484375
1773062508143172608,76.18393445014954,1.017669677734375,-0.0730743408203125,-0.2339019775390625
1773062508153228544,76.19399046897888,1.008514404296875,-0.085174560546875,-0.2021331787109375
1773062508163284480,76.20404648780823,0.9920654296875,-0.083404541015625,-0.20458984375
1773062508173339648,76.21410155296326,0.98834228515625,-0.0959930419921875,-0.227691650390625
1773062508183395584,76.2241575717926,0.9962615966796875,-0.1085052490234375,-0.2304534912109375
1773062508193450752,76.23421263694763,0.992828369140625,-0.111541748046875,-0.2147369384765625
1773062508203506432,76.2442684173584,0.9905242919921875,-0.1127777099609375,-0.213775634765625
1773062508213561600,76.25432348251343,0.9853515625,-0.116668701171875,-0.219085693359375
1773062508223617536,76.26437950134277,0.9800567626953125,-0.1226959228515625,-0.193756103515625
1773062508233672704,76.2744345664978,0.983154296875,-0.0968475341796875,-0.16748046875
1773062508243728640,76.28449058532715,1.0098724365234375,-0.0767669677734375,-0.1798858642578125
1773062508253783552,76.2945454120636,1.0253143310546875,-0.0913238525390625,-0.209564208984375
1773062508263839488,76.30460143089294,1.00604248046875,-0.10400390625,-0.2100372314453125
1773062508273894656,76.31465649604797,0.9838409423828125,-0.1024932861328125,-0.2280120849609375
1773062508283950592,76.32471251487732,0.96484375,-0.0836029052734375,-0.2687835693359375
1773062508294005760,76.33476758003235,0.947479248046875,-0.0777587890625,-0.288238525390625
1773062508304061696,76.3448235988617,0.938262939453125,-0.0810394287109375,-0.2579803466796875
1773062508314116352,76.35487842559814,0.943389892578125,-0.0765228271484375,-0.23883056640625
1773062508324172544,76.36493444442749,0.946563720703125,-0.0775909423828125,-0.247955322265625
1773062508334227456,76.37498950958252,0.944915771484375,-0.0770416259765625,-0.253570556640625
1773062508344283648,76.38504552841187,0.9463348388671875,-0.07537841796875,-0.2732086181640625
1773062508354338560,76.3951005935669,0.9523773193359375,-0.082855224609375,-0.302520751953125
1773062508364394752,76.40515661239624,0.95513916015625,-0.0941314697265625,-0.31182861328125
1773062508374449408,76.41521143913269,0.9560394287109375,-0.0931243896484375,-0.3213348388671875
1773062508384505600,76.42526745796204,0.9434814453125,-0.0915374755859375,-0.323394775390625
1773062508394560512,76.43532252311707,0.9404449462890625,-0.1043853759765625,-0.3110809326171875
1773062508404616704,76.44537854194641,0.94610595703125,-0.1160125732421875,-0.3007354736328125
1773062508414671616,76.45543360710144,0.9379730224609375,-0.1195831298828125,-0.2466888427734375
1773062508424727552,76.46548962593079,0.93359375,-0.1152191162109375,-0.2339019775390625
1773062508434782464,76.47554445266724,0.95013427734375,-0.0894622802734375,-0.2923126220703125
1773062508444838400,76.48560047149658,0.9671630859375,-0.0991668701171875,-0.30279541015625
1773062508454894592,76.49565649032593,0.985076904296875,-0.11187744140625,-0.2823028564453125
1773062508464949504,76.50571155548096,0.993499755859375,-0.11065673828125,-0.28082275390625
1773062508475005696,76.5157675743103,0.9806060791015625,-0.1314544677734375,-0.2518157958984375
1773062508485060608,76.52582263946533,0.9732818603515625,-0.1474761962890625,-0.2440032958984375
1773062508495116544,76.5358784198761,0.982757568359375,-0.140411376953125,-0.2409210205078125
1773062508505171456,76.54593348503113,0.99786376953125,-0.13409423828125,-0.2351837158203125
1773062508515227648,76.55598950386047,1.0050506591796875,-0.112060546875,-0.2715606689453125
1773062508525282560,76.5660445690155,1.0023040771484375,-0.10906982421875,-0.317962646484375
1773062508535338752,76.57610058784485,1.001220703125,-0.11474609375,-0.3114013671875
1773062508545393408,76.5861554145813,1.022735595703125,-0.09210205078125,-0.246368408203125
1773062508555449600,76.59621143341064,1.035980224609375,-0.12628173828125,-0.2318115234375
1773062508565504512,76.60626649856567,1.0158538818359375,-0.144775390625,-0.2584228515625
1773062508575560448,76.61632251739502,0.9771728515625,-0.1203765869140625,-0.2769012451171875
1773062508585615616,76.62637758255005,0.9550628662109375,-0.121124267578125,-0.3113555908203125
1773062508595671552,76.6364336013794,0.954193115234375,-0.12371826171875,-0.3187103271484375
1773062508605726464,76.64648842811584,0.9610137939453125,-0.0848541259765625,-0.3140411376953125
1773062508615782400,76.65654444694519,0.9306182861328125,-0.0611419677734375,-0.28558349609375
1773062508625837568,76.66659951210022,0.9273681640625,-0.107147216796875,-0.249969482421875
1773062508635893504,76.67665553092957,0.9912567138671875,-0.082977294921875,-0.254669189453125
1773062508645948672,76.6867105960846,1.0268402099609375,0.0297088623046875,-0.2923736572265625
1773062508656004608,76.69676661491394,1.05621337890625,-0.0916290283203125,-0.324981689453125
1773062508666059520,76.70682144165039,1.0664825439453125,-0.1865386962890625,-0.292449951171875
1773062508676115456,76.71687746047974,1.01727294921875,-0.1862945556640625,-0.3199920654296875
1773062508686170624,76.72693252563477,0.9562530517578125,-0.204132080078125,-0.3436126708984375
1773062508696226560,76.73698854446411,0.9523468017578125,-0.20806884765625,-0.34063720703125
1773062508706281728,76.74704360961914,0.98651123046875,-0.175628662109375,-0.3372344970703125
1773062508716337664,76.75709962844849,1.0257720947265625,-0.17437744140625,-0.369354248046875
1773062508726392576,76.76715445518494,1.03997802734375,-0.11602783203125,-0.3944091796875
1773062508736448512,76.77721047401428,1.0376129150390625,0.0109710693359375,-0.366180419921875
1773062508746503680,76.78726553916931,1.02569580078125,0.0569610595703125,-0.350860595703125
1773062508756559616,76.79732155799866,0.9904937744140625,-0.0130157470703125,-0.444061279296875
1773062508766614784,76.80737662315369,0.9430999755859375,-0.1353759765625,-0.503265380859375
1773062508776670720,76.81743264198303,0.9677886962890625,-0.2716064453125,-0.5549774169921875
1773062508786726400,76.8274884223938,1.0584716796875,-0.1754302978515625,-0.56719970703125
1773062508796781568,76.83754348754883,1.1334228515625,-0.013885498046875,-0.529266357421875
1773062508806837504,76.84759950637817,1.1263885498046875,-0.0933837890625,-0.4423828125
1773062508816892672,76.8576545715332,1.058319091796875,-0.0885009765625,-0.453399658203125
1773062508826948608,76.86771059036255,0.9833526611328125,-0.023590087890625,-0.6237945556640625
1773062508837003520,76.877765417099,0.920013427734375,-0.0362548828125,-0.765869140625
1773062508847059456,76.88782143592834,0.8998260498046875,-0.092681884765625,-0.7706298828125
1773062508857114624,76.89787650108337,0.9234619140625,-0.1345977783203125,-0.728302001953125
1773062508867170304,76.90793228149414,0.92462158203125,-0.15985107421875,-0.6953582763671875
1773062508877225472,76.91798734664917,0.91656494140625,-0.138671875,-0.6203155517578125
1773062508887281408,76.92804336547852,0.950958251953125,-0.0844268798828125,-0.6157684326171875
1773062508897336576,76.93809843063354,0.9747467041015625,-0.02178955078125,-0.67840576171875
1773062508907392512,76.94815444946289,0.9776458740234375,-0.040771484375,-0.742431640625
1773062508917447680,76.95820951461792,0.91461181640625,-0.1212310791015625,-0.7832489013671875
1773062508927503360,76.96826529502869,0.84478759765625,-0.08758544921875,-0.783447265625
1773062508937558528,76.97832036018372,0.8163604736328125,-0.1178436279296875,-0.8015594482421875
1773062508947614464,76.98837637901306,0.794586181640625,-0.209503173828125,-0.774383544921875
1773062508957669376,76.99843144416809,0.799896240234375,-0.1519012451171875,-0.727386474609375
1773062508967725568,77.00848746299744,0.8595428466796875,-0.0585784912109375,-0.764312744140625
1773062508977780224,77.01854228973389,0.8939971923828125,-0.1707000732421875,-0.7807159423828125
1773062508987836416,77.02859830856323,0.9228973388671875,-0.2607879638671875,-0.7742767333984375
1773062508997891328,77.03865337371826,0.9375,-0.154937744140625,-0.8887481689453125
1773062509007947520,77.04870939254761,0.8778533935546875,-0.011627197265625,-0.8651580810546875
1773062509018002432,77.05876445770264,0.8576507568359375,0.018096923828125,-0.6908721923828125
1773062509028058624,77.06882047653198,0.85052490234375,-0.01336669921875,-0.63677978515625
1773062509038113280,77.07887530326843,0.835205078125,-0.046630859375,-0.7326202392578125
1773062509048169472,77.08893132209778,0.8093719482421875,-0.087127685546875,-0.915191650390625
1773062509058224384,77.09898638725281,0.784393310546875,-0.1333770751953125,-0.9025726318359375
1773062509068280576,77.10904240608215,0.8260955810546875,-0.128662109375,-0.783111572265625
1773062509078336512,77.1190984249115,0.86322021484375,-0.0634765625,-0.7982025146484375
1773062509088391424,77.12915349006653,0.8045501708984375,-0.042236328125,-0.7653045654296875
1773062509098447616,77.13920950889587,0.7407379150390625,-0.047271728515625,-0.7366485595703125
1773062509108502272,77.14926433563232,0.69610595703125,-0.0783233642578125,-0.7825927734375
1773062509118558464,77.15932035446167,0.6696319580078125,-0.1511993408203125,-0.9149627685546875
1773062509128613376,77.1693754196167,0.686981201171875,-0.1661529541015625,-0.9151153564453125
1773062509138669568,77.17943143844604,0.6633148193359375,-0.1092681884765625,-0.7832489013671875
1773062509148724480,77.18948650360107,0.6624603271484375,-0.122406005859375,-0.8057708740234375
1773062509158780416,77.19954228401184,0.6240234375,-0.19415283203125,-0.812713623046875
1773062509168835328,77.20959734916687,0.5480804443359375,-0.1684112548828125,-0.8027801513671875
1773062509178891520,77.21965336799622,0.50634765625,-0.0796661376953125,-0.8393096923828125
1773062509188946432,77.22970843315125,0.4842681884765625,-0.1125946044921875,-0.9232025146484375
1773062509199002624,77.23976445198059,0.4546966552734375,-0.133941650390625,-0.910797119140625
1773062509209057536,77.24981951713562,0.4356689453125,-0.120697021484375,-0.9064788818359375
1773062509219113472,77.25987529754639,0.41229248046875,-0.1327667236328125,-0.8577728271484375
1773062509229168384,77.26993036270142,0.3784637451171875,-0.166595458984375,-0.7867584228515625
1773062509239224320,77.27998638153076,0.34490966796875,-0.1980438232421875,-0.7569732666015625
1773062509249279488,77.29004144668579,0.290283203125,-0.18670654296875,-0.7621612548828125
1773062509259335424,77.30009746551514,0.2203369140625,-0.200042724609375,-0.8200836181640625
1773062509269390336,77.31015229225159,0.145538330078125,-0.1794586181640625,-0.92242431640625
1773062509279446272,77.32020831108093,0.1367034912109375,-0.1915283203125,-0.9807281494140625
1773062509289501440,77.33026337623596,0.1729736328125,-0.1879425048828125,-0.8941802978515625
1773062509299557376,77.34031939506531,0.1490478515625,-0.2440948486328125,-0.7169342041015625
1773062509309612544,77.35037446022034,0.07489013671875,-0.293487548828125,-0.6787567138671875
1773062509319668480,77.36043047904968,-0.0111846923828125,-0.2333984375,-0.66973876953125
1773062509329723392,77.37048530578613,-0.0469207763671875,-0.219329833984375,-0.7639312744140625
1773062509339779328,77.38054132461548,-0.0349273681640625,-0.2357635498046875,-0.8580322265625
1773062509349834496,77.39059638977051,-0.050689697265625,-0.2397308349609375,-0.8745880126953125
1773062509359890432,77.40065240859985,-0.042724609375,-0.2427520751953125,-0.8919830322265625
1773062509369945600,77.41070747375488,-0.0339202880859375,-0.2135009765625,-0.8323974609375
1773062509380001536,77.42076349258423,-0.0726318359375,-0.284881591796875,-0.71478271484375
1773062509390056448,77.43081831932068,-0.1457977294921875,-0.3236541748046875,-0.6248626708984375
1773062509400112384,77.44087433815002,-0.180328369140625,-0.3071746826171875,-0.6331939697265625
1773062509410168320,77.45093035697937,-0.1799774169921875,-0.3867645263671875,-0.6927947998046875
1773062509420223488,77.4609854221344,-0.2160797119140625,-0.385040283203125,-0.7531280517578125
1773062509430279424,77.47104144096375,-0.2510833740234375,-0.3054046630859375,-0.8936309814453125
1773062509440334592,77.48109650611877,-0.2384185791015625,-0.2833709716796875,-0.9629669189453125
1773062509450390272,77.49115228652954,-0.1936492919921875,-0.3794708251953125,-0.8165740966796875
1773062509460445440,77.50120735168457,-0.2195281982421875,-0.5192413330078125,-0.726776123046875
1773062509470501376,77.51126337051392,-0.241455078125,-0.4888916015625,-0.674041748046875
1773062509480556544,77.52131843566895,-0.31427001953125,-0.3746795654296875,-0.624176025390625
1773062509490612480,77.53137445449829,-0.3561553955078125,-0.3386383056640625,-0.6491546630859375
1773062509500667392,77.54142928123474,-0.3424835205078125,-0.3315887451171875,-0.70111083984375
1773062509510723328,77.55148530006409,-0.3623504638671875,-0.3329315185546875,-0.7218475341796875
1773062509520778496,77.56154036521912,-0.4077606201171875,-0.33441162109375,-0.6607818603515625
1773062509530834432,77.57159638404846,-0.43402099609375,-0.3764495849609375,-0.618408203125
1773062509540889600,77.58165144920349,-0.4091033935546875,-0.4016265869140625,-0.6807861328125
1773062509550945536,77.59170746803284,-0.4548187255859375,-0.34259033203125,-0.6970672607421875
1773062509561000448,77.60176229476929,-0.4466094970703125,-0.3425445556640625,-0.6895599365234375
1773062509571056384,77.61181831359863,-0.47900390625,-0.32257080078125,-0.5616455078125
1773062509581111552,77.62187337875366,-0.5388641357421875,-0.349517822265625,-0.5239410400390625
1773062509591167488,77.63192939758301,-0.54290771484375,-0.3568115234375,-0.5550079345703125
1773062509601222400,77.64198446273804,-0.5318450927734375,-0.3282470703125,-0.5803070068359375
1773062509611278592,77.65204048156738,-0.563995361328125,-0.369415283203125,-0.56884765625
1773062509621333248,77.66209530830383,-0.6032867431640625,-0.3560028076171875,-0.5452117919921875
1773062509631389440,77.67215132713318,-0.62939453125,-0.3580322265625,-0.54779052734375
1773062509641444352,77.68220639228821,-0.6340789794921875,-0.3424835205078125,-0.543243408203125
1773062509651500544,77.69226241111755,-0.634796142578125,-0.3294830322265625,-0.53607177734375
1773062509661555456,77.70231747627258,-0.658782958984375,-0.3406829833984375,-0.507232666015625
1773062509671611648,77.71237349510193,-0.6873931884765625,-0.3301239013671875,-0.5123443603515625
1773062509681666304,77.72242832183838,-0.6734619140625,-0.3430633544921875,-0.479949951171875
1773062509691722496,77.73248434066772,-0.702972412109375,-0.356170654296875,-0.4378662109375
1773062509701777408,77.74253940582275,-0.74786376953125,-0.318328857421875,-0.4143218994140625
1773062509711833600,77.7525954246521,-0.75347900390625,-0.2927093505859375,-0.39141845703125
1773062509721888512,77.76265048980713,-0.7801361083984375,-0.299468994140625,-0.4159088134765625
1773062509731944448,77.77270650863647,-0.8041229248046875,-0.2516937255859375,-0.469482421875
1773062509742000384,77.78276228904724,-0.7557525634765625,-0.236846923828125,-0.42156982421875
1773062509752055296,77.79281735420227,-0.76446533203125,-0.2585601806640625,-0.3594207763671875
1773062509762111488,77.80287337303162,-0.8383331298828125,-0.263153076171875,-0.3257293701171875
1773062509772166400,77.81292843818665,-0.84326171875,-0.241912841796875,-0.3230743408203125
1773062509782222592,77.82298445701599,-0.8331298828125,-0.27972412109375,-0.341766357421875
1773062509792277248,77.83303928375244,-0.8448486328125,-0.2406463623046875,-0.319183349609375
1773062509802333440,77.84309530258179,-0.8392791748046875,-0.205780029296875,-0.2868499755859375
1773062509812388352,77.85315036773682,-0.85888671875,-0.1898956298828125,-0.3067169189453125
1773062509822444544,77.86320638656616,-0.8606109619140625,-0.153961181640625,-0.3463897705078125
1773062509832499456,77.87326145172119,-0.85247802734375,-0.1720428466796875,-0.3321685791015625
1773062509842555904,77.8833179473877,-0.847137451171875,-0.18511962890625,-0.284820556640625
1773062509852611072,77.89337301254272,-0.8599090576171875,-0.1944122314453125,-0.27801513671875
1773062509862667008,77.90342903137207,-0.876922607421875,-0.1992950439453125,-0.2502288818359375
1773062509872722176,77.9134840965271,-0.87457275390625,-0.125732421875,-0.2003936767578125
1773062509882778112,77.92354011535645,-0.8844146728515625,-0.122772216796875,-0.2198944091796875
1773062509892833024,77.9335949420929,-0.9087066650390625,-0.1454925537109375,-0.229583740234375
1773062509902888960,77.94365096092224,-0.8809356689453125,-0.1312255859375,-0.2427825927734375
1773062509912944128,77.95370602607727,-0.859619140625,-0.142059326171875,-0.2230224609375
1773062509923000064,77.96376204490662,-0.879180908203125,-0.1071624755859375,-0.18853759765625
1773062509933055232,77.97381711006165,-0.92083740234375,-0.098602294921875,-0.154876708984375
1773062509943111168,77.98387312889099,-0.9359130859375,-0.055389404296875,-0.1091766357421875
1773062509953166080,77.99392795562744,-0.989501953125,-0.050750732421875,-0.128173828125
1773062509963222016,78.00398397445679,-0.9983367919921875,-0.0436248779296875,-0.184417724609375
1773062509973277184,78.01403903961182,-0.994720458984375,-0.032958984375,-0.1538543701171875
1773062509983333120,78.02409505844116,-0.983978271484375,-0.0196533203125,-0.1660919189453125
1773062509993388288,78.03415012359619,-0.9907073974609375,-0.0705718994140625,-0.1689605712890625
1773062510003444224,78.04420614242554,-0.9972381591796875,-0.047149658203125,-0.1335601806640625
1773062510013499136,78.05426096916199,-0.992950439453125,-0.0126800537109375,-0.108123779296875
1773062510023555072,78.06431698799133,-1.015228271484375,-0.0394744873046875,-0.0644073486328125
1773062510033609984,78.07437205314636,-1.052825927734375,-0.023773193359375,-0.0513153076171875
1773062510043666176,78.08442807197571,-1.06256103515625,0.0054931640625,-0.0739898681640625
1773062510053722112,78.09448409080505,-1.0583648681640625,0.0055999755859375,-0.0821075439453125
1773062510063777024,78.1045389175415,-1.0576934814453125,0.0006103515625,-0.106201171875
1773062510073832960,78.11459493637085,-1.049285888671875,0.0083160400390625,-0.0980377197265625
1773062510083888128,78.12465000152588,-1.0540924072265625,0.017120361328125,-0.064483642578125
1773062510093944064,78.13470602035522,-1.0601348876953125,0.0428924560546875,-0.0435028076171875
1773062510103999232,78.14476108551025,-1.0606536865234375,0.06243896484375,-0.036468505859375
1773062510114055168,78.1548171043396,-1.0747528076171875,0.0612030029296875,-0.008575439453125
1773062510124110080,78.16487193107605,-1.0903167724609375,0.05078125,-0.0063629150390625
1773062510134166016,78.1749279499054,-1.0798187255859375,0.0530853271484375,-0.024383544921875
1773062510144221184,78.18498301506042,-1.0746612548828125,0.0403900146484375,-0.0200042724609375
1773062510154277120,78.19503903388977,-1.071533203125,0.0598297119140625,-0.00927734375
1773062510164332032,78.2050940990448,-1.0551300048828125,0.0767059326171875,-0.01287841796875
1773062510174388224,78.21515011787415,-1.037322998046875,0.070953369140625,-0.007965087890625
1773062510184442880,78.2252049446106,-1.0383148193359375,0.0593414306640625,0.0272064208984375
1773062510194499072,78.23526096343994,-1.0446319580078125,0.054534912109375,0.0522308349609375
1773062510204553984,78.24531602859497,-1.0430908203125,0.0456085205078125,0.038543701171875
1773062510214610176,78.25537204742432,-1.043670654296875,0.0325164794921875,0.0321502685546875
1773062510224665088,78.26542711257935,-1.046630859375,0.0501708984375,0.0654296875
1773062510234721280,78.27548313140869,-1.0254058837890625,0.078216552734375,0.053497314453125
1773062510244775936,78.28553795814514,-1.009857177734375,0.0908050537109375,0.02008056640625
1773062510254832128,78.29559397697449,-0.9860382080078125,0.088623046875,0.0107421875
1773062510264887040,78.30564904212952,-0.9687652587890625,0.0724029541015625,0.02471923828125
1773062510274943232,78.31570506095886,-0.9764251708984375,0.06146240234375,0.05657958984375
1773062510284998144,78.32576012611389,-0.9807586669921875,0.0657958984375,0.07757568359375
1773062510295054080,78.33581590652466,-0.977081298828125,0.05908203125,0.071380615234375
1773062510305108992,78.34587097167969,-0.976318359375,0.0504913330078125,0.0794830322265625
1773062510315164928,78.35592699050903,-0.97271728515625,0.060577392578125,0.089324951171875
1773062510325220096,78.36598205566406,-0.9630889892578125,0.0717926025390625,0.0850372314453125
1773062510335276032,78.37603807449341,-0.9597320556640625,0.081573486328125,0.09088134765625
1773062510345331200,78.38609313964844,-0.9733734130859375,0.082366943359375,0.108795166015625
1773062510355386880,78.3961489200592,-0.998504638671875,0.0737152099609375,0.11737060546875
1773062510365443072,78.40620493888855,-1.012908935546875,0.07598876953125,0.1199951171875
1773062510375497984,78.41626000404358,-1.021575927734375,0.093414306640625,0.1234893798828125
1773062510385554176,78.42631602287292,-1.0184478759765625,0.087738037109375,0.1231689453125
1773062510395609088,78.43637108802795,-1.01617431640625,0.059844970703125,0.120391845703125
1773062510405665280,78.4464271068573,-1.0193328857421875,0.0579681396484375,0.1169281005859375
1773062510415719936,78.45648193359375,-1.020416259765625,0.0831756591796875,0.103729248046875
1773062510425776128,78.4665379524231,-1.0149688720703125,0.0830535888671875,0.097412109375
1773062510435831040,78.47659301757812,-1.0135650634765625,0.0747222900390625,0.1081695556640625
1773062510445886976,78.48664903640747,-1.0101470947265625,0.0778045654296875,0.121002197265625
1773062510455942144,78.4967041015625,-1.005859375,0.0756378173828125,0.1064605712890625
1773062510465998080,78.50676012039185,-1.013885498046875,0.0710906982421875,0.124908447265625
1773062510476052992,78.5168149471283,-1.0091400146484375,0.0787811279296875,0.1392364501953125
1773062510486108928,78.52687096595764,-0.9936370849609375,0.10113525390625,0.126953125
1773062510496164096,78.53692603111267,-0.9824066162109375,0.1109161376953125,0.11859130859375
1773062510506220032,78.54698204994202,-0.9771575927734375,0.10357666015625,0.1224365234375
1773062510516275200,78.55703711509705,-0.9745025634765625,0.10308837890625,0.113800048828125
1773062510526331136,78.56709313392639,-0.9847869873046875,0.1084747314453125,0.114227294921875
1773062510536386048,78.57714796066284,-0.98370361328125,0.102386474609375,0.127899169921875
1773062510546441984,78.58720397949219,-0.986572265625,0.089996337890625,0.129730224609375
1773062510556497152,78.59725904464722,-0.98797607421875,0.0867767333984375,0.1380615234375
1773062510566553088,78.60731506347656,-0.9890594482421875,0.08404541015625,0.1360626220703125
1773062510576608256,78.61737012863159,-0.980560302734375,0.08990478515625,0.120452880859375
1773062510586663936,78.62742590904236,-0.9740142822265625,0.0904998779296875,0.1235198974609375
1773062510596719104,78.63748097419739,-0.973419189453125,0.0758209228515625,0.132293701171875
1773062510606775040,78.64753699302673,-0.976837158203125,0.0789642333984375,0.1523284912109375
1773062510616830208,78.65759205818176,-0.97503662109375,0.093994140625,0.160736083984375
1773062510626886144,78.66764807701111,-0.975921630859375,0.0905914306640625,0.1499176025390625
1773062510636941312,78.67770314216614,-0.9812469482421875,0.094482421875,0.15533447265625
1773062510646996992,78.6877589225769,-0.975738525390625,0.0913848876953125,0.148529052734375
1773062510657052160,78.69781398773193,-0.9731597900390625,0.0794525146484375,0.1360321044921875
1773062510667108096,78.70787000656128,-0.9742431640625,0.0765838623046875,0.119964599609375
1773062510677163008,78.71792507171631,-0.9637451171875,0.0842437744140625,0.1037445068359375
1773062510687219200,78.72798109054565,-0.952392578125,0.0773468017578125,0.109588623046875
1773062510697273856,78.7380359172821,-0.95391845703125,0.0786285400390625,0.1379547119140625
1773062510707330048,78.74809193611145,-0.9618377685546875,0.0825653076171875,0.136505126953125
1773062510717384960,78.75814700126648,-0.9696044921875,0.0689544677734375,0.126190185546875
1773062510727441152,78.76820302009583,-0.97686767578125,0.0546722412109375,0.1287078857421875
1773062510737497088,78.77825903892517,-0.983795166015625,0.049224853515625,0.1229400634765625
1773062510747552256,78.7883141040802,-0.983245849609375,0.0485382080078125,0.1004486083984375
1773062510757608192,78.79837012290955,-0.9765625,0.0627899169921875,0.0947265625
1773062510767663104,78.808424949646,-0.973480224609375,0.06805419921875,0.1034698486328125
1773062510777719040,78.81848096847534,-0.975341796875,0.050262451171875,0.0894622802734375
1773062510787774208,78.82853603363037,-0.9828033447265625,0.0312957763671875,0.063232421875
1773062510797830144,78.83859205245972,-0.9898681640625,0.027496337890625,0.0514373779296875
1773062510807885056,78.84864711761475,-1.0036163330078125,0.0429840087890625,0.061309814453125
1773062510817941248,78.85870313644409,-1.0335845947265625,0.0444488525390625,0.0713653564453125
1773062510827995904,78.86875796318054,-1.0450286865234375,0.03619384765625,0.051910400390625
1773062510838052096,78.87881398200989,-1.035125732421875,0.029693603515625,0.019317626953125
1773062510848106496,78.88886857032776,-1.0306549072265625,0.0185699462890625,0.00213623046875
1773062510858162688,78.8989245891571,-1.043914794921875,9.1552734375e-05,0.0220794677734375
1773062510868217600,78.90897965431213,-1.06658935546875,-0.0042724609375,0.0518798828125
1773062510878273792,78.91903567314148,-1.0768280029296875,0.0093841552734375,0.0666961669921875
1773062510888328704,78.92909073829651,-1.0774993896484375,-0.0026092529296875,0.0485382080078125
1773062510898384896,78.93914675712585,-1.0739593505859375,-0.0312652587890625,0.03204345703125
1773062510908439552,78.9492015838623,-1.068084716796875,-0.05950927734375,0.0198211669921875
1773062510918495744,78.95925760269165,-1.0660247802734375,-0.07073974609375,0.0199127197265625
1773062510928550656,78.96931266784668,-1.061279296875,-0.0638885498046875,0.0137176513671875
1773062510938606848,78.97936868667603,-1.04296875,-0.0650787353515625,0.006256103515625
1773062510948661760,78.98942375183105,-1.0203704833984375,-0.0710601806640625,-0.0006103515625
1773062510958717696,78.99947953224182,-0.9993896484375,-0.0882415771484375,-0.0015411376953125
1773062510968772608,79.00953459739685,-0.978851318359375,-0.095611572265625,0.001251220703125
1773062510978828544,79.0195906162262,-0.9742584228515625,-0.100555419921875,-0.0172882080078125
1773062510988883712,79.02964568138123,-0.9744720458984375,-0.0943756103515625,-0.046722412109375
1773062510998939648,79.03970170021057,-0.9785919189453125,-0.08935546875,-0.032806396484375
1773062511008994816,79.0497567653656,-0.9599609375,-0.0865631103515625,-0.05035400390625
1773062511019050496,79.05981254577637,-0.941986083984375,-0.1071929931640625,-0.068115234375
1773062511029105664,79.0698676109314,-0.9546356201171875,-0.12286376953125,-0.0709991455078125
1773062511039161600,79.07992362976074,-0.958099365234375,-0.10821533203125,-0.10467529296875
1773062511049216768,79.08997869491577,-0.93133544921875,-0.1129302978515625,-0.1161956787109375
1773062511059272704,79.10003471374512,-0.9401397705078125,-0.14776611328125,-0.0911865234375
1773062511069328896,79.11009073257446,-0.9571685791015625,-0.1638336181640625,-0.1153411865234375
1773062511079383552,79.12014555931091,-0.9621429443359375,-0.1725311279296875,-0.120758056640625
1773062511089439744,79.13020157814026,-0.9687652587890625,-0.174560546875,-0.1212921142578125
1773062511099494656,79.14025664329529,-0.97320556640625,-0.151123046875,-0.1331329345703125
1773062511109550592,79.15031266212463,-0.9637908935546875,-0.170196533203125,-0.154510498046875
1773062511119605760,79.16036772727966,-0.9673614501953125,-0.1857452392578125,-0.1613006591796875
1773062511129661696,79.17042374610901,-0.9681549072265625,-0.181549072265625,-0.1305084228515625
1773062511139716608,79.18047857284546,-0.965057373046875,-0.213348388671875,-0.15545654296875
1773062511149772544,79.1905345916748,-0.955841064453125,-0.2353668212890625,-0.202484130859375
1773062511159827712,79.20058965682983,-0.958831787109375,-0.2169647216796875,-0.2006683349609375
1773062511169883648,79.21064567565918,-0.94732666015625,-0.2213134765625,-0.220428466796875
1773062511179938816,79.22070074081421,-0.948638916015625,-0.26812744140625,-0.2396697998046875
1773062511189994752,79.23075675964355,-0.9566650390625,-0.279693603515625,-0.2615203857421875
1773062511200049664,79.24081158638,-0.9727935791015625,-0.2451171875,-0.2365264892578125
1773062511210105600,79.25086760520935,-0.98046875,-0.208251953125,-0.2069244384765625
1773062511220160768,79.26092267036438,-0.97064208984375,-0.2255706787109375,-0.2577362060546875
1773062511230216704,79.27097868919373,-0.9353790283203125,-0.239776611328125,-0.2848663330078125
1773062511240271872,79.28103375434875,-0.90350341796875,-0.2342071533203125,-0.27532958984375
1773062511250327552,79.29108953475952,-0.8984375,-0.2078704833984375,-0.2679443359375
1773062511260382720,79.30114459991455,-0.891326904296875,-0.2246856689453125,-0.2419281005859375
1773062511270438656,79.3112006187439,-0.9015960693359375,-0.2391204833984375,-0.2350006103515625
1773062511280493824,79.32125568389893,-0.8761749267578125,-0.2379608154296875,-0.2810516357421875
1773062511290549760,79.33131170272827,-0.8538665771484375,-0.26483154296875,-0.3310546875
1773062511300604928,79.3413667678833,-0.83245849609375,-0.254364013671875,-0.3602752685546875
1773062511310660608,79.35142254829407,-0.8245849609375,-0.1974334716796875,-0.34954833984375
1773062511320715776,79.3614776134491,-0.8492889404296875,-0.17327880859375,-0.2813873291015625
1773062511330771712,79.37153363227844,-0.8638153076171875,-0.1956634521484375,-0.2546539306640625
1773062511340826624,79.38158869743347,-0.85205078125,-0.216064453125,-0.262054443359375
1773062511350882816,79.39164471626282,-0.8487396240234375,-0.209381103515625,-0.2904815673828125
1773062511360937472,79.40169954299927,-0.8263702392578125,-0.2293853759765625,-0.353973388671875
1773062511370993664,79.41175556182861,-0.8117523193359375,-0.2666473388671875,-0.398834228515625
1773062511381049600,79.42181158065796,-0.808502197265625,-0.250213623046875,-0.4038543701171875
1773062511391104768,79.43186664581299,-0.817535400390625,-0.21246337890625,-0.3888092041015625
1773062511401160704,79.44192266464233,-0.8292694091796875,-0.2003173828125,-0.3616790771484375
1773062511411215872,79.45197772979736,-0.8480987548828125,-0.2252960205078125,-0.3500823974609375
1773062511421271808,79.46203374862671,-0.870025634765625,-0.247161865234375,-0.341094970703125
1773062511431326720,79.47208857536316,-0.8876190185546875,-0.2348175048828125,-0.3212738037109375
1773062511441382656,79.4821445941925,-0.923797607421875,-0.2530059814453125,-0.3857269287109375
1773062511451437824,79.49219965934753,-0.8250579833984375,-0.184356689453125,-0.5010528564453125
1773062511461493760,79.50225567817688,-0.8280029296875,-0.1801910400390625,-0.3768310546875
1773062511471548672,79.51231074333191,-0.88299560546875,-0.2310943603515625,-0.393890380859375
1773062511481604864,79.52236676216125,-0.8667755126953125,-0.1783905029296875,-0.401397705078125
1773062511491659520,79.5324215888977,-0.842041015625,-0.2040252685546875,-0.4625701904296875
1773062511501715712,79.54247760772705,-0.8455810546875,-0.2342987060546875,-0.48760986328125
1773062511511770624,79.55253267288208,-0.8356781005859375,-0.197662353515625,-0.469970703125
1773062511521826816,79.56258869171143,-0.8201141357421875,-0.2003173828125,-0.47760009765625
1773062511531881728,79.57264375686646,-0.8144378662109375,-0.23358154296875,-0.4478912353515625
1773062511541937664,79.58269953727722,-0.8157958984375,-0.2520294189453125,-0.432586669921875
1773062511551992576,79.59275460243225,-0.81549072265625,-0.25823974609375,-0.4951934814453125
1773062511562048768,79.6028106212616,-0.77459716796875,-0.237701416015625,-0.5609283447265625
1773062511572103680,79.61286568641663,-0.745513916015625,-0.23138427734375,-0.5581512451171875
1773062511582159872,79.62292170524597,-0.7434234619140625,-0.2251434326171875,-0.53692626953125
1773062511592214528,79.63297653198242,-0.7330474853515625,-0.2158966064453125,-0.5201416015625
1773062511602270720,79.64303255081177,-0.7431793212890625,-0.26544189453125,-0.5145263671875
1773062511612325632,79.6530876159668,-0.744049072265625,-0.28668212890625,-0.532745361328125
1773062511622381568,79.66314363479614,-0.73876953125,-0.2808074951171875,-0.6020355224609375
1773062511632436736,79.67319869995117,-0.72039794921875,-0.2489471435546875,-0.600494384765625
1773062511642492672,79.68325471878052,-0.715301513671875,-0.2562713623046875,-0.5511932373046875
1773062511652547584,79.69330954551697,-0.7455596923828125,-0.260833740234375,-0.571807861328125
1773062511662603520,79.70336556434631,-0.7433013916015625,-0.226593017578125,-0.590484619140625
1773062511672658688,79.71342062950134,-0.7436370849609375,-0.2432403564453125,-0.6000213623046875
1773062511682714624,79.72347664833069,-0.7522125244140625,-0.2605743408203125,-0.6454315185546875
1773062511692769792,79.73353171348572,-0.758148193359375,-0.2191619873046875,-0.6448211669921875
1773062511702825728,79.74358773231506,-0.771331787109375,-0.208587646484375,-0.601959228515625
1773062511712881920,79.75364375114441,-0.788116455078125,-0.2809906005859375,-0.5977935791015625
1773062511722936576,79.76369857788086,-0.7710113525390625,-0.266021728515625,-0.6168365478515625
1773062511732992768,79.7737545967102,-0.758941650390625,-0.248992919921875,-0.64959716796875
1773062511743047680,79.78380966186523,-0.7635498046875,-0.26031494140625,-0.70062255859375
1773062511753103616,79.79386568069458,-0.7454681396484375,-0.241424560546875,-0.697784423828125
1773062511763158784,79.80392074584961,-0.74951171875,-0.210357666015625,-0.646331787109375
1773062511773214720,79.81397676467896,-0.767303466796875,-0.19427490234375,-0.6357574462890625
1773062511783269632,79.8240315914154,-0.4845428466796875,-0.4005889892578125,-1.231292724609375
1773062511793325568,79.83408761024475,-0.5366058349609375,-0.463836669921875,-1.038970947265625
1773062511803380736,79.84414267539978,-0.68695068359375,-0.02899169921875,-0.4875640869140625
1773062511813436672,79.85419869422913,-0.9189605712890625,-0.20611572265625,-0.537384033203125
1773062511823491840,79.86425375938416,-0.9497833251953125,-0.341827392578125,-0.6926422119140625
1773062511833547520,79.87430953979492,-0.740631103515625,-0.1466064453125,-0.666229248046875
1773062511843603200,79.88436508178711,-0.79443359375,-0.2357177734375,-0.6216888427734375
1773062511853659136,79.89442110061646,-0.8378448486328125,-0.2624969482421875,-0.6097869873046875
1773062511863714048,79.9044759273529,-0.8198699951171875,-0.2120819091796875,-0.6317596435546875
1773062511873769984,79.91453194618225,-0.8019866943359375,-0.2173309326171875,-0.6557159423828125
1773062511883825152,79.92458701133728,-0.7747955322265625,-0.2106781005859375,-0.6251068115234375
1773062511893881088,79.93464303016663,-0.7708740234375,-0.19476318359375,-0.6366729736328125
1773062511903936256,79.94469809532166,-0.771453857421875,-0.1849212646484375,-0.6471405029296875
1773062511913992192,79.954754114151,-0.765106201171875,-0.16522216796875,-0.644317626953125
1773062511924047104,79.96480894088745,-0.7486419677734375,-0.169281005859375,-0.6333465576171875
1773062511934103040,79.9748649597168,-0.7320098876953125,-0.1790313720703125,-0.642730712890625
1773062511944157952,79.98492002487183,-0.658935546875,-0.234771728515625,-0.739227294921875
1773062511954214144,79.99497604370117,-0.6884918212890625,-0.20611572265625,-0.6569671630859375
1773062511964269056,80.0050311088562,-0.6926422119140625,-0.12139892578125,-0.6600799560546875
1773062511974325248,80.01508712768555,-0.6974639892578125,-0.171234130859375,-0.687652587890625
1773062511984379904,80.025141954422,-0.5649261474609375,-0.198333740234375,-0.84130859375
1773062511994436096,80.03519797325134,-0.66192626953125,-0.1934814453125,-0.6556549072265625
1773062512004491008,80.04525303840637,-0.795257568359375,-0.079833984375,-0.499298095703125
1773062512014547200,80.05530905723572,-0.8122100830078125,-0.135406494140625,-0.5284576416015625
1773062512024602112,80.06536412239075,-0.7382354736328125,-0.1524505615234375,-0.5768585205078125
1773062512034658304,80.07542014122009,-0.700286865234375,-0.122589111328125,-0.6067657470703125
1773062512044712960,80.08547496795654,-0.72021484375,-0.1238250732421875,-0.6288909912109375
1773062512054769152,80.09553098678589,-0.653594970703125,-0.1385650634765625,-0.708465576171875
1773062512064824064,80.10558605194092,-0.6086578369140625,-0.2042694091796875,-0.7578125
1773062512074880000,80.11564207077026,-0.633148193359375,-0.1405487060546875,-0.6543121337890625
1773062512084936192,80.12569808959961,-0.66748046875,-0.154693603515625,-0.6651611328125
1773062512094990848,80.13575291633606,-0.6870269775390625,-0.195159912109375,-0.671875
1773062512105047040,80.1458089351654,-0.6623687744140625,-0.16864013671875,-0.6594696044921875
1773062512115101952,80.15586400032043,-0.667205810546875,-0.1703643798828125,-0.6579437255859375
1773062512125158144,80.16592001914978,-0.668975830078125,-0.1817779541015625,-0.6548309326171875
1773062512135213056,80.17597508430481,-0.6402587890625,-0.194976806640625,-1.2085418701171875
1773062512145269248,80.18603110313416,-1.1353912353515625,-0.7147674560546875,-1.3887176513671875
1773062512155323904,80.1960859298706,-1.3605804443359375,-0.219635009765625,-0.349884033203125
1773062512165380096,80.20614194869995,-0.7010650634765625,0.3209686279296875,-0.297271728515625
1773062512175435008,80.21619701385498,-0.5251617431640625,-0.0738067626953125,-0.6260528564453125
1773062512185491200,80.22625303268433,-0.8751220703125,-0.600494384765625,-0.616363525390625
1773062512195546112,80.23630809783936,-0.7397918701171875,-0.165191650390625,-0.5618438720703125
1773062512205602048,80.2463641166687,-0.6976165771484375,0.0272674560546875,-0.6308441162109375
1773062512215656960,80.25641894340515,-0.8680572509765625,-0.256927490234375,-0.95855712890625
1773062512225712896,80.2664749622345,-0.7828216552734375,-0.4092559814453125,-0.698394775390625
1773062512235768064,80.27653002738953,-0.3897247314453125,-0.13031005859375,-0.70263671875
1773062512245824000,80.28658604621887,-0.240142822265625,-0.03839111328125,-0.6945343017578125
1773062512255879168,80.2966411113739,-0.5647735595703125,-0.35003662109375,-0.851318359375
1773062512265935104,80.30669713020325,-0.7426300048828125,-0.39056396484375,-0.75311279296875
1773062512275990016,80.3167519569397,-0.6650543212890625,-0.12322998046875,-0.7274627685546875
1773062512286045952,80.32680797576904,-0.658172607421875,-0.14642333984375,-0.71502685546875
1773062512296101120,80.33686304092407,-0.7210845947265625,-0.2135467529296875,-0.7942047119140625
1773062512306157056,80.34691905975342,-0.9037322998046875,-0.3520355224609375,-0.6652679443359375
1773062512316212224,80.35697412490845,-0.7755889892578125,-0.1457061767578125,-0.5631866455078125
1773062512326267904,80.36702990531921,-0.776092529296875,-0.1893463134765625,-0.6197052001953125
1773062512336323072,80.37708497047424,-0.7281341552734375,-0.2393035888671875,-0.6401824951171875
1773062512346379008,80.38714098930359,-0.769561767578125,-0.2021636962890625,-0.592803955078125
1773062512356434176,80.39719605445862,-0.6737060546875,-0.2143402099609375,-0.6800689697265625
1773062512366490112,80.40725207328796,-0.6263275146484375,-0.277496337890625,-0.70452880859375
1773062512376545280,80.417307138443,-0.6220703125,-0.2803192138671875,-0.6932220458984375
1773062512386600960,80.42736291885376,-0.614227294921875,-0.23797607421875,-0.6761016845703125
1773062512396656128,80.43741798400879,-0.64129638671875,-0.2555999755859375,-0.7463836669921875
1773062512406712064,80.44747400283813,-0.626983642578125,-0.2960968017578125,-0.6671600341796875
1773062512416767232,80.45752906799316,-0.5882415771484375,-0.2454986572265625,-0.721435546875
1773062512426823168,80.46758508682251,-0.6045074462890625,-0.2361602783203125,-0.71881103515625
1773062512436878080,80.47763991355896,-0.6447601318359375,-0.225128173828125,-0.7329864501953125
1773062512446934016,80.4876959323883,-0.6645050048828125,-0.22015380859375,-0.7200927734375
1773062512456989952,80.49775195121765,-0.6542510986328125,-0.2227020263671875,-0.69482421875
1773062512467045120,80.50780701637268,-0.6520538330078125,-0.2289886474609375,-0.6718597412109375
1773062512477101056,80.51786303520203,-0.657806396484375,-0.245758056640625,-0.6812896728515625
1773062512487156224,80.52791810035706,-0.6614532470703125,-0.2611083984375,-0.690155029296875
1773062512497212160,80.5379741191864,-0.6528778076171875,-0.251617431640625,-0.6878509521484375
1773062512507267072,80.54802894592285,-0.64288330078125,-0.24163818359375,-0.69580078125
1773062512517323008,80.5580849647522,-0.6389007568359375,-0.2340087890625,-0.7056121826171875
1773062512527378176,80.56814002990723,-0.6320037841796875,-0.20623779296875,-0.7222137451171875
1773062512537434112,80.57819604873657,-0.626434326171875,-0.1950836181640625,-0.7235870361328125
1773062512547489280,80.5882511138916,-0.6365509033203125,-0.1924285888671875,-0.7259521484375
1773062512557545216,80.59830713272095,-0.626007080078125,-0.1835784912109375,-0.73114013671875
1773062512567600128,80.6083619594574,-0.60626220703125,-0.1911163330078125,-0.7128143310546875
1773062512577656064,80.61841797828674,-0.6103515625,-0.2095794677734375,-0.70147705078125
1773062512587710976,80.62847304344177,-0.6141815185546875,-0.1990966796875,-0.7182159423828125
1773062512597767168,80.63852906227112,-0.616119384765625,-0.1661376953125,-0.738861083984375
1773062512607822080,80.64858412742615,-0.60980224609375,-0.13519287109375,-0.7305450439453125
1773062512617878016,80.65863990783691,-0.610015869140625,-0.1280364990234375,-0.6104278564453125
1773062512627932928,80.66869497299194,-0.591888427734375,-0.11639404296875,-0.649322509765625
1773062512637989120,80.67875099182129,-0.6031341552734375,-0.1142120361328125,-0.6768341064453125
1773062512648044032,80.68880605697632,-0.6508026123046875,-0.1366119384765625,-0.6869049072265625
1773062512658100224,80.69886207580566,-0.6708831787109375,-0.1195526123046875,-0.7336883544921875
1773062512668155136,80.7089171409607,-0.6666259765625,-0.079071044921875,-0.8015594482421875
1773062512678211072,80.71897292137146,-0.6175079345703125,-0.04071044921875,-0.8859405517578125
1773062512688265984,80.72902798652649,-0.5926513671875,-0.0093841552734375,-0.930694580078125
1773062512698322176,80.73908400535583,-0.591156005859375,-0.0048828125,-0.951416015625
1773062512708377088,80.74913907051086,-0.5796356201171875,-0.023651123046875,-0.93743896484375
1773062512718433024,80.75919508934021,-0.551055908203125,-0.0511474609375,-0.873199462890625
1773062512728487936,80.76924991607666,-0.53411865234375,-0.0647735595703125,-0.810791015625
1773062512738543872,80.779305934906,-0.5391998291015625,-0.0595245361328125,-0.781494140625
1773062512748599040,80.78936100006104,-0.561737060546875,-0.046661376953125,-0.7541046142578125
1773062512758654976,80.79941701889038,-0.573333740234375,-0.019744873046875,-0.762603759765625
1773062512768710144,80.80947208404541,-0.5808868408203125,-0.0019378662109375,-0.7600250244140625
1773062512778766080,80.81952810287476,-0.6075286865234375,-0.009063720703125,-0.752716064453125
1773062512788822272,80.8295841217041,-0.649871826171875,-0.0183868408203125,-0.7512969970703125
1773062512798876928,80.83963894844055,-0.659820556640625,-0.020263671875,-0.748748779296875
1773062512808933120,80.8496949672699,-0.6660614013671875,-0.01507568359375,-0.77203369140625
1773062512818988032,80.85975003242493,-0.6633453369140625,0.0177001953125,-0.6144256591796875
1773062512829044224,80.86980605125427,-0.6278076171875,0.0544281005859375,-0.6981658935546875
1773062512839099136,80.8798611164093,-0.6233062744140625,0.025482177734375,-0.9136199951171875
1773062512849155072,80.88991713523865,-0.6698150634765625,0.0192108154296875,-0.7747802734375
1773062512859209984,80.8999719619751,-0.6384735107421875,0.04974365234375,-0.8678436279296875
1773062512869265920,80.91002798080444,-0.6530914306640625,0.0440673828125,-0.91656494140625
1773062512879321088,80.92008304595947,-0.67816162109375,0.0732421875,-0.8157958984375
1773062512889377024,80.93013906478882,-0.6408233642578125,0.0897674560546875,-0.8085784912109375
1773062512899432192,80.94019412994385,-0.624359130859375,0.0806427001953125,-0.7609100341796875
1773062512909487872,80.95024991035461,-0.62432861328125,0.0610809326171875,-0.69500732421875
1773062512919543040,80.96030497550964,-0.5897674560546875,0.11077880859375,-0.61297607421875
1773062512929598976,80.97036099433899,-0.5446014404296875,0.1460418701171875,-0.690216064453125
1773062512939654144,80.98041605949402,-0.55548095703125,0.08892822265625,-0.7266082763671875
1773062512949710080,80.99047207832336,-0.553863525390625,0.099395751953125,-0.70361328125
1773062512959764992,81.00052690505981,-0.543487548828125,0.1024932861328125,-0.7011566162109375
1773062512969820928,81.01058292388916,-0.55126953125,0.0812530517578125,-0.660247802734375
1773062512979876096,81.02063798904419,-0.528533935546875,0.1027374267578125,-0.6823272705078125
1773062512989932032,81.03069400787354,-0.4957275390625,0.1188507080078125,-0.6770477294921875
1773062512999987200,81.04074907302856,-0.476348876953125,0.1213531494140625,-0.6203765869140625
1773062513010043136,81.05080509185791,-0.451690673828125,0.163360595703125,-0.582672119140625
1773062513020098048,81.06085991859436,-0.4151458740234375,0.2085723876953125,-0.5966796875
1773062513030153984,81.0709159374237,-0.4038543701171875,0.1837158203125,-0.6681976318359375
1773062513040209152,81.08097100257874,-0.419342041015625,0.1445465087890625,-0.7386932373046875
1773062513050265088,81.09102702140808,-0.4651336669921875,0.132293701171875,-0.725067138671875
1773062513060320256,81.10108208656311,-0.47039794921875,0.1695098876953125,-0.713714599609375
1773062513070376192,81.11113810539246,-0.4519500732421875,0.1732330322265625,-0.6942291259765625
1773062513080431104,81.1211929321289,-0.439056396484375,0.11273193359375,-0.69140625
1773062513090487040,81.13124895095825,-0.3617706298828125,0.095428466796875,-0.791015625
1773062513100541952,81.14130401611328,-0.3218994140625,0.09417724609375,-0.858062744140625
1773062513110598144,81.15136003494263,-0.361083984375,0.131103515625,-0.7250823974609375
1773062513120653056,81.16141510009766,-0.3701171875,0.1926422119140625,-0.577972412109375
1773062513130709248,81.171471118927,-0.2959136962890625,0.17919921875,-0.546905517578125
1773062513140763904,81.18152594566345,-0.19293212890625,0.092620849609375,-0.6139984130859375
1773062513150820096,81.1915819644928,-0.134735107421875,0.0819549560546875,-0.6501922607421875
1773062513160876032,81.20163798332214,-0.1164398193359375,0.15789794921875,-0.7108917236328125
1773062513170931200,81.21169304847717,-0.1265411376953125,0.1699981689453125,-0.7707061767578125
1773062513180987136,81.22174906730652,-0.160736083984375,0.150604248046875,-0.7507781982421875
1773062513191042304,81.23180413246155,-0.1730194091796875,0.16387939453125,-0.69207763671875
1773062513201097984,81.24185991287231,-0.1458587646484375,0.1772003173828125,-0.6433868408203125
1773062513211153152,81.25191497802734,-0.1101226806640625,0.1682281494140625,-0.6147613525390625
1773062513221209088,81.26197099685669,-0.0712127685546875,0.195587158203125,-0.6642913818359375
1773062513231264000,81.27202606201172,-0.040374755859375,0.228179931640625,-0.7500457763671875
1773062513241320192,81.28208208084106,0.0041046142578125,0.2404022216796875,-0.7805938720703125
1773062513251374848,81.29213690757751,0.0135498046875,0.2706298828125,-0.7930908203125
1773062513261431040,81.30219292640686,0.01123046875,0.3187255859375,-0.8138885498046875
1773062513271485952,81.31224799156189,0.0283203125,0.3160247802734375,-0.8377838134765625
1773062513281542144,81.32230401039124,0.058685302734375,0.2939910888671875,-0.8257293701171875
1773062513291597056,81.33235907554626,0.0839385986328125,0.3020477294921875,-0.8124237060546875
1773062513301653248,81.34241509437561,0.08544921875,0.2892913818359375,-0.8189544677734375
1773062513311707904,81.35246992111206,0.0894927978515625,0.2396087646484375,-0.841094970703125
1773062513321764096,81.3625259399414,0.1063995361328125,0.170623779296875,-0.896881103515625
1773062513331819008,81.37258100509644,0.12017822265625,0.129730224609375,-0.9531707763671875
1773062513341875200,81.38263702392578,0.079345703125,0.13104248046875,-1.171295166015625
1773062513351930112,81.39269208908081,0.194488525390625,0.078277587890625,-1.2622528076171875
1773062513361986048,81.40274810791016,0.248382568359375,0.2413330078125,-1.2912139892578125
1773062513372040960,81.4128029346466,0.3459014892578125,0.47052001953125,-1.6765899658203125
1773062513382096896,81.42285895347595,-0.1683807373046875,0.1492156982421875,-1.0521697998046875
1773062513392152064,81.43291401863098,0.00421142578125,0.0967254638671875,-1.2858734130859375
1773062513402208000,81.44297003746033,0.415985107421875,0.0025634765625,-1.4163818359375
1773062513412263168,81.45302510261536,0.54779052734375,0.26177978515625,-1.4366912841796875
1773062513422319104,81.4630811214447,0.5160369873046875,0.3086090087890625,-1.5297088623046875
1773062513432374016,81.47313594818115,0.3682708740234375,0.2668304443359375,-1.3070220947265625
1773062513442429952,81.4831919670105,0.374755859375,0.266265869140625,-0.9497833251953125
1773062513452485120,81.49324703216553,0.33026123046875,0.21319580078125,-0.7151641845703125
1773062513462541056,81.50330305099487,0.233154296875,0.3155975341796875,-0.692535400390625
1773062513472596224,81.5133581161499,0.2732086181640625,0.356597900390625,-0.7894439697265625
1773062513482652160,81.52341413497925,0.4410247802734375,0.2788543701171875,-0.968017578125
1773062513492707072,81.5334689617157,0.56365966796875,0.1929473876953125,-1.1368255615234375
1773062513502763008,81.54352498054504,0.6282806396484375,0.2231292724609375,-1.26654052734375
1773062513512818944,81.55358099937439,0.6764373779296875,0.3182830810546875,-1.31243896484375
1773062513522874112,81.56363606452942,0.681304931640625,0.373931884765625,-1.3005523681640625
1773062513532930048,81.57369208335876,0.6529693603515625,0.3713836669921875,-1.2335052490234375
1773062513542984960,81.58374691009521,0.6542205810546875,0.4094085693359375,-1.1531524658203125
1773062513553040896,81.59380292892456,0.6447601318359375,0.421234130859375,-1.034454345703125
1773062513563096064,81.60385799407959,0.6050567626953125,0.3849639892578125,-0.9142303466796875
1773062513573152000,81.61391401290894,0.563873291015625,0.3113555908203125,-0.8424224853515625
1773062513583207168,81.62396907806396,0.569854736328125,0.239105224609375,-0.8338165283203125
1773062513593263104,81.63402509689331,0.6253204345703125,0.1558990478515625,-0.8769989013671875
1773062513603318016,81.64407992362976,0.700408935546875,0.0839691162109375,-0.9713897705078125
1773062513613373952,81.6541359424591,0.758758544921875,0.095611572265625,-1.1103668212890625
1773062513623429120,81.66419100761414,0.7727203369140625,0.1569366455078125,-1.1746368408203125
1773062513633485056,81.67424702644348,0.7530364990234375,0.1801605224609375,-1.1389617919921875
1773062513643540224,81.68430209159851,0.7397003173828125,0.1854248046875,-1.0131378173828125
1773062513653596160,81.69435811042786,0.730438232421875,0.241729736328125,-0.9020538330078125
1773062513663651072,81.7044129371643,0.719085693359375,0.322509765625,-0.8674163818359375
1773062513673707008,81.71446895599365,0.7632293701171875,0.3567962646484375,-0.942657470703125
1773062513683762176,81.72452402114868,0.8487396240234375,0.3491668701171875,-1.0829620361328125
1773062513693818112,81.73458003997803,0.9386444091796875,0.2796783447265625,-1.122100830078125
1773062513703873280,81.74463510513306,1.02099609375,0.1721649169921875,-1.1060638427734375
1773062513713929216,81.7546911239624,1.026702880859375,0.09136962890625,-1.0282135009765625
1773062513723984128,81.76474595069885,0.992095947265625,0.0728302001953125,-0.8918304443359375
1773062513734040064,81.7748019695282,0.936248779296875,0.0856475830078125,-0.8332977294921875
1773062513744094976,81.78485703468323,0.8812408447265625,0.120635986328125,-0.837432861328125
1773062513754151168,81.79491305351257,0.86212158203125,0.1377105712890625,-0.8572998046875
1773062513764206080,81.8049681186676,0.8433685302734375,0.128021240234375,-0.870452880859375
1773062513774262272,81.81502413749695,0.845184326171875,0.102508544921875,-0.8913116455078125
1773062513784316928,81.8250789642334,0.853607177734375,0.0612335205078125,-0.930206298828125
1773062513794373120,81.83513498306274,0.8513031005859375,0.0311737060546875,-0.951934814453125
1773062513804428032,81.84519004821777,0.8421630859375,0.02142333984375,-0.94427490234375
1773062513814484224,81.85524606704712,0.8295135498046875,0.03790283203125,-0.89825439453125
1773062513824539136,81.86530113220215,0.8016204833984375,0.0228118896484375,-0.8131103515625
1773062513834595072,81.87535691261292,0.7955474853515625,-0.0136566162109375,-0.7751312255859375
1773062513844649984,81.88541197776794,0.8029022216796875,-0.02703857421875,-0.76837158203125
1773062513854706176,81.89546799659729,0.7858123779296875,-0.0297698974609375,-0.7534942626953125
1773062513864760832,81.90552282333374,0.7503204345703125,-0.001251220703125,-0.752410888671875
1773062513874816768,81.91557884216309,0.69647216796875,0.0234375,-0.7715911865234375
1773062513884872960,81.92563486099243,0.6465301513671875,0.00042724609375,-0.8104705810546875
1773062513894927872,81.93568992614746,0.60107421875,-0.0063629150390625,-0.83551025390625
1773062513904984064,81.9457459449768,0.5822296142578125,0.0045013427734375,-0.8620452880859375
1773062513915038976,81.95580101013184,0.5760040283203125,0.00347900390625,-0.8425445556640625
1773062513925095168,81.96585702896118,0.571380615234375,-0.03466796875,-0.782440185546875
1773062513935149824,81.97591185569763,0.5687103271484375,-0.075653076171875,-0.7184906005859375
1773062513945206016,81.98596787452698,0.5481109619140625,-0.09051513671875,-0.693817138671875
1773062513955260928,81.996022939682,0.5232086181640625,-0.0631561279296875,-0.68194580078125
1773062513965317120,82.00607895851135,0.4987335205078125,-0.0339202880859375,-0.7057952880859375
1773062513975372032,82.01613402366638,0.46990966796875,-0.04046630859375,-0.737945556640625
1773062513985427968,82.02619004249573,0.4442596435546875,-0.0844268798828125,-0.7603912353515625
1773062513995482880,82.03624486923218,0.4116363525390625,-0.160858154296875,-0.756072998046875
1773062514005538816,82.04630088806152,0.392669677734375,-0.234832763671875,-0.7704925537109375
1773062514015593984,82.05635595321655,0.378570556640625,-0.2505035400390625,-0.7840118408203125
1773062514025649920,82.0664119720459,0.3585968017578125,-0.2220916748046875,-0.786376953125
1773062514035705088,82.07646703720093,0.3270111083984375,-0.1827545166015625,-0.7924346923828125
1773062514045761024,82.08652305603027,0.2969970703125,-0.1828460693359375,-0.7992095947265625
1773062514055815936,82.09657788276672,0.2931365966796875,-0.2069244384765625,-0.8212432861328125
1773062514065871872,82.10663390159607,0.3082275390625,-0.21563720703125,-0.8329315185546875
1773062514075927040,82.1166889667511,0.3231658935546875,-0.2269134521484375,-0.795928955078125
1773062514085982976,82.12674498558044,0.3087615966796875,-0.248382568359375,-0.7565765380859375
1773062514096038144,82.13680005073547,0.275787353515625,-0.274871826171875,-0.731414794921875
1773062514106093824,82.14685583114624,0.253265380859375,-0.3036041259765625,-0.75732421875
1773062514116148992,82.15691089630127,0.2386627197265625,-0.3192291259765625,-0.7777557373046875
1773062514126204928,82.16696691513062,0.2321014404296875,-0.337615966796875,-0.7825775146484375
1773062514136260096,82.17702198028564,0.2254486083984375,-0.3411865234375,-0.82293701171875
1773062514146316032,82.18707799911499,0.23321533203125,-0.303741455078125,-0.86993408203125
1773062514156370944,82.19713282585144,0.2816162109375,-0.227569580078125,-0.8748779296875
1773062514166426880,82.20718884468079,0.2960052490234375,-0.179290771484375,-0.8537445068359375
1773062514176482048,82.21724390983582,0.2568817138671875,-0.1727447509765625,-0.8222198486328125
1773062514186537984,82.22729992866516,0.2308197021484375,-0.1699066162109375,-0.7565155029296875
1773062514196593152,82.23735499382019,0.2258148193359375,-0.1581268310546875,-0.74237060546875
1773062514206649088,82.24741101264954,0.214111328125,-0.140289306640625,-0.764801025390625
1773062514216704000,82.25746583938599,0.2122955322265625,-0.13323974609375,-0.8111419677734375
1773062514226759936,82.26752185821533,0.217529296875,-0.1746673583984375,-0.83721923828125
1773062514236814848,82.27757692337036,0.221343994140625,-0.256988525390625,-0.8230438232421875
1773062514246871040,82.2876329421997,0.207244873046875,-0.3291778564453125,-0.7562103271484375
1773062514256925952,82.29768800735474,0.18499755859375,-0.3689727783203125,-0.6866607666015625
1773062514266982144,82.30774402618408,0.1974029541015625,-0.3489990234375,-0.6725311279296875
1773062514277036800,82.31779885292053,0.1879730224609375,-0.3254852294921875,-0.718780517578125
1773062514287092992,82.32785487174988,0.1748809814453125,-0.2898406982421875,-0.822296142578125
1773062514297148928,82.33791089057922,0.20245361328125,-0.2294921875,-0.887786865234375
1773062514307204096,82.34796595573425,0.2208709716796875,-0.21630859375,-0.9294281005859375
1773062514317260032,82.3580219745636,0.1708221435546875,-0.27264404296875,-0.9647369384765625
1773062514327315200,82.36807703971863,0.1550140380859375,-0.33367919921875,-0.9311676025390625
1773062514337371136,82.37813305854797,0.144622802734375,-0.40399169921875,-0.8956146240234375
1773062514347426048,82.38818788528442,0.1168975830078125,-0.4400177001953125,-0.881439208984375
1773062514357481984,82.39824390411377,0.1338043212890625,-0.4203948974609375,-0.8831329345703125
1773062514367536896,82.4082989692688,0.158233642578125,-0.4053802490234375,-0.8717498779296875
1773062514377593088,82.41835498809814,0.1716156005859375,-0.4075164794921875,-0.8670654296875
1773062514387648000,82.42841005325317,0.1796417236328125,-0.3794708251953125,-0.8729248046875
1773062514397703936,82.43846583366394,0.182464599609375,-0.33251953125,-0.87139892578125
1773062514407758848,82.44852089881897,0.1808624267578125,-0.2943572998046875,-0.8899993896484375
1773062514417815040,82.45857691764832,0.16845703125,-0.2639617919921875,-0.93353271484375
1773062514427869952,82.46863198280334,0.1479034423828125,-0.25811767578125,-0.9564971923828125
1773062514437926144,82.47868800163269,0.1425018310546875,-0.2785186767578125,-0.967864990234375
1773062514447980800,82.48874282836914,0.1559906005859375,-0.3062896728515625,-0.96942138671875
1773062514458036992,82.49879884719849,0.1689910888671875,-0.3251800537109375,-0.9542083740234375
1773062514468091904,82.50885391235352,0.1791534423828125,-0.3307952880859375,-0.9351043701171875
1773062514478148096,82.51890993118286,0.1732025146484375,-0.346832275390625,-0.924591064453125
1773062514488203008,82.52896499633789,0.179168701171875,-0.3486175537109375,-0.920562744140625
1773062514498258944,82.53902101516724,0.1816864013671875,-0.351776123046875,-0.9244384765625
1773062514508313856,82.54907584190369,0.1835479736328125,-0.3610076904296875,-0.9246673583984375
1773062514518369792,82.55913186073303,0.1826324462890625,-0.3727264404296875,-0.9245147705078125
1773062514528424960,82.56918692588806,0.189727783203125,-0.3653106689453125,-0.909027099609375
1773062514538480896,82.57924294471741,0.18585205078125,-0.3691558837890625,-0.8967437744140625
1773062514548536064,82.58929800987244,0.1822967529296875,-0.376373291015625,-0.9025421142578125
1773062514558592000,82.59935402870178,0.1797637939453125,-0.3742523193359375,-0.9120941162109375
1773062514568646912,82.60940885543823,0.17291259765625,-0.3526763916015625,-0.919403076171875
1773062514578702848,82.61946487426758,0.162994384765625,-0.3217620849609375,-0.919464111328125
1773062514588758016,82.62951993942261,0.1522369384765625,-0.3196563720703125,-0.8963623046875
1773062514598813952,82.63957595825195,0.14996337890625,-0.349334716796875,-0.880462646484375
1773062514608869120,82.64963102340698,0.1754608154296875,-0.36151123046875,-0.8617401123046875
1773062514618925056,82.65968704223633,0.213226318359375,-0.3528900146484375,-0.78179931640625
1773062514628979968,82.66974186897278,0.116058349609375,-0.2821044921875,-0.8709259033203125
1773062514639035904,82.67979788780212,0.2215576171875,-0.4262237548828125,-0.8079833984375
1773062514649091072,82.68985295295715,0.2123870849609375,-0.5189666748046875,-0.8628692626953125
1773062514659147008,82.6999089717865,0.2097930908203125,-0.4908447265625,-0.9220428466796875
1773062514669202944,82.70996499061584,0.166778564453125,-0.4306793212890625,-0.9719696044921875
1773062514679258112,82.72002005577087,0.0772247314453125,-0.296600341796875,-1.0107879638671875
1773062514689313792,82.73007583618164,0.1186676025390625,-0.2894744873046875,-0.9361724853515625
1773062514699368960,82.74013090133667,0.190338134765625,-0.3153228759765625,-0.8493499755859375
1773062514709424896,82.75018692016602,0.19012451171875,-0.374908447265625,-0.81231689453125
1773062514719480064,82.76024198532104,0.1955413818359375,-0.399993896484375,-0.8284149169921875
1773062514729536000,82.77029800415039,0.2020721435546875,-0.363983154296875,-0.8697662353515625
1773062514739590912,82.78035283088684,0.1979217529296875,-0.3364105224609375,-0.909759521484375
1773062514749646848,82.79040884971619,0.188934326171875,-0.3542633056640625,-0.943450927734375
1773062514759702016,82.80046391487122,0.1554718017578125,-0.4251861572265625,-0.938232421875
1773062514769757952,82.81051993370056,0.2151336669921875,-0.381378173828125,-0.923370361328125
1773062514779813120,82.82057499885559,0.211212158203125,-0.4052276611328125,-0.949249267578125
1773062514789869056,82.83063101768494,0.1982421875,-0.3887786865234375,-0.938568115234375
1773062514799923968,82.84068584442139,0.188720703125,-0.375213623046875,-0.91961669921875
1773062514809979904,82.85074186325073,0.1862945556640625,-0.3811187744140625,-0.91326904296875
1773062514820035072,82.86079692840576,0.1869659423828125,-0.3876800537109375,-0.908416748046875
1773062514830091008,82.87085294723511,0.1821746826171875,-0.3824310302734375,-0.91510009765625
1773062514840146176,82.88090801239014,0.179443359375,-0.3737030029296875,-0.90838623046875
1773062514850202112,82.89096403121948,0.1766204833984375,-0.373046875,-0.89703369140625
1773062514860257024,82.90101909637451,0.17388916015625,-0.374725341796875,-0.8855743408203125
1773062514870313216,82.91107511520386,0.1711578369140625,-0.36962890625,-0.8999176025390625
1773062514880367872,82.92112994194031,0.167205810546875,-0.3600311279296875,-0.9251251220703125
1773062514890424064,82.93118596076965,0.1723480224609375,-0.369720458984375,-0.9247283935546875
1773062514900478976,82.94124102592468,0.1774139404296875,-0.39910888671875,-0.919708251953125
1773062514910535168,82.95129704475403,0.1843719482421875,-0.4188232421875,-0.8995361328125
1773062514920590080,82.96135210990906,0.1861724853515625,-0.4102935791015625,-0.89752197265625
1773062514930646272,82.9714081287384,0.178741455078125,-0.3820953369140625,-0.916717529296875
1773062514940700928,82.98146295547485,0.1778411865234375,-0.3530120849609375,-0.9200897216796875
1773062514950757120,82.9915189743042,0.1777801513671875,-0.346099853515625,-0.9137725830078125
1773062514960812032,83.00157403945923,0.1753997802734375,-0.3512725830078125,-0.9117279052734375
1773062514970868224,83.01163005828857,0.1680145263671875,-0.349365234375,-0.917022705078125
1773062514980923136,83.0216851234436,0.1638336181640625,-0.3417816162109375,-0.9162750244140625
1773062514990979072,83.03174114227295,0.1651611328125,-0.35113525390625,-0.913421630859375
1773062515001033984,83.0417959690094,0.1721343994140625,-0.37078857421875,-0.9088592529296875
1773062515011089920,83.05185198783875,0.1764373779296875,-0.37896728515625,-0.913818359375
1773062515021145088,83.06190705299377,0.1808319091796875,-0.3751068115234375,-0.9033203125
1773062515031201024,83.07196307182312,0.178863525390625,-0.3797454833984375,-0.89581298828125
1773062515041256192,83.08201813697815,0.1790008544921875,-0.3805999755859375,-0.8932647705078125
1773062515051311872,83.09207391738892,0.1824188232421875,-0.37652587890625,-0.89251708984375
1773062515061367040,83.10212898254395,0.186248779296875,-0.3697052001953125,-0.8917694091796875
1773062515071422976,83.11218500137329,0.1879425048828125,-0.36114501953125,-0.8971405029296875
1773062515081478144,83.12224006652832,0.18890380859375,-0.36431884765625,-0.9170989990234375
1773062515091534080,83.13229608535767,0.18798828125,-0.3603363037109375,-0.9230804443359375
1773062515101590272,83.14235210418701,0.181671142578125,-0.3617095947265625,-0.91754150390625
1773062515111644928,83.15240693092346,0.176788330078125,-0.375152587890625,-0.9114990234375
1773062515121701120,83.16246294975281,0.17559814453125,-0.3855133056640625,-0.9085235595703125
1773062515131756032,83.17251801490784,0.177001953125,-0.3872222900390625,-0.9077911376953125
1773062515141811968,83.18257403373718,0.173583984375,-0.390411376953125,-0.9046173095703125
1773062515151867136,83.19262909889221,0.17626953125,-0.39306640625,-0.9027099609375
1773062515161923072,83.20268511772156,0.1810302734375,-0.387664794921875,-0.9029083251953125
1773062515171977984,83.21273994445801,0.1817626953125,-0.3729248046875,-0.902374267578125
1773062515182033920,83.22279596328735,0.1816864013671875,-0.3677825927734375,-0.8978271484375
1773062515192089088,83.23285102844238,0.179107666015625,-0.3751373291015625,-0.901885986328125
1773062515202145024,83.24290704727173,0.181884765625,-0.3780059814453125,-0.9009552001953125
1773062515212200192,83.25296211242676,0.185333251953125,-0.3867645263671875,-0.9095611572265625
1773062515222256128,83.2630181312561,0.1843719482421875,-0.3991851806640625,-0.9233551025390625
1773062515232311040,83.27307295799255,0.1904296875,-0.4028778076171875,-0.9190673828125
1773062515242366976,83.2831289768219,0.1969451904296875,-0.4048004150390625,-0.914093017578125
1773062515252422144,83.29318404197693,0.19342041015625,-0.3983001708984375,-0.91552734375
1773062515262478080,83.30324006080627,0.1945343017578125,-0.39410400390625,-0.91314697265625
1773062515272533248,83.3132951259613,0.204833984375,-0.3932647705078125,-0.9194793701171875
1773062515282588928,83.32335090637207,0.212158203125,-0.38543701171875,-0.9001922607421875
1773062515292644096,83.3334059715271,0.176483154296875,-0.3512115478515625,-0.909576416015625
1773062515302700032,83.34346199035645,0.1640777587890625,-0.3197784423828125,-0.9262237548828125
1773062515312755200,83.35351705551147,0.16131591796875,-0.34930419921875,-0.91265869140625
1773062515322811136,83.36357307434082,0.1605072021484375,-0.414031982421875,-0.895263671875
1773062515332866304,83.37362813949585,0.1780242919921875,-0.425262451171875,-0.8946990966796875
1773062515342921984,83.38368391990662,0.191162109375,-0.406494140625,-0.9095001220703125
1773062515352977152,83.39373898506165,0.174072265625,-0.3753204345703125,-0.9296875
1773062515363033088,83.40379500389099,0.1602020263671875,-0.35455322265625,-0.9359588623046875
1773062515373088000,83.41385006904602,0.16802978515625,-0.3621673583984375,-0.9325714111328125
1773062515383144192,83.42390608787537,0.1815948486328125,-0.3927001953125,-0.9239959716796875
1773062515393198848,83.43396091461182,0.1981964111328125,-0.4333038330078125,-0.9132843017578125
1773062515403255040,83.44401693344116,0.2195587158203125,-0.4423065185546875,-0.8910064697265625
1773062515413309952,83.45407199859619,0.2150421142578125,-0.451080322265625,-0.9116058349609375
1773062515423366144,83.46412801742554,0.20391845703125,-0.4228515625,-0.9115447998046875
1773062515433421056,83.47418308258057,0.175384521484375,-0.4062347412109375,-0.9038238525390625
1773062515443477248,83.48423910140991,0.14617919921875,-0.4029998779296875,-0.8892974853515625
1773062515453531904,83.49429392814636,0.124420166015625,-0.402252197265625,-0.8579559326171875
1773062515463588096,83.50434994697571,0.0996246337890625,-0.4025421142578125,-0.8338775634765625
1773062515473643008,83.51440501213074,0.0733642578125,-0.3962249755859375,-0.828948974609375
1773062515483699200,83.52446103096008,0.056488037109375,-0.3770294189453125,-0.832672119140625
1773062515493754112,83.53451609611511,0.053985595703125,-0.344482421875,-0.84710693359375
1773062515503810048,83.54457211494446,0.0525054931640625,-0.322906494140625,-0.850799560546875
1773062515513866240,83.5546281337738,0.058441162109375,-0.313568115234375,-0.8554229736328125
1773062515523920896,83.56468296051025,0.075775146484375,-0.3093719482421875,-0.8611907958984375
1773062515533977088,83.5747389793396,0.0984954833984375,-0.300567626953125,-0.870086669921875
1773062515544032000,83.58479404449463,0.113525390625,-0.2781524658203125,-0.8893585205078125
1773062515554088192,83.59485006332397,0.1276702880859375,-0.2525634765625,-0.9207916259765625
1773062515564143104,83.604905128479,0.1526947021484375,-0.240875244140625,-0.9446258544921875
1773062515574199040,83.61496090888977,0.1766204833984375,-0.2600555419921875,-0.950286865234375
1773062515584253952,83.6250159740448,0.194366455078125,-0.29718017578125,-0.93975830078125
1773062515594310144,83.63507199287415,0.2112274169921875,-0.32269287109375,-0.915435791015625
1773062515604365056,83.64512705802917,0.2288818359375,-0.3329620361328125,-0.896636962890625
1773062515614421248,83.65518307685852,0.2295684814453125,-0.3342132568359375,-0.886444091796875
1773062515624476160,83.66523814201355,0.2196197509765625,-0.33984375,-0.87506103515625
1773062515634532096,83.67529392242432,0.208526611328125,-0.340972900390625,-0.867919921875
1773062515644587008,83.68534898757935,0.1970062255859375,-0.329986572265625,-0.8639984130859375
1773062515654642944,83.69540500640869,0.182037353515625,-0.320404052734375,-0.8644256591796875
1773062515664698112,83.70546007156372,0.1725616455078125,-0.3094329833984375,-0.867889404296875
1773062515674754048,83.71551609039307,0.1689300537109375,-0.29486083984375,-0.8747406005859375
1773062515684808960,83.72557091712952,0.172149658203125,-0.278564453125,-0.8704071044921875
1773062515694864896,83.73562693595886,0.1808013916015625,-0.2693023681640625,-0.8618927001953125
1773062515704920064,83.74568200111389,0.1930999755859375,-0.26934814453125,-0.8482208251953125
1773062515714976000,83.75573801994324,0.199462890625,-0.25439453125,-0.8204345703125
1773062515725031168,83.76579308509827,0.195526123046875,-0.253326416015625,-0.807647705078125
1773062515735087104,83.77584910392761,0.1770172119140625,-0.279632568359375,-0.79742431640625
1773062515745142016,83.78590393066406,0.15643310546875,-0.307891845703125,-0.7987518310546875
1773062515755197952,83.79595994949341,0.1302947998046875,-0.3256072998046875,-0.822967529296875
1773062515765253120,83.80601501464844,0.10906982421875,-0.3199005126953125,-0.8677520751953125
1773062515775309056,83.81607103347778,0.0989837646484375,-0.3047637939453125,-0.9243011474609375
1773062515785364224,83.82612609863281,0.10015869140625,-0.296966552734375,-0.963775634765625
1773062515795420160,83.83618211746216,0.1158599853515625,-0.2907562255859375,-1.0021209716796875
1773062515805475072,83.84623694419861,0.1356658935546875,-0.284820556640625,-1.031982421875
1773062515815531008,83.85629296302795,0.1443328857421875,-0.2779541015625,-1.052703857421875
1773062515825586176,83.86634802818298,0.145660400390625,-0.2815399169921875,-1.0697174072265625
1773062515835642112,83.87640404701233,0.1473388671875,-0.2896270751953125,-1.0807647705078125
1773062515845697792,83.8864598274231,0.153106689453125,-0.3021697998046875,-1.091796875
1773062515855753984,83.89651584625244,0.1600189208984375,-0.3178863525390625,-1.1075897216796875
1773062515865808640,83.90657067298889,0.1676788330078125,-0.326812744140625,-1.1218719482421875
1773062515875864832,83.91662669181824,0.1681976318359375,-0.3258209228515625,-1.1244964599609375
1773062515885919744,83.92668175697327,0.1661224365234375,-0.3211669921875,-1.1168365478515625
1773062515895975936,83.93673777580261,0.16455078125,-0.311859130859375,-1.104644775390625
1773062515906030848,83.94679284095764,0.1719207763671875,-0.30303955078125,-1.0948486328125
1773062515916087040,83.95684885978699,0.192596435546875,-0.298583984375,-1.090728759765625
1773062515926141696,83.96690368652344,0.2186737060546875,-0.2972564697265625,-1.0826263427734375
1773062515936197632,83.97695970535278,0.242401123046875,-0.30352783203125,-1.06964111328125
1773062515946252800,83.98701477050781,0.2606048583984375,-0.3227081298828125,-1.048736572265625
1773062515956308736,83.99707078933716,0.2756195068359375,-0.34814453125,-1.0170135498046875
1773062515966364928,84.0071268081665,0.27978515625,-0.368804931640625,-0.9898223876953125
1773062515976419840,84.01718187332153,0.27716064453125,-0.3675537109375,-0.9716339111328125
1773062515986476032,84.02723789215088,0.2737274169921875,-0.35028076171875,-0.95703125
1773062515996530688,84.03729271888733,0.2659759521484375,-0.3366241455078125,-0.9471435546875
1773062516006586880,84.04734873771667,0.26220703125,-0.3331146240234375,-0.9469451904296875
1773062516016641792,84.0574038028717,0.2432403564453125,-0.3657989501953125,-0.8885040283203125
1773062516026697984,84.06745982170105,0.313812255859375,-0.4621734619140625,-0.784942626953125
1773062516036752896,84.07751488685608,0.355743408203125,-0.4620819091796875,-0.753265380859375
1773062516046808832,84.08757066726685,0.3146514892578125,-0.4405364990234375,-0.7625732421875
1773062516056863744,84.09762573242188,0.2981109619140625,-0.3640289306640625,-0.775238037109375
1773062516066919680,84.10768175125122,0.28369140625,-0.316375732421875,-0.7638397216796875
1773062516076974848,84.11773681640625,0.21173095703125,-0.322998046875,-0.8532867431640625
1773062516087030784,84.1277928352356,0.209869384765625,-0.24505615234375,-0.88922119140625
1773062516097085696,84.13784766197205,0.1832427978515625,-0.2100982666015625,-0.89215087890625
1773062516107141632,84.14790368080139,0.1644134521484375,-0.180877685546875,-0.876983642578125
1773062516117196800,84.15795874595642,0.15802001953125,-0.1712188720703125,-0.879150390625
1773062516127252736,84.16801476478577,0.1279754638671875,-0.2022552490234375,-0.903472900390625
1773062516137307904,84.1780698299408,0.125885009765625,-0.2097320556640625,-0.920440673828125
1773062516147363840,84.18812584877014,0.15069580078125,-0.226715087890625,-0.9380340576171875
1773062516157418752,84.19818067550659,0.1519775390625,-0.27777099609375,-0.954559326171875
1773062516167474688,84.20823669433594,0.1548309326171875,-0.313201904296875,-0.9514923095703125
1773062516177529856,84.21829175949097,0.17041015625,-0.3297882080078125,-0.9430084228515625
1773062516187585792,84.22834777832031,0.180511474609375,-0.342254638671875,-0.932769775390625
1773062516197640960,84.23840284347534,0.18609619140625,-0.3614959716796875,-0.928009033203125
1773062516207696896,84.24845886230469,0.1884765625,-0.37896728515625,-0.926300048828125
1773062516217751808,84.25851368904114,0.2019805908203125,-0.375579833984375,-0.9049530029296875
1773062516227807744,84.26856970787048,0.2167816162109375,-0.3629302978515625,-0.888214111328125
1773062516237862912,84.27862477302551,0.2232513427734375,-0.3509979248046875,-0.887969970703125
1773062516247918848,84.28868079185486,0.2305450439453125,-0.332366943359375,-0.8939361572265625
1773062516257974016,84.29873585700989,0.2280426025390625,-0.32781982421875,-0.9196319580078125
1773062516268029952,84.30879187583923,0.225433349609375,-0.3103179931640625,-0.944427490234375
1773062516278084864,84.31884670257568,0.220794677734375,-0.297027587890625,-0.94622802734375
1773062516288140800,84.32890272140503,0.2093658447265625,-0.3056488037109375,-0.94940185546875
1773062516298195712,84.33895778656006,0.2049407958984375,-0.3175506591796875,-0.9316864013671875
1773062516308251904,84.3490138053894,0.2052764892578125,-0.3359222412109375,-0.9152069091796875
1773062516318306816,84.35906887054443,0.2025604248046875,-0.35345458984375,-0.91033935546875
1773062516328363008,84.36912488937378,0.20391845703125,-0.3369598388671875,-0.8802490234375
1773062516338417664,84.37917971611023,0.1705169677734375,-0.288299560546875,-0.8752593994140625
1773062516348473856,84.38923573493958,0.211395263671875,-0.334808349609375,-0.8264007568359375
1773062516358528768,84.3992908000946,0.26409912109375,-0.4009552001953125,-0.8450775146484375
1773062516368584960,84.40934681892395,0.2508544921875,-0.338897705078125,-0.9189300537109375
1773062516378639872,84.41940188407898,0.2344818115234375,-0.2760162353515625,-0.9615478515625
1773062516388695808,84.42945766448975,0.1844635009765625,-0.3088226318359375,-0.990234375
1773062516398750720,84.43951272964478,0.205810546875,-0.432769775390625,-0.9533843994140625
1773062516408806912,84.44956874847412,0.2605133056640625,-0.4254608154296875,-0.8836822509765625
1773062516418862848,84.45962476730347,0.260833740234375,-0.350616455078125,-0.8680267333984375
1773062516428917760,84.4696798324585,0.2258453369140625,-0.3149566650390625,-0.8729095458984375
