time,seconds_elapsed,x,y,z
1773062928713707008,0.0011780261993408203,0.0506744384765625,-0.0933990478515625,-0.996490478515625
1773062928723742976,0.011214017868041992,0.0732574462890625,-0.1193389892578125,-0.991546630859375
1773062928733778944,0.021250009536743164,0.07672119140625,-0.135833740234375,-0.9890594482421875
1773062928743816192,0.031287193298339844,0.0785675048828125,-0.13232421875,-0.9854888916015625
1773062928753852160,0.041323184967041016,0.076812744140625,-0.1253509521484375,-0.99139404296875
1773062928763886592,0.05135774612426758,0.07098388671875,-0.128814697265625,-0.989013671875
1773062928773922560,0.06139373779296875,0.0764312744140625,-0.1250762939453125,-0.9918365478515625
1773062928783958784,0.07142972946166992,0.076873779296875,-0.1240234375,-0.999969482421875
1773062928793994752,0.0814657211303711,0.0668792724609375,-0.1271209716796875,-0.9953155517578125
1773062928804031488,0.09150266647338867,0.065277099609375,-0.1360931396484375,-0.9832611083984375
1773062928814067712,0.10153865814208984,0.0770416259765625,-0.134796142578125,-0.9711761474609375
1773062928824103680,0.11157464981079102,0.0794525146484375,-0.143524169921875,-0.9663238525390625
1773062928834139648,0.12161064147949219,0.0714263916015625,-0.1466217041015625,-0.9760589599609375
1773062928844175616,0.13164663314819336,0.066558837890625,-0.12786865234375,-0.989105224609375
1773062928854211584,0.14168262481689453,0.0649566650390625,-0.11767578125,-0.99176025390625
1773062928864248832,0.1517198085784912,0.07012939453125,-0.119964599609375,-0.9868011474609375
1773062928874284800,0.16175580024719238,0.069183349609375,-0.1349334716796875,-0.981292724609375
1773062928884320768,0.17179179191589355,0.066864013671875,-0.1454925537109375,-0.970947265625
1773062928894356736,0.18182778358459473,0.076995849609375,-0.1341705322265625,-0.97430419921875
1773062928904392704,0.1918637752532959,0.0753173828125,-0.1170196533203125,-0.987579345703125
1773062928914429696,0.20190072059631348,0.0670623779296875,-0.108673095703125,-0.9970855712890625
1773062928924465664,0.21193671226501465,0.066741943359375,-0.114044189453125,-0.9935760498046875
1773062928934501632,0.22197270393371582,0.0712127685546875,-0.1331329345703125,-0.9864349365234375
1773062928944537600,0.232008695602417,0.0751495361328125,-0.1353302001953125,-0.9810943603515625
1773062928954573568,0.24204468727111816,0.0761871337890625,-0.11993408203125,-0.986175537109375
1773062928964609536,0.25208067893981934,0.070343017578125,-0.113861083984375,-0.993896484375
1773062928974646528,0.2621176242828369,0.065338134765625,-0.1183013916015625,-0.9971160888671875
1773062928984682496,0.2721536159515381,0.06671142578125,-0.1208953857421875,-0.9958648681640625
1773062928994718464,0.28218960762023926,0.072509765625,-0.1328277587890625,-0.9933013916015625
1773062929004754432,0.29222559928894043,0.07275390625,-0.14453125,-0.9844512939453125
1773062929014790656,0.3022618293762207,0.0701446533203125,-0.1348114013671875,-0.9780426025390625
1773062929024826880,0.3122978210449219,0.0741424560546875,-0.1265411376953125,-0.982025146484375
1773062929034863616,0.32233476638793945,0.0721588134765625,-0.1346588134765625,-0.98321533203125
1773062929044899584,0.3323707580566406,0.0634613037109375,-0.132720947265625,-0.9854736328125
1773062929054935808,0.3424067497253418,0.0599212646484375,-0.1247100830078125,-0.9851531982421875
1773062929064971776,0.35244274139404297,0.0677032470703125,-0.1219482421875,-0.98919677734375
1773062929075007744,0.36247873306274414,0.0779876708984375,-0.1244354248046875,-0.99029541015625
1773062929085043712,0.3725147247314453,0.070953369140625,-0.1385345458984375,-0.9854888916015625
1773062929095080704,0.3825516700744629,0.068450927734375,-0.14532470703125,-0.9806060791015625
1773062929105116672,0.39258766174316406,0.0721435546875,-0.144317626953125,-0.9761810302734375
1773062929115152640,0.40262365341186523,0.075927734375,-0.141845703125,-0.968353271484375
1773062929125188608,0.4126596450805664,0.071197509765625,-0.1426849365234375,-0.9686737060546875
1773062929135224576,0.4226956367492676,0.070770263671875,-0.140899658203125,-0.980072021484375
1773062929145260544,0.43273162841796875,0.086181640625,-0.1371002197265625,-0.99139404296875
1773062929155297792,0.44276881217956543,0.096435546875,-0.135589599609375,-1.0048828125
1773062929165333760,0.4528048038482666,0.090850830078125,-0.12255859375,-1.0074615478515625
1773062929175369728,0.4628407955169678,0.09442138671875,-0.11376953125,-1.003662109375
1773062929185405696,0.47287678718566895,0.1061859130859375,-0.12890625,-0.9956207275390625
1773062929195441664,0.4829127788543701,0.1065216064453125,-0.1551513671875,-0.984527587890625
1773062929205478656,0.4929497241973877,0.10345458984375,-0.1747894287109375,-0.9985809326171875
1773062929215514624,0.5029857158660889,0.1040802001953125,-0.17681884765625,-1.0120849609375
1773062929225550592,0.51302170753479,0.1047210693359375,-0.1572265625,-1.0219879150390625
1773062929235586560,0.5230576992034912,0.099822998046875,-0.1508331298828125,-1.039306640625
1773062929245622528,0.5330936908721924,0.0863800048828125,-0.1689605712890625,-1.0139007568359375
1773062929255658752,0.5431296825408936,0.0743865966796875,-0.1925201416015625,-0.9751739501953125
1773062929265695488,0.5531666278839111,0.0780181884765625,-0.1986846923828125,-0.952178955078125
1773062929275731456,0.5632026195526123,0.086700439453125,-0.2097015380859375,-0.9399871826171875
1773062929285767680,0.5732386112213135,0.0793914794921875,-0.2177276611328125,-0.941314697265625
1773062929295803648,0.5832746028900146,0.06842041015625,-0.2287750244140625,-0.9395599365234375
1773062929305839616,0.5933105945587158,0.076019287109375,-0.2225189208984375,-0.9527130126953125
1773062929315875840,0.6033468246459961,0.08489990234375,-0.201324462890625,-0.97796630859375
1773062929325912832,0.6133837699890137,0.100738525390625,-0.1982574462890625,-0.9904022216796875
1773062929335948800,0.6234197616577148,0.1452789306640625,-0.2297821044921875,-0.9974212646484375
1773062929345984768,0.633455753326416,0.209381103515625,-0.289520263671875,-1.022216796875
1773062929356020736,0.6434917449951172,0.243743896484375,-0.391998291015625,-1.0426025390625
1773062929366056704,0.6535277366638184,0.2415924072265625,-0.26971435546875,-0.9904937744140625
1773062929376092672,0.6635637283325195,0.138336181640625,0.0430755615234375,-1.0026092529296875
1773062929386129664,0.6736006736755371,0.0008392333984375,0.1783447265625,-1.05035400390625
1773062929396165632,0.6836366653442383,-0.0007476806640625,0.1721954345703125,-1.0339813232421875
1773062929406201600,0.6936726570129395,0.0810394287109375,0.080902099609375,-1.0073394775390625
1773062929416237568,0.7037086486816406,0.152130126953125,-0.041534423828125,-0.96533203125
1773062929426273536,0.7137446403503418,0.173492431640625,-0.11309814453125,-0.9204864501953125
1773062929436310784,0.7237818241119385,0.16510009765625,-0.1025390625,-0.9074859619140625
1773062929446346752,0.7338178157806396,0.1376953125,-0.02679443359375,-0.9171905517578125
1773062929456382720,0.7438538074493408,0.0894012451171875,0.082611083984375,-0.9119873046875
1773062929466418688,0.753889799118042,0.02862548828125,0.191619873046875,-0.898529052734375
1773062929476454656,0.7639257907867432,-0.017822265625,0.27691650390625,-0.87432861328125
1773062929486490624,0.7739617824554443,-0.040496826171875,0.3180084228515625,-0.8185272216796875
1773062929496527616,0.7839987277984619,-0.04864501953125,0.31231689453125,-0.745361328125
1773062929506563584,0.7940347194671631,-0.043487548828125,0.2880096435546875,-0.685882568359375
1773062929516599552,0.8040707111358643,-0.0367279052734375,0.2779083251953125,-0.6510009765625
1773062929526635520,0.8141067028045654,-0.0287322998046875,0.2991790771484375,-0.6286773681640625
1773062929536671744,0.8241426944732666,-0.01068115234375,0.364959716796875,-0.6194305419921875
1773062929546707712,0.8341786861419678,-0.001708984375,0.4533538818359375,-0.601348876953125
1773062929556744448,0.8442156314849854,0.003814697265625,0.527313232421875,-0.606964111328125
1773062929566780672,0.8542516231536865,0.000396728515625,0.5746917724609375,-0.6224822998046875
1773062929576816640,0.8642876148223877,-0.00982666015625,0.589263916015625,-0.6126861572265625
1773062929586852608,0.8743236064910889,0.018890380859375,0.5962677001953125,-0.603973388671875
1773062929596888576,0.88435959815979,0.082489013671875,0.6020050048828125,-0.624786376953125
1773062929606924800,0.8943958282470703,0.1407928466796875,0.6137542724609375,-0.65118408203125
1773062929616961792,0.9044327735900879,0.1747894287109375,0.646026611328125,-0.6230621337890625
1773062929626997760,0.9144687652587891,0.2012481689453125,0.6886444091796875,-0.6340484619140625
1773062929637033728,0.9245047569274902,0.246002197265625,0.728179931640625,-0.6746826171875
1773062929647069696,0.9345407485961914,0.300323486328125,0.769927978515625,-0.673828125
1773062929657105664,0.9445767402648926,0.3706817626953125,0.84466552734375,-0.6183013916015625
1773062929667142656,0.9546136856079102,0.4530181884765625,0.9020538330078125,-0.59808349609375
1773062929677178624,0.9646496772766113,0.50982666015625,0.9901580810546875,-0.6443634033203125
1773062929687214592,0.9746856689453125,0.53692626953125,1.1107025146484375,-0.802093505859375
1773062929697250560,0.9847216606140137,0.4919891357421875,1.1456756591796875,-0.7659912109375
1773062929707286528,0.9947576522827148,0.417724609375,0.914093017578125,-0.565155029296875
1773062929717322496,1.004793643951416,0.480712890625,0.7019500732421875,-0.4654541015625
1773062929727359744,1.0148308277130127,0.5880279541015625,0.685882568359375,-0.5186767578125
1773062929737395712,1.0248668193817139,0.689910888671875,0.8101043701171875,-0.5304718017578125
1773062929747431680,1.034902811050415,0.7830810546875,1.019317626953125,-0.7132720947265625
1773062929757467392,1.044938564300537,0.7465667724609375,1.2483673095703125,-0.94866943359375
1773062929767503616,1.0549745559692383,0.464630126953125,1.3961334228515625,-0.9571990966796875
1773062929777540352,1.0650115013122559,0.1945953369140625,1.2539825439453125,-0.758544921875
1773062929787576320,1.075047492980957,0.1719970703125,0.90185546875,-0.582122802734375
1773062929797612544,1.0850834846496582,0.259918212890625,0.630706787109375,-0.4777984619140625
1773062929807648512,1.0951194763183594,0.3127288818359375,0.490478515625,-0.3450775146484375
1773062929817684480,1.1051554679870605,0.3350372314453125,0.5233917236328125,-0.207489013671875
1773062929827720704,1.1151916980743408,0.371337890625,0.720703125,-0.19940185546875
1773062929837757696,1.1252286434173584,0.400543212890625,0.90203857421875,-0.3750762939453125
1773062929847793664,1.1352646350860596,0.388824462890625,0.966156005859375,-0.550689697265625
1773062929857829632,1.1453006267547607,0.350311279296875,0.9719085693359375,-0.6380767822265625
1773062929867865600,1.155336618423462,0.320648193359375,0.892181396484375,-0.7111358642578125
1773062929877901568,1.165372610092163,0.3312835693359375,0.7432098388671875,-0.7139129638671875
1773062929887937536,1.1754086017608643,0.3818817138671875,0.6798553466796875,-0.6956024169921875
1773062929897974528,1.1854455471038818,0.4111785888671875,0.7056732177734375,-0.7369232177734375
1773062929908010496,1.195481538772583,0.39715576171875,0.7837371826171875,-0.7126312255859375
1773062929918046464,1.2055175304412842,0.361846923828125,0.8608551025390625,-0.65521240234375
1773062929928082432,1.2155535221099854,0.329925537109375,0.834442138671875,-0.6227569580078125
1773062929938118400,1.2255895137786865,0.319183349609375,0.7735595703125,-0.6055908203125
1773062929948155648,1.2356266975402832,0.341796875,0.7769927978515625,-0.533294677734375
1773062929958191616,1.2456626892089844,0.3420257568359375,0.830291748046875,-0.4640045166015625
1773062929968227584,1.2556986808776855,0.2854461669921875,0.7378692626953125,-0.570037841796875
1773062929978263552,1.2657346725463867,0.2171478271484375,0.5918731689453125,-0.6197967529296875
1773062929988299520,1.275770664215088,0.245391845703125,0.5125732421875,-0.61981201171875
1773062929998335488,1.285806655883789,0.3681640625,0.4943084716796875,-0.6065216064453125
1773062930008372480,1.2958436012268066,0.4422149658203125,0.577728271484375,-0.617279052734375
1773062930018408448,1.3058795928955078,0.453216552734375,0.748809814453125,-0.6211090087890625
1773062930028444416,1.315915584564209,0.4284820556640625,0.819915771484375,-0.6752471923828125
1773062930038480640,1.3259515762329102,0.33843994140625,0.7094268798828125,-0.797760009765625
1773062930048516608,1.3359875679016113,0.25750732421875,0.52008056640625,-0.933807373046875
1773062930058552576,1.3460235595703125,0.2388763427734375,0.4019012451171875,-1.01910400390625
1773062930068589568,1.35606050491333,0.31768798828125,0.412261962890625,-1.0303955078125
1773062930078625536,1.3660964965820312,0.4067840576171875,0.5160980224609375,-1.063690185546875
1773062930088661504,1.3761324882507324,0.4089202880859375,0.61883544921875,-1.1078338623046875
1773062930098697472,1.3861684799194336,0.294769287109375,0.617645263671875,-1.1251220703125
1773062930108733440,1.3962044715881348,0.2227935791015625,0.549072265625,-1.1790008544921875
1773062930118770688,1.4062416553497314,0.168853759765625,0.5620880126953125,-1.1269683837890625
1773062930128806656,1.4162776470184326,0.128326416015625,0.6744537353515625,-1.0610504150390625
1773062930138842624,1.4263136386871338,0.1473388671875,0.7030181884765625,-0.9915618896484375
1773062930148878592,1.436349630355835,0.192108154296875,0.6075592041015625,-0.9998016357421875
1773062930158914560,1.4463856220245361,0.1800689697265625,0.4839324951171875,-1.0158843994140625
1773062930168950528,1.4564216136932373,0.153839111328125,0.4004058837890625,-1.0236358642578125
1773062930178987520,1.4664585590362549,0.1611175537109375,0.371734619140625,-1.05145263671875
1773062930189023488,1.476494550704956,0.1455841064453125,0.3878631591796875,-1.069000244140625
1773062930199059456,1.4865305423736572,0.121246337890625,0.4216156005859375,-1.0696868896484375
1773062930209095424,1.4965665340423584,0.0997772216796875,0.4332275390625,-1.0646514892578125
1773062930219131392,1.5066025257110596,0.0652313232421875,0.39849853515625,-1.0498199462890625
1773062930229168384,1.5166394710540771,0.0274505615234375,0.3687286376953125,-0.9932098388671875
1773062930239204608,1.5266757011413574,0.000274658203125,0.3687286376953125,-0.9266510009765625
1773062930249240576,1.5367116928100586,0.0154571533203125,0.3907012939453125,-0.9017486572265625
1773062930259276544,1.5467476844787598,0.061492919921875,0.401763916015625,-0.9074554443359375
1773062930269312512,1.556783676147461,0.093902587890625,0.40771484375,-0.8950042724609375
1773062930279349504,1.5668206214904785,0.0878448486328125,0.42333984375,-0.8997344970703125
1773062930289385472,1.5768566131591797,0.0349273681640625,0.4413909912109375,-0.934814453125
1773062930299421440,1.5868926048278809,-0.0469207763671875,0.4576568603515625,-0.9797515869140625
1773062930309457664,1.596928596496582,-0.11065673828125,0.4539337158203125,-1.01568603515625
1773062930319493632,1.6069645881652832,-0.13616943359375,0.4215087890625,-1.0095672607421875
1773062930329529600,1.6170005798339844,-0.1126861572265625,0.35516357421875,-1.0032501220703125
1773062930339566592,1.627037525177002,-0.0868988037109375,0.3114776611328125,-0.967132568359375
1773062930349602560,1.6370735168457031,-0.080841064453125,0.2988128662109375,-0.9433135986328125
1773062930359638528,1.6471095085144043,-0.1070404052734375,0.3004150390625,-0.9360198974609375
1773062930369674496,1.6571455001831055,-0.1575164794921875,0.302581787109375,-0.926605224609375
1773062930379710464,1.6671814918518066,-0.2172698974609375,0.295440673828125,-0.9230804443359375
1773062930389747712,1.6772186756134033,-0.2713165283203125,0.29705810546875,-0.9007568359375
1773062930399783680,1.6872546672821045,-0.3056182861328125,0.2966461181640625,-0.929290771484375
1773062930409819648,1.6972906589508057,-0.345733642578125,0.271514892578125,-0.94451904296875
1773062930419855616,1.7073266506195068,-0.3853912353515625,0.2096099853515625,-0.9755859375
1773062930429891584,1.717362642288208,-0.4127349853515625,0.1337432861328125,-0.9889984130859375
1773062930439927552,1.7273986339569092,-0.4401397705078125,0.0662689208984375,-0.97344970703125
1773062930449964544,1.7374355792999268,-0.469482421875,0.0145111083984375,-0.9203338623046875
1773062930460000512,1.747471570968628,-0.50152587890625,-0.0087127685546875,-0.876708984375
1773062930470036480,1.757507562637329,-0.5374298095703125,-0.001739501953125,-0.876861572265625
1773062930480072448,1.7675435543060303,-0.573394775390625,0.0243377685546875,-0.868194580078125
1773062930490108416,1.7775795459747314,-0.6108856201171875,0.035980224609375,-0.867401123046875
1773062930500145408,1.787616491317749,-0.639404296875,0.020538330078125,-0.876556396484375
1773062930510181376,1.7976524829864502,-0.661590576171875,-0.01141357421875,-0.861846923828125
1773062930520217344,1.8076884746551514,-0.6761627197265625,-0.0576934814453125,-0.82733154296875
1773062930530253568,1.8177247047424316,-0.683929443359375,-0.09783935546875,-0.803436279296875
1773062930540289536,1.8277606964111328,-0.689666748046875,-0.12249755859375,-0.7920379638671875
1773062930550326528,1.8377976417541504,-0.695404052734375,-0.1301422119140625,-0.801361083984375
1773062930560362496,1.8478336334228516,-0.7032623291015625,-0.11639404296875,-0.7647247314453125
1773062930570398464,1.8578696250915527,-0.7207794189453125,-0.1167144775390625,-0.7291259765625
1773062930580434688,1.867905616760254,-0.76141357421875,-0.140411376953125,-0.71868896484375
1773062930590470656,1.877941608428955,-0.813720703125,-0.1685028076171875,-0.67333984375
1773062930600506624,1.8879776000976562,-0.85137939453125,-0.1837615966796875,-0.6251678466796875
1773062930610543616,1.8980145454406738,-0.86065673828125,-0.1719970703125,-0.59454345703125
1773062930620579584,1.908050537109375,-0.8590240478515625,-0.1573638916015625,-0.576873779296875
1773062930630615552,1.9180865287780762,-0.8588104248046875,-0.1317138671875,-0.548858642578125
1773062930640651520,1.9281225204467773,-0.857757568359375,-0.0814666748046875,-0.5268096923828125
1773062930650687488,1.9381585121154785,-0.842987060546875,-0.0251922607421875,-0.4814910888671875
1773062930660724736,1.9481956958770752,-0.8354339599609375,0.00372314453125,-0.420257568359375
1773062930670760704,1.9582316875457764,-0.852447509765625,-0.0220947265625,-0.376739501953125
1773062930680796672,1.9682676792144775,-0.88421630859375,-0.0874786376953125,-0.3361968994140625
1773062930690832640,1.9783036708831787,-0.9072723388671875,-0.1294403076171875,-0.3003387451171875
1773062930700868608,1.9883396625518799,-0.9036102294921875,-0.1190032958984375,-0.280242919921875
1773062930710905600,1.9983766078948975,-0.87933349609375,-0.0799407958984375,-0.24658203125
1773062930720941568,2.0084125995635986,-0.861236572265625,-0.053497314453125,-0.1717529296875
1773062930730977536,2.0184485912323,-0.8722686767578125,-0.0551300048828125,-0.1150970458984375
1773062930741013504,2.028484582901001,-0.9109649658203125,-0.0843505859375,-0.09539794921875
1773062930751049472,2.038520574569702,-0.9488067626953125,-0.1242828369140625,-0.086761474609375
1773062930761086208,2.0485572814941406,-0.960662841796875,-0.1502227783203125,-0.0750579833984375
1773062930771123200,2.058594226837158,-0.9241943359375,-0.1543426513671875,-0.091766357421875
1773062930781159168,2.0686302185058594,-0.86016845703125,-0.1419525146484375,-0.10369873046875
1773062930791195136,2.0786662101745605,-0.79473876953125,-0.1324462890625,-0.077484130859375
1773062930801231104,2.0887022018432617,-0.7281951904296875,-0.1499176025390625,-0.0653076171875
1773062930811267072,2.098738193511963,-0.688629150390625,-0.1966094970703125,-0.0162506103515625
1773062930821304064,2.1087751388549805,-0.6845703125,-0.2573089599609375,0.0467071533203125
1773062930831340032,2.1188111305236816,-0.6941375732421875,-0.3147430419921875,0.13336181640625
1773062930841376000,2.128847122192383,-0.690460205078125,-0.3375244140625,0.1519775390625
1773062930851411968,2.138883113861084,-0.7220001220703125,-0.339324951171875,0.159423828125
1773062930861447936,2.148919105529785,-0.743255615234375,-0.3498687744140625,0.20477294921875
1773062930871485184,2.158956289291382,-0.714080810546875,-0.3778533935546875,0.1525726318359375
1773062930881521152,2.168992280960083,-0.6866607666015625,-0.42413330078125,0.1844482421875
1773062930891557120,2.179028272628784,-0.6457061767578125,-0.4395294189453125,0.2676544189453125
1773062930901593088,2.1890642642974854,-0.5948333740234375,-0.4002685546875,0.3289947509765625
1773062930911629312,2.1991002559661865,-0.5392303466796875,-0.36846923828125,0.3936004638671875
1773062930921666048,2.209137201309204,-0.51800537109375,-0.3715362548828125,0.4364166259765625
1773062930931702016,2.2191731929779053,-0.554473876953125,-0.428680419921875,0.4655303955078125
1773062930941738240,2.2292091846466064,-0.6205596923828125,-0.494659423828125,0.511260986328125
1773062930951774208,2.2392451763153076,-0.5768890380859375,-0.482757568359375,0.6002960205078125
1773062930961810176,2.249281167984009,-0.4847564697265625,-0.450408935546875,0.650482177734375
1773062930971847168,2.2593181133270264,-0.4909515380859375,-0.4915618896484375,0.7244720458984375
1773062930981883136,2.2693541049957275,-0.527252197265625,-0.5565185546875,0.7850494384765625
1773062930991919104,2.2793900966644287,-0.4933013916015625,-0.593017578125,0.8150177001953125
1773062931001955328,2.289426326751709,-0.4299468994140625,-0.5894622802734375,0.79888916015625
1773062931011991296,2.29946231842041,-0.4152374267578125,-0.5810089111328125,0.79693603515625
1773062931022028288,2.3094992637634277,-0.384918212890625,-0.5811920166015625,0.8404693603515625
1773062931032064256,2.319535255432129,-0.351806640625,-0.594512939453125,0.8400115966796875
1773062931042100224,2.32957124710083,-0.35772705078125,-0.5878753662109375,0.867919921875
1773062931052136192,2.3396072387695312,-0.340606689453125,-0.5207977294921875,0.9673309326171875
1773062931062172160,2.3496432304382324,-0.29132080078125,-0.458404541015625,1.0288543701171875
1773062931072209152,2.35968017578125,-0.2663421630859375,-0.48370361328125,1.0459136962890625
1773062931082245120,2.369716167449951,-0.232818603515625,-0.5712890625,1.01385498046875
1773062931092281088,2.3797521591186523,-0.1963043212890625,-0.57281494140625,0.993865966796875
1773062931102317056,2.3897881507873535,-0.1558380126953125,-0.46038818359375,0.9752044677734375
1773062931112353024,2.3998241424560547,-0.1594085693359375,-0.426361083984375,0.8824462890625
1773062931122390272,2.4098613262176514,-0.180389404296875,-0.549041748046875,0.7907562255859375
1773062931132426240,2.4198973178863525,-0.167449951171875,-0.4262237548828125,1.0686798095703125
1773062931142462208,2.4299333095550537,0.039703369140625,-0.193878173828125,1.023101806640625
1773062931152498176,2.439969301223755,-0.079376220703125,-0.311431884765625,0.810577392578125
1773062931162534144,2.450005292892456,-0.1855010986328125,-0.4995880126953125,0.65216064453125
1773062931172570112,2.4600412845611572,-0.183013916015625,-0.556182861328125,0.7140960693359375
1773062931182607104,2.470078229904175,-0.136749267578125,-0.4181671142578125,0.7403717041015625
1773062931192643072,2.480114221572876,-0.0291748046875,-0.3642730712890625,0.7113189697265625
1773062931202679040,2.490150213241577,0.0510406494140625,-0.414031982421875,0.693695068359375
1773062931212715264,2.5001862049102783,0.0494384765625,-0.4400177001953125,0.772674560546875
1773062931222751232,2.5102221965789795,0.002349853515625,-0.4136199951171875,0.916259765625
1773062931232787968,2.520259141921997,0.01849365234375,-0.39794921875,0.9735565185546875
1773062931242824192,2.5302951335906982,0.0797271728515625,-0.31689453125,1.01739501953125
1773062931252860160,2.5403311252593994,0.0752105712890625,-0.10870361328125,1.255828857421875
1773062931262896128,2.5503671169281006,0.06982421875,0.021148681640625,1.2024383544921875
1773062931272932096,2.5604031085968018,0.060791015625,-0.0396575927734375,1.172637939453125
1773062931282969344,2.5704402923583984,0.05645751953125,-0.2362060546875,1.10162353515625
1773062931293005312,2.5804762840270996,0.05517578125,-0.4612884521484375,0.9521026611328125
1773062931303041280,2.590512275695801,0.033721923828125,-0.6286163330078125,0.836669921875
1773062931313077248,2.600548267364502,0.0122528076171875,-0.7126617431640625,0.7720489501953125
1773062931323114240,2.6105852127075195,0.002655029296875,-0.763153076171875,0.772674560546875
1773062931333150208,2.6206212043762207,-0.0549468994140625,-0.8049163818359375,0.78192138671875
1773062931343186176,2.630657196044922,-0.1510467529296875,-0.73602294921875,0.782745361328125
1773062931353222144,2.640693187713623,-0.210662841796875,-0.5745697021484375,0.83038330078125
1773062931363258112,2.650729179382324,-0.251190185546875,-0.440643310546875,0.8520050048828125
1773062931373295104,2.660766124725342,-0.3343963623046875,-0.4110260009765625,0.80474853515625
1773062931383331072,2.670802116394043,-0.4550018310546875,-0.4294891357421875,0.7823333740234375
1773062931393367040,2.680838108062744,-0.5238037109375,-0.4661712646484375,0.8085174560546875
1773062931403403008,2.6908740997314453,-0.5135345458984375,-0.5316009521484375,0.87774658203125
1773062931413439232,2.7009103298187256,-0.4518585205078125,-0.577880859375,0.9154052734375
1773062931423476224,2.710947275161743,-0.408966064453125,-0.5558624267578125,0.9040374755859375
1773062931433512192,2.7209832668304443,-0.5375823974609375,-0.3967437744140625,0.7882843017578125
1773062931443548160,2.7310192584991455,-0.80804443359375,-0.0819549560546875,0.766387939453125
1773062931453584128,2.7410552501678467,-0.981353759765625,0.34112548828125,0.72906494140625
1773062931463620096,2.751091241836548,-0.975067138671875,0.4540252685546875,0.5855865478515625
1773062931473657088,2.7611281871795654,-0.7729034423828125,0.089202880859375,0.5171661376953125
1773062931483693056,2.7711641788482666,-0.547393798828125,-0.313323974609375,0.4356536865234375
1773062931493729024,2.7812001705169678,-0.436737060546875,-0.7331695556640625,0.3524169921875
1773062931503764992,2.791236162185669,-0.438079833984375,-1.235595703125,0.281890869140625
1773062931513801216,2.80127215385437,-0.413909912109375,-1.275543212890625,0.32879638671875
1773062931523837952,2.8113090991973877,-0.3083038330078125,-0.9721527099609375,0.478515625
1773062931533874176,2.821345329284668,-0.233551025390625,-0.83013916015625,0.4749908447265625
1773062931543910144,2.831381320953369,-0.3236541748046875,-0.6591339111328125,0.6169586181640625
1773062931553946368,2.8414173126220703,-0.4824676513671875,-0.4044036865234375,0.8407440185546875
1773062931563982336,2.8514533042907715,-0.5827178955078125,-0.24078369140625,0.9512939453125
1773062931574019072,2.861490249633789,-0.5926055908203125,-0.162139892578125,1.02069091796875
1773062931584055296,2.8715262413024902,-0.5381927490234375,-0.160003662109375,1.0755767822265625
1773062931594091264,2.8815622329711914,-0.49700927734375,-0.269989013671875,1.0750732421875
1773062931604127232,2.8915982246398926,-0.4567108154296875,-0.3800048828125,1.0156402587890625
1773062931614163200,2.9016342163085938,-0.44287109375,-0.468719482421875,0.94879150390625
1773062931624200192,2.9116711616516113,-0.447418212890625,-0.54193115234375,0.9067230224609375
1773062931634236160,2.9217071533203125,-0.4534149169921875,-0.6647491455078125,0.779937744140625
1773062931644272128,2.9317431449890137,-0.4617462158203125,-0.84161376953125,0.662628173828125
1773062931654308096,2.941779136657715,-0.4456634521484375,-0.8948822021484375,0.7283782958984375
1773062931664345344,2.9518163204193115,-0.39910888671875,-0.778656005859375,0.84661865234375
1773062931674381312,2.9618523120880127,-0.34564208984375,-0.6644744873046875,0.8924713134765625
1773062931684417280,2.971888303756714,-0.2960968017578125,-0.6136016845703125,0.7833251953125
1773062931694453248,2.981924295425415,-0.2898712158203125,-0.5810394287109375,0.6390838623046875
1773062931704489216,2.991960287094116,-0.340362548828125,-0.5083770751953125,0.553924560546875
1773062931714526208,3.001997232437134,-0.4362640380859375,-0.3550262451171875,0.5623626708984375
1773062931724562176,3.012033224105835,-0.5185546875,-0.1640777587890625,0.6639862060546875
1773062931734598144,3.022069215774536,-0.5629119873046875,0.0115966796875,0.69378662109375
1773062931744634112,3.0321052074432373,-0.642181396484375,0.1123809814453125,0.7276611328125
1773062931754670080,3.0421411991119385,-0.7183685302734375,0.0805206298828125,0.7740020751953125
1773062931764707584,3.0521786212921143,-0.728973388671875,-0.0758056640625,0.81689453125
1773062931774743552,3.0622146129608154,-0.700286865234375,-0.260650634765625,0.840362548828125
1773062931784779520,3.0722506046295166,-0.6835479736328125,-0.4276580810546875,0.818023681640625
1773062931794815488,3.0822865962982178,-0.6829071044921875,-0.6186065673828125,0.59844970703125
1773062931804851712,3.092322826385498,-0.7206573486328125,-0.7378387451171875,0.449462890625
1773062931814888704,3.1023597717285156,-0.7938995361328125,-0.5502471923828125,0.451080322265625
1773062931824924672,3.112395763397217,-0.8602752685546875,-0.076751708984375,0.549102783203125
1773062931834960640,3.122431755065918,-0.867431640625,0.3022308349609375,0.6928558349609375
1773062931844996608,3.132467746734619,-0.819732666015625,0.2464752197265625,0.731719970703125
1773062931855032576,3.1425037384033203,-0.77679443359375,-0.1361541748046875,0.7292327880859375
1773062931865069568,3.152540683746338,-0.7774658203125,-0.4900054931640625,0.6642608642578125
1773062931875105536,3.162576675415039,-0.813629150390625,-0.705352783203125,0.642364501953125
1773062931885141504,3.1726126670837402,-0.82867431640625,-0.79400634765625,0.7261199951171875
1773062931895177728,3.1826486587524414,-0.7622528076171875,-0.75848388671875,0.8015899658203125
1773062931905214464,3.192685604095459,-0.64208984375,-0.6667022705078125,0.9367218017578125
1773062931915250432,3.20272159576416,-0.5275726318359375,-0.6162567138671875,1.001678466796875
1773062931925286656,3.2127578258514404,-0.4509735107421875,-0.59149169921875,0.950775146484375
1773062931935322880,3.2227938175201416,-0.451629638671875,-0.5301971435546875,0.9661407470703125
1773062931945358848,3.2328298091888428,-0.5352935791015625,-0.392791748046875,1.0608367919921875
1773062931955395584,3.2428667545318604,-0.6999359130859375,-0.0605010986328125,1.122955322265625
1773062931965431808,3.2529027462005615,-0.9068450927734375,0.6561279296875,0.99072265625
1773062931975467776,3.2629387378692627,-0.9069671630859375,1.3825836181640625,0.8656158447265625
1773062931985503744,3.272974729537964,-0.5143280029296875,1.0119781494140625,0.422882080078125
1773062931995539712,3.283010721206665,-0.2661285400390625,-0.047393798828125,0.12451171875
1773062932005576704,3.2930476665496826,-0.451019287109375,-0.8101654052734375,0.3715667724609375
1773062932015612672,3.303083658218384,-0.6201019287109375,-1.2944793701171875,0.6200408935546875
1773062932025648640,3.313119649887085,-0.598541259765625,-1.5054931640625,0.8621063232421875
1773062932035684608,3.323155641555786,-0.3943023681640625,-1.3252716064453125,1.0691680908203125
1773062932045721856,3.333192825317383,-0.2411041259765625,-0.8019866943359375,1.05902099609375
1773062932055757824,3.343228816986084,-0.259918212890625,-0.082611083984375,0.9954833984375
1773062932065793792,3.353264808654785,-0.446929931640625,0.5798187255859375,0.7288665771484375
1773062932075829760,3.3633008003234863,-0.8001251220703125,0.71099853515625,0.37005615234375
1773062932085865728,3.3733367919921875,-1.137725830078125,0.253204345703125,0.2806396484375
1773062932095902720,3.383373737335205,-1.175994873046875,-0.2277984619140625,0.326690673828125
1773062932105938688,3.3934097290039062,-0.865264892578125,-0.4249114990234375,0.5177764892578125
1773062932115974656,3.4034457206726074,-0.496429443359375,-0.4046478271484375,0.8101654052734375
1773062932126010624,3.4134817123413086,-0.31744384765625,-0.4152069091796875,0.959014892578125
1773062932136046592,3.4235177040100098,-0.3428802490234375,-0.54083251953125,0.9925689697265625
1773062932146083584,3.4335546493530273,-0.4938201904296875,-0.58148193359375,0.73712158203125
1773062932156119552,3.4435906410217285,-0.6757049560546875,-0.3908843994140625,0.4814453125
1773062932166155520,3.4536266326904297,-0.7864990234375,-0.1184234619140625,0.417144775390625
1773062932176191488,3.463662624359131,-0.7816314697265625,-0.041015625,0.3615264892578125
1773062932186228736,3.4736998081207275,-0.662750244140625,-0.187530517578125,0.446685791015625
1773062932196264704,3.4837357997894287,-0.56134033203125,-0.3408355712890625,0.656402587890625
1773062932206300672,3.49377179145813,-0.572418212890625,-0.469451904296875,0.91204833984375
1773062932216336640,3.503807783126831,-0.6582183837890625,-0.5398712158203125,0.9702606201171875
1773062932226372608,3.5138437747955322,-0.750732421875,-0.495025634765625,0.6368560791015625
1773062932236409600,3.52388072013855,-0.782135009765625,-0.408203125,0.48138427734375
1773062932246445568,3.533916711807251,-0.786712646484375,-0.27618408203125,0.3670196533203125
1773062932256481536,3.543952703475952,-0.7692718505859375,-0.2717742919921875,0.458892822265625
1773062932266517760,3.5539886951446533,-0.72772216796875,-0.3917999267578125,0.8242645263671875
1773062932276554496,3.564025640487671,-0.6775054931640625,-0.408599853515625,1.0465545654296875
1773062932286590464,3.574061632156372,-0.6139373779296875,-0.3321685791015625,1.0930023193359375
1773062932296626688,3.5840976238250732,-0.5814971923828125,-0.4040374755859375,0.9866943359375
1773062932306662656,3.5941336154937744,-0.658447265625,-0.4676513671875,0.683074951171875
1773062932316698624,3.6041696071624756,-0.763031005859375,-0.2273101806640625,0.61822509765625
1773062932326735616,3.6142067909240723,-0.7979278564453125,-0.114013671875,0.3642730712890625
1773062932336771840,3.6242427825927734,-0.711456298828125,-0.267333984375,0.4268951416015625
1773062932346807808,3.6342787742614746,-0.59136962890625,-0.359954833984375,0.81097412109375
1773062932356843776,3.644314765930176,-0.5515899658203125,-0.3731231689453125,0.9802398681640625
1773062932366879744,3.654350757598877,-0.5746002197265625,-0.44207763671875,0.55682373046875
1773062932376916736,3.6643877029418945,-0.76324462890625,-0.492095947265625,0.4586029052734375
1773062932386952704,3.6744236946105957,-0.8704833984375,-0.190277099609375,0.92584228515625
1773062932396988672,3.684459686279297,-0.7093048095703125,-0.26141357421875,1.1132659912109375
1773062932407024640,3.694495677947998,-0.5250396728515625,-0.3722991943359375,1.1575927734375
1773062932417061632,3.7045326232910156,-0.5019683837890625,-0.32269287109375,0.9569549560546875
1773062932427097600,3.714568614959717,-0.6480255126953125,-0.29840087890625,0.800323486328125
1773062932437133568,3.724604606628418,-0.76605224609375,-0.2282867431640625,0.5841064453125
1773062932447169536,3.734640598297119,-0.70709228515625,-0.1956939697265625,0.223663330078125
1773062932457205760,3.7446768283843994,-0.65106201171875,-0.31158447265625,0.2106475830078125
1773062932467242752,3.754713773727417,-0.7157745361328125,-0.26080322265625,0.6158447265625
1773062932477278720,3.764749765396118,-0.8179473876953125,-0.284637451171875,0.8431396484375
1773062932487314688,3.7747857570648193,-0.895355224609375,-0.426177978515625,0.74615478515625
1773062932497350656,3.7848217487335205,-0.86614990234375,-0.3125457763671875,0.79705810546875
1773062932507387648,3.794858694076538,-0.8082275390625,-0.2537994384765625,0.543731689453125
1773062932517423616,3.8048946857452393,-0.7869873046875,-0.22222900390625,0.645904541015625
1773062932527459584,3.8149306774139404,-0.7975921630859375,-0.2664794921875,0.55633544921875
1773062932537495552,3.8249666690826416,-0.9473724365234375,-0.452239990234375,0.437408447265625
1773062932547531520,3.8350026607513428,-1.078216552734375,-0.26507568359375,0.7915802001953125
1773062932557568512,3.8450396060943604,-0.9891510009765625,-0.2727508544921875,0.7184295654296875
1773062932567604480,3.8550755977630615,-0.8294830322265625,-0.470123291015625,0.78997802734375
1773062932577640704,3.865111827850342,-0.804962158203125,-0.2895965576171875,0.8671112060546875
1773062932587676672,3.875147819519043,-0.8981475830078125,-0.1979522705078125,0.872772216796875
1773062932597713664,3.8851847648620605,-0.985809326171875,-0.28338623046875,1.0032196044921875
1773062932607749632,3.8952207565307617,-0.906951904296875,-0.221588134765625,1.0037078857421875
1773062932617785600,3.905256748199463,-0.6160736083984375,-0.04339599609375,1.104705810546875
1773062932627821568,3.915292739868164,-0.263580322265625,-0.2109222412109375,1.007171630859375
1773062932637857792,3.9253287315368652,-0.327301025390625,-0.59930419921875,0.2217559814453125
1773062932647894528,3.935365676879883,-0.800140380859375,-0.1342315673828125,0.610626220703125
1773062932657930496,3.945401668548584,-1.040435791015625,-0.1159820556640625,0.477783203125
1773062932667966720,3.955437660217285,-0.8957977294921875,-0.281890869140625,0.3920745849609375
1773062932678002688,3.9654736518859863,-0.66082763671875,-0.1835174560546875,0.4764556884765625
1773062932688038656,3.9755096435546875,-0.633270263671875,-0.1891021728515625,0.474029541015625
1773062932698075648,3.985546827316284,-0.778900146484375,-0.280975341796875,0.825439453125
1773062932708111872,3.9955828189849854,-0.8343658447265625,-0.255889892578125,0.7330780029296875
1773062932718147840,4.0056188106536865,-0.700347900390625,-0.2158203125,0.7390899658203125
1773062932728183808,4.015654802322388,-0.54046630859375,-0.2405242919921875,0.6232757568359375
1773062932738220800,4.025691747665405,-0.506622314453125,-0.2459716796875,0.5303192138671875
1773062932748256768,4.0357277393341064,-0.59100341796875,-0.2379150390625,0.4550323486328125
1773062932758292736,4.045763731002808,-0.691802978515625,-0.2519989013671875,0.624481201171875
1773062932768328192,4.055799245834351,-0.7009735107421875,-0.20452880859375,0.650634765625
1773062932778364160,4.065835237503052,-0.63348388671875,-0.1367645263671875,0.428619384765625
1773062932788401408,4.075872421264648,-0.550506591796875,-0.120849609375,0.32275390625
1773062932798437376,4.08590841293335,-0.5382537841796875,-0.157958984375,0.374176025390625
1773062932808473344,4.095944404602051,-0.602325439453125,-0.1830596923828125,0.5234375
1773062932818509312,4.105980396270752,-0.6202392578125,-0.168670654296875,0.5494384765625
1773062932828546304,4.1160173416137695,-0.583282470703125,-0.197296142578125,0.554473876953125
1773062932838582272,4.126053333282471,-0.57977294921875,-0.3271484375,0.521697998046875
1773062932848618240,4.136089324951172,-0.6360931396484375,-0.34295654296875,0.530059814453125
1773062932858654208,4.146125316619873,-0.667999267578125,-0.207672119140625,0.5796966552734375
1773062932868691200,4.156162261962891,-0.6666107177734375,-0.1691741943359375,0.5398712158203125
1773062932878727168,4.166198253631592,-0.62408447265625,-0.0922698974609375,0.3017730712890625
1773062932888763136,4.176234245300293,-0.5346221923828125,-0.002227783203125,0.1218109130859375
1773062932898799104,4.186270236968994,-0.5185699462890625,-0.124114990234375,0.134979248046875
1773062932908835072,4.196306228637695,-0.648284912109375,-0.316558837890625,0.5680389404296875
1773062932918872320,4.206343412399292,-0.812744140625,-0.4524993896484375,0.9029083251953125
1773062932928908288,4.216379404067993,-0.8410797119140625,-0.32745361328125,0.7432708740234375
1773062932938944256,4.226415395736694,-0.733184814453125,-0.0321502685546875,0.56866455078125
1773062932948980224,4.2364513874053955,-0.6031646728515625,-0.0298919677734375,0.2990264892578125
1773062932959017216,4.246488332748413,-0.543670654296875,-0.10308837890625,0.2302703857421875
1773062932969053184,4.256524324417114,-0.5663299560546875,-0.057098388671875,0.3668975830078125
1773062932979089152,4.266560316085815,-0.66131591796875,-0.1306304931640625,0.4844818115234375
1773062932989125376,4.276596307754517,-0.846282958984375,-0.3767852783203125,0.6391143798828125
1773062932999161344,4.286632299423218,-0.974456787109375,-0.3797149658203125,0.6036376953125
1773062933009198080,4.296669244766235,-0.8595123291015625,-0.0798492431640625,0.5426483154296875
1773062933019234304,4.3067052364349365,-0.68682861328125,-0.0698089599609375,0.5046539306640625
1773062933029270272,4.316741228103638,-0.6687164306640625,-0.2106170654296875,0.269012451171875
1773062933039306240,4.326777219772339,-0.7674102783203125,-0.187713623046875,0.1736907958984375
1773062933049343232,4.3368144035339355,-0.8637847900390625,-0.109130859375,0.20513916015625
1773062933059379456,4.346850395202637,-0.9279022216796875,-0.121246337890625,0.400238037109375
1773062933069415424,4.356886386871338,-0.978179931640625,-0.2423095703125,0.82073974609375
1773062933079451392,4.366922378540039,-1.014373779296875,-0.315460205078125,0.8350982666015625
1773062933089487360,4.37695837020874,-0.9918975830078125,-0.2126312255859375,0.5888214111328125
1773062933099524352,4.386995315551758,-0.9141387939453125,-0.1196746826171875,0.34893798828125
1773062933109560320,4.397031307220459,-0.8282318115234375,-0.115386962890625,0.038970947265625
1773062933119596288,4.40706729888916,-0.800018310546875,-0.128509521484375,0.0346527099609375
1773062933129632256,4.417103290557861,-0.8478546142578125,-0.13031005859375,0.1170196533203125
1773062933139669248,4.427140235900879,-0.9050445556640625,-0.185333251953125,0.2601470947265625
1773062933149705216,4.43717622756958,-0.9601593017578125,-0.243682861328125,0.9014129638671875
1773062933159741184,4.447212219238281,-1.052978515625,-0.3762969970703125,1.102386474609375
1773062933169777408,4.4572484493255615,-1.0779876708984375,-0.25982666015625,0.6815032958984375
1773062933179814400,4.467285394668579,-0.9709320068359375,0.0149688720703125,0.5142974853515625
1773062933189850368,4.47732138633728,-0.8296356201171875,-0.0288238525390625,0.0140228271484375
1773062933199886336,4.4873573780059814,-0.7384796142578125,-0.191619873046875,-0.1714630126953125
1773062933209922304,4.497393369674683,-0.7646636962890625,-0.29400634765625,-0.07183837890625
1773062933219958272,4.507429361343384,-0.8666534423828125,-0.3308563232421875,0.21588134765625
1773062933229995264,4.517466306686401,-0.993621826171875,-0.20538330078125,0.4611358642578125
1773062933240031232,4.5275022983551025,-1.0611724853515625,-0.2049102783203125,0.4479827880859375
1773062933250067200,4.537538290023804,-1.0183258056640625,-0.1885223388671875,0.62225341796875
1773062933260103168,4.547574281692505,-0.912750244140625,-0.0753326416015625,0.4484710693359375
1773062933270140160,4.5576112270355225,-0.8131256103515625,-0.1945343017578125,0.138946533203125
1773062933280176128,4.567647218704224,-0.8268585205078125,-0.3186798095703125,0.0057830810546875
1773062933290212352,4.577683448791504,-0.88250732421875,-0.266204833984375,-0.0242156982421875
1773062933300248320,4.587719440460205,-0.881378173828125,-0.2278594970703125,0.059600830078125
1773062933310284288,4.597755432128906,-0.8286285400390625,-0.118408203125,0.1537933349609375
1773062933320321280,4.607792377471924,-0.78546142578125,-0.1533203125,0.247283935546875
1773062933330357248,4.617828369140625,-0.853118896484375,-0.2933197021484375,0.4188995361328125
1773062933340393216,4.627864360809326,-0.9709320068359375,-0.16998291015625,0.58624267578125
1773062933350429184,4.637900352478027,-0.999114990234375,-0.0526123046875,0.3778839111328125
1773062933360466176,4.647937297821045,-0.9593963623046875,-0.0475921630859375,0.3009490966796875
1773062933370502144,4.657973289489746,-0.950439453125,-0.053253173828125,0.222808837890625
1773062933380538112,4.668009281158447,-0.9604949951171875,-0.2498016357421875,0.01837158203125
1773062933390574336,4.678045272827148,-1.003692626953125,-0.32452392578125,-0.187774658203125
1773062933400611072,4.688082218170166,-1.04669189453125,-0.3619384765625,-0.261688232421875
1773062933410647296,4.698118448257446,-1.0266571044921875,-0.3380279541015625,0.0741424560546875
1773062933420683264,4.7081544399261475,-1.0233154296875,-0.1845703125,0.2561187744140625
1773062933430719488,4.718190431594849,-1.0549468994140625,-0.2642059326171875,0.120330810546875
1773062933440755456,4.72822642326355,-1.1652679443359375,-0.306121826171875,0.14825439453125
1773062933450792192,4.738263368606567,-1.28460693359375,-0.203399658203125,0.116180419921875
1773062933460828416,4.7482993602752686,-1.2445831298828125,-0.224853515625,0.0911102294921875
1773062933470864384,4.75833535194397,-1.147308349609375,-0.363983154296875,0.0913848876953125
1773062933480900352,4.768371343612671,-1.1146697998046875,-0.417755126953125,0.22955322265625
1773062933490937344,4.7784082889556885,-1.1170196533203125,-0.3007965087890625,0.3545074462890625
1773062933500973312,4.78844428062439,-1.175628662109375,-0.25372314453125,0.1326751708984375
1773062933511009280,4.798480272293091,-1.2458648681640625,-0.15350341796875,0.249481201171875
1773062933521045248,4.808516263961792,-1.273651123046875,-0.014129638671875,0.344512939453125
1773062933531082496,4.818553447723389,-1.230499267578125,-0.2570343017578125,0.2393951416015625
1773062933541118464,4.82858943939209,-1.1538543701171875,-0.3722991943359375,0.234710693359375
1773062933551154432,4.838625431060791,-1.0780029296875,-0.2689361572265625,0.012176513671875
1773062933561190400,4.848661422729492,-0.990997314453125,-0.28607177734375,-0.194854736328125
1773062933571226368,4.858697414398193,-0.9165191650390625,-0.26995849609375,-0.0264434814453125
1773062933581263360,4.868734359741211,-0.8667755126953125,-0.1402740478515625,0.2448272705078125
1773062933591299328,4.878770351409912,-0.8494720458984375,-0.101654052734375,0.38775634765625
1773062933601335296,4.888806343078613,-0.9061279296875,-0.2051544189453125,0.3379058837890625
1773062933611371264,4.8988423347473145,-0.999725341796875,-0.2532958984375,0.1138458251953125
1773062933621408256,4.908879280090332,-1.0282135009765625,-0.1607208251953125,-0.04583740234375
1773062933631444224,4.918915271759033,-0.9268951416015625,-0.0926361083984375,0.1315765380859375
1773062933641480192,4.928951263427734,-0.7789459228515625,-0.124969482421875,0.3563079833984375
1773062933651516160,4.9389872550964355,-0.647705078125,-0.1814422607421875,0.428680419921875
1773062933661552128,4.949023246765137,-0.58905029296875,-0.0985260009765625,0.3422698974609375
1773062933671589376,4.959060430526733,-0.5980377197265625,0.0277862548828125,0.1244354248046875
1773062933681625344,4.969096422195435,-0.63018798828125,-0.0655364990234375,0.1733856201171875
1773062933691661312,4.979132413864136,-0.683807373046875,-0.215576171875,0.28265380859375
1773062933701697280,4.989168405532837,-0.7108001708984375,-0.14910888671875,0.223724365234375
1773062933711734272,4.9992053508758545,-0.686279296875,-0.07550048828125,0.12164306640625
1773062933721770240,5.009241342544556,-0.6604461669921875,-0.156707763671875,0.0052490234375
1773062933731806208,5.019277334213257,-0.65667724609375,-0.2211151123046875,0.160736083984375
1773062933741842176,5.029313325881958,-0.669891357421875,-0.1740570068359375,0.53118896484375
1773062933751879168,5.039350271224976,-0.688873291015625,-0.17718505859375,0.512603759765625
1773062933761915392,5.049386501312256,-0.7228546142578125,-0.19207763671875,0.291168212890625
1773062933771951360,5.059422492980957,-0.787567138671875,-0.2207489013671875,0.1264495849609375
1773062933781987328,5.069458484649658,-0.8410186767578125,-0.2886199951171875,0.114227294921875
1773062933792024320,5.079495429992676,-0.847930908203125,-0.279754638671875,0.2036285400390625
1773062933802060288,5.089531421661377,-0.8096771240234375,-0.243621826171875,0.31109619140625
1773062933812096256,5.099567413330078,-0.7666015625,-0.25091552734375,0.3651580810546875
1773062933822132224,5.109603404998779,-0.78289794921875,-0.33551025390625,0.3686370849609375
1773062933832168448,5.1196393966674805,-0.8864288330078125,-0.4188690185546875,0.288665771484375
1773062933842205440,5.129676580429077,-1.0111083984375,-0.4331512451171875,0.555267333984375
1773062933852241408,5.139712572097778,-1.090057373046875,-0.307708740234375,0.57696533203125
1773062933862277632,5.1497485637664795,-1.04833984375,-0.2047119140625,0.451995849609375
1773062933872313600,5.159784555435181,-0.925628662109375,-0.2634735107421875,0.340728759765625
1773062933882350336,5.169821500778198,-0.826171875,-0.287384033203125,0.234771728515625
1773062933892386560,5.179857492446899,-0.8199005126953125,-0.3612823486328125,0.5242767333984375
1773062933902422528,5.189893484115601,-0.9475860595703125,-0.476409912109375,0.6297149658203125
1773062933912458496,5.199929475784302,-1.07183837890625,-0.5113677978515625,0.653350830078125
1773062933922495488,5.209966421127319,-1.096282958984375,-0.4073486328125,0.70672607421875
1773062933932531456,5.2200024127960205,-1.0101165771484375,-0.26654052734375,0.62884521484375
1773062933942567424,5.230038404464722,-0.886932373046875,-0.1337432861328125,0.4852142333984375
1773062933952603392,5.240074396133423,-0.830718994140625,-0.1403961181640625,0.1108856201171875
1773062933962639360,5.250110387802124,-0.853729248046875,-0.3309173583984375,0.028839111328125
1773062933972676608,5.260147571563721,-0.942413330078125,-0.4911041259765625,0.26287841796875
1773062933982712576,5.270183563232422,-1.0418853759765625,-0.614776611328125,0.3280792236328125
1773062933992748544,5.280219554901123,-1.0911865234375,-0.4849395751953125,0.4683837890625
1773062934002784512,5.290255546569824,-1.043121337890625,-0.1082916259765625,0.77203369140625
1773062934012821504,5.300292491912842,-0.92108154296875,-0.024139404296875,0.579925537109375
1773062934022857472,5.310328483581543,-0.7947998046875,-0.20904541015625,0.3520050048828125
1773062934032893440,5.320364475250244,-0.7915496826171875,-0.1385955810546875,0.2997894287109375
1773062934042929408,5.330400466918945,-0.8631439208984375,-0.2298736572265625,0.2850799560546875
1773062934052966400,5.340437412261963,-0.9175567626953125,-0.36273193359375,0.3572998046875
1773062934063002368,5.350473403930664,-0.9007415771484375,-0.2964630126953125,0.44427490234375
1773062934073038336,5.360509395599365,-0.8387908935546875,-0.2696533203125,0.6221771240234375
1773062934083074304,5.370545387268066,-0.8387298583984375,-0.2968597412109375,0.4422149658203125
1773062934093110528,5.380581617355347,-0.8883056640625,-0.295135498046875,0.2015533447265625
1773062934103147520,5.390618562698364,-0.928192138671875,-0.270660400390625,0.1283111572265625
1773062934113183488,5.400654554367065,-0.9226837158203125,-0.1851654052734375,0.232269287109375
1773062934123219456,5.410690546035767,-0.878631591796875,-0.0905914306640625,0.1187286376953125
1773062934133255424,5.420726537704468,-0.818023681640625,-0.18939208984375,0.058990478515625
1773062934143292416,5.430763483047485,-0.8264312744140625,-0.192779541015625,0.0021209716796875
1773062934153328384,5.4407994747161865,-0.8983306884765625,-0.21160888671875,0.1558074951171875
1773062934163364352,5.450835466384888,-0.984130859375,-0.28173828125,0.3821258544921875
1773062934173400320,5.460871458053589,-1.0443115234375,-0.3014068603515625,0.2736053466796875
1773062934183437312,5.4709084033966064,-1.02886962890625,-0.270294189453125,0.279296875
1773062934193473280,5.480944395065308,-0.97137451171875,-0.1676788330078125,0.295074462890625
1773062934203509248,5.490980386734009,-0.909271240234375,-0.0863800048828125,0.041595458984375
1773062934213545472,5.501016616821289,-0.8956298828125,-0.21856689453125,0.01177978515625
1773062934223582464,5.511053562164307,-0.963714599609375,-0.3650665283203125,0.182647705078125
1773062934233618432,5.521089553833008,-1.0608062744140625,-0.27349853515625,0.081451416015625
1773062934243654400,5.531125545501709,-1.113006591796875,-0.21728515625,0.0706787109375
1773062934253690368,5.54116153717041,-1.1449127197265625,-0.251373291015625,0.0169219970703125
1773062934263726592,5.551197528839111,-1.178680419921875,-0.3953704833984375,-0.0501556396484375
1773062934273763328,5.561234474182129,-1.168121337890625,-0.37957763671875,-0.0417633056640625
1773062934283799296,5.57127046585083,-1.1141815185546875,-0.2334136962890625,-0.1237640380859375
1773062934293835520,5.581306457519531,-1.0508880615234375,-0.2275238037109375,-0.2094879150390625
1773062934303871488,5.591342449188232,-1.02105712890625,-0.196014404296875,-0.0142974853515625
1773062934313908224,5.60137939453125,-1.015167236328125,-0.0971832275390625,0.0731201171875
1773062934323944448,5.611415386199951,-1.0243072509765625,-0.23785400390625,0.0672607421875
1773062934333980672,5.6214516162872314,-1.0911102294921875,-0.4497222900390625,-0.0465850830078125
1773062934344016640,5.631487607955933,-1.1717071533203125,-0.32672119140625,0.1531982421875
1773062934354053376,5.64152455329895,-1.19500732421875,-0.1205291748046875,0.1632537841796875
1773062934364089600,5.651560544967651,-1.16693115234375,-0.2004547119140625,-0.0276336669921875
1773062934374125568,5.6615965366363525,-1.104278564453125,-0.172210693359375,0.003448486328125
1773062934384161536,5.671632528305054,-0.987396240234375,-0.0015869140625,-0.0790863037109375
1773062934394198528,5.681669473648071,-0.868011474609375,-0.06304931640625,-0.157379150390625
1773062934404234496,5.6917054653167725,-0.883087158203125,-0.187164306640625,-0.1802978515625
1773062934414270464,5.701741456985474,-1.012359619140625,-0.3246307373046875,-0.13116455078125
1773062934424306432,5.711777448654175,-1.17620849609375,-0.36566162109375,0.042236328125
1773062934434342400,5.721813440322876,-1.275390625,-0.2834625244140625,0.3962554931640625
1773062934444379392,5.7318503856658936,-1.281005859375,-0.21734619140625,0.461669921875
1773062934454415616,5.741886615753174,-1.2346038818359375,-0.276092529296875,0.494720458984375
1773062934464451584,5.751922607421875,-1.1942291259765625,-0.274505615234375,0.251434326171875
1773062934474487552,5.761958599090576,-1.176361083984375,-0.253448486328125,-0.0062408447265625
1773062934484524544,5.771995544433594,-1.21087646484375,-0.18988037109375,-0.2454986572265625
1773062934494560512,5.782031536102295,-1.2296905517578125,-0.1280059814453125,-0.2236175537109375
1773062934504596480,5.792067527770996,-1.2315521240234375,-0.171783447265625,-0.09576416015625
1773062934514632448,5.802103519439697,-1.2652740478515625,-0.29608154296875,0.31488037109375
1773062934524669440,5.812140464782715,-1.3514251708984375,-0.326385498046875,0.788604736328125
1773062934534705408,5.822176456451416,-1.4922943115234375,-0.376373291015625,0.738983154296875
1773062934544741376,5.832212448120117,-1.5840301513671875,-0.35150146484375,0.6935577392578125
1773062934554777344,5.842248439788818,-1.552825927734375,-0.1637420654296875,0.536834716796875
1773062934564814336,5.852285385131836,-1.4078521728515625,-0.169891357421875,0.0552520751953125
1773062934574850560,5.862321615219116,-1.1994476318359375,-0.229156494140625,-0.2411956787109375
1773062934584886528,5.872357606887817,-1.0628662109375,-0.2291412353515625,-0.10955810546875
1773062934594922496,5.8823935985565186,-1.084320068359375,-0.2584381103515625,0.22735595703125
1773062934604958464,5.89242959022522,-1.249755859375,-0.3114776611328125,0.475830078125
1773062934614995456,5.902466535568237,-1.428466796875,-0.369110107421875,0.5285186767578125
1773062934625031424,5.9125025272369385,-1.4779815673828125,-0.2689666748046875,0.5654144287109375
1773062934635067392,5.92253851890564,-1.3993988037109375,-0.13812255859375,0.484649658203125
1773062934645103360,5.932574510574341,-1.2490692138671875,-0.247039794921875,0.376678466796875
1773062934655140352,5.942611455917358,-1.1380767822265625,-0.34063720703125,0.35028076171875
1773062934665176320,5.95264744758606,-1.130859375,-0.274200439453125,0.1720428466796875
1773062934675212288,5.962683439254761,-1.161285400390625,-0.1365203857421875,0.0860748291015625
1773062934685248256,5.972719430923462,-1.186370849609375,-0.1146392822265625,0.1719970703125
1773062934695285504,5.982756614685059,-1.1939849853515625,-0.1016693115234375,0.2239990234375
1773062934705321472,5.99279260635376,-1.1701202392578125,-0.1992950439453125,0.38934326171875
1773062934715357440,6.002828598022461,-1.1837615966796875,-0.2654266357421875,0.4000396728515625
1773062934725393408,6.012864589691162,-1.2005767822265625,-0.2735443115234375,0.5297088623046875
1773062934735430400,6.02290153503418,-1.208221435546875,-0.276458740234375,0.5772857666015625
1773062934745466368,6.032937526702881,-1.2478485107421875,-0.32269287109375,0.1884307861328125
1773062934755502336,6.042973518371582,-1.26129150390625,-0.226165771484375,-0.1510009765625
1773062934765538304,6.053009271621704,-1.16314697265625,0.0591278076171875,-0.054443359375
1773062934775575040,6.063046216964722,-1.0232696533203125,0.0107879638671875,0.0548095703125
1773062934785611264,6.073082208633423,-0.9511871337890625,-0.2095489501953125,0.055450439453125
1773062934795647232,6.083118200302124,-1.0076904296875,-0.3051605224609375,0.012359619140625
1773062934805683200,6.093154191970825,-1.1420745849609375,-0.3362274169921875,0.12750244140625
1773062934815719168,6.103190183639526,-1.2434234619140625,-0.2745208740234375,0.310394287109375
1773062934825756416,6.113227367401123,-1.2575225830078125,-0.177398681640625,0.3764495849609375
1773062934835792384,6.123263359069824,-1.1925048828125,-0.19970703125,0.34478759765625
1773062934845828352,6.133299350738525,-1.1387939453125,-0.243865966796875,-0.0171661376953125
1773062934855864320,6.143335342407227,-1.0682830810546875,-0.195953369140625,-0.2395782470703125
1773062934865901312,6.153372287750244,-1.0140533447265625,-0.08319091796875,-0.361907958984375
1773062934875937280,6.163408279418945,-0.95751953125,-0.237823486328125,-0.321929931640625
1773062934885973248,6.1734442710876465,-0.927215576171875,-0.4139251708984375,-0.2898712158203125
1773062934896009216,6.183480262756348,-0.9380340576171875,-0.439178466796875,-0.235626220703125
1773062934906046208,6.193517208099365,-1.0217437744140625,-0.41424560546875,0.0779266357421875
1773062934916082176,6.203553199768066,-1.1631317138671875,-0.2366790771484375,0.44476318359375
1773062934926118144,6.213589191436768,-1.29266357421875,-0.146820068359375,0.156463623046875
1773062934936154112,6.223625183105469,-1.2359161376953125,-0.208038330078125,0.172882080078125
1773062934946190080,6.23366117477417,-1.06964111328125,-0.179534912109375,0.1185760498046875
1773062934956227328,6.243698358535767,-0.8846282958984375,-0.1625518798828125,-0.134613037109375
1773062934966263296,6.253734350204468,-0.7519989013671875,-0.194122314453125,-0.3998870849609375
1773062934976299264,6.263770341873169,-0.7054595947265625,-0.2646636962890625,-0.4731903076171875
1773062934986335232,6.27380633354187,-0.726837158203125,-0.244476318359375,-0.345947265625
1773062934996372224,6.283843278884888,-0.818023681640625,-0.254791259765625,-0.2924957275390625
1773062935006408192,6.293879270553589,-0.91387939453125,-0.3852996826171875,-0.00335693359375
1773062935016444160,6.30391526222229,-0.9786529541015625,-0.254791259765625,0.5111236572265625
1773062935026480128,6.313951253890991,-1.0637359619140625,-0.09564208984375,0.165069580078125
1773062935036517120,6.323988199234009,-1.026611328125,-0.2493743896484375,-0.1580352783203125
1773062935046553088,6.33402419090271,-0.9102935791015625,-0.2300872802734375,-0.316864013671875
1773062935056589056,6.344060182571411,-0.742034912109375,-0.1454010009765625,-0.409332275390625
1773062935066625024,6.354096174240112,-0.55999755859375,-0.2377471923828125,-0.3840789794921875
1773062935076662272,6.364133358001709,-0.4882354736328125,-0.3682708740234375,-0.2404937744140625
1773062935086698240,6.37416934967041,-0.573272705078125,-0.4046478271484375,-0.0602569580078125
1773062935096734208,6.384205341339111,-0.781890869140625,-0.2616119384765625,0.11474609375
1773062935106770176,6.3942413330078125,-1.0074005126953125,-0.0976104736328125,0.0251007080078125
1773062935116807168,6.40427827835083,-1.066680908203125,-0.0851593017578125,-0.0160675048828125
1773062935126843136,6.414314270019531,-0.9183807373046875,-0.059051513671875,0.2867889404296875
1773062935136879104,6.424350261688232,-0.795135498046875,-0.0451507568359375,0.0796356201171875
1773062935146915072,6.434386253356934,-0.7192230224609375,-0.2710418701171875,-0.1527862548828125
1773062935156951296,6.444422245025635,-0.7188873291015625,-0.3760223388671875,-0.3291015625
1773062935166988032,6.454459190368652,-0.71649169921875,-0.1874847412109375,-0.3144683837890625
1773062935177024000,6.4644951820373535,-0.665802001953125,-0.2490692138671875,-0.0706024169921875
1773062935187060224,6.474531173706055,-0.6937103271484375,-0.423187255859375,-0.148681640625
1773062935197096192,6.484567165374756,-0.7323760986328125,-0.4250335693359375,-0.1312255859375
1773062935207133184,6.4946043491363525,-0.769866943359375,-0.3074951171875,0.1257476806640625
1773062935217169408,6.504640340805054,-0.8952484130859375,-0.090057373046875,0.2768707275390625
1773062935227205376,6.514676332473755,-1.0492401123046875,-0.0002288818359375,0.1571807861328125
1773062935237241344,6.524712324142456,-1.108734130859375,-0.0362091064453125,0.0828857421875
1773062935247278336,6.534749269485474,-1.006988525390625,0.00726318359375,-0.0186920166015625
1773062935257314304,6.544785261154175,-0.8132781982421875,-0.044158935546875,-0.025543212890625
1773062935267350272,6.554821252822876,-0.7244720458984375,-0.2495269775390625,0.0330810546875
1773062935277386240,6.564857244491577,-0.7718048095703125,-0.3325042724609375,0.086456298828125
1773062935287423232,6.574894189834595,-0.894256591796875,-0.2077484130859375,-0.0614166259765625
1773062935297459200,6.584930181503296,-0.91278076171875,-0.0672454833984375,-0.087799072265625
1773062935307495168,6.594966173171997,-0.8217315673828125,-0.02618408203125,0.0035552978515625
1773062935317531136,6.605002164840698,-0.763885498046875,-0.0227508544921875,-0.0957183837890625
1773062935327568384,6.615039348602295,-0.812347412109375,-0.09075927734375,0.050628662109375
1773062935337604352,6.625075340270996,-0.97076416015625,-0.0742645263671875,0.1793975830078125
1773062935347640320,6.635111331939697,-1.062347412109375,0.1224822998046875,0.13751220703125
1773062935357676288,6.645147323608398,-0.943328857421875,0.0600128173828125,0.12890625
1773062935367712256,6.6551833152771,-0.720458984375,-0.0861358642578125,0.107879638671875
1773062935377749248,6.665220260620117,-0.6273345947265625,-0.1710968017578125,0.0705718994140625
1773062935387785216,6.675256252288818,-0.7089996337890625,-0.2071075439453125,0.1663360595703125
1773062935397821184,6.6852922439575195,-0.80657958984375,0.0183563232421875,0.11480712890625
1773062935407857152,6.695328235626221,-0.80682373046875,0.103607177734375,0.1768951416015625
1773062935417894144,6.705365180969238,-0.7576751708984375,0.0438232421875,0.25433349609375
1773062935427930112,6.7154011726379395,-0.7662200927734375,-0.036865234375,0.224395751953125
1773062935437966080,6.725437164306641,-0.806243896484375,-0.1603546142578125,0.242340087890625
1773062935448002048,6.735473155975342,-0.8339080810546875,-0.1833953857421875,0.2917633056640625
1773062935458039296,6.7455103397369385,-0.8741455078125,-0.0775909423828125,0.1312255859375
1773062935468075264,6.75554633140564,-0.8691864013671875,0.026153564453125,-0.1105194091796875
1773062935478111232,6.765582323074341,-0.796661376953125,0.1000518798828125,-0.2392730712890625
1773062935488147200,6.775618314743042,-0.7032012939453125,0.141448974609375,-0.1770477294921875
1773062935498184192,6.78565526008606,-0.6303863525390625,0.1212310791015625,-0.0497589111328125
1773062935508220160,6.795691251754761,-0.5956573486328125,0.108642578125,0.1890411376953125
1773062935518256128,6.805727243423462,-0.6243896484375,-0.0108184814453125,0.6160736083984375
1773062935528292096,6.815763235092163,-0.7607574462890625,-0.10601806640625,0.7730712890625
1773062935538329088,6.825800180435181,-0.9868011474609375,-0.1304168701171875,0.5300750732421875
1773062935548365056,6.835836172103882,-1.11859130859375,-0.06304931640625,0.3833465576171875
1773062935558401024,6.845872163772583,-1.06488037109375,0.1749267578125,0.12493896484375
1773062935568436992,6.855908155441284,-0.863037109375,0.20233154296875,-0.1319122314453125
1773062935578474240,6.865945339202881,-0.6478424072265625,-0.02362060546875,-0.1181793212890625
1773062935588510208,6.875981330871582,-0.6194915771484375,-0.118988037109375,0.15936279296875
1773062935598546176,6.886017322540283,-0.758331298828125,-0.101959228515625,0.516876220703125
1773062935608582144,6.896053314208984,-0.9520263671875,0.035736083984375,0.554229736328125
1773062935618618368,6.9060893058776855,-1.0725860595703125,0.265289306640625,0.3411865234375
1773062935628655104,6.916126251220703,-1.0265045166015625,0.5064849853515625,0.053009033203125
1773062935638691072,6.926162242889404,-0.874237060546875,0.5107879638671875,-0.2061309814453125
1773062935648727296,6.9361982345581055,-0.6905975341796875,0.2421722412109375,-0.3199310302734375
1773062935658763264,6.946234226226807,-0.655120849609375,-0.05841064453125,-0.017059326171875
1773062935668800000,6.956271171569824,-0.8835296630859375,-0.3358306884765625,0.505096435546875
1773062935678836224,6.966307163238525,-1.1690826416015625,-0.2770233154296875,0.6761474609375
1773062935688872192,6.976343154907227,-1.2891998291015625,0.0835723876953125,0.455078125
1773062935698908160,6.986379146575928,-1.22149658203125,0.2569427490234375,0.2141876220703125
1773062935708945152,6.996416330337524,-1.0442352294921875,0.348968505859375,0.0475921630859375
1773062935718981376,7.006452322006226,-0.8764190673828125,0.3848724365234375,0.04620361328125
1773062935729017344,7.016488313674927,-0.7895965576171875,0.1834869384765625,0.098480224609375
1773062935739053312,7.026524305343628,-0.8211517333984375,-0.235137939453125,0.459686279296875
1773062935749090304,7.0365612506866455,-1.062530517578125,-0.441436767578125,0.8622589111328125
1773062935759126272,7.046597242355347,-1.3536529541015625,-0.065521240234375,0.7908477783203125
1773062935769161728,7.05663275718689,-1.4788360595703125,0.1491241455078125,0.5283203125
1773062935779197696,7.066668748855591,-1.3174896240234375,0.2430267333984375,0.110260009765625
1773062935789233664,7.076704740524292,-0.9405670166015625,0.4531097412109375,-0.2122802734375
1773062935799270912,7.086741924285889,-0.60784912109375,0.2538604736328125,-0.195159912109375
1773062935809306880,7.09677791595459,-0.4905548095703125,-0.03778076171875,-0.0900421142578125
1773062935819342848,7.106813907623291,-0.5985260009765625,-0.1382904052734375,0.1129150390625
1773062935829378816,7.116849899291992,-0.898162841796875,-0.270172119140625,0.5178070068359375
1773062935839415808,7.12688684463501,-1.24249267578125,-0.3226165771484375,0.7241363525390625
1773062935849451776,7.136922836303711,-1.2816619873046875,-0.17486572265625,0.4415435791015625
1773062935859487744,7.146958827972412,-0.8571319580078125,0.0030517578125,0.2606658935546875
1773062935869523712,7.156994819641113,-0.376434326171875,0.070220947265625,0.097503662109375
1773062935879560704,7.167031764984131,-0.12701416015625,0.1393585205078125,0.0227813720703125
1773062935889596672,7.177067756652832,-0.201080322265625,0.1420135498046875,-0.0036773681640625
1773062935899632640,7.187103748321533,-0.55377197265625,-0.121368408203125,0.140472412109375
1773062935909668608,7.197139739990234,-0.95697021484375,-0.352752685546875,0.3416900634765625
1773062935919705856,7.207176923751831,-1.11114501953125,-0.2605438232421875,0.36810302734375
1773062935929741824,7.217212915420532,-0.9374542236328125,-0.0876922607421875,0.4692535400390625
1773062935939777792,7.227248907089233,-0.7650604248046875,-0.2144317626953125,0.2923583984375
1773062935949813760,7.237284898757935,-0.766387939453125,-0.1443023681640625,-0.23138427734375
1773062935959850752,7.247321844100952,-0.822845458984375,0.185089111328125,-0.3260345458984375
1773062935969886720,7.257357835769653,-0.8137054443359375,0.105682373046875,-0.1973419189453125
1773062935979922688,7.2673938274383545,-0.7202301025390625,0.0046234130859375,-0.1888275146484375
1773062935989958656,7.277429819107056,-0.6138153076171875,0.070892333984375,0.2108306884765625
1773062935999995648,7.287466764450073,-0.7013702392578125,-0.2660064697265625,0.430328369140625
1773062936010031616,7.297502756118774,-1.0237884521484375,-0.473968505859375,0.5907440185546875
1773062936020067584,7.307538747787476,-1.3845367431640625,-0.0946197509765625,0.5836944580078125
1773062936030103808,7.317574739456177,-1.4796905517578125,0.0485076904296875,0.2750396728515625
1773062936040139776,7.327610731124878,-1.2412872314453125,-0.04248046875,-0.102203369140625
1773062936050176768,7.337647914886475,-0.856231689453125,-0.0260467529296875,-0.355194091796875
1773062936060212736,7.347683906555176,-0.5482635498046875,-0.084228515625,-0.2014007568359375
1773062936070248960,7.357719898223877,-0.500457763671875,-0.15179443359375,0.0448760986328125
1773062936080284928,7.367755889892578,-0.6556549072265625,-0.23974609375,0.601287841796875
1773062936090321664,7.377792835235596,-1.003387451171875,-0.277130126953125,0.8471527099609375
1773062936100357888,7.387828826904297,-1.395050048828125,-0.18121337890625,0.41510009765625
1773062936110393856,7.397864818572998,-1.4608001708984375,0.015289306640625,0.328948974609375
1773062936120429824,7.407900810241699,-1.2375335693359375,0.0394287109375,0.070953369140625
1773062936130466816,7.417937755584717,-0.8664703369140625,-0.1782684326171875,-0.30706787109375
1773062936140502784,7.427973747253418,-0.5265960693359375,-0.2798919677734375,-0.3193359375
1773062936150538752,7.438009738922119,-0.398681640625,-0.1865997314453125,0.0095672607421875
1773062936160574720,7.44804573059082,-0.554290771484375,-0.1269683837890625,0.5766143798828125
1773062936170611968,7.458082914352417,-0.970550537109375,-0.32659912109375,0.53912353515625
1773062936180647936,7.468118906021118,-1.33099365234375,-0.4046783447265625,0.31793212890625
1773062936190683904,7.478154897689819,-1.3684539794921875,-0.1807403564453125,0.5200042724609375
1773062936200719872,7.4881908893585205,-1.1769561767578125,-0.1605987548828125,0.42242431640625
1773062936210756864,7.498227834701538,-0.9379730224609375,-0.2014312744140625,-0.0188446044921875
1773062936220792832,7.508263826370239,-0.7049102783203125,-0.026336669921875,-0.2096710205078125
1773062936230828800,7.51829981803894,-0.571624755859375,-0.082794189453125,-0.25445556640625
1773062936240864768,7.528335809707642,-0.58636474609375,-0.2155303955078125,0.0581817626953125
1773062936250901760,7.538372755050659,-0.7508697509765625,-0.32421875,0.38348388671875
1773062936260937728,7.54840874671936,-0.967010498046875,-0.40802001953125,0.6535797119140625
1773062936270973696,7.5584447383880615,-1.1599578857421875,-0.2360687255859375,0.674652099609375
1773062936281009664,7.568480730056763,-1.2230072021484375,-0.1237030029296875,0.321258544921875
1773062936291046912,7.578517913818359,-1.0673065185546875,-0.229339599609375,0.2087860107421875
1773062936301082880,7.5885539054870605,-0.851409912109375,-0.26080322265625,0.092987060546875
1773062936311118848,7.598589897155762,-0.708038330078125,-0.2595367431640625,-0.0643768310546875
1773062936321154816,7.608625888824463,-0.6871337890625,-0.2086029052734375,-0.026397705078125
1773062936331190784,7.618661880493164,-0.7870025634765625,-0.27459716796875,0.100250244140625
1773062936341227776,7.628698825836182,-0.9211883544921875,-0.3978729248046875,0.3216705322265625
1773062936351263744,7.638734817504883,-1.0503387451171875,-0.304412841796875,0.3768157958984375
1773062936361299712,7.648770809173584,-1.0724029541015625,-0.28729248046875,0.44378662109375
1773062936371335680,7.658806800842285,-1.040496826171875,-0.3211669921875,0.30389404296875
1773062936381372672,7.668843746185303,-1.0007171630859375,-0.324432373046875,0.0135498046875
1773062936391408640,7.678879737854004,-0.91015625,-0.27166748046875,0.0220794677734375
1773062936401444608,7.688915729522705,-0.8495941162109375,-0.1820068359375,0.1465911865234375
1773062936411480576,7.698951721191406,-0.844482421875,-0.2394256591796875,0.378082275390625
1773062936421517824,7.708988904953003,-0.9368438720703125,-0.3094635009765625,0.5046234130859375
1773062936431553792,7.719024896621704,-1.0894622802734375,-0.3519134521484375,0.3695831298828125
1773062936441589760,7.729060888290405,-1.186309814453125,-0.4051055908203125,0.146087646484375
1773062936451625728,7.7390968799591064,-1.1549835205078125,-0.4118194580078125,-0.0227203369140625
1773062936461662720,7.749133825302124,-0.965972900390625,-0.3480377197265625,-0.0313262939453125
1773062936471698688,7.759169816970825,-0.7597503662109375,-0.316192626953125,0.04290771484375
1773062936481734656,7.769205808639526,-0.7169342041015625,-0.2820281982421875,0.018890380859375
1773062936491770624,7.7792418003082275,-0.8465576171875,-0.307342529296875,0.15386962890625
1773062936501807616,7.789278745651245,-1.072540283203125,-0.2899627685546875,0.278961181640625
1773062936511843584,7.799314737319946,-1.2283172607421875,-0.290191650390625,0.28216552734375
1773062936521879552,7.8093507289886475,-1.2006072998046875,-0.300445556640625,0.2918243408203125
1773062936531915776,7.819386720657349,-1.0406036376953125,-0.31646728515625,0.2387847900390625
1773062936541952000,7.829422950744629,-0.8927459716796875,-0.459075927734375,0.10626220703125
1773062936551988736,7.8394598960876465,-0.841217041015625,-0.420196533203125,0.0294036865234375
1773062936562024704,7.849495887756348,-0.8716888427734375,-0.25537109375,0.0289459228515625
1773062936572060928,7.859531879425049,-0.9205474853515625,-0.258453369140625,-0.0118865966796875
1773062936582096896,7.86956787109375,-0.96173095703125,-0.3316650390625,0.11688232421875
1773062936592133888,7.879604816436768,-1.028350830078125,-0.3062896728515625,0.188140869140625
1773062936602169856,7.889640808105469,-1.0807037353515625,-0.3372344970703125,0.1568756103515625
1773062936612205824,7.89967679977417,-1.0720977783203125,-0.3128814697265625,0.1979827880859375
1773062936622241792,7.909712791442871,-0.9901885986328125,-0.20733642578125,0.2132415771484375
1773062936632278784,7.919749736785889,-0.8746795654296875,-0.25372314453125,0.2117767333984375
1773062936642314752,7.92978572845459,-0.8265533447265625,-0.3755035400390625,0.1085205078125
1773062936652350720,7.939821720123291,-0.8703460693359375,-0.4163970947265625,0.1268310546875
1773062936662386944,7.949857950210571,-0.9627227783203125,-0.3305816650390625,0.158721923828125
1773062936672423936,7.959894895553589,-1.0454864501953125,-0.2233428955078125,0.2089691162109375
1773062936682459904,7.96993088722229,-1.1135406494140625,-0.1121826171875,0.0357818603515625
1773062936692495872,7.979966878890991,-1.10296630859375,-0.22607421875,-0.0973052978515625
1773062936702531840,7.990002870559692,-1.036224365234375,-0.2675018310546875,-0.0452423095703125
1773062936712568832,8.00003981590271,-0.97900390625,-0.2752532958984375,-0.049896240234375
1773062936722604800,8.010075807571411,-0.9296417236328125,-0.343170166015625,0.0927581787109375
1773062936732640768,8.020111799240112,-0.92315673828125,-0.2633209228515625,0.3560028076171875
1773062936742676736,8.030147790908813,-0.9957733154296875,-0.2064971923828125,0.21917724609375
1773062936752713728,8.040184736251831,-1.068634033203125,-0.2331390380859375,0.0666046142578125
1773062936762749696,8.050220727920532,-1.120574951171875,-0.196868896484375,0.028472900390625
1773062936772786688,8.06025767326355,-1.1411285400390625,-0.1638031005859375,-0.048675537109375
1773062936782822656,8.070293664932251,-1.0943603515625,-0.1770477294921875,0.072174072265625
1773062936792859648,8.080330610275269,-1.0498809814453125,-0.2564849853515625,-0.0180206298828125
1773062936802895616,8.09036660194397,-0.9868621826171875,-0.32568359375,0.0059661865234375
1773062936812931584,8.100402593612671,-0.9529571533203125,-0.2161102294921875,0.065643310546875
1773062936822967552,8.110438585281372,-0.9976043701171875,-0.1079864501953125,0.02166748046875
1773062936833004544,8.12047553062439,-1.0792999267578125,-0.07745361328125,-0.0454864501953125
1773062936843040512,8.13051152229309,-1.1231231689453125,-0.096954345703125,-0.091033935546875
1773062936853076480,8.140547513961792,-1.09002685546875,-0.0537109375,-0.063201904296875
1773062936863112448,8.150583505630493,-1.0425567626953125,-0.1107177734375,-0.1764984130859375
1773062936873148416,8.160619497299194,-0.99884033203125,-0.2917633056640625,-0.0310516357421875
1773062936883185664,8.170656681060791,-1.0189208984375,-0.3203887939453125,0.2313995361328125
1773062936893221632,8.180692672729492,-1.0946197509765625,-0.2425079345703125,0.383087158203125
1773062936903257600,8.190728664398193,-1.1820526123046875,-0.1278228759765625,0.31146240234375
1773062936913293568,8.200764656066895,-1.2383880615234375,-0.16278076171875,0.077545166015625
1773062936923330560,8.210801601409912,-1.213714599609375,-0.1526031494140625,-0.0420379638671875
1773062936933366528,8.220837593078613,-1.1704559326171875,0.031158447265625,-0.265594482421875
1773062936943402496,8.230873584747314,-1.1057586669921875,0.002777099609375,-0.2701263427734375
1773062936953438464,8.240909576416016,-1.0963897705078125,-0.1543121337890625,-0.2341766357421875
1773062936963475456,8.250946521759033,-1.1728973388671875,-0.3015899658203125,-0.24505615234375
1773062936973511424,8.260982513427734,-1.26556396484375,-0.3451690673828125,0.1329193115234375
1773062936983547392,8.271018505096436,-1.365234375,-0.1988677978515625,0.4740447998046875
1773062936993583360,8.281054496765137,-1.477203369140625,-0.1476898193359375,0.3404998779296875
1773062937003620608,8.291091680526733,-1.5198211669921875,-0.220672607421875,0.35552978515625
1773062937013656576,8.301127672195435,-1.5681610107421875,-0.246246337890625,0.04705810546875
1773062937023692544,8.311163663864136,-1.5863037109375,-0.2115478515625,-0.407012939453125
1773062937033728512,8.321199655532837,-1.470245361328125,-0.1111297607421875,-0.5199127197265625
1773062937043765504,8.331236600875854,-1.2947540283203125,-0.0749664306640625,-0.26422119140625
1773062937053801472,8.341272592544556,-1.202789306640625,-0.1559600830078125,0.252288818359375
1773062937063837440,8.351308584213257,-1.29315185546875,-0.2422943115234375,0.420074462890625
1773062937073873408,8.361344575881958,-1.4942474365234375,-0.335174560546875,0.2644195556640625
1773062937083910400,8.371381521224976,-1.630889892578125,-0.272491455078125,0.239105224609375
1773062937093946368,8.381417512893677,-1.637420654296875,-0.11383056640625,0.137237548828125
1773062937103982336,8.391453504562378,-1.5168914794921875,-0.104827880859375,-0.0946807861328125
1773062937114018560,8.401489496231079,-1.303314208984375,-0.1030426025390625,-0.3565216064453125
1773062937124054528,8.41152548789978,-1.0845184326171875,-0.0637054443359375,-0.439422607421875
1773062937134091520,8.421562671661377,-1.005950927734375,-0.1796722412109375,-0.362396240234375
1773062937144127488,8.431598663330078,-1.1219329833984375,-0.2656707763671875,-0.127471923828125
1773062937154163712,8.44163465499878,-1.3033447265625,-0.2715301513671875,0.260498046875
1773062937164199680,8.45167064666748,-1.45111083984375,-0.2725982666015625,0.3683013916015625
1773062937174236416,8.461707592010498,-1.4903411865234375,-0.0858306884765625,0.2893829345703125
1773062937184272640,8.4717435836792,-1.4534759521484375,0.007232666015625,-0.004608154296875
1773062937194308608,8.4817795753479,-1.35107421875,-0.1649627685546875,-0.1389923095703125
1773062937204344576,8.491815567016602,-1.230438232421875,-0.2159271240234375,-0.05413818359375
1773062937214381568,8.50185251235962,-1.1551666259765625,-0.103240966796875,-0.1356353759765625
1773062937224417536,8.51188850402832,-1.0897064208984375,-0.1011962890625,-0.1266937255859375
1773062937234453504,8.521924495697021,-1.02874755859375,-0.1353302001953125,-0.0393218994140625
1773062937244489472,8.531960487365723,-1.0143890380859375,-0.10797119140625,-0.0166473388671875
1773062937254526720,8.54199767112732,-1.060089111328125,-0.1284332275390625,0.134765625
1773062937264562688,8.55203366279602,-1.1801910400390625,-0.2554473876953125,0.272735595703125
1773062937274598656,8.562069654464722,-1.2853851318359375,-0.332855224609375,0.28271484375
1773062937284634624,8.572105646133423,-1.329498291015625,-0.243743896484375,0.0660552978515625
1773062937294671616,8.58214259147644,-1.2837982177734375,-0.0920867919921875,0.117279052734375
1773062937304707584,8.592178583145142,-1.229827880859375,0.036163330078125,-0.04949951171875
1773062937314743552,8.602214574813843,-1.15948486328125,0.0615234375,-0.419830322265625
1773062937324779520,8.612250566482544,-1.0231475830078125,-0.038330078125,-0.32464599609375
1773062937334815488,8.622286558151245,-0.96435546875,-0.2667236328125,-0.224517822265625
1773062937344852480,8.632323503494263,-1.02557373046875,-0.4461517333984375,-0.1399078369140625
1773062937354888448,8.642359495162964,-1.0945281982421875,-0.3880767822265625,0.3483123779296875
1773062937364924416,8.652395486831665,-1.223419189453125,-0.2412567138671875,0.29876708984375
1773062937374960384,8.662431478500366,-1.329315185546875,-0.1837158203125,0.081207275390625
1773062937384997632,8.672468662261963,-1.317047119140625,-0.1484832763671875,-0.106475830078125
1773062937395033600,8.682504653930664,-1.2031097412109375,-0.12274169921875,-0.2780914306640625
1773062937405069568,8.692540645599365,-1.045928955078125,-0.126190185546875,-0.2047271728515625
1773062937415105536,8.702576637268066,-0.9521942138671875,-0.2557830810546875,-0.0207672119140625
1773062937425142528,8.712613582611084,-0.960601806640625,-0.38299560546875,0.077545166015625
1773062937435178496,8.722649574279785,-1.0189208984375,-0.317535400390625,0.3015899658203125
1773062937445214464,8.732685565948486,-1.1083984375,-0.1640167236328125,0.3198699951171875
1773062937455250432,8.742721557617188,-1.1941986083984375,-0.16436767578125,-0.045562744140625
1773062937465287424,8.752758502960205,-1.187164306640625,-0.235198974609375,-0.153594970703125
1773062937475323392,8.762794494628906,-1.1235504150390625,-0.2124481201171875,-0.2174835205078125
1773062937485359360,8.772830486297607,-1.01629638671875,-0.1283416748046875,-0.1141815185546875
1773062937495395328,8.782866477966309,-0.899566650390625,-0.072052001953125,0.06951904296875
1773062937505432576,8.792903661727905,-0.868072509765625,-0.1459503173828125,-0.054656982421875
1773062937515468544,8.802939653396606,-0.9009552001953125,-0.29656982421875,-0.03045654296875
1773062937525504512,8.812975645065308,-0.9783477783203125,-0.3748321533203125,0.00445556640625
1773062937535540480,8.823011636734009,-1.060302734375,-0.316497802734375,-0.0271759033203125
1773062937545577472,8.833048582077026,-1.0711517333984375,-0.1801300048828125,0.0446319580078125
1773062937555613440,8.843084573745728,-1.0260467529296875,-0.1538543701171875,-0.020904541015625
1773062937565649408,8.853120565414429,-0.93524169921875,-0.06842041015625,-0.024566650390625
1773062937575685376,8.86315655708313,-0.803009033203125,0.04876708984375,0.228363037109375
1773062937585722368,8.873193502426147,-0.7836761474609375,-0.010040283203125,0.063323974609375
1773062937595758336,8.883229494094849,-0.859405517578125,-0.183349609375,-0.1846923828125
1773062937605794304,8.89326548576355,-0.90985107421875,-0.3424224853515625,-0.1444244384765625
1773062937615830528,8.903301477432251,-0.9022674560546875,-0.2913360595703125,-0.1365203857421875
1773062937625866496,8.913337469100952,-0.835174560546875,-0.1024322509765625,-0.039031982421875
1773062937635903488,8.923374652862549,-0.7486724853515625,-0.0679779052734375,0.055328369140625
1773062937645939712,8.93341064453125,-0.715362548828125,-0.1155853271484375,0.00189208984375
1773062937655975680,8.943446636199951,-0.734771728515625,-0.125885009765625,0.049713134765625
1773062937666011648,8.953482627868652,-0.78619384765625,-0.125152587890625,0.026275634765625
1773062937676048640,8.96351957321167,-0.8196258544921875,-0.062652587890625,-0.016845703125
1773062937686084608,8.973555564880371,-0.8144989013671875,-0.03662109375,-0.1171875
1773062937696120576,8.983591556549072,-0.7479248046875,-0.1310577392578125,-0.14202880859375
1773062937706156544,8.993627548217773,-0.6805877685546875,-0.16925048828125,-0.1582489013671875
1773062937716193536,9.003664493560791,-0.648956298828125,-0.1493988037109375,0.0258026123046875
1773062937726229504,9.013700485229492,-0.6993408203125,-0.255584716796875,0.2476654052734375
1773062937736265472,9.023736476898193,-0.8586578369140625,-0.2519683837890625,0.1199188232421875
1773062937746301440,9.033772468566895,-0.9893341064453125,-0.040771484375,0.1485595703125
1773062937756338688,9.043809652328491,-1.01031494140625,0.1143341064453125,0.191741943359375
1773062937766373888,9.053844928741455,-0.9855499267578125,0.134521484375,-0.1460723876953125
1773062937776409856,9.063880920410156,-0.8625335693359375,0.0634002685546875,-0.3386077880859375
1773062937786445824,9.073916912078857,-0.6887664794921875,0.077484130859375,-0.4486846923828125
1773062937796482816,9.083953857421875,-0.57293701171875,0.0597686767578125,-0.28118896484375
1773062937806518784,9.093989849090576,-0.5792999267578125,-0.126800537109375,-0.0224151611328125
1773062937816555008,9.104026079177856,-0.7211761474609375,-0.1663818359375,-0.186920166015625
1773062937826590976,9.114062070846558,-0.7886962890625,-0.0479736328125,-0.0539093017578125
1773062937836627968,9.124099016189575,-0.8226318359375,0.08673095703125,0.00836181640625
1773062937846663936,9.134135007858276,-0.8485565185546875,0.1510162353515625,-0.088134765625
1773062937856699904,9.144170999526978,-0.750213623046875,0.127166748046875,0.15460205078125
1773062937866735872,9.154206991195679,-0.7055511474609375,-0.0408935546875,0.071044921875
1773062937876772864,9.164243936538696,-0.640411376953125,-0.20806884765625,-0.031982421875
1773062937886808832,9.174279928207397,-0.5254058837890625,-0.2504425048828125,0.0941162109375
1773062937896844800,9.184315919876099,-0.5319061279296875,-0.214263916015625,0.11590576171875
1773062937906880768,9.1943519115448,-0.6943511962890625,-0.15411376953125,0.0821533203125
1773062937916916736,9.204387903213501,-0.90997314453125,-0.0777740478515625,-0.142791748046875
1773062937926953728,9.214424848556519,-0.9409332275390625,-0.037445068359375,-0.361572265625
1773062937936989952,9.224461078643799,-0.73248291015625,-0.087158203125,-0.16900634765625
1773062937947025920,9.2344970703125,-0.575653076171875,-0.1625518798828125,0.0291900634765625
1773062937957061888,9.244533061981201,-0.60369873046875,-0.1910400390625,0.147552490234375
1773062937967098880,9.254570007324219,-0.733367919921875,-0.129669189453125,0.1501007080078125
1773062937977134848,9.26460599899292,-0.7861175537109375,0.0027313232421875,0.3077392578125
1773062937987170816,9.274641990661621,-0.8382415771484375,0.0967559814453125,0.193084716796875
1773062937997207040,9.284677982330322,-0.834442138671875,0.1927642822265625,-0.0504608154296875
1773062938007243776,9.29471492767334,-0.714019775390625,0.2667999267578125,-0.05322265625
1773062938017279744,9.304750919342041,-0.6514892578125,0.206390380859375,-0.106719970703125
1773062938027315968,9.314786911010742,-0.7122650146484375,-0.015228271484375,-0.12115478515625
1773062938037351936,9.324822902679443,-0.826171875,-0.1329803466796875,-0.127685546875
1773062938047388672,9.334859848022461,-0.8852081298828125,-0.0788726806640625,-0.0907135009765625
1773062938057424896,9.344896078109741,-0.8243408203125,-0.0512847900390625,-0.1328125
1773062938067461120,9.354932069778442,-0.65667724609375,0.0052337646484375,-0.2269439697265625
1773062938077497088,9.364968061447144,-0.5531005859375,0.0594635009765625,-0.146392822265625
1773062938087533824,9.375005006790161,-0.63470458984375,-0.056243896484375,0.171783447265625
1773062938097570048,9.385040998458862,-0.883514404296875,-0.1951446533203125,0.5530242919921875
1773062938107606016,9.395076990127563,-1.15777587890625,-0.1447296142578125,0.476348876953125
1773062938117641984,9.405112981796265,-1.200714111328125,-0.0318603515625,0.1126708984375
1773062938127678976,9.415149927139282,-0.8941192626953125,0.0903472900390625,-0.2514801025390625
1773062938137714944,9.425185918807983,-0.48828125,0.243072509765625,-0.28521728515625
1773062938147750912,9.435221910476685,-0.34454345703125,0.245880126953125,-0.123779296875
1773062938157786880,9.445257902145386,-0.5818023681640625,-0.036651611328125,0.3775634765625
1773062938167822848,9.455293893814087,-1.1294097900390625,-0.42181396484375,0.7289276123046875
1773062938177860096,9.465331077575684,-1.5340118408203125,-0.2751617431640625,0.2470245361328125
1773062938187896064,9.475367069244385,-1.2696075439453125,0.1748809814453125,-0.0870361328125
1773062938197932032,9.485403060913086,-0.6755523681640625,0.221588134765625,-0.073974609375
1773062938207968000,9.495439052581787,-0.2998809814453125,0.108062744140625,0.319915771484375
1773062938218004992,9.505475997924805,-0.4249420166015625,-0.2410125732421875,0.598602294921875
1773062938228040960,9.515511989593506,-1.089630126953125,-0.4415740966796875,-0.06707763671875
1773062938238076928,9.525547981262207,-1.6356201171875,0.0309600830078125,-0.261627197265625
1773062938248112896,9.535583972930908,-1.6005096435546875,0.1115570068359375,-0.0741119384765625
1773062938258149888,9.545620918273926,-1.109344482421875,-0.0362548828125,-0.0634918212890625
1773062938268185856,9.555656909942627,-0.6020355224609375,0.0363006591796875,0.2955780029296875
1773062938278221824,9.565692901611328,-0.4588623046875,-0.11749267578125,0.4601898193359375
1773062938288257792,9.57572889328003,-0.6893310546875,-0.32293701171875,0.1057586669921875
1773062938298295040,9.585766077041626,-1.04290771484375,-0.3011474609375,0.2335052490234375
1773062938308331008,9.595802068710327,-1.382232666015625,-0.14947509765625,0.2808380126953125
1773062938318366976,9.605838060379028,-1.4958953857421875,0.064300537109375,0.359619140625
1773062938328402944,9.61587405204773,-1.256500244140625,0.059417724609375,0.2337493896484375
1773062938338439936,9.625910997390747,-0.8065032958984375,-0.1034088134765625,-0.0921478271484375
1773062938348475904,9.635946989059448,-0.38018798828125,-0.21575927734375,-0.158721923828125
1773062938358511872,9.64598298072815,-0.2241973876953125,-0.1513519287109375,0.0202789306640625
1773062938368547840,9.65601897239685,-0.4397125244140625,-0.150482177734375,0.355377197265625
1773062938378583808,9.666054964065552,-0.9402313232421875,-0.284027099609375,0.717376708984375
1773062938388620800,9.67609190940857,-1.426788330078125,-0.277191162109375,0.59027099609375
1773062938398656768,9.68612790107727,-1.406402587890625,0.02252197265625,0.5
1773062938408692736,9.696163892745972,-0.971343994140625,0.0943603515625,0.250396728515625
1773062938418728704,9.706199884414673,-0.59930419921875,-0.174560546875,-0.144073486328125
1773062938428765952,9.71623706817627,-0.4414215087890625,-0.2594451904296875,-0.1412811279296875
1773062938438801920,9.72627305984497,-0.548736572265625,-0.2076873779296875,0.120574951171875
1773062938448837888,9.736309051513672,-0.7999420166015625,-0.24468994140625,0.025421142578125
1773062938458874112,9.746345043182373,-0.9263763427734375,-0.215301513671875,0.3387451171875
1773062938468910848,9.75638198852539,-0.9295654296875,-0.281158447265625,0.7465667724609375
1773062938478946816,9.766417980194092,-0.9657440185546875,-0.1690826416015625,0.6099090576171875
1773062938488983040,9.776453971862793,-1.01422119140625,-0.0349884033203125,0.2991485595703125
1773062938499019008,9.786489963531494,-0.9885406494140625,-0.0902099609375,-0.1361083984375
1773062938509055744,9.796526908874512,-0.8400421142578125,-0.1522064208984375,-0.2759552001953125
1773062938519091968,9.806562900543213,-0.6594390869140625,-0.207275390625,-0.0061798095703125
1773062938529127936,9.816598892211914,-0.5962371826171875,-0.2574462890625,0.38330078125
1773062938539163904,9.826634883880615,-0.6942291259765625,-0.2739715576171875,0.5310821533203125
1773062938549200896,9.836672067642212,-0.8578948974609375,-0.270050048828125,0.6642608642578125
1773062938559237120,9.846708059310913,-1.02532958984375,-0.2130889892578125,0.507781982421875
1773062938569273088,9.856744050979614,-1.0466766357421875,0.025543212890625,0.258819580078125
1773062938579309056,9.866780042648315,-0.8908843994140625,0.0189056396484375,-0.0604095458984375
1773062938589346048,9.876816987991333,-0.701812744140625,-0.272003173828125,-0.249847412109375
1773062938599382016,9.886852979660034,-0.6265411376953125,-0.44207763671875,-0.0460662841796875
1773062938609417984,9.896888971328735,-0.7388458251953125,-0.5039825439453125,0.148162841796875
1773062938619453952,9.906924962997437,-0.9329681396484375,-0.3774871826171875,0.3447418212890625
1773062938629489920,9.916960954666138,-1.1203460693359375,-0.1388397216796875,0.49102783203125
1773062938639526912,9.926997900009155,-1.208831787109375,-0.0955657958984375,0.4643402099609375
1773062938649562880,9.937033891677856,-1.123291015625,-0.18328857421875,0.41046142578125
1773062938659598848,9.947069883346558,-0.9704132080078125,-0.373809814453125,0.0518341064453125
1773062938669634816,9.957105875015259,-0.8084716796875,-0.4850006103515625,-0.154327392578125
1773062938679672064,9.967143058776855,-0.7429351806640625,-0.3870391845703125,-0.0741424560546875
1773062938689708032,9.977179050445557,-0.8439178466796875,-0.33758544921875,0.08685302734375
1773062938699744000,9.987215042114258,-1.0489654541015625,-0.3581085205078125,0.2861328125
1773062938709779968,9.997251033782959,-1.2414093017578125,-0.3505401611328125,0.19317626953125
1773062938719816960,10.007287979125977,-1.230712890625,-0.40496826171875,0.135162353515625
1773062938729852928,10.017323970794678,-1.0390777587890625,-0.3821258544921875,0.1655426025390625
1773062938739888896,10.027359962463379,-0.8698272705078125,-0.29541015625,0.2204132080078125
1773062938749924864,10.03739595413208,-0.86346435546875,-0.33526611328125,0.226531982421875
1773062938759961856,10.047432899475098,-1.00238037109375,-0.4146270751953125,0.0258941650390625
1773062938769998592,10.057469606399536,-1.1143646240234375,-0.400665283203125,0.028045654296875
1773062938780034560,10.067505598068237,-1.1264495849609375,-0.24713134765625,0.1898651123046875
1773062938790070784,10.077541828155518,-1.0641632080078125,-0.236846923828125,0.279632568359375
1773062938800107776,10.087578773498535,-0.9768829345703125,-0.4090576171875,0.43463134765625
1773062938810143744,10.097614765167236,-0.950042724609375,-0.4804229736328125,0.304534912109375
1773062938820179712,10.107650756835938,-0.9708099365234375,-0.4544219970703125,0.1511688232421875
1773062938830215680,10.117686748504639,-1.0191192626953125,-0.3322601318359375,-0.0627593994140625
1773062938840252672,10.127723693847656,-1.03411865234375,-0.3651580810546875,-0.1711578369140625
1773062938850288640,10.137759685516357,-1.018341064453125,-0.4166412353515625,-0.0685272216796875
1773062938860324608,10.147795677185059,-1.00335693359375,-0.4180908203125,0.0235443115234375
1773062938870360576,10.15783166885376,-1.01141357421875,-0.442626953125,0.2771453857421875
1773062938880396544,10.167867660522461,-1.0464630126953125,-0.428436279296875,0.395782470703125
1773062938890433536,10.177904605865479,-1.0785980224609375,-0.3976287841796875,0.2108154296875
1773062938900469504,10.18794059753418,-1.05859375,-0.220550537109375,0.2551422119140625
1773062938910505728,10.19797682762146,-1.0477294921875,-0.0977935791015625,0.0377655029296875
1773062938920541696,10.208012819290161,-1.0123748779296875,-0.2220001220703125,-0.12335205078125
1773062938930578688,10.218049764633179,-0.9616851806640625,-0.3647918701171875,-0.1418609619140625
1773062938940614656,10.22808575630188,-0.9398956298828125,-0.4465179443359375,0.0584564208984375
1773062938950650624,10.238121747970581,-1.0023040771484375,-0.442779541015625,0.1370697021484375
1773062938960686592,10.248157739639282,-1.0860748291015625,-0.4568939208984375,0.191192626953125
1773062938970723584,10.2581946849823,-1.1313323974609375,-0.3864288330078125,0.2664947509765625
1773062938980759552,10.268230676651001,-1.1619720458984375,-0.20654296875,0.0931243896484375
1773062938990795520,10.278266668319702,-1.1330108642578125,-0.23040771484375,0.06427001953125
1773062939000831488,10.288302659988403,-1.0952911376953125,-0.3353271484375,-0.01708984375
1773062939010868480,10.298339605331421,-1.030029296875,-0.27386474609375,0.0585784912109375
1773062939020904448,10.308375597000122,-1.0027008056640625,-0.1231842041015625,0.131561279296875
1773062939030940672,10.318411827087402,-1.045623779296875,-0.148712158203125,0.10076904296875
1773062939040976640,10.328447818756104,-1.0911102294921875,-0.201904296875,0.2027435302734375
1773062939051012864,10.338483810424805,-1.12738037109375,-0.199676513671875,0.24542236328125
1773062939061049600,10.348520755767822,-1.1366729736328125,-0.2265472412109375,0.4467926025390625
1773062939071085568,10.358556747436523,-1.178802490234375,-0.282135009765625,0.5657806396484375
1773062939081121792,10.368592739105225,-1.2759552001953125,-0.375244140625,0.1090850830078125
1773062939091157760,10.378628730773926,-1.27069091796875,-0.3476104736328125,-0.0804595947265625
1773062939101194496,10.388665676116943,-1.1936798095703125,-0.249664306640625,-0.048004150390625
1773062939111230720,10.398701667785645,-1.13922119140625,-0.2205810546875,0.025634765625
1773062939121266688,10.408737659454346,-1.143829345703125,-0.26239013671875,0.258819580078125
1773062939131302656,10.418773651123047,-1.232269287109375,-0.225433349609375,0.452880859375
1773062939141339648,10.428810596466064,-1.364044189453125,-0.12445068359375,0.48419189453125
1773062939151375872,10.438846826553345,-1.50189208984375,-0.14349365234375,0.38153076171875
1773062939161411840,10.448882818222046,-1.5930633544921875,-0.273284912109375,0.193939208984375
1773062939171447808,10.458918809890747,-1.537353515625,-0.2311248779296875,0.1226654052734375
1773062939181484800,10.468955755233765,-1.3859710693359375,-0.157958984375,0.06719970703125
1773062939191520768,10.478991746902466,-1.2479095458984375,-0.162750244140625,-0.0238494873046875
1773062939201556736,10.489027738571167,-1.1669158935546875,-0.2172393798828125,0.021270751953125
1773062939211592704,10.499063730239868,-1.2050323486328125,-0.2606048583984375,0.0492095947265625
1773062939221629696,10.509100675582886,-1.3172149658203125,-0.2370758056640625,0.1279754638671875
1773062939231665664,10.519136667251587,-1.4011993408203125,-0.1507568359375,0.311004638671875
1773062939241701632,10.529172658920288,-1.4427490234375,-0.1281280517578125,0.239898681640625
1773062939251737600,10.53920865058899,-1.378692626953125,-0.1231231689453125,0.20166015625
1773062939261773568,10.54924464225769,-1.2573394775390625,-0.0368194580078125,0.2177581787109375
1773062939271810816,10.559281826019287,-1.17962646484375,-0.0054473876953125,0.2011260986328125
1773062939281846784,10.569317817687988,-1.16754150390625,-0.0836639404296875,0.036407470703125
1773062939291882752,10.57935380935669,-1.167694091796875,-0.1336517333984375,0.0332794189453125
1773062939301918720,10.58938980102539,-1.186492919921875,-0.0442352294921875,0.136322021484375
1773062939311955712,10.599426746368408,-1.2629852294921875,-0.0194549560546875,0.1068878173828125
1773062939321991680,10.60946273803711,-1.307220458984375,-0.0948944091796875,0.176727294921875
1773062939332027648,10.61949872970581,-1.2645416259765625,-0.06988525390625,0.263397216796875
1773062939342063616,10.629534721374512,-1.1937713623046875,-0.0726318359375,0.203216552734375
1773062939352100608,10.63957166671753,-1.13726806640625,-0.09515380859375,0.1141204833984375
1773062939362136576,10.64960765838623,-1.102569580078125,-0.028045654296875,0.1949310302734375
1773062939372172544,10.659643650054932,-1.17572021484375,0.001617431640625,0.111328125
1773062939382208512,10.669679641723633,-1.3111114501953125,-0.128570556640625,-0.036529541015625
1773062939392244480,10.679715633392334,-1.3364410400390625,-0.1685333251953125,0.0795135498046875
1773062939402281728,10.68975281715393,-1.255035400390625,-0.0672607421875,0.1976470947265625
1773062939412317696,10.699788808822632,-1.1858978271484375,-0.185089111328125,0.187042236328125
1773062939422353664,10.709824800491333,-1.164703369140625,-0.336700439453125,0.153350830078125
1773062939432389632,10.719860792160034,-1.1550140380859375,-0.179107666015625,0.27886962890625
1773062939442426624,10.729897737503052,-1.226165771484375,0.035491943359375,0.2943115234375
1773062939452462592,10.739933729171753,-1.3084716796875,0.0621185302734375,0.4078369140625
1773062939462498560,10.749969720840454,-1.34454345703125,-0.0231475830078125,0.3831787109375
1773062939472534784,10.760005712509155,-1.312530517578125,-0.1151885986328125,0.16680908203125
1773062939482571520,10.770042657852173,-1.217529296875,-0.1679229736328125,-0.0242767333984375
1773062939492607488,10.780078649520874,-1.1274261474609375,-0.217132568359375,-0.10784912109375
1773062939502643712,10.790114641189575,-1.0650634765625,-0.2411651611328125,-0.0983734130859375
1773062939512679680,10.800150632858276,-1.02630615234375,-0.2535247802734375,-0.006134033203125
1773062939522716672,10.810187816619873,-1.03741455078125,-0.2175445556640625,0.188385009765625
1773062939532752640,10.820223808288574,-1.114410400390625,-0.133819580078125,0.3143310546875
1773062939542788864,10.830259799957275,-1.203033447265625,-0.0871429443359375,0.3754730224609375
1773062939552824832,10.840295791625977,-1.2106475830078125,-0.093963623046875,0.3556976318359375
1773062939562861568,10.850332736968994,-1.152099609375,-0.190093994140625,0.1097412109375
1773062939572897792,10.860368728637695,-1.0565643310546875,-0.2449798583984375,-0.1155853271484375
1773062939582933760,10.870404720306396,-0.910614013671875,-0.26617431640625,0.0133514404296875
1773062939592969728,10.880440711975098,-0.8344573974609375,-0.2252655029296875,0.11138916015625
1773062939603005696,10.890476703643799,-0.88800048828125,-0.1105804443359375,0.1448822021484375
1773062939613042688,10.900513648986816,-1.0268402099609375,-0.19464111328125,0.11474609375
1773062939623078656,10.910549640655518,-1.0914306640625,-0.3420257568359375,0.1455230712890625
1773062939633114624,10.920585632324219,-1.023468017578125,-0.227081298828125,0.2840423583984375
1773062939643150592,10.93062162399292,-0.943389892578125,-0.1265106201171875,0.2988739013671875
1773062939653187840,10.940658807754517,-0.907073974609375,-0.1531829833984375,0.26220703125
1773062939663223808,10.950694799423218,-0.918365478515625,-0.183074951171875,0.130279541015625
1773062939673259776,10.960730791091919,-0.9340667724609375,-0.1110382080078125,0.107147216796875
1773062939683295744,10.97076678276062,-0.9261322021484375,-0.062225341796875,0.08837890625
1773062939693332736,10.980803728103638,-0.89117431640625,-0.174468994140625,-0.020111083984375
1773062939703368704,10.990839719772339,-0.8285064697265625,-0.2765655517578125,0.088531494140625
1773062939713404672,11.00087571144104,-0.8495025634765625,-0.2749786376953125,0.1994171142578125
1773062939723440640,11.010911703109741,-0.9858245849609375,-0.2507476806640625,0.2823028564453125
1773062939733476608,11.020947694778442,-1.1129302978515625,-0.12957763671875,0.3426666259765625
1773062939743513600,11.03098464012146,-1.118408203125,-0.017974853515625,0.29156494140625
1773062939753549568,11.041020631790161,-0.982666015625,-0.1497802734375,0.19805908203125
1773062939763585536,11.051056623458862,-0.851226806640625,-0.30096435546875,0.0389251708984375
1773062939773620992,11.061092138290405,-0.7952423095703125,-0.291412353515625,-0.04156494140625
1773062939783657984,11.071129083633423,-0.8562469482421875,-0.204803466796875,-0.0920257568359375
1773062939793693952,11.081165075302124,-0.9316253662109375,-0.10699462890625,-0.01910400390625
1773062939803729920,11.091201066970825,-0.9276275634765625,-0.07196044921875,0.15557861328125
1773062939813765888,11.101237058639526,-0.928497314453125,-0.1668548583984375,0.170989990234375
1773062939823802880,11.111274003982544,-0.94921875,-0.2661895751953125,0.0930023193359375
1773062939833838848,11.121309995651245,-0.9443511962890625,-0.2358245849609375,0.042816162109375
1773062939843874816,11.131345987319946,-0.919708251953125,-0.118560791015625,-0.003936767578125
1773062939853911040,11.141381978988647,-0.8585052490234375,-0.0938720703125,-0.017333984375
1773062939863948032,11.151419162750244,-0.7577972412109375,-0.099456787109375,0.078155517578125
1773062939873984000,11.161455154418945,-0.7247161865234375,-0.09490966796875,0.0701751708984375
1773062939884019968,11.171491146087646,-0.7979736328125,-0.10516357421875,-0.1475067138671875
1773062939894056192,11.181527137756348,-0.823699951171875,-0.07769775390625,-0.1627197265625
1773062939904092160,11.191563129425049,-0.779296875,-0.027679443359375,0.006378173828125
1773062939914128896,11.201600074768066,-0.719024658203125,-0.0769805908203125,0.347991943359375
1773062939924165120,11.211636066436768,-0.7465667724609375,-0.116607666015625,0.376708984375
1773062939934201088,11.221672058105469,-0.8773040771484375,-0.12646484375,0.0814208984375
1773062939944237056,11.23170804977417,-0.94354248046875,-0.0285797119140625,-0.092254638671875
1773062939954274048,11.241744995117188,-0.891998291015625,0.0460968017578125,-0.0606842041015625
1773062939964310016,11.251780986785889,-0.82562255859375,-0.0828094482421875,0.0221710205078125
1773062939974345984,11.26181697845459,-0.7818603515625,-0.149322509765625,0.077880859375
1773062939984381952,11.271852970123291,-0.7997283935546875,0.033355712890625,0.1185302734375
1773062939994419200,11.281890153884888,-0.9477996826171875,0.0422210693359375,0.0741729736328125
1773062940004455168,11.291926145553589,-1.1034088134765625,-0.0200042724609375,-0.0908660888671875
1773062940014491136,11.30196213722229,-1.12872314453125,0.11346435546875,-0.2472991943359375
1773062940024527104,11.311998128890991,-0.96343994140625,0.1484222412109375,-0.2490997314453125
1773062940034564096,11.322035074234009,-0.708770751953125,0.0363616943359375,-0.158721923828125
1773062940044600064,11.33207106590271,-0.559417724609375,-0.00665283203125,-0.0774078369140625
1773062940054636032,11.342107057571411,-0.64581298828125,-0.0161895751953125,-0.0593109130859375
1773062940064672000,11.352143049240112,-0.885101318359375,0.0536041259765625,-0.0999603271484375
1773062940074707968,11.362179040908813,-1.0075225830078125,0.1719512939453125,0.1378631591796875
1773062940084744960,11.372215986251831,-1.010833740234375,0.278076171875,0.0997467041015625
1773062940094780928,11.382251977920532,-0.84405517578125,0.258056640625,0.0176239013671875
1773062940104816896,11.392287969589233,-0.6117095947265625,0.1527862548828125,0.1253509521484375
1773062940114853120,11.402324199676514,-0.546112060546875,0.0858612060546875,0.0638275146484375
1773062940124890112,11.412361145019531,-0.5867156982421875,-0.009765625,0.00958251953125
1773062940134926080,11.422397136688232,-0.6162261962890625,-0.107513427734375,0.0407562255859375
1773062940144962048,11.432433128356934,-0.627105712890625,-0.114410400390625,0.0867156982421875
1773062940154998016,11.442469120025635,-0.6670684814453125,-0.0379791259765625,0.157501220703125
1773062940165035008,11.452506065368652,-0.7763671875,0.0383148193359375,-0.0342254638671875
1773062940175070976,11.462542057037354,-0.8111572265625,0.014373779296875,-0.158172607421875
1773062940185106944,11.472578048706055,-0.734954833984375,-0.1147308349609375,-0.2205657958984375
1773062940195142912,11.482614040374756,-0.6284332275390625,-0.204437255859375,-0.1550140380859375
1773062940205178880,11.492650032043457,-0.5875396728515625,-0.1788177490234375,0.076568603515625
1773062940215215872,11.502686977386475,-0.6735076904296875,-0.0525054931640625,0.2549285888671875
1773062940225251840,11.512722969055176,-0.82562255859375,0.0843353271484375,0.38104248046875
1773062940235288064,11.522759199142456,-0.942535400390625,0.1171417236328125,0.419281005859375
1773062940245324032,11.532795190811157,-0.9390716552734375,0.0581207275390625,0.454620361328125
1773062940255361024,11.542832136154175,-0.8504638671875,0.0309906005859375,0.3390655517578125
1773062940265396992,11.552868127822876,-0.747467041015625,0.0140533447265625,0.312225341796875
1773062940275432960,11.562904119491577,-0.7427520751953125,0.00946044921875,0.241424560546875
1773062940285468928,11.572940111160278,-0.84088134765625,0.089508056640625,0.0668182373046875
1773062940295505920,11.582977056503296,-0.9447479248046875,0.2039337158203125,-0.1182403564453125
1773062940305541888,11.593013048171997,-0.9639892578125,0.1738433837890625,-0.1219024658203125
1773062940315577856,11.603049039840698,-0.892120361328125,0.07568359375,0.0795745849609375
1773062940325614080,11.6130850315094,-0.8906707763671875,-0.0228729248046875,0.3134307861328125
1773062940335650816,11.623121976852417,-0.976959228515625,-0.09881591796875,0.3648834228515625
1773062940345687040,11.633157968521118,-0.9881744384765625,-0.016876220703125,0.261810302734375
1773062940355723264,11.643194198608398,-0.9613800048828125,0.1449127197265625,0.20550537109375
1773062940365759232,11.6532301902771,-1.011566162109375,0.183563232421875,-0.163238525390625
1773062940375795200,11.6632661819458,-0.95184326171875,0.0883026123046875,-0.238983154296875
1773062940385832192,11.673303127288818,-0.810638427734375,-0.0973663330078125,-0.050323486328125
1773062940395868160,11.68333911895752,-0.7577362060546875,-0.2187347412109375,0.1331024169921875
1773062940405904128,11.69337511062622,-0.932373046875,-0.208465576171875,0.2952880859375
1773062940415940096,11.703411102294922,-1.241668701171875,-0.0362548828125,0.1724090576171875
1773062940425977088,11.71344804763794,-1.3109893798828125,0.3080596923828125,0.173858642578125
1773062940436013056,11.72348403930664,-1.1190185546875,0.24212646484375,0.236846923828125
1773062940446049024,11.733520030975342,-0.8148956298828125,-0.0622406005859375,0.108612060546875
1773062940456084992,11.743556022644043,-0.568023681640625,-0.0601959228515625,0.08978271484375
1773062940466121984,11.75359296798706,-0.567352294921875,0.044769287109375,0.2131805419921875
1773062940476158208,11.76362919807434,-0.811279296875,-0.1194305419921875,0.6021270751953125
1773062940486194176,11.773665189743042,-1.138214111328125,-0.250701904296875,0.8672943115234375
1773062940496230144,11.783701181411743,-1.3759307861328125,0.0367889404296875,0.38873291015625
1773062940506266112,11.793737173080444,-1.244903564453125,0.2370758056640625,0.06298828125
1773062940516303104,11.803774118423462,-0.848541259765625,0.145965576171875,-0.1895751953125
1773062940526339072,11.813810110092163,-0.4431610107421875,0.16510009765625,-0.2781524658203125
1773062940536375040,11.823846101760864,-0.2501678466796875,0.0729522705078125,-0.0828399658203125
1773062940546411008,11.833882093429565,-0.4220733642578125,-0.221710205078125,0.272430419921875
1773062940556448000,11.843919038772583,-0.9240570068359375,-0.5687713623046875,0.6673583984375
1773062940566483968,11.853955030441284,-1.424774169921875,-0.507110595703125,0.41912841796875
1773062940576519936,11.863991022109985,-1.3747711181640625,0.14776611328125,0.3355560302734375
1773062940586555904,11.874027013778687,-1.0131072998046875,0.217529296875,0.009063720703125
1773062940596593152,11.884064197540283,-0.6281280517578125,-0.01983642578125,-0.271697998046875
1773062940606629120,11.894100189208984,-0.3656005859375,-0.050872802734375,-0.2456512451171875
1773062940616665088,11.904136180877686,-0.36444091796875,-0.1537628173828125,0.1455230712890625
1773062940626701056,11.914172172546387,-0.688995361328125,-0.19140625,0.15643310546875
1773062940636737024,11.924208164215088,-1.006256103515625,-0.2538604736328125,0.217529296875
1773062940646774016,11.934245109558105,-1.066192626953125,-0.24676513671875,0.5503997802734375
1773062940656809984,11.944281101226807,-1.012115478515625,-0.082275390625,0.4873199462890625
1773062940666845952,11.954317092895508,-0.9721527099609375,-0.022247314453125,0.061187744140625
1773062940676881920,11.964353084564209,-0.8828582763671875,-0.069183349609375,-0.210479736328125
1773062940686918912,11.974390029907227,-0.7039947509765625,-0.04779052734375,-0.17431640625
1773062940696954880,11.984426021575928,-0.555419921875,-0.065216064453125,-0.075531005859375
1773062940706990848,11.994462013244629,-0.5516510009765625,-0.1796875,0.370391845703125
1773062940717027072,12.00449800491333,-0.810577392578125,-0.2563323974609375,0.5947265625
1773062940727064064,12.014535188674927,-1.150604248046875,-0.1190032958984375,0.6602783203125
1773062940737100032,12.024571180343628,-1.312164306640625,0.0380096435546875,0.5336456298828125
1773062940747136000,12.034607172012329,-1.151885986328125,-0.0365753173828125,-0.0110015869140625
1773062940757172224,12.04464316368103,-0.74334716796875,-0.1947174072265625,-0.2995147705078125
1773062940767208192,12.054679155349731,-0.4345703125,-0.221649169921875,-0.0935516357421875
1773062940777245440,12.064716577529907,-0.4682464599609375,-0.2454986572265625,0.3079986572265625
1773062940787281408,12.074752569198608,-0.83740234375,-0.2368316650390625,0.355560302734375
1773062940797317632,12.08478856086731,-1.1710357666015625,-0.1234893798828125,0.2584991455078125
1773062940807353600,12.09482455253601,-1.1602783203125,-0.0034332275390625,0.3397674560546875
1773062940817390336,12.104861497879028,-0.9579315185546875,-0.0126495361328125,0.248016357421875
1773062940827426560,12.11489748954773,-0.7946929931640625,-0.1930694580078125,0.1447601318359375
1773062940837462528,12.12493348121643,-0.8080902099609375,-0.2972564697265625,0.15032958984375
1773062940847498496,12.134969472885132,-0.95050048828125,-0.3577423095703125,0.115753173828125
1773062940857534720,12.145005702972412,-0.9972991943359375,-0.3291473388671875,0.164459228515625
1773062940867571712,12.15504264831543,-0.8921051025390625,-0.1234893798828125,0.326171875
1773062940877607680,12.16507863998413,-0.8135833740234375,-0.0145721435546875,0.3586273193359375
1773062940887643648,12.175114631652832,-0.9000701904296875,-0.0086212158203125,0.16998291015625
1773062940897679616,12.185150623321533,-1.033203125,-0.0888519287109375,-0.0106964111328125
1773062940907716608,12.19518756866455,-1.07232666015625,-0.29052734375,-0.12384033203125
1773062940917752576,12.205223560333252,-0.9605560302734375,-0.458160400390625,0.1222381591796875
1773062940927788544,12.215259552001953,-0.8556365966796875,-0.471343994140625,0.2893829345703125
1773062940937824512,12.225295543670654,-0.8886260986328125,-0.3225250244140625,0.2247467041015625
1773062940947861504,12.235332489013672,-0.9961090087890625,-0.1460723876953125,0.2772979736328125
1773062940957897472,12.245368480682373,-1.1049041748046875,-0.083251953125,0.1357269287109375
1773062940967933440,12.255404472351074,-1.102813720703125,-0.16943359375,-0.063629150390625
1773062940977969664,12.265440702438354,-0.983978271484375,-0.2825164794921875,-0.06658935546875
1773062940988005632,12.275476694107056,-0.91729736328125,-0.3671112060546875,-0.0516815185546875
1773062940998042624,12.285513639450073,-0.9463043212890625,-0.4743499755859375,0.114715576171875
1773062941008078592,12.295549631118774,-1.0088043212890625,-0.4407806396484375,0.3432769775390625
1773062941018114560,12.305585622787476,-1.0442657470703125,-0.223114013671875,0.368255615234375
1773062941028150528,12.315621614456177,-1.042205810546875,-0.0682220458984375,0.3445587158203125
1773062941038187520,12.325658559799194,-1.039093017578125,-0.0561065673828125,0.2330780029296875
1773062941048223488,12.335694551467896,-1.0849456787109375,-0.235809326171875,-0.3157501220703125
1773062941058259456,12.345730543136597,-1.0446319580078125,-0.4579620361328125,-0.55535888671875
1773062941068295424,12.355766534805298,-0.9130096435546875,-0.5395660400390625,-0.300750732421875
1773062941078332416,12.365803480148315,-0.8555908203125,-0.489349365234375,-0.0921630859375
1773062941088368384,12.375839471817017,-0.86566162109375,-0.3397064208984375,0.22393798828125
1773062941098404608,12.385875701904297,-0.9559478759765625,-0.1910400390625,0.616302490234375
1773062941108440576,12.395911693572998,-1.1451416015625,-0.113128662109375,0.39947509765625
1773062941118476544,12.4059476852417,-1.2330322265625,-0.1972808837890625,0.046173095703125
1773062941128513536,12.415984630584717,-1.14215087890625,-0.2547454833984375,-0.0036468505859375
1773062941138549504,12.426020622253418,-1.0306549072265625,-0.2668609619140625,-0.3800048828125
1773062941148585472,12.43605661392212,-0.9217681884765625,-0.3752593994140625,-0.5806884765625
1773062941158621440,12.44609260559082,-0.8344879150390625,-0.4536285400390625,-0.3018951416015625
1773062941168658432,12.456129550933838,-0.8560638427734375,-0.3537750244140625,0.2552947998046875
1773062941178694400,12.466165542602539,-1.0482940673828125,-0.1796417236328125,0.470611572265625
1773062941188730368,12.47620153427124,-1.2257537841796875,-0.09796142578125,0.496612548828125
1773062941198766592,12.486237525939941,-1.2629547119140625,-0.017425537109375,0.2832489013671875
1773062941208803328,12.496274471282959,-1.173675537109375,-0.2079925537109375,-0.166748046875
1773062941218839552,12.50631070137024,-1.056793212890625,-0.4481048583984375,-0.539794921875
1773062941228875520,12.51634669303894,-0.9580841064453125,-0.394989013671875,-0.5565643310546875
1773062941238911744,12.526382684707642,-0.8995819091796875,-0.254852294921875,-0.2923431396484375
1773062941248947712,12.536418676376343,-0.9285125732421875,-0.2244873046875,-0.039306640625
1773062941258984448,12.54645562171936,-1.022735595703125,-0.30059814453125,0.0887603759765625
1773062941269020672,12.556491613388062,-1.112823486328125,-0.3173675537109375,0.11761474609375
1773062941279056640,12.566527605056763,-1.164520263671875,-0.136322021484375,0.12457275390625
1773062941289092608,12.576563596725464,-1.23883056640625,0.02203369140625,-0.0718536376953125
1773062941299129600,12.586600542068481,-1.2737274169921875,-0.10589599609375,-0.1494598388671875
1773062941309165568,12.596636533737183,-1.1849365234375,-0.1598968505859375,-0.1305084228515625
1773062941319201536,12.606672525405884,-1.039459228515625,-0.0917205810546875,-0.1638641357421875
1773062941329237504,12.616708517074585,-0.932037353515625,-0.2166748046875,-0.0146026611328125
1773062941339274752,12.626745700836182,-0.95947265625,-0.333526611328125,0.06671142578125
1773062941349310720,12.636781692504883,-1.079010009765625,-0.3356170654296875,-0.006317138671875
1773062941359346688,12.646817684173584,-1.1602783203125,-0.1466522216796875,0.13079833984375
1773062941369382656,12.656853675842285,-1.2239227294921875,0.0892181396484375,0.19598388671875
1773062941379418624,12.666889667510986,-1.308135986328125,0.057647705078125,-0.11279296875
1773062941389455616,12.676926612854004,-1.2686004638671875,-0.0766754150390625,-0.181365966796875
1773062941399491584,12.686962604522705,-1.12445068359375,-0.1394805908203125,0.01959228515625
1773062941409527552,12.696998596191406,-1.05859375,-0.1666259765625,0.020721435546875
1773062941419563520,12.707034587860107,-1.0863189697265625,-0.2452545166015625,-0.2128448486328125
1773062941429600512,12.717071533203125,-1.0893402099609375,-0.1958770751953125,-0.0648956298828125
1773062941439636480,12.727107524871826,-1.167022705078125,-0.00286865234375,0.12841796875
1773062941449672448,12.737143516540527,-1.383575439453125,-0.05316162109375,-0.02362060546875
1773062941459708416,12.747179508209229,-1.53289794921875,-0.19024658203125,-0.1046142578125
1773062941469745664,12.757216691970825,-1.463653564453125,-0.119964599609375,0.0518646240234375
1773062941479781632,12.767252683639526,-1.3114013671875,-0.084320068359375,0.056640625
1773062941489817600,12.777288675308228,-1.1851959228515625,-0.1573944091796875,0.2437286376953125
1773062941499853568,12.787324666976929,-1.171234130859375,-0.11187744140625,0.462127685546875
1773062941509889536,12.79736065864563,-1.3219757080078125,-0.129150390625,0.2976531982421875
1773062941519926528,12.807397603988647,-1.4932403564453125,-0.2075958251953125,0.0992584228515625
1773062941529962496,12.817433595657349,-1.5601959228515625,-0.10040283203125,0.104705810546875
1773062941539998464,12.82746958732605,-1.5315093994140625,0.014007568359375,0.0757598876953125
1773062941550034432,12.837505578994751,-1.404754638671875,0.032073974609375,0.03662109375
1773062941560071424,12.847542524337769,-1.24951171875,-0.007965087890625,0.1046600341796875
1773062941570107392,12.85757851600647,-1.22149658203125,-0.1199951171875,0.0151824951171875
1773062941580143360,12.867614507675171,-1.2964019775390625,-0.1855316162109375,0.0161285400390625
1773062941590179328,12.877650499343872,-1.406097412109375,-0.1053009033203125,0.0843505859375
1773062941600215552,12.887686491012573,-1.46026611328125,-0.0178375244140625,0.26593017578125
1773062941610252544,12.89772367477417,-1.468231201171875,-0.0699615478515625,0.1686553955078125
1773062941620288512,12.907759666442871,-1.3857421875,-0.1377716064453125,0.1290740966796875
1773062941630324480,12.917795658111572,-1.2729339599609375,-0.0745697021484375,0.177001953125
1773062941640360704,12.927831649780273,-1.24359130859375,-0.0770263671875,0.052001953125
1773062941650397440,12.937868595123291,-1.268890380859375,-0.12591552734375,-0.1559906005859375
1773062941660433408,12.947904586791992,-1.241241455078125,-0.104705810546875,-0.116607666015625
1773062941670469632,12.957940578460693,-1.2036590576171875,-0.113555908203125,-0.07818603515625
1773062941680505600,12.967976570129395,-1.21820068359375,-0.152313232421875,-0.0906829833984375
1773062941690541568,12.978012561798096,-1.2247467041015625,-0.1604156494140625,0.175567626953125
1773062941700578560,12.988049507141113,-1.2456817626953125,-0.150177001953125,0.38494873046875
1773062941710614528,12.998085498809814,-1.2844696044921875,-0.048736572265625,0.3646087646484375
1773062941720650496,13.008121490478516,-1.272705078125,0.033355712890625,0.3292388916015625
1773062941730686464,13.018157482147217,-1.2274322509765625,-0.0651092529296875,0.17205810546875
1773062941740723712,13.028194665908813,-1.211944580078125,-0.1397857666015625,-0.1317138671875
1773062941750759680,13.038230657577515,-1.1719970703125,-0.1129150390625,-0.224884033203125
1773062941760795648,13.048266649246216,-1.131011962890625,-0.1169891357421875,-0.1482086181640625
1773062941770830848,13.05830192565918,-1.143035888671875,-0.075653076171875,-0.076904296875
1773062941780868096,13.068339109420776,-1.2021026611328125,-0.097442626953125,-0.0173797607421875
1773062941790904064,13.078375101089478,-1.2398529052734375,-0.195587158203125,0.176422119140625
1773062941800940032,13.088411092758179,-1.217742919921875,-0.16455078125,0.4476165771484375
1773062941810976000,13.09844708442688,-1.227508544921875,-0.1292572021484375,0.2607574462890625
1773062941821011968,13.108483076095581,-1.2182769775390625,-0.19561767578125,0.2188568115234375
1773062941831048960,13.118520021438599,-1.2086944580078125,-0.183380126953125,0.2667388916015625
1773062941841084928,13.1285560131073,-1.268035888671875,-0.122161865234375,-0.1672821044921875
1773062941851120896,13.138592004776001,-1.209747314453125,-0.0782012939453125,-0.2796783447265625
1773062941861156864,13.148627996444702,-1.0579376220703125,-0.08770751953125,-0.1510009765625
1773062941871193856,13.15866494178772,-0.9847869873046875,-0.1793212890625,-0.1317901611328125
1773062941881229824,13.168700933456421,-0.9992218017578125,-0.3191070556640625,0.0605010986328125
1773062941891265792,13.178736925125122,-1.0648345947265625,-0.3801727294921875,0.3095550537109375
1773062941901301760,13.188772916793823,-1.1472625732421875,-0.281463623046875,0.2760772705078125
1773062941911337728,13.198808908462524,-1.1714324951171875,-0.110809326171875,0.2401885986328125
1773062941921374976,13.208846092224121,-1.157867431640625,-0.0578460693359375,0.183135986328125
1773062941931410944,13.218882083892822,-1.1432037353515625,-0.1069793701171875,-0.0102691650390625
1773062941941446912,13.228918075561523,-1.0782623291015625,-0.1295623779296875,-0.1796875
1773062941951483136,13.238954067230225,-0.95416259765625,-0.0995330810546875,-0.2630767822265625
1773062941961519872,13.248991012573242,-0.8425140380859375,-0.152801513671875,-0.21380615234375
1773062941971555840,13.259027004241943,-0.838043212890625,-0.264434814453125,-0.1709747314453125
1773062941981592064,13.269062995910645,-0.932525634765625,-0.3427734375,-0.1021728515625
1773062941991628032,13.279098987579346,-1.022308349609375,-0.3313446044921875,0.1420745849609375
1773062942001664000,13.289134979248047,-1.04937744140625,-0.1731719970703125,0.3714599609375
1773062942011700992,13.299171924591064,-1.034332275390625,-0.0584564208984375,0.400421142578125
1773062942021736960,13.309207916259766,-0.98681640625,-0.08953857421875,0.2841339111328125
1773062942031772928,13.319243907928467,-0.9372100830078125,-0.1038055419921875,0.1324005126953125
1773062942041808896,13.329279899597168,-0.957366943359375,-0.1431427001953125,-0.2675323486328125
1773062942051846144,13.339317083358765,-0.91009521484375,-0.19378662109375,-0.2957916259765625
1773062942061882112,13.349353075027466,-0.8179473876953125,-0.1566619873046875,-0.1903076171875
1773062942071918080,13.359389066696167,-0.7786865234375,-0.0905609130859375,-0.1358795166015625
1773062942081954048,13.369425058364868,-0.79644775390625,-0.160797119140625,-0.02044677734375
1773062942091991040,13.379462003707886,-0.8555145263671875,-0.23052978515625,0.191650390625
1773062942102027008,13.389497995376587,-0.9313812255859375,-0.2095794677734375,0.3128662109375
1773062942112062976,13.399533987045288,-0.9905853271484375,-0.189361572265625,0.1101531982421875
1773062942122098944,13.40956997871399,-0.969512939453125,-0.08453369140625,0.0165863037109375
1773062942132134912,13.41960597038269,-0.9498138427734375,-0.0134735107421875,-0.1491851806640625
1773062942142171904,13.429642915725708,-0.9068145751953125,-0.125732421875,-0.3425750732421875
1773062942152207872,13.43967890739441,-0.7781829833984375,-0.2177581787109375,-0.2503204345703125
1773062942162243840,13.44971489906311,-0.6784210205078125,-0.1062164306640625,-0.1285552978515625
1773062942172279808,13.459750890731812,-0.694549560546875,-0.04498291015625,-0.0461273193359375
1773062942182317056,13.469788074493408,-0.8172454833984375,-0.1126556396484375,0.03729248046875
1773062942192353024,13.47982406616211,-0.97723388671875,-0.129852294921875,0.037200927734375
1773062942202388992,13.48986005783081,-1.074462890625,-0.1397705078125,-0.124237060546875
1773062942212424960,13.499896049499512,-1.0046234130859375,-0.0999755859375,-0.111907958984375
1773062942222460928,13.509932041168213,-0.860107421875,-0.0554962158203125,-0.1204681396484375
1773062942232497920,13.51996898651123,-0.74627685546875,-0.0385284423828125,-0.162628173828125
1773062942242533888,13.530004978179932,-0.6784210205078125,-0.06805419921875,-0.123199462890625
1773062942252569856,13.540040969848633,-0.68194580078125,-0.1403961181640625,-0.01611328125
1773062942262605824,13.550076961517334,-0.7830963134765625,-0.1595001220703125,-0.020599365234375
1773062942272642816,13.560113906860352,-0.9080963134765625,-0.065948486328125,0.0576171875
1773062942282678784,13.570149898529053,-1.010345458984375,0.0644989013671875,0.15606689453125
1773062942292714752,13.580185890197754,-1.0400390625,0.0510406494140625,0.0937652587890625
1773062942302750976,13.590222120285034,-0.930419921875,-0.07305908203125,0.0300140380859375
1773062942312786944,13.600258111953735,-0.788665771484375,-0.0681915283203125,-0.0646209716796875
1773062942322823936,13.610295057296753,-0.7586517333984375,-0.032379150390625,-0.1950225830078125
1773062942332859904,13.620331048965454,-0.803802490234375,0.00958251953125,-0.3404083251953125
1773062942342895872,13.630367040634155,-0.82183837890625,0.1081695556640625,-0.35406494140625
1773062942352932096,13.640403032302856,-0.7889251708984375,0.030120849609375,-0.1739501953125
1773062942362968832,13.650439977645874,-0.74896240234375,-0.0429840087890625,-0.1268157958984375
1773062942373004800,13.660475969314575,-0.7519073486328125,-0.0344390869140625,-0.10797119140625
1773062942383041024,13.670511960983276,-0.7732086181640625,0.1620941162109375,-0.1336669921875
1773062942393076992,13.680547952651978,-0.805145263671875,0.3066253662109375,-0.0155181884765625
1773062942403112960,13.690583944320679,-0.882476806640625,0.1524810791015625,-0.1376495361328125
1773062942413149952,13.700620889663696,-0.7913818359375,0.09576416015625,-0.0330352783203125
1773062942423186176,13.710657119750977,-0.640472412109375,0.0634307861328125,0.13946533203125
1773062942433222144,13.720693111419678,-0.556243896484375,-0.1266326904296875,0.154815673828125
1773062942443258112,13.730729103088379,-0.5118865966796875,-0.2928314208984375,0.0471954345703125
1773062942453295104,13.740766048431396,-0.5256500244140625,-0.212890625,-0.0573883056640625
1773062942463331072,13.750802040100098,-0.651824951171875,-0.0672454833984375,-0.046539306640625
1773062942473367040,13.760838031768799,-0.83544921875,-0.076873779296875,-0.080535888671875
1773062942483403008,13.7708740234375,-0.8680572509765625,-0.1306304931640625,-0.08489990234375
1773062942493438976,13.780910015106201,-0.7332611083984375,-0.1014251708984375,-0.170501708984375
1773062942503475968,13.790946960449219,-0.5623779296875,-0.0562744140625,-0.2581024169921875
1773062942513511936,13.80098295211792,-0.4499664306640625,-0.0727691650390625,-0.229827880859375
1773062942523547904,13.811018943786621,-0.42401123046875,-0.1401519775390625,0.1180572509765625
1773062942533583872,13.821054935455322,-0.5623626708984375,-0.2022552490234375,0.4425811767578125
1773062942543621120,13.831092119216919,-0.821868896484375,-0.126800537109375,0.37359619140625
1773062942553657088,13.84112811088562,-1.0006256103515625,0.054351806640625,0.220916748046875
1773062942563693056,13.851164102554321,-0.98333740234375,0.2083587646484375,0.0131072998046875
1773062942573729024,13.861200094223022,-0.7769317626953125,0.2516326904296875,-0.1675872802734375
1773062942583766016,13.87123703956604,-0.49798583984375,0.12451171875,-0.160003662109375
1773062942593801984,13.881273031234741,-0.3206939697265625,-0.0590057373046875,0.04510498046875
1773062942603837952,13.891309022903442,-0.4064178466796875,-0.229705810546875,0.0055084228515625
1773062942613873920,13.901345014572144,-0.695831298828125,-0.385650634765625,0.1607513427734375
1773062942623909888,13.911381006240845,-1.0440826416015625,-0.300048828125,0.246002197265625
1773062942633946880,13.921417951583862,-1.2372283935546875,0.154541015625,0.0825958251953125
1773062942643982848,13.931453943252563,-1.0972442626953125,0.4171142578125,0.220489501953125
1773062942654018816,13.941489934921265,-0.807708740234375,0.317352294921875,-0.0431060791015625
1773062942664054784,13.951525926589966,-0.5105133056640625,0.123931884765625,-0.1727447509765625
1773062942674092032,13.961563110351562,-0.427154541015625,-0.22119140625,0.0421905517578125
1773062942684128000,13.971599102020264,-0.69293212890625,-0.34649658203125,-0.0950469970703125
1773062942694163968,13.981635093688965,-0.9763031005859375,-0.1534881591796875,0.03839111328125
1773062942704199936,13.991671085357666,-0.9978790283203125,0.0286865234375,0.4480133056640625
1773062942714235904,14.001707077026367,-0.8603668212890625,0.0838775634765625,0.9161376953125
1773062942724272896,14.011744022369385,-0.9560546875,0.0583953857421875,0.4045867919921875
1773062942734308864,14.021780014038086,-1.162322998046875,0.0082855224609375,-0.3671722412109375
1773062942744344832,14.031816005706787,-1.1034088134765625,0.0651092529296875,-0.483367919921875
1773062942754381056,14.041851997375488,-0.852783203125,0.097442626953125,-0.3010101318359375
1773062942764417024,14.05188798904419,-0.613616943359375,-0.1056671142578125,0.156768798828125
1773062942774455296,14.061926364898682,-0.6074371337890625,-0.3081512451171875,0.3029327392578125
1773062942784491264,14.071962356567383,-0.8559722900390625,-0.4205474853515625,0.3149566650390625
1773062942794527232,14.081998348236084,-1.2163848876953125,-0.2934722900390625,0.3043212890625
1773062942804563200,14.092034339904785,-1.423309326171875,0.1027069091796875,0.1518096923828125
1773062942814600192,14.102071285247803,-1.248321533203125,0.2375030517578125,0.2321319580078125
1773062942824636160,14.112107276916504,-0.9075469970703125,0.039794921875,0.178131103515625
1773062942834672128,14.122143268585205,-0.69268798828125,-0.1187591552734375,0.06365966796875
1773062942844708096,14.132179260253906,-0.733367919921875,-0.282958984375,-0.0713043212890625
1773062942854744320,14.142215251922607,-0.9364776611328125,-0.3253326416015625,-0.183319091796875
1773062942864781312,14.152252435684204,-1.0543975830078125,-0.17950439453125,-0.01123046875
1773062942874817280,14.162288427352905,-1.00604248046875,-0.0977325439453125,0.4391632080078125
1773062942884853248,14.172324419021606,-0.9399871826171875,-0.083892822265625,0.6505889892578125
1773062942894889472,14.182360410690308,-0.9683837890625,0.015655517578125,0.689697265625
1773062942904926208,14.192397356033325,-1.1372833251953125,0.0074310302734375,0.335418701171875
1773062942914962176,14.202433347702026,-1.2717742919921875,-0.1990814208984375,-0.275146484375
1773062942924998400,14.212469339370728,-1.0922088623046875,-0.1896209716796875,-0.4104156494140625
1773062942935034368,14.222505331039429,-0.736663818359375,-0.131744384765625,-0.1350860595703125
1773062942945071104,14.232542276382446,-0.5098419189453125,-0.2275238037109375,0.119537353515625
1773062942955107328,14.242578268051147,-0.53814697265625,-0.260772705078125,0.46014404296875
1773062942965143296,14.252614259719849,-0.8514404296875,-0.2840576171875,0.549957275390625
1773062942975179264,14.26265025138855,-1.215606689453125,-0.2389984130859375,0.31170654296875
1773062942985215232,14.272686243057251,-1.3097381591796875,-0.0689544677734375,-0.017913818359375
1773062942995252480,14.282723426818848,-1.0354461669921875,0.03466796875,0.0130767822265625
1773062943005288448,14.292759418487549,-0.7048492431640625,-0.0811004638671875,-0.0157928466796875
1773062943015324416,14.30279541015625,-0.55810546875,-0.270782470703125,-0.158477783203125
1773062943025360384,14.312831401824951,-0.6385345458984375,-0.3619537353515625,-0.0839691162109375
1773062943035396352,14.322867393493652,-0.847503662109375,-0.35028076171875,0.19476318359375
1773062943045433344,14.33290433883667,-1.04400634765625,-0.2127532958984375,0.4466400146484375
1773062943055469312,14.342940330505371,-1.16949462890625,-0.0377044677734375,0.479400634765625
1773062943065505280,14.352976322174072,-1.13531494140625,-0.0880584716796875,0.3229522705078125
1773062943075541248,14.363012313842773,-0.9741973876953125,-0.236419677734375,0.003662109375
1773062943085578240,14.373049259185791,-0.823150634765625,-0.224578857421875,-0.27496337890625
1773062943095614208,14.383085250854492,-0.75634765625,-0.270172119140625,-0.27880859375
1773062943105650176,14.393121242523193,-0.833526611328125,-0.3275909423828125,-0.1014862060546875
1773062943115686144,14.403157234191895,-0.9630279541015625,-0.2932281494140625,0.1300048828125
1773062943125722112,14.413193225860596,-1.08587646484375,-0.232208251953125,0.2365570068359375
1773062943135759360,14.423230409622192,-1.153411865234375,-0.16339111328125,0.206024169921875
1773062943145795328,14.433266401290894,-1.094879150390625,-0.16766357421875,0.2223358154296875
1773062943155831296,14.443302392959595,-1.0016021728515625,-0.23040771484375,0.081329345703125
1773062943165867264,14.453338384628296,-0.9214324951171875,-0.3423004150390625,-0.1303863525390625
1773062943175904256,14.463375329971313,-0.862548828125,-0.3271484375,-0.046478271484375
1773062943185940224,14.473411321640015,-0.87884521484375,-0.2745208740234375,-0.0650634765625
1773062943195976192,14.483447313308716,-0.9586181640625,-0.2710113525390625,-0.045379638671875
1773062943206012160,14.493483304977417,-1.05377197265625,-0.204315185546875,0.0820770263671875
1773062943216048128,14.503519296646118,-1.1380157470703125,-0.131439208984375,0.0998687744140625
1773062943226085120,14.513556241989136,-1.1552886962890625,-0.158599853515625,0.1072540283203125
1773062943236121088,14.523592233657837,-1.0849609375,-0.2849273681640625,-0.016754150390625
1773062943246157056,14.533628225326538,-0.9622802734375,-0.2743377685546875,-0.0818634033203125
1773062943256193280,14.54366421699524,-0.86376953125,-0.2220001220703125,0.0344085693359375
1773062943266230272,14.553701400756836,-0.881591796875,-0.2389984130859375,0.1151885986328125
1773062943276266240,14.563737392425537,-1.00408935546875,-0.2283782958984375,0.0821380615234375
1773062943286302208,14.573773384094238,-1.1275787353515625,-0.2480621337890625,0.100921630859375
1773062943296338432,14.58380937576294,-1.205657958984375,-0.1997528076171875,-0.04815673828125
1773062943306374400,14.59384536743164,-1.18804931640625,-0.1909942626953125,-0.0570526123046875
1773062943316411136,14.603882312774658,-1.1299591064453125,-0.226654052734375,-0.241912841796875
1773062943326447360,14.61391830444336,-1.040985107421875,-0.2151336669921875,-0.35821533203125
1773062943336483328,14.62395429611206,-0.9819793701171875,-0.181671142578125,-0.251495361328125
1773062943346519296,14.633990287780762,-1.009490966796875,-0.181610107421875,-0.001190185546875
1773062943356556288,14.64402723312378,-1.1164398193359375,-0.11175537109375,0.2389984130859375
1773062943366592256,14.65406322479248,-1.2523040771484375,-0.0600128173828125,0.0612030029296875
1773062943376628480,14.66409945487976,-1.266510009765625,-0.107879638671875,-0.021240234375
1773062943386664448,14.674135446548462,-1.203826904296875,-0.1402435302734375,0.006256103515625
1773062943396700416,14.684171438217163,-1.1526947021484375,-0.2538299560546875,-0.149871826171875
1773062943406737408,14.69420838356018,-1.081817626953125,-0.278717041015625,-0.0740814208984375
1773062943416773376,14.704244375228882,-1.0353851318359375,-0.10028076171875,0.043975830078125
1773062943426809344,14.714280366897583,-1.0717315673828125,-0.035736083984375,-0.158294677734375
1773062943436845312,14.724316358566284,-1.09039306640625,-0.0340576171875,-0.0291595458984375
1773062943446882304,14.734353303909302,-1.12982177734375,0.0924224853515625,0.2409515380859375
1773062943456918272,14.744389295578003,-1.27862548828125,0.08685302734375,0.1956329345703125
1773062943466954240,14.754425287246704,-1.4053192138671875,-0.1465301513671875,0.0084381103515625
1773062943476990208,14.764461278915405,-1.3382568359375,-0.1592559814453125,-0.0213775634765625
1773062943487026176,14.774497270584106,-1.1920013427734375,-0.024871826171875,-0.1723175048828125
1773062943497063424,14.784534454345703,-1.102752685546875,-0.0835418701171875,-0.30596923828125
1773062943507099392,14.794570446014404,-1.062347412109375,-0.0572357177734375,-0.2667236328125
1773062943517135360,14.804606437683105,-1.0542755126953125,0.0553131103515625,-0.112091064453125
1773062943527171328,14.814642429351807,-1.11932373046875,0.01190185546875,0.194793701171875
1773062943537207296,14.824678421020508,-1.29327392578125,-0.15423583984375,0.3349761962890625
1773062943547244288,14.834715366363525,-1.44696044921875,-0.1788330078125,0.166656494140625
1773062943557280256,14.844751358032227,-1.4096527099609375,-0.0409393310546875,0.1263427734375
1773062943567316224,14.854787349700928,-1.2690277099609375,0.0473480224609375,0.16156005859375
1773062943577352192,14.864823341369629,-1.1761932373046875,0.0464019775390625,0.0761566162109375
1773062943587389184,14.874860286712646,-1.1356201171875,0.001708984375,0.029571533203125
1773062943597425152,14.884896278381348,-1.1390533447265625,-0.034912109375,0.13800048828125
1773062943607461120,14.894932270050049,-1.2076416015625,-0.052459716796875,0.1832733154296875
1773062943617497088,14.90496826171875,-1.2957916259765625,-0.1098480224609375,0.20184326171875
1773062943627533312,14.915004253387451,-1.34637451171875,-0.0962982177734375,0.292724609375
1773062943637570304,14.925041437149048,-1.3448638916015625,-0.07159423828125,0.4515380859375
1773062943647606272,14.935077428817749,-1.328338623046875,-0.1122894287109375,0.420135498046875
1773062943657642240,14.94511342048645,-1.3157196044921875,-0.0941314697265625,0.41290283203125
1773062943667678464,14.955149412155151,-1.33880615234375,-0.0308074951171875,0.3040008544921875
1773062943677715200,14.965186357498169,-1.3831634521484375,0.00628662109375,-0.0221099853515625
1773062943687751168,14.97522234916687,-1.3770751953125,0.0079498291015625,-0.158599853515625
1773062943697787392,14.985258340835571,-1.3321380615234375,-0.02996826171875,0.0804290771484375
1773062943707823360,14.995294332504272,-1.3401641845703125,-0.095733642578125,0.25390625
1773062943717859328,15.005330324172974,-1.369171142578125,-0.12567138671875,0.4136199951171875
1773062943727896320,15.015367269515991,-1.3909759521484375,-0.115814208984375,0.5406036376953125
1773062943737932288,15.025403261184692,-1.4136962890625,-0.126708984375,0.411224365234375
1773062943747968256,15.035439252853394,-1.3876800537109375,-0.0443115234375,0.3444366455078125
1773062943758004224,15.045475244522095,-1.365570068359375,0.0672760009765625,0.1371612548828125
1773062943768041472,15.055512428283691,-1.3312225341796875,0.0491180419921875,-0.12945556640625
1773062943778075904,15.065546989440918,-1.223236083984375,-0.0413970947265625,-0.0458526611328125
1773062943788111872,15.07558298110962,-1.1695404052734375,-0.1068572998046875,0.0540313720703125
1773062943798147840,15.08561897277832,-1.216033935546875,-0.1867218017578125,0.115570068359375
1773062943808184064,15.0956552028656,-1.2927703857421875,-0.18060302734375,0.3248291015625
1773062943818221056,15.105692148208618,-1.3358154296875,-0.0301666259765625,0.5133514404296875
1773062943828257024,15.11572813987732,-1.327392578125,0.098663330078125,0.5205078125
1773062943838292992,15.12576413154602,-1.283721923828125,0.06072998046875,0.3300933837890625
1773062943848328960,15.135800123214722,-1.19573974609375,-0.06787109375,0.18365478515625
1773062943858365184,15.145836114883423,-1.1135101318359375,-0.1336212158203125,0.14947509765625
1773062943868401920,15.15587306022644,-1.1101531982421875,-0.1348114013671875,0.0883026123046875
1773062943878437888,15.165909051895142,-1.164276123046875,-0.102508544921875,0.129730224609375
1773062943888474112,15.175945043563843,-1.2591400146484375,-0.0540771484375,-0.0585784912109375
1773062943898510080,15.185981035232544,-1.2550506591796875,0.01666259765625,-0.077423095703125
1773062943908546816,15.196017980575562,-1.1648712158203125,0.0394744873046875,0.2064971923828125
1773062943918583040,15.206053972244263,-1.1432037353515625,-0.06304931640625,0.2355804443359375
1773062943928619264,15.216090202331543,-1.1384429931640625,-0.19732666015625,0.2434844970703125
1773062943938655232,15.226126194000244,-1.1041107177734375,-0.2236328125,0.3445892333984375
1773062943948691200,15.236162185668945,-1.0994110107421875,-0.1414794921875,0.2565765380859375
1773062943958728192,15.246199131011963,-1.128875732421875,-0.0770263671875,0.123046875
1773062943968764160,15.256235122680664,-1.1576690673828125,-0.077056884765625,0.08819580078125
1773062943978800128,15.266271114349365,-1.1795654296875,-0.0857391357421875,-0.05377197265625
1773062943988836096,15.276307106018066,-1.1312713623046875,-0.101593017578125,-0.1095428466796875
1773062943998873088,15.286344051361084,-1.019989013671875,-0.1473541259765625,0.05023193359375
1773062944008909056,15.296380043029785,-1.0229949951171875,-0.18316650390625,-0.1248779296875
1773062944018945024,15.306416034698486,-1.0724334716796875,-0.1798858642578125,-0.1601409912109375
1773062944028980992,15.316452026367188,-1.1038360595703125,-0.1985626220703125,-0.08831787109375
1773062944039016960,15.326488018035889,-1.103271484375,-0.235107421875,-0.0205841064453125
1773062944049054208,15.336525201797485,-1.0625457763671875,-0.244415283203125,0.091522216796875
1773062944059090176,15.346561193466187,-1.0261383056640625,-0.19256591796875,0.1065521240234375
1773062944069126144,15.356597185134888,-0.997650146484375,-0.1407318115234375,0.1415863037109375
1773062944079162112,15.366633176803589,-0.9892578125,-0.13275146484375,0.1073455810546875
1773062944089198080,15.37666916847229,-1.0312042236328125,-0.1796722412109375,-0.14630126953125
1773062944099235072,15.386706113815308,-1.0460052490234375,-0.219085693359375,-0.4140625
1773062944109271040,15.396742105484009,-0.9614715576171875,-0.12701416015625,-0.4397735595703125
1773062944119307008,15.40677809715271,-0.8604583740234375,-0.0132293701171875,-0.332763671875
1773062944129342976,15.416814088821411,-0.8211212158203125,-0.1002960205078125,-0.09796142578125
1773062944139379968,15.426851034164429,-0.868072509765625,-0.259368896484375,0.1444549560546875
1773062944149415936,15.43688702583313,-0.9478759765625,-0.26385498046875,0.2753143310546875
1773062944159451904,15.446923017501831,-1.01910400390625,-0.185638427734375,0.2164764404296875
1773062944169487872,15.456959009170532,-1.0519256591796875,-0.151611328125,-0.034423828125
1773062944179523840,15.466995000839233,-1.002899169921875,-0.112335205078125,-0.2468109130859375
1773062944189561088,15.47703218460083,-0.8897247314453125,-0.0764617919921875,-0.3193359375
1773062944199597056,15.487068176269531,-0.775360107421875,0.0093994140625,-0.128387451171875
1773062944209633024,15.497104167938232,-0.7625274658203125,0.0174560546875,0.049835205078125
1773062944219668992,15.507140159606934,-0.84527587890625,-0.1473846435546875,-0.045166015625
1773062944229705984,15.517177104949951,-0.8923187255859375,-0.2727813720703125,-0.10101318359375
1773062944239741952,15.527213096618652,-0.8999176025390625,-0.2459259033203125,-0.1040191650390625
1773062944249777920,15.537249088287354,-0.9059906005859375,-0.1307525634765625,-0.0103302001953125
1773062944259814144,15.547285079956055,-0.9026947021484375,-0.11419677734375,0.1234588623046875
1773062944269850112,15.557321071624756,-0.9224853515625,-0.1256256103515625,-0.0056610107421875
1773062944279886848,15.567358016967773,-0.9295196533203125,0.0041961669921875,-0.2240142822265625
1773062944289923072,15.577394008636475,-0.880584716796875,0.0129547119140625,-0.263702392578125
1773062944299959040,15.587430000305176,-0.794281005859375,-0.066253662109375,-0.1044769287109375
1773062944309995008,15.597465991973877,-0.7709808349609375,-0.1575775146484375,-0.0858154296875
1773062944320030976,15.607501983642578,-0.7929840087890625,-0.1942596435546875,-0.0048675537109375
1773062944330068224,15.617539167404175,-0.840118408203125,-0.1474151611328125,0.0436248779296875
1773062944340104192,15.627575159072876,-0.9283599853515625,-0.1171875,-0.1187744140625
1773062944350140160,15.637611150741577,-0.9697265625,-0.0657501220703125,-0.1413726806640625
1773062944360176128,15.647647142410278,-0.9207305908203125,-0.03790283203125,-0.0893707275390625
1773062944370213120,15.657684087753296,-0.8507843017578125,0.0286712646484375,-0.0680389404296875
1773062944380249088,15.667720079421997,-0.822662353515625,0.0494384765625,0.0337982177734375
1773062944390285056,15.677756071090698,-0.8845367431640625,-0.0135345458984375,-0.12744140625
1773062944400321024,15.6877920627594,-0.947235107421875,0.0331268310546875,-0.224090576171875
1773062944410356992,15.6978280544281,-0.939666748046875,-0.0153656005859375,0.06634521484375
1773062944420393984,15.707864999771118,-0.982696533203125,-0.115631103515625,0.1564483642578125
1773062944430429952,15.71790099143982,-1.07098388671875,-0.0122528076171875,0.0480499267578125
1773062944440465920,15.72793698310852,-1.0674591064453125,0.1485748291015625,-0.154754638671875
1773062944450501888,15.737972974777222,-0.8950042724609375,0.220184326171875,-0.3036651611328125
1773062944460539136,15.748010158538818,-0.6905975341796875,0.1671600341796875,-0.2678680419921875
1773062944470575104,15.75804615020752,-0.598602294921875,0.1218109130859375,-0.192108154296875
1773062944480611072,15.76808214187622,-0.62664794921875,0.070831298828125,-0.0478668212890625
1773062944490647040,15.778118133544922,-0.743408203125,-0.0317230224609375,-0.0107879638671875
1773062944500683008,15.788154125213623,-0.804901123046875,0.0175628662109375,0.1793060302734375
1773062944510720000,15.79819107055664,-0.8157196044921875,0.1131744384765625,0.264617919921875
1773062944520755968,15.808227062225342,-0.7637481689453125,0.1462249755859375,0.187835693359375
1773062944530791936,15.818263053894043,-0.6539306640625,0.0686492919921875,0.0684967041015625
1773062944540827904,15.828299045562744,-0.536956787109375,-0.0609283447265625,-0.036773681640625
1773062944550863872,15.838335037231445,-0.48968505859375,-0.2047271728515625,-0.075714111328125
1773062944560900864,15.848371982574463,-0.5321197509765625,-0.2965850830078125,-0.142852783203125
1773062944570936832,15.858407974243164,-0.5792236328125,-0.202362060546875,-0.1074066162109375
1773062944580973056,15.868444204330444,-0.6131439208984375,-0.0164794921875,-0.024261474609375
1773062944591009024,15.878480195999146,-0.6473541259765625,0.033172607421875,0.029083251953125
1773062944601045248,15.888516187667847,-0.629364013671875,0.035491943359375,0.1422882080078125
1773062944611081984,15.898553133010864,-0.5706329345703125,0.0245361328125,0.270904541015625
1773062944621117952,15.908589124679565,-0.5474853515625,-0.07989501953125,0.2685089111328125
1773062944631154176,15.918625116348267,-0.5166473388671875,-0.1691741943359375,0.18603515625
1773062944641190144,15.928661108016968,-0.48748779296875,-0.1396942138671875,0.1654205322265625
1773062944651226880,15.938698053359985,-0.5887908935546875,-0.11956787109375,0.097320556640625
1773062944661263104,15.948734045028687,-0.8076324462890625,-0.1175994873046875,-0.1747894287109375
1773062944671299072,15.958770036697388,-0.9070281982421875,0.0097198486328125,-0.30621337890625
1773062944681335040,15.968806028366089,-0.788055419921875,0.1584930419921875,-0.2084503173828125
1773062944691371008,15.97884202003479,-0.56646728515625,0.113067626953125,-0.0645904541015625
1773062944701408256,15.988879203796387,-0.3899993896484375,-0.007110595703125,0.2734375
1773062944711444224,15.998915195465088,-0.4890594482421875,-0.1210479736328125,0.6008453369140625
1773062944721480192,16.00895118713379,-0.9274139404296875,-0.0664825439453125,0.1218719482421875
1773062944731516160,16.01898717880249,-1.156158447265625,0.2328948974609375,-0.0556640625
1773062944741552128,16.02902317047119,-0.9675140380859375,0.3270416259765625,-0.0053863525390625
1773062944751589120,16.03906011581421,-0.5861358642578125,0.1847686767578125,0.0039215087890625
1773062944761625088,16.04909610748291,-0.302947998046875,0.0210113525390625,0.5311126708984375
1773062944771661056,16.05913209915161,-0.4943389892578125,-0.2504119873046875,0.84429931640625
1773062944781697792,16.06916880607605,-1.15142822265625,-0.438018798828125,0.2764892578125
1773062944791734784,16.079205751419067,-1.58477783203125,0.0265655517578125,-0.0439605712890625
1773062944801770752,16.08924174308777,-1.4694671630859375,0.4170379638671875,-0.2310943603515625
1773062944811806720,16.09927773475647,-0.985748291015625,0.2153472900390625,-0.404693603515625
1773062944821842688,16.10931372642517,-0.4423828125,0.07415771484375,-0.1415557861328125
1773062944831878656,16.119349718093872,-0.20062255859375,0.0261993408203125,0.23712158203125
1773062944841915648,16.12938666343689,-0.41351318359375,-0.237030029296875,0.341278076171875
1773062944851951616,16.13942265510559,-1.0010528564453125,-0.38916015625,0.070098876953125
1773062944861987584,16.149458646774292,-1.530670166015625,-0.0928192138671875,0.1815185546875
1773062944872023552,16.159494638442993,-1.615264892578125,0.266265869140625,0.2759857177734375
1773062944882059520,16.169530630111694,-1.2194061279296875,0.1519775390625,0.1584930419921875
1773062944892096768,16.17956781387329,-0.7369384765625,-0.16607666015625,-0.115966796875
1773062944902132736,16.189603805541992,-0.4938507080078125,-0.2492828369140625,-0.04913330078125
1773062944912168704,16.199639797210693,-0.6466217041015625,-0.2670135498046875,0.0339813232421875
1773062944922204672,16.209675788879395,-1.0827178955078125,-0.224761962890625,-0.0479278564453125
1773062944932241664,16.219712734222412,-1.3766632080078125,0.066802978515625,0.1312408447265625
1773062944942277632,16.229748725891113,-1.2703094482421875,0.1734466552734375,0.2215118408203125
1773062944952313600,16.239784717559814,-0.9033050537109375,-0.0898590087890625,0.2055511474609375
1773062944962349568,16.249820709228516,-0.6447296142578125,-0.2089080810546875,0.3866119384765625
1773062944972385536,16.259856700897217,-0.73358154296875,-0.2493743896484375,0.41033935546875
1773062944982422528,16.269893646240234,-1.041107177734375,-0.215240478515625,0.267852783203125
1773062944992458496,16.279929637908936,-1.18585205078125,0.0155487060546875,0.4436798095703125
1773062945002494464,16.289965629577637,-1.0923004150390625,0.076416015625,0.247528076171875
1773062945012530688,16.300001621246338,-0.8240814208984375,-0.134429931640625,0.0094146728515625
1773062945022566656,16.31003761291504,-0.6100006103515625,-0.267547607421875,-0.00860595703125
1773062945032603648,16.320074796676636,-0.6572723388671875,-0.2597808837890625,-0.083770751953125
1773062945042639616,16.330110788345337,-0.9093780517578125,-0.211944580078125,-0.035552978515625
1773062945052675840,16.340146780014038,-1.1463775634765625,-0.243255615234375,0.084381103515625
1773062945062711808,16.35018277168274,-1.1066741943359375,-0.294036865234375,0.3488311767578125
1773062945072748544,16.360219717025757,-0.9124908447265625,-0.1885223388671875,0.531646728515625
1773062945082784768,16.370255708694458,-0.8191680908203125,-0.0304718017578125,0.5917816162109375
1773062945092820736,16.38029170036316,-0.87939453125,-0.0534210205078125,0.4810638427734375
1773062945102856704,16.39032769203186,-1.0410614013671875,-0.2192230224609375,0.0504302978515625
1773062945112892672,16.40036368370056,-1.1005706787109375,-0.40692138671875,-0.1491851806640625
1773062945122929664,16.41040062904358,-0.9798736572265625,-0.487030029296875,0.0269012451171875
1773062945132965632,16.42043662071228,-0.8710784912109375,-0.3898773193359375,0.055023193359375
1773062945143001600,16.43047261238098,-0.83306884765625,-0.2849884033203125,0.148956298828125
1773062945153037568,16.440508604049683,-0.8861541748046875,-0.1624298095703125,0.3683319091796875
1773062945163073536,16.450544595718384,-0.9970703125,-0.1241302490234375,0.4914398193359375
1773062945173110784,16.46058177947998,-1.062652587890625,-0.190460205078125,0.4864501953125
1773062945183146752,16.47061777114868,-1.0479888916015625,-0.2306365966796875,0.273895263671875
1773062945193182720,16.480653762817383,-0.9621429443359375,-0.370086669921875,0.0415802001953125
1773062945203218688,16.490689754486084,-0.869415283203125,-0.434051513671875,-0.115234375
1773062945213254656,16.500725746154785,-0.80108642578125,-0.2797698974609375,-0.032073974609375
1773062945223291648,16.510762691497803,-0.806854248046875,-0.1494140625,0.173095703125
1773062945233327616,16.520798683166504,-0.899444580078125,-0.2332763671875,0.3014984130859375
1773062945243363584,16.530834674835205,-0.9816741943359375,-0.3490447998046875,0.3802337646484375
1773062945253399552,16.540870666503906,-1.02447509765625,-0.3452911376953125,0.4316558837890625
1773062945263436544,16.550907611846924,-1.0433502197265625,-0.367034912109375,0.279571533203125
1773062945273472512,16.560943603515625,-0.9943695068359375,-0.351348876953125,0.1557769775390625
1773062945283508480,16.570979595184326,-0.9495849609375,-0.256866455078125,0.08660888671875
1773062945293544704,16.581015825271606,-0.9514923095703125,-0.2063446044921875,-0.04266357421875
1773062945303580672,16.591051816940308,-0.9480133056640625,-0.2337646484375,-0.0119781494140625
1773062945313617664,16.601088762283325,-0.9404144287109375,-0.3294830322265625,0.121826171875
1773062945323653632,16.611124753952026,-0.9286956787109375,-0.4080657958984375,0.491851806640625
1773062945333689600,16.621160745620728,-0.969696044921875,-0.4137420654296875,0.709075927734375
1773062945343725568,16.63119673728943,-1.0917510986328125,-0.3947601318359375,0.357421875
1773062945353761792,16.64123272895813,-1.145721435546875,-0.31500244140625,0.176849365234375
1773062945363798528,16.651269674301147,-1.108612060546875,-0.145965576171875,0.04205322265625
1773062945373834496,16.66130566596985,-1.05181884765625,-0.0202789306640625,-0.1390533447265625
1773062945383870720,16.67134165763855,-0.9880218505859375,-0.147216796875,-0.0814971923828125
1773062945393906688,16.68137764930725,-0.950836181640625,-0.319671630859375,0.2025604248046875
1773062945403943424,16.69141459465027,-1.0094451904296875,-0.3014373779296875,0.5332794189453125
1773062945413979648,16.70145082473755,-1.1864471435546875,-0.285858154296875,0.447601318359375
1773062945424015872,16.71148681640625,-1.2944488525390625,-0.328826904296875,0.2366180419921875
1773062945434051840,16.72152280807495,-1.191864013671875,-0.2083892822265625,0.2702484130859375
1773062945444087808,16.731558799743652,-1.063507080078125,-0.073516845703125,0.1922454833984375
1773062945454124800,16.74159574508667,-1.0232391357421875,-0.061279296875,0.05462646484375
1773062945464160768,16.75163173675537,-1.0414886474609375,-0.0520782470703125,-0.013580322265625
1773062945474196736,16.761667728424072,-1.0512847900390625,-0.1893310546875,0.187896728515625
1773062945484232704,16.771703720092773,-1.0994415283203125,-0.314849853515625,0.21417236328125
1773062945494268672,16.781739711761475,-1.1464385986328125,-0.2793426513671875,0.2425689697265625
1773062945504305664,16.791776657104492,-1.150238037109375,-0.174835205078125,0.36224365234375
1773062945514341632,16.801812648773193,-1.157867431640625,-0.13385009765625,0.2698822021484375
1773062945524377600,16.811848640441895,-1.1290435791015625,-0.1327362060546875,0.1246337890625
1773062945534413568,16.821884632110596,-1.057464599609375,-0.0015106201171875,0.094390869140625
1773062945544450816,16.831921815872192,-1.016021728515625,0.0429534912109375,0.0863494873046875
1773062945554486784,16.841957807540894,-1.0165252685546875,-0.095001220703125,0.06341552734375
1773062945564522752,16.851993799209595,-1.020263671875,-0.1292877197265625,0.113494873046875
1773062945574558720,16.862029790878296,-1.017913818359375,-0.066192626953125,0.1636810302734375
1773062945584594688,16.872065782546997,-1.03033447265625,0.0014190673828125,0.179412841796875
1773062945594631680,16.882102727890015,-1.0455474853515625,0.02056884765625,0.1916656494140625
1773062945604667648,16.892138719558716,-1.0524139404296875,-0.0453338623046875,0.1071624755859375
1773062945614703616,16.902174711227417,-1.0452423095703125,-0.132354736328125,0.0576171875
1773062945624739584,16.912210702896118,-1.051971435546875,-0.17864990234375,0.020294189453125
1773062945634775552,16.92224669456482,-1.0590057373046875,-0.162445068359375,0.155364990234375
1773062945644812544,16.932283639907837,-1.0871734619140625,-0.09814453125,0.1877593994140625
1773062945654848512,16.942319631576538,-1.106597900390625,-0.0500030517578125,0.23046875
1773062945664884480,16.95235562324524,-1.1349334716796875,-0.029296875,0.188934326171875
1773062945674920448,16.96239161491394,-1.1610565185546875,-0.044219970703125,0.125274658203125
1773062945684956672,16.97242760658264,-1.1841278076171875,-0.0671539306640625,0.11114501953125
1773062945694993664,16.98246479034424,-1.204986572265625,-0.1071624755859375,0.03729248046875
1773062945705029632,16.99250078201294,-1.1747894287109375,-0.1036834716796875,0.0909576416015625
1773062945715065600,17.00253677368164,-1.1480865478515625,-0.07244873046875,0.1987457275390625
1773062945725101824,17.012572765350342,-1.1869049072265625,-0.149139404296875,0.2557220458984375
1773062945735138560,17.02260971069336,-1.2692718505859375,-0.2460784912109375,0.2050018310546875
1773062945745174528,17.03264570236206,-1.3143463134765625,-0.2255859375,0.33538818359375
1773062945755210752,17.04268169403076,-1.3424224853515625,-0.14501953125,0.472442626953125
1773062945765246720,17.052717685699463,-1.42584228515625,-0.143157958984375,0.2177734375
1773062945775281920,17.062752962112427,-1.4661407470703125,-0.1152496337890625,-0.0139923095703125
1773062945785318912,17.072789907455444,-1.394683837890625,-0.1056060791015625,-0.023101806640625
1773062945795354880,17.082825899124146,-1.31396484375,-0.1754150390625,0.0416259765625
1773062945805390848,17.092861890792847,-1.3013458251953125,-0.1907958984375,0.30462646484375
1773062945815426816,17.102897882461548,-1.3592681884765625,-0.21539306640625,0.60699462890625
1773062945825462784,17.11293387413025,-1.46502685546875,-0.270355224609375,0.555816650390625
1773062945835500032,17.122971057891846,-1.5000152587890625,-0.2158355712890625,0.480865478515625
1773062945845536000,17.133007049560547,-1.4663543701171875,-0.14422607421875,0.3701629638671875
1773062945855571968,17.143043041229248,-1.4220123291015625,-0.1323699951171875,0.0897674560546875
1773062945865607936,17.15307903289795,-1.342071533203125,-0.0912933349609375,-0.1158447265625
1773062945875643904,17.16311502456665,-1.2103424072265625,-0.1020965576171875,0.098358154296875
1773062945885680896,17.173151969909668,-1.18377685546875,-0.172821044921875,0.2201385498046875
1773062945895716864,17.18318796157837,-1.247314453125,-0.25543212890625,0.2423095703125
1773062945905752832,17.19322395324707,-1.2976226806640625,-0.2654571533203125,0.3353118896484375
1773062945915788800,17.20325994491577,-1.3361053466796875,-0.1330108642578125,0.4038543701171875
1773062945925825792,17.21329689025879,-1.365325927734375,-0.1372528076171875,0.325897216796875
1773062945935861760,17.22333288192749,-1.351776123046875,-0.2230682373046875,0.12823486328125
1773062945945897728,17.23336887359619,-1.283538818359375,-0.2177886962890625,0.0174102783203125
1773062945955933696,17.243404865264893,-1.1932373046875,-0.271240234375,0.002716064453125
1773062945965969920,17.253440856933594,-1.1290740966796875,-0.268157958984375,0.0789031982421875
1773062945976006912,17.26347804069519,-1.135345458984375,-0.1956329345703125,0.1519012451171875
1773062945986042880,17.27351403236389,-1.1855316162109375,-0.1593170166015625,0.282501220703125
1773062945996078848,17.283550024032593,-1.23974609375,-0.1347198486328125,0.3317718505859375
1773062946006115072,17.293586015701294,-1.256561279296875,-0.1417694091796875,0.3198699951171875
1773062946016151040,17.303622007369995,-1.21026611328125,-0.180145263671875,0.3804473876953125
1773062946026187776,17.313658952713013,-1.17498779296875,-0.240203857421875,0.3213043212890625
1773062946036224000,17.323694944381714,-1.1539306640625,-0.2638702392578125,0.22479248046875
1773062946046259968,17.333730936050415,-1.123321533203125,-0.1824188232421875,0.1364898681640625
1773062946056295936,17.343766927719116,-1.102447509765625,-0.054656982421875,0.0803680419921875
1773062946066331904,17.353802919387817,-1.12652587890625,-0.0703887939453125,-0.0341033935546875
1773062946076368896,17.363839864730835,-1.14886474609375,-0.229644775390625,-0.087799072265625
1773062946086404864,17.373875856399536,-1.12091064453125,-0.330413818359375,-0.0322113037109375
1773062946096440832,17.383911848068237,-1.0540313720703125,-0.331268310546875,0.1798858642578125
1773062946106477056,17.393948078155518,-1.031890869140625,-0.324127197265625,0.303070068359375
1773062946116514048,17.403985023498535,-1.053680419921875,-0.2171783447265625,0.4197235107421875
1773062946126550016,17.414021015167236,-1.1037750244140625,-0.06512451171875,0.40142822265625
1773062946136585984,17.424057006835938,-1.152099609375,-0.016693115234375,0.23333740234375
1773062946146621952,17.43409299850464,-1.18023681640625,-0.08258056640625,-0.058990478515625
1773062946156657920,17.44412899017334,-1.1285247802734375,-0.1739959716796875,-0.26300048828125
1773062946166694912,17.454165935516357,-0.974578857421875,-0.2870025634765625,-0.14923095703125
1773062946176730880,17.46420192718506,-0.853759765625,-0.3399658203125,-0.0204010009765625
1773062946186766848,17.47423791885376,-0.825286865234375,-0.2606048583984375,0.15179443359375
1773062946196802816,17.48427391052246,-0.9297943115234375,-0.2134246826171875,0.26055908203125
1773062946206838784,17.494309902191162,-1.1115570068359375,-0.19305419921875,0.183837890625
1773062946216875776,17.50434684753418,-1.1651611328125,-0.0682220458984375,0.1829071044921875
1773062946226912000,17.51438307762146,-1.038177490234375,-0.0002899169921875,0.1807708740234375
1773062946236947968,17.52441906929016,-0.8695526123046875,-0.0758209228515625,0.08111572265625
1773062946246983936,17.534455060958862,-0.7935333251953125,-0.23834228515625,-0.063079833984375
1773062946257019904,17.544491052627563,-0.8403778076171875,-0.3343048095703125,-0.1986083984375
1773062946267056896,17.55452799797058,-0.8797149658203125,-0.1856689453125,-0.0781402587890625
1773062946277092864,17.564563989639282,-0.863372802734375,0.03045654296875,0.0959625244140625
1773062946287128832,17.574599981307983,-0.8531341552734375,0.0427093505859375,0.0594024658203125
1773062946297164800,17.584635972976685,-0.8383331298828125,-0.108184814453125,0.1057891845703125
1773062946307201024,17.594671964645386,-0.8519287109375,-0.2363128662109375,0.1385040283203125
1773062946317237760,17.604708909988403,-0.91131591796875,-0.2000732421875,0.06951904296875
1773062946327273728,17.614744901657104,-0.947967529296875,-0.0355987548828125,0.1966552734375
1773062946337309952,17.624780893325806,-0.94781494140625,-0.0277252197265625,0.176422119140625
1773062946347345920,17.634816884994507,-0.90374755859375,-0.0922393798828125,-0.0069580078125
1773062946357381888,17.644852876663208,-0.811279296875,-0.056671142578125,-0.0454559326171875
1773062946367418880,17.654890060424805,-0.7569580078125,-0.02239990234375,-0.1240386962890625
1773062946377455104,17.664926052093506,-0.752716064453125,-0.0179443359375,-0.0737152099609375
1773062946387491072,17.674962043762207,-0.806121826171875,-0.081024169921875,0.125
1773062946397527040,17.684998035430908,-0.9433441162109375,-0.1614532470703125,0.139495849609375
1773062946407564032,17.695034980773926,-1.045318603515625,-0.16571044921875,0.121826171875
1773062946417600000,17.705070972442627,-1.0222320556640625,-0.0849151611328125,0.114593505859375
1773062946427635968,17.715106964111328,-0.94622802734375,0.028533935546875,0.0242767333984375
1773062946437671936,17.72514295578003,-0.900482177734375,0.0741729736328125,-0.11907958984375
1773062946447707904,17.73517894744873,-0.8800506591796875,0.033782958984375,-0.28033447265625
1773062946457744896,17.745215892791748,-0.8217315673828125,-0.1068572998046875,-0.1735382080078125
1773062946467780864,17.75525188446045,-0.759368896484375,-0.2416839599609375,0.1913604736328125
1773062946477816832,17.76528787612915,-0.830780029296875,-0.165283203125,0.108856201171875
1773062946487852800,17.77532386779785,-0.9377899169921875,0.0690155029296875,0.10626220703125
1773062946497888768,17.785359859466553,-0.9987640380859375,0.1146697998046875,0.0203857421875
1773062946507926016,17.79539704322815,-0.937347412109375,0.1049346923828125,-0.157257080078125
1773062946517961984,17.80543303489685,-0.7611541748046875,0.0442657470703125,0.00054931640625
1773062946527997952,17.81546902656555,-0.6556396484375,-0.0837860107421875,0.1025848388671875
1773062946538033920,17.825505018234253,-0.639129638671875,-0.108062744140625,0.170867919921875
1773062946548069888,17.835541009902954,-0.6836700439453125,-0.1058197021484375,0.159393310546875
1773062946558106880,17.84557795524597,-0.748077392578125,-0.02178955078125,0.0243072509765625
1773062946568142848,17.855613946914673,-0.7761077880859375,0.083984375,0.089599609375
1773062946578178816,17.865649938583374,-0.792388916015625,0.0959930419921875,0.005523681640625
1773062946588214784,17.875685930252075,-0.7454071044921875,0.0044708251953125,-0.0901947021484375
1773062946598250752,17.885721921920776,-0.6203155517578125,-0.0536651611328125,-0.0845947265625
1773062946608287744,17.895758867263794,-0.5368499755859375,-0.0843658447265625,0.001434326171875
1773062946618323712,17.905794858932495,-0.6106109619140625,-0.1226959228515625,-0.0144195556640625
1773062946628359680,17.915830850601196,-0.7693023681640625,-0.008758544921875,-0.0666351318359375
1773062946638395904,17.925866842269897,-0.86114501953125,0.125274658203125,-0.042205810546875
1773062946648432896,17.935904026031494,-0.8154144287109375,0.0703887939453125,0.044830322265625
1773062946658468864,17.945940017700195,-0.6730804443359375,-0.0283050537109375,0.06695556640625
1773062946668504832,17.955976009368896,-0.5810699462890625,-0.1188507080078125,-0.021942138671875
1773062946678541056,17.966012001037598,-0.5505218505859375,-0.1726837158203125,-0.01287841796875
1773062946688577024,17.9760479927063,-0.587615966796875,-0.1776275634765625,0.1083526611328125
1773062946698613760,17.986084938049316,-0.6923828125,-0.172149658203125,0.0866546630859375
1773062946708649984,17.996120929718018,-0.7320098876953125,-0.120758056640625,0.0772552490234375
1773062946718685952,18.00615692138672,-0.6623687744140625,-0.1071319580078125,0.195648193359375
1773062946728721920,18.01619291305542,-0.5787811279296875,-0.1576995849609375,0.222412109375
1773062946738757888,18.02622890472412,-0.538818359375,-0.1483612060546875,0.194305419921875
1773062946748794880,18.03626585006714,-0.5643768310546875,-0.04449462890625,0.08782958984375
1773062946758830848,18.04630184173584,-0.609527587890625,0.036956787109375,0.037811279296875
1773062946768867072,18.05633807182312,-0.6426544189453125,-0.0737152099609375,0.218719482421875
1773062946778903296,18.0663743019104,-0.7408447265625,-0.245391845703125,0.105865478515625
1773062946788939264,18.0764102935791,-0.80499267578125,-0.0871429443359375,-0.178802490234375
1773062946798976256,18.08644723892212,-0.7503204345703125,0.1404266357421875,-0.2209014892578125
1773062946809012224,18.09648323059082,-0.6732330322265625,0.10394287109375,-0.19744873046875
1773062946819048192,18.10651922225952,-0.56195068359375,-0.097930908203125,0.106201171875
1773062946829084416,18.1165554523468,-0.516632080078125,-0.4450836181640625,0.7997283935546875
1773062946839120384,18.126591444015503,-0.8209686279296875,-0.6006927490234375,0.3472747802734375
1773062946849157376,18.13662838935852,-1.108673095703125,-0.07928466796875,-0.260223388671875
1773062946859193344,18.14666438102722,-1.0665283203125,0.279205322265625,-0.190948486328125
1773062946869229312,18.156700372695923,-0.829681396484375,0.2167816162109375,-0.2166900634765625
1773062946879265280,18.166736364364624,-0.48406982421875,0.0551910400390625,0.373931884765625
1773062946889302272,18.17677330970764,-0.4182281494140625,-0.343353271484375,1.02276611328125
1773062946899338240,18.186809301376343,-0.83538818359375,-0.549957275390625,0.569671630859375
1773062946909374208,18.196845293045044,-1.306976318359375,-0.0927276611328125,-0.0206298828125
1773062946919410176,18.206881284713745,-1.4391021728515625,0.331817626953125,-0.280914306640625
1773062946929446144,18.216917276382446,-1.2067108154296875,0.3503570556640625,-0.488616943359375
1773062946939483136,18.226954221725464,-0.74444580078125,0.162994384765625,-0.109130859375
1773062946949519360,18.236990451812744,-0.4829864501953125,-0.2167205810546875,0.320465087890625
1773062946959555328,18.247026443481445,-0.68359375,-0.5205230712890625,0.149658203125
1773062946969591296,18.257062435150146,-1.109893798828125,-0.451202392578125,-0.073455810546875
1773062946979627264,18.267098426818848,-1.3168182373046875,-0.1954345703125,-0.083648681640625
1773062946989664256,18.277135372161865,-1.1683197021484375,0.0593719482421875,0.2353057861328125
1773062946999700224,18.287171363830566,-0.966522216796875,0.069061279296875,0.4585418701171875
1773062947009736192,18.297207355499268,-0.9211883544921875,-0.0970458984375,0.4205474853515625
1773062947019772416,18.30724334716797,-1.062103271484375,-0.24609375,0.27642822265625
1773062947029808384,18.31727933883667,-1.2067108154296875,-0.2764434814453125,0.01751708984375
1773062947039845120,18.327316284179688,-1.0216064453125,-0.188873291015625,0.126983642578125
1773062947049881344,18.33735227584839,-0.70965576171875,-0.0587158203125,0.4395751953125
1773062947059917312,18.34738826751709,-0.620574951171875,0.022308349609375,0.61065673828125
1773062947069953280,18.35742425918579,-0.8184051513671875,-0.0330657958984375,0.5450592041015625
1773062947079989248,18.367460250854492,-1.1397857666015625,-0.217926025390625,0.2160491943359375
1773062947090026496,18.37749743461609,-1.2490997314453125,-0.2469635009765625,-0.040130615234375
1773062947100062464,18.38753342628479,-0.9848480224609375,-0.1019744873046875,0.2144012451171875
1773062947110098432,18.39756941795349,-0.6851959228515625,-0.1043548583984375,0.3483428955078125
1773062947120134400,18.407605409622192,-0.600738525390625,-0.234954833984375,0.2850189208984375
1773062947130171392,18.41764235496521,-0.7559051513671875,-0.2365570068359375,0.1265411376953125
1773062947140207360,18.42767834663391,-1.005126953125,-0.1019134521484375,0.062255859375
1773062947150243328,18.437714338302612,-1.1474151611328125,-0.0521392822265625,0.0296478271484375
1773062947160279296,18.447750329971313,-1.0081787109375,-0.109375,0.2362213134765625
1773062947170315264,18.457786321640015,-0.7478790283203125,-0.2584075927734375,0.4738006591796875
1773062947180352256,18.467823266983032,-0.652252197265625,-0.3650665283203125,0.432830810546875
1773062947190388224,18.477859258651733,-0.7870635986328125,-0.263031005859375,0.228179931640625
1773062947200424192,18.487895250320435,-1.0275421142578125,-0.087310791015625,0.022491455078125
1773062947210460160,18.497931241989136,-1.12200927734375,0.0127410888671875,-0.052276611328125
1773062947220496128,18.507967233657837,-0.988067626953125,-0.061431884765625,0.0973968505859375
1773062947230533376,18.518004417419434,-0.8157806396484375,-0.3257904052734375,0.1073455810546875
1773062947240569344,18.528040409088135,-0.7468109130859375,-0.4414520263671875,0.215606689453125
1773062947250605312,18.538076400756836,-0.821533203125,-0.3411865234375,0.50146484375
1773062947260641280,18.548112392425537,-0.9919281005859375,-0.1838531494140625,0.5017242431640625
1773062947270677248,18.55814838409424,-1.1009063720703125,-0.014404296875,0.3718719482421875
1773062947280714240,18.568185329437256,-1.1059112548828125,-0.0103302001953125,0.1241455078125
1773062947290750208,18.578221321105957,-0.9926300048828125,-0.243499755859375,-0.104705810546875
1773062947300786176,18.588257312774658,-0.8620452880859375,-0.378326416015625,-0.0396728515625
1773062947310822144,18.59829330444336,-0.8467559814453125,-0.3502349853515625,0.1819305419921875
1773062947320858368,18.60832929611206,-0.9321136474609375,-0.3339385986328125,0.3342437744140625
1773062947330895104,18.618366241455078,-0.9870147705078125,-0.21868896484375,0.495330810546875
1773062947340931072,18.62840223312378,-1.023284912109375,-0.1038818359375,0.4788360595703125
1773062947350967296,18.63843822479248,-1.0702056884765625,-0.1486968994140625,0.2922821044921875
1773062947361003520,18.64847445487976,-1.0666351318359375,-0.18310546875,0.2617950439453125
1773062947371039488,18.658510446548462,-1.028350830078125,-0.197113037109375,0.2028350830078125
1773062947381076224,18.66854739189148,-0.939544677734375,-0.258056640625,0.2568359375
1773062947391112448,18.67858338356018,-0.8515777587890625,-0.255126953125,0.387237548828125
1773062947401148416,18.688619375228882,-0.835784912109375,-0.2234954833984375,0.3749847412109375
1773062947411184384,18.698655366897583,-0.8981475830078125,-0.230743408203125,0.3180999755859375
1773062947421220352,18.708691358566284,-0.9998321533203125,-0.212646484375,0.3996429443359375
1773062947431257344,18.7187283039093,-1.1069183349609375,-0.1768951416015625,0.39306640625
1773062947441293312,18.728764295578003,-1.1668853759765625,-0.121368408203125,0.195953369140625
1773062947451329280,18.738800287246704,-1.068267822265625,-0.1650543212890625,0.0964202880859375
1773062947461365248,18.748836278915405,-0.906219482421875,-0.2213287353515625,0.0989532470703125
1773062947471402240,18.758873224258423,-0.84259033203125,-0.2337493896484375,0.2490997314453125
1773062947481438464,18.768909454345703,-0.958831787109375,-0.30694580078125,0.26019287109375
1773062947491474432,18.778945446014404,-1.104949951171875,-0.380828857421875,0.1330413818359375
1773062947501510400,18.788981437683105,-1.1282958984375,-0.2671356201171875,0.1395721435546875
1773062947511546368,18.799017429351807,-1.0544891357421875,-0.0673675537109375,0.2731781005859375
1773062947521583360,18.809054374694824,-0.999481201171875,-0.08233642578125,0.3360443115234375
1773062947531619328,18.819090366363525,-0.9981689453125,-0.184783935546875,0.318817138671875
1773062947541655296,18.829126358032227,-1.0126800537109375,-0.2225494384765625,0.2224273681640625
1773062947551691264,18.839162349700928,-1.02545166015625,-0.2275543212890625,0.1133880615234375
1773062947561727232,18.84919834136963,-1.0498046875,-0.15594482421875,-0.0728607177734375
1773062947571764224,18.859235286712646,-1.0107421875,-0.1270751953125,-0.0884246826171875
1773062947581800192,18.869271278381348,-0.965545654296875,-0.1359710693359375,0.05535888671875
1773062947591836160,18.87930727005005,-0.982391357421875,-0.21844482421875,0.182464599609375
1773062947601872128,18.88934326171875,-1.04034423828125,-0.2822418212890625,0.4385986328125
1773062947611908096,18.89937925338745,-1.130035400390625,-0.1912994384765625,0.4635772705078125
1773062947621945344,18.909416437149048,-1.163116455078125,-0.1451263427734375,0.3388214111328125
1773062947631981312,18.91945242881775,-1.1120758056640625,-0.1297607421875,0.2893829345703125
1773062947642017280,18.92948842048645,-1.0858917236328125,-0.104339599609375,-0.0428619384765625
1773062947652053248,18.93952441215515,-1.0733489990234375,-0.1586761474609375,-0.2506256103515625
1773062947662089472,18.949560403823853,-1.0834503173828125,-0.2157745361328125,-0.222625732421875
1773062947672126208,18.95959734916687,-1.112091064453125,-0.2672576904296875,-0.0645294189453125
1773062947682162176,18.96963334083557,-1.1560821533203125,-0.2535400390625,0.202056884765625
1773062947692198400,18.979669332504272,-1.2051849365234375,-0.2068328857421875,0.389404296875
1773062947702234368,18.989705324172974,-1.2228851318359375,-0.1784820556640625,0.4301605224609375
1773062947712270336,18.999741315841675,-1.209503173828125,-0.223785400390625,0.36602783203125
1773062947722307328,19.009778261184692,-1.2111053466796875,-0.34149169921875,0.2564849853515625
1773062947732343296,19.019814252853394,-1.2688140869140625,-0.39263916015625,0.019287109375
1773062947742379264,19.029850244522095,-1.3138427734375,-0.3115081787109375,-0.109039306640625
1773062947752415232,19.039886236190796,-1.305389404296875,-0.1602020263671875,-0.028717041015625
1773062947762451200,19.049922227859497,-1.3096160888671875,-0.150726318359375,0.077911376953125
1773062947772488448,19.059959411621094,-1.3658599853515625,-0.271392822265625,0.2349700927734375
1773062947782524416,19.069995403289795,-1.44732666015625,-0.336273193359375,0.404754638671875
1773062947792560384,19.080031394958496,-1.514556884765625,-0.36370849609375,0.4474945068359375
1773062947802596352,19.090067386627197,-1.5422821044921875,-0.3275299072265625,0.4306793212890625
1773062947812632320,19.1001033782959,-1.5360565185546875,-0.2144927978515625,0.2704620361328125
1773062947822669312,19.110140323638916,-1.47247314453125,-0.1201934814453125,0.06146240234375
1773062947832705280,19.120176315307617,-1.3692626953125,-0.1161346435546875,0.0159454345703125
1773062947842741248,19.13021230697632,-1.310455322265625,-0.2276763916015625,0.1142578125
1773062947852777216,19.14024829864502,-1.344482421875,-0.38702392578125,0.2327880859375
1773062947862813184,19.15028429031372,-1.4089508056640625,-0.487274169921875,0.3177032470703125
1773062947872850432,19.160321474075317,-1.4232330322265625,-0.44708251953125,0.333343505859375
1773062947882886400,19.17035746574402,-1.3902130126953125,-0.2509307861328125,0.2519073486328125
1773062947892922368,19.18039345741272,-1.3554840087890625,-0.0809173583984375,0.11212158203125
1773062947902958336,19.19042944908142,-1.3199310302734375,-0.066864013671875,0.039642333984375
1773062947912995328,19.20046639442444,-1.263580322265625,-0.09521484375,0.106781005859375
1773062947923031296,19.21050238609314,-1.198577880859375,-0.1837615966796875,0.1737060546875
1773062947933067264,19.22053837776184,-1.1701202392578125,-0.38037109375,0.1399993896484375
1773062947943103232,19.230574369430542,-1.1740875244140625,-0.4514312744140625,0.14947509765625
1773062947953139200,19.240610361099243,-1.185821533203125,-0.2935638427734375,0.225616455078125
1773062947963176192,19.25064730644226,-1.1923065185546875,-0.09332275390625,0.2809906005859375
1773062947973212160,19.260683298110962,-1.171417236328125,-0.0374603271484375,0.273101806640625
1773062947983248128,19.270719289779663,-1.1267547607421875,-0.16571044921875,0.1847076416015625
1773062947993284352,19.280755281448364,-1.092254638671875,-0.2843170166015625,0.0277557373046875
1773062948003320320,19.290791273117065,-1.050079345703125,-0.24285888671875,0.098358154296875
1773062948013357312,19.300828456878662,-1.0477447509765625,-0.184539794921875,0.1527557373046875
1773062948023393280,19.310864448547363,-1.0865325927734375,-0.19085693359375,0.125091552734375
1773062948033429504,19.320900440216064,-1.085052490234375,-0.22119140625,0.2850494384765625
1773062948043465472,19.330936431884766,-1.0886688232421875,-0.2558135986328125,0.2281951904296875
1773062948053501440,19.340972423553467,-1.0669403076171875,-0.2535552978515625,0.2586212158203125
1773062948063538432,19.351009368896484,-1.05755615234375,-0.2048492431640625,0.2677764892578125
1773062948073574400,19.361045360565186,-1.081573486328125,-0.15557861328125,0.1678619384765625
1773062948083610368,19.371081352233887,-1.081817626953125,-0.1240692138671875,0.1736907958984375
1773062948093646336,19.381117343902588,-1.069793701171875,-0.1634063720703125,0.0819549560546875
1773062948103682304,19.39115333557129,-1.039886474609375,-0.2097015380859375,0.1168212890625
1773062948113719296,19.401190280914307,-1.0197296142578125,-0.2645721435546875,0.2500152587890625
1773062948123755264,19.411226272583008,-1.0288848876953125,-0.3123779296875,0.3238525390625
1773062948133791232,19.42126226425171,-1.05303955078125,-0.249603271484375,0.28936767578125
1773062948143827456,19.43129849433899,-1.0731048583984375,-0.1526641845703125,0.280517578125
1773062948153863424,19.44133448600769,-1.1072845458984375,-0.1676788330078125,0.194427490234375
1773062948163900416,19.451371431350708,-1.1142120361328125,-0.1806488037109375,0.143157958984375
1773062948173936384,19.46140742301941,-1.079833984375,-0.0972137451171875,0.184112548828125
1773062948183972352,19.47144341468811,-1.0545654296875,-0.111602783203125,0.160064697265625
1773062948194008320,19.48147940635681,-1.0369415283203125,-0.239166259765625,0.19287109375
1773062948204044288,19.491515398025513,-1.029510498046875,-0.28802490234375,0.257354736328125
1773062948214081280,19.50155234336853,-1.064178466796875,-0.3299560546875,0.2313690185546875
1773062948224117248,19.51158833503723,-1.0972137451171875,-0.34271240234375,0.1715087890625
1773062948234153216,19.521624326705933,-1.07684326171875,-0.204193115234375,0.246826171875
1773062948244189184,19.531660318374634,-1.0575103759765625,-0.0185394287109375,0.173309326171875
1773062948254225152,19.541696310043335,-1.0526123046875,0.00018310546875,-0.0173187255859375
1773062948264262400,19.55173349380493,-1.003997802734375,-0.1475677490234375,0.0278167724609375
1773062948274298368,19.561769485473633,-0.9501495361328125,-0.1768341064453125,0.2043304443359375
1773062948284334336,19.571805477142334,-0.9576263427734375,-0.1973114013671875,0.4019927978515625
1773062948294370304,19.581841468811035,-1.0255889892578125,-0.270751953125,0.420440673828125
1773062948304407296,19.591878414154053,-1.0413055419921875,-0.184295654296875,0.4005584716796875
1773062948314443264,19.601914405822754,-1.006622314453125,-0.084381103515625,0.4033355712890625
1773062948324479232,19.611950397491455,-1.0083160400390625,-0.0265655517578125,0.1905059814453125
1773062948334515456,19.621986389160156,-1.04595947265625,-0.0236968994140625,-0.1038970947265625
1773062948344551424,19.632022380828857,-0.9986724853515625,-0.09002685546875,-0.1624298095703125
1773062948354588160,19.642059326171875,-0.8768463134765625,-0.0953521728515625,0.03277587890625
1773062948364624384,19.652095317840576,-0.8465576171875,-0.142852783203125,0.16387939453125
1773062948374660352,19.662131309509277,-0.8905792236328125,-0.176849365234375,0.32489013671875
1773062948384696320,19.67216730117798,-0.9481353759765625,-0.1355438232421875,0.38873291015625
1773062948394732288,19.68220329284668,-1.0019073486328125,-0.038604736328125,0.2722930908203125
1773062948404769536,19.692240476608276,-1.00048828125,0.0093841552734375,0.184814453125
1773062948414805504,19.702276468276978,-0.9608001708984375,-0.09442138671875,0.04541015625
1773062948424841472,19.71231245994568,-0.8774261474609375,-0.112762451171875,0.0072784423828125
1773062948434877440,19.72234845161438,-0.7832794189453125,-0.0194244384765625,0.0018768310546875
1773062948444913408,19.73238444328308,-0.748992919921875,-0.0140228271484375,-0.0947113037109375
1773062948454950400,19.7424213886261,-0.7473297119140625,-0.1340789794921875,-0.0994873046875
1773062948464986368,19.7524573802948,-0.7835235595703125,-0.180694580078125,-0.0171356201171875
1773062948475022336,19.7624933719635,-0.8769683837890625,-0.1329803466796875,0.064300537109375
1773062948485058304,19.772529363632202,-0.9738006591796875,-0.1077880859375,0.0141448974609375
1773062948495094272,19.782565355300903,-0.9669342041015625,-0.1018829345703125,-0.107086181640625
1773062948505131264,19.79260230064392,-0.82476806640625,-0.0020904541015625,-0.1509552001953125
1773062948515167232,19.802638292312622,-0.662567138671875,-0.008758544921875,0.0182647705078125
1773062948525203200,19.812674283981323,-0.6673126220703125,-0.14385986328125,-0.065032958984375
1773062948535239168,19.822710275650024,-0.7334747314453125,-0.1731719970703125,-0.133331298828125
1773062948545275136,19.832746267318726,-0.760986328125,-0.0257568359375,-0.1441192626953125
1773062948555312384,19.842783451080322,-0.7365570068359375,0.1989593505859375,-0.0587310791015625
1773062948565348352,19.852819442749023,-0.71185302734375,0.204986572265625,0.1790008544921875
1773062948575384320,19.862855434417725,-0.7401275634765625,-0.0392303466796875,0.1879119873046875
1773062948585420288,19.872891426086426,-0.772064208984375,-0.249359130859375,0.0547943115234375
1773062948595456256,19.882927417755127,-0.7651214599609375,-0.1666259765625,-0.0679473876953125
1773062948605493248,19.892964363098145,-0.73284912109375,0.020477294921875,-0.057861328125
1773062948615529216,19.903000354766846,-0.704681396484375,0.1157379150390625,0.03125
1773062948625565184,19.913036346435547,-0.68817138671875,0.178009033203125,-0.002197265625
1773062948635601408,19.923072338104248,-0.65966796875,0.2122039794921875,-0.1329498291015625
1773062948645637376,19.93310832977295,-0.5983734130859375,0.129638671875,-0.0984039306640625
1773062948655674112,19.943145275115967,-0.5778350830078125,-0.0127410888671875,-0.090179443359375
1773062948665710336,19.953181266784668,-0.623443603515625,-0.070892333984375,-0.1351776123046875
1773062948675746304,19.96321725845337,-0.68798828125,-0.1289215087890625,-0.1455078125
1773062948685782528,19.97325348854065,-0.715057373046875,-0.18719482421875,-0.130035400390625
1773062948695818496,19.98328948020935,-0.6900482177734375,-0.1670684814453125,-0.1006622314453125
1773062948705855488,19.993326425552368,-0.657623291015625,-0.103485107421875,-0.110687255859375
1773062948715891456,20.00336241722107,-0.62860107421875,-0.088775634765625,-0.234161376953125
1773062948725927424,20.01339840888977,-0.520782470703125,-0.0722503662109375,-0.19549560546875
1773062948735963392,20.02343440055847,-0.42205810546875,-0.045166015625,-0.0034332275390625
1773062948745999360,20.033470392227173,-0.4332122802734375,-0.0994873046875,0.1681976318359375
1773062948756036352,20.04350733757019,-0.5395660400390625,-0.193359375,0.36663818359375
1773062948766072320,20.05354332923889,-0.723175048828125,-0.254791259765625,0.375701904296875
1773062948776108288,20.063579320907593,-0.9173583984375,-0.2430877685546875,0.1138916015625
1773062948786144768,20.073615789413452,-0.9411773681640625,-0.0875091552734375,-0.1633758544921875
1773062948796180736,20.083651781082153,-0.743072509765625,0.1252288818359375,-0.27252197265625
1773062948806217728,20.09368872642517,-0.485504150390625,0.2265167236328125,-0.2332000732421875
1773062948816253696,20.103724718093872,-0.31982421875,0.1496124267578125,-0.0170440673828125
1773062948826289664,20.113760709762573,-0.3983612060546875,-0.133544921875,0.2082366943359375
1773062948836325632,20.123796701431274,-0.71820068359375,-0.336517333984375,0.1964263916015625
1773062948846362624,20.133833646774292,-0.985382080078125,-0.18768310546875,0.3462066650390625
1773062948856398592,20.143869638442993,-1.068328857421875,0.045501708984375,0.355560302734375
1773062948866434816,20.153905868530273,-0.9727935791015625,0.1091766357421875,0.1732940673828125
1773062948876470784,20.163941860198975,-0.74688720703125,0.1345367431640625,0.140777587890625
1773062948886506752,20.173977851867676,-0.5981903076171875,0.101654052734375,0.27239990234375
1773062948896543744,20.184014797210693,-0.7067718505859375,-0.055999755859375,0.13372802734375
1773062948906579712,20.194050788879395,-0.904449462890625,-0.09295654296875,0.0396881103515625
1773062948916615680,20.204086780548096,-1.0564117431640625,-0.0557861328125,-0.1428375244140625
1773062948926651648,20.214122772216797,-1.03765869140625,-0.0285797119140625,-0.2838287353515625
1773062948936687616,20.224158763885498,-0.825469970703125,-0.022918701171875,0.162200927734375
1773062948946724608,20.234195709228516,-0.7437744140625,-0.1485137939453125,0.4601593017578125
1773062948956760576,20.244231700897217,-0.8895721435546875,-0.267669677734375,0.1837005615234375
1773062948966796544,20.254267692565918,-1.0452880859375,-0.2217559814453125,-0.003082275390625
1773062948976832512,20.26430368423462,-1.1502838134765625,-0.1256866455078125,-0.363555908203125
1773062948986868736,20.27433967590332,-1.07989501953125,-0.033447265625,-0.3919677734375
1773062948996905728,20.284376859664917,-0.8409881591796875,-0.0614166259765625,-0.0242767333984375
1773062949006941696,20.294412851333618,-0.6646881103515625,-0.217254638671875,0.22186279296875
1773062949016977664,20.30444884300232,-0.682769775390625,-0.2781219482421875,0.2197418212890625
1773062949027013888,20.31448483467102,-0.8782958984375,-0.2652587890625,0.2097625732421875
1773062949037049856,20.32452082633972,-1.09014892578125,-0.2689666748046875,0.1956634521484375
1773062949047086592,20.33455777168274,-1.1399078369140625,-0.2125244140625,0.2337188720703125
1773062949057122816,20.34459376335144,-1.02294921875,-0.055938720703125,0.1385345458984375
1773062949067158784,20.35462975502014,-0.8367156982421875,-0.0246429443359375,0.20794677734375
1773062949077194752,20.364665746688843,-0.7469482421875,-0.1252593994140625,0.2347564697265625
1773062949087230720,20.374701738357544,-0.84234619140625,-0.2254638671875,0.0481719970703125
1773062949097267712,20.38473868370056,-0.9986419677734375,-0.29248046875,0.00244140625
1773062949107303680,20.394774675369263,-1.022552490234375,-0.247283935546875,0.231536865234375
1773062949117339648,20.404810667037964,-0.92041015625,-0.2440032958984375,0.3690948486328125
1773062949127375616,20.414846658706665,-0.7987060546875,-0.2737579345703125,0.357025146484375
1773062949137411584,20.424882650375366,-0.7638397216796875,-0.2348785400390625,0.341094970703125
1773062949147448832,20.434919834136963,-0.874542236328125,-0.1831817626953125,0.102813720703125
1773062949157484800,20.444955825805664,-0.9759979248046875,-0.17926025390625,-0.020233154296875
1773062949167520768,20.454991817474365,-0.96728515625,-0.2161407470703125,0.190277099609375
1773062949177556736,20.465027809143066,-0.9220123291015625,-0.2515106201171875,0.2927398681640625
1773062949187592704,20.475063800811768,-0.9024200439453125,-0.2819061279296875,0.14849853515625
1773062949197629696,20.485100746154785,-0.8845062255859375,-0.33624267578125,0.10064697265625
1773062949207665664,20.495136737823486,-0.887115478515625,-0.32476806640625,0.097503662109375
1773062949217701632,20.505172729492188,-0.9389190673828125,-0.2228851318359375,0.1722564697265625
1773062949227737600,20.51520872116089,-1.0363311767578125,-0.275299072265625,0.157470703125
1773062949237773568,20.52524471282959,-1.096771240234375,-0.3868255615234375,0.0041656494140625
1773062949247810560,20.535281658172607,-1.0420379638671875,-0.361480712890625,-0.083343505859375
1773062949257846528,20.54531764984131,-0.8979644775390625,-0.2794342041015625,0.02691650390625
1773062949267882496,20.55535364151001,-0.836273193359375,-0.225921630859375,0.2090606689453125
1773062949277918720,20.56538987159729,-0.9266357421875,-0.2827301025390625,0.2731475830078125
1773062949287954688,20.57542586326599,-1.0708770751953125,-0.4012908935546875,0.1938018798828125
1773062949297991680,20.58546280860901,-1.137176513671875,-0.412567138671875,-0.01953125
1773062949308027648,20.59549880027771,-1.0246124267578125,-0.272857666015625,0.0639495849609375
1773062949318063616,20.60553479194641,-0.899566650390625,-0.220794677734375,0.018798828125
1773062949328099840,20.615570783615112,-0.8709869384765625,-0.2570343017578125,0.0334014892578125
1773062949338135808,20.625606775283813,-0.9469146728515625,-0.286895751953125,0.17962646484375
1773062949348172544,20.63564372062683,-1.091400146484375,-0.310089111328125,0.1055755615234375
1773062949358208768,20.645679712295532,-1.1593780517578125,-0.32806396484375,0.139923095703125
1773062949368244736,20.655715703964233,-1.1063690185546875,-0.3450775146484375,0.175079345703125
1773062949378280704,20.665751695632935,-1.0099334716796875,-0.310333251953125,0.148590087890625
1773062949388317696,20.675788640975952,-0.9337310791015625,-0.2098236083984375,0.3048858642578125
1773062949398353920,20.685824871063232,-0.9365234375,-0.1268463134765625,0.453125
1773062949408389888,20.695860862731934,-1.0529632568359375,-0.1256103515625,0.189422607421875
1773062949418425856,20.705896854400635,-1.1618194580078125,-0.22509765625,0.0499420166015625
1773062949428461824,20.715932846069336,-1.1776580810546875,-0.358154296875,0.054595947265625
1773062949438498816,20.725969791412354,-1.1492462158203125,-0.430908203125,-0.1184539794921875
1773062949448534784,20.736005783081055,-1.07281494140625,-0.416259765625,0.0474395751953125
1773062949458570752,20.746041774749756,-1.02947998046875,-0.3330535888671875,0.1623687744140625
1773062949468606720,20.756077766418457,-1.0472259521484375,-0.233673095703125,0.1426239013671875
1773062949478642688,20.766113758087158,-1.07696533203125,-0.158050537109375,0.3191680908203125
1773062949488679680,20.776150703430176,-1.134368896484375,-0.148468017578125,0.2635345458984375
1773062949498715648,20.786186695098877,-1.1525726318359375,-0.2314300537109375,0.0155487060546875
1773062949508751616,20.796222686767578,-1.1062469482421875,-0.2598876953125,-0.1160125732421875
1773062949518787584,20.80625867843628,-1.0356292724609375,-0.24969482421875,-0.1777191162109375
1773062949528823552,20.81629467010498,-0.9555816650390625,-0.299163818359375,-0.0284423828125
1773062949538859520,20.82633066177368,-0.941375732421875,-0.342254638671875,0.05096435546875
1773062949548896768,20.83636784553528,-0.9653778076171875,-0.306243896484375,0.3012237548828125
1773062949558932736,20.84640383720398,-1.048858642578125,-0.15228271484375,0.4390869140625
1773062949568968704,20.85643982887268,-1.1558685302734375,-0.093780517578125,0.28167724609375
1773062949579004672,20.866475820541382,-1.189422607421875,-0.1240081787109375,0.1652374267578125
1773062949589041664,20.8765127658844,-1.166778564453125,-0.1544342041015625,-0.0587005615234375
1773062949599077632,20.8865487575531,-1.09967041015625,-0.20330810546875,-0.266815185546875
1773062949609113600,20.8965847492218,-1.0001068115234375,-0.1777801513671875,-0.1659088134765625
1773062949619149568,20.906620740890503,-0.9544677734375,-0.1509857177734375,0.02166748046875
1773062949629185792,20.916656732559204,-1.0073699951171875,-0.1874542236328125,0.2523193359375
1773062949639222528,20.92669367790222,-1.1367340087890625,-0.231201171875,0.2740325927734375
1773062949649258496,20.936729669570923,-1.2340545654296875,-0.2238616943359375,0.340850830078125
1773062949659294720,20.946765661239624,-1.2944183349609375,-0.1495361328125,0.30291748046875
1773062949669330688,20.956801652908325,-1.329803466796875,-0.225006103515625,-0.031768798828125
1773062949679366656,20.966837644577026,-1.259735107421875,-0.2955322265625,-0.03704833984375
1773062949689403648,20.976874828338623,-1.186248779296875,-0.1602935791015625,0.0055694580078125
1773062949699439872,20.986910820007324,-1.188323974609375,-0.14361572265625,0.037872314453125
1773062949709475840,20.996946811676025,-1.2182769775390625,-0.250091552734375,0.24761962890625
1773062949719511808,21.006982803344727,-1.23724365234375,-0.1737518310546875,0.513214111328125
1773062949729547776,21.017018795013428,-1.3239288330078125,-0.1423797607421875,0.344512939453125
1773062949739584768,21.027055740356445,-1.3884124755859375,-0.1923065185546875,0.212158203125
1773062949749620736,21.037091732025146,-1.356292724609375,-0.182342529296875,0.402008056640625
1773062949759656704,21.047127723693848,-1.337799072265625,-0.222808837890625,0.3208465576171875
1773062949769692672,21.05716371536255,-1.347442626953125,-0.25390625,0.1293792724609375
1773062949779728896,21.06719994544983,-1.325103759765625,-0.239501953125,0.1319427490234375
1773062949789765888,21.077236890792847,-1.3245391845703125,-0.188262939453125,0.13739013671875
1773062949799801856,21.087272882461548,-1.38702392578125,-0.175445556640625,0.110931396484375
1773062949809837824,21.09730887413025,-1.423126220703125,-0.216064453125,0.260589599609375
1773062949819873792,21.10734486579895,-1.3726043701171875,-0.188751220703125,0.4550628662109375
1773062949829909760,21.11738085746765,-1.2922515869140625,-0.1497039794921875,0.5203857421875
1773062949839946752,21.12741780281067,-1.24395751953125,-0.2356109619140625,0.3999481201171875
1773062949849982720,21.13745379447937,-1.2173919677734375,-0.2685546875,0.2969818115234375
1773062949860018688,21.14748978614807,-1.2110443115234375,-0.2096099853515625,0.228759765625
1773062949870054656,21.157525777816772,-1.2672271728515625,-0.169708251953125,0.0045928955078125
1773062949880090624,21.167561769485474,-1.3166046142578125,-0.145050048828125,-0.18963623046875
1773062949890127872,21.17759895324707,-1.2704620361328125,-0.1663055419921875,-0.034393310546875
1773062949900163840,21.18763494491577,-1.2543182373046875,-0.2246246337890625,-0.0323486328125
1773062949910199808,21.197670936584473,-1.25579833984375,-0.316436767578125,0.046173095703125
1773062949920235776,21.207706928253174,-1.21490478515625,-0.3639373779296875,0.4376373291015625
1773062949930271744,21.217742919921875,-1.2009735107421875,-0.2610626220703125,0.473846435546875
1773062949940308736,21.227779865264893,-1.1943817138671875,-0.1714935302734375,0.2953948974609375
1773062949950344704,21.237815856933594,-1.1614227294921875,-0.1910247802734375,0.281524658203125
1773062949960380672,21.247851848602295,-1.1765289306640625,-0.21990966796875,0.134521484375
1773062949970416896,21.257887840270996,-1.2295684814453125,-0.242645263671875,-0.052825927734375
1773062949980452864,21.267923831939697,-1.270660400390625,-0.292510986328125,-0.13958740234375
1773062949990489600,21.277960777282715,-1.2576751708984375,-0.291900634765625,-0.0567779541015625
1773062950000525824,21.287996768951416,-1.2263641357421875,-0.290191650390625,-0.0409393310546875
1773062950010561792,21.298032760620117,-1.1587066650390625,-0.3493194580078125,0.0958709716796875
1773062950020597760,21.30806875228882,-1.1073760986328125,-0.3021392822265625,0.3776702880859375
1773062950030633728,21.31810474395752,-1.1504364013671875,-0.2215118408203125,0.38714599609375
1773062950040670976,21.328141927719116,-1.1960601806640625,-0.2407379150390625,0.2554473876953125
1773062950050706944,21.338177919387817,-1.1541595458984375,-0.2618255615234375,0.2129974365234375
1773062950060742912,21.34821391105652,-1.0957794189453125,-0.23394775390625,0.11431884765625
1773062950070778880,21.35824990272522,-1.0775146484375,-0.26031494140625,0.057281494140625
1773062950080814848,21.36828589439392,-1.115081787109375,-0.349456787109375,0.003570556640625
1773062950090851840,21.37832283973694,-1.1500701904296875,-0.3626556396484375,0.072418212890625
1773062950100887808,21.38835883140564,-1.1364288330078125,-0.2965087890625,0.15716552734375
1773062950110923776,21.39839482307434,-1.10369873046875,-0.2474822998046875,0.1309356689453125
1773062950120959744,21.408430814743042,-1.0855712890625,-0.2363433837890625,0.141387939453125
1773062950130995712,21.418466806411743,-1.091766357421875,-0.2671966552734375,0.0741729736328125
1773062950141032704,21.42850375175476,-1.078643798828125,-0.2794342041015625,0.12603759765625
1773062950151068672,21.438539743423462,-1.0307464599609375,-0.2620697021484375,0.2361907958984375
1773062950161104640,21.448575735092163,-0.9966888427734375,-0.22711181640625,0.2104949951171875
1773062950171140608,21.458611726760864,-0.98590087890625,-0.23150634765625,0.0890350341796875
1773062950181176576,21.468647718429565,-0.9865875244140625,-0.26025390625,0.0296478271484375
1773062950191213824,21.478684902191162,-0.998565673828125,-0.243072509765625,0.1497802734375
1773062950201249792,21.488720893859863,-1.0440673828125,-0.225982666015625,0.1533050537109375
1773062950211285760,21.498756885528564,-1.07269287109375,-0.2068328857421875,0.12115478515625
1773062950221321728,21.508792877197266,-1.0620880126953125,-0.1659088134765625,0.10888671875
1773062950231357696,21.518828868865967,-1.0283660888671875,-0.223602294921875,0.0078277587890625
1773062950241394688,21.528865814208984,-0.975341796875,-0.255523681640625,0.0276641845703125
1773062950251430656,21.538901805877686,-0.9339752197265625,-0.157257080078125,0.230194091796875
1773062950261466624,21.548937797546387,-0.9495391845703125,-0.0748291015625,0.3839569091796875
1773062950271502848,21.558973789215088,-1.00787353515625,-0.1039581298828125,0.26519775390625
1773062950281538816,21.56900978088379,-1.023162841796875,-0.147491455078125,0.1464080810546875
1773062950291575552,21.579046726226807,-1.01202392578125,-0.199676513671875,-0.09014892578125
1773062950301611776,21.589082717895508,-0.9651031494140625,-0.2501373291015625,-0.274810791015625
1773062950311648000,21.599118947982788,-0.89947509765625,-0.19219970703125,-0.23907470703125
1773062950321683968,21.60915493965149,-0.867584228515625,-0.06817626953125,-0.1053619384765625
1773062950331719936,21.61919093132019,-0.876495361328125,-0.1068267822265625,-0.001129150390625
1773062950341756928,21.629227876663208,-0.8936767578125,-0.1781158447265625,0.155670166015625
1773062950351792896,21.63926386833191,-0.8897705078125,-0.1407928466796875,0.313262939453125
1773062950361828864,21.64929986000061,-0.8927764892578125,-0.1131744384765625,0.2149810791015625
1773062950371864832,21.65933585166931,-0.858795166015625,-0.12725830078125,0.1717071533203125
1773062950381900800,21.669371843338013,-0.80401611328125,-0.0908355712890625,0.19659423828125
1773062950391937792,21.67940878868103,-0.7943267822265625,-0.036041259765625,0.0629119873046875
1773062950401973760,21.68944478034973,-0.822906494140625,-0.0578460693359375,-0.153472900390625
1773062950412009728,21.699480772018433,-0.804779052734375,-0.170379638671875,-0.1583404541015625
1773062950422045696,21.709516763687134,-0.753814697265625,-0.123291015625,-0.0015869140625
1773062950432081664,21.719552755355835,-0.78338623046875,0.0420684814453125,0.1056671142578125
1773062950442118912,21.72958993911743,-0.906097412109375,-0.0083465576171875,0.06182861328125
1773062950452154880,21.739625930786133,-0.928863525390625,-0.062469482421875,0.0654144287109375
1773062950462190848,21.749661922454834,-0.80438232421875,0.0218353271484375,0.17681884765625
1773062950472226816,21.759697914123535,-0.7183074951171875,0.0862274169921875,0.29754638671875
1773062950482262784,21.769733905792236,-0.7766876220703125,0.077789306640625,0.25250244140625
1773062950492299776,21.779770851135254,-0.8953704833984375,-0.0182647705078125,0.12603759765625
1773062950502335744,21.789806842803955,-0.9588165283203125,-0.077239990234375,-0.147674560546875
1773062950512371712,21.799842834472656,-0.8165435791015625,0.043701171875,-0.1218719482421875
1773062950522407680,21.809878826141357,-0.6461181640625,0.1104736328125,0.0196075439453125
1773062950532443648,21.81991481781006,-0.6835174560546875,0.033294677734375,-0.043914794921875
1773062950542480640,21.829951763153076,-0.8354644775390625,-0.0415496826171875,0.07171630859375
1773062950552516608,21.839987754821777,-0.987213134765625,-0.0063323974609375,-0.1274261474609375
1773062950562552576,21.85002374649048,-0.925079345703125,0.13238525390625,-0.2473907470703125
1773062950572588800,21.86005973815918,-0.662933349609375,0.1263427734375,-0.1077117919921875
1773062950582624768,21.87009572982788,-0.4927978515625,0.0025634765625,-0.0301055908203125
1773062950592661760,21.880132913589478,-0.5684051513671875,-0.048858642578125,-0.0811920166015625
1773062950602697728,21.89016890525818,-0.7534027099609375,0.0518035888671875,-0.141815185546875
1773062950612733952,21.90020489692688,-0.801177978515625,0.1896209716796875,0.0956268310546875
1773062950622769920,21.91024088859558,-0.7142181396484375,0.19207763671875,0.247955322265625
1773062950632805888,21.920276880264282,-0.5649261474609375,0.138031005859375,0.2468109130859375
1773062950642842880,21.9303138256073,-0.4485321044921875,-0.0048980712890625,0.3790283203125
1773062950652878848,21.940349817276,-0.5057525634765625,-0.1576995849609375,0.18896484375
1773062950662914816,21.950385808944702,-0.656707763671875,-0.15167236328125,-0.0794830322265625
1773062950672950784,21.960421800613403,-0.772064208984375,-0.10736083984375,-0.1377410888671875
1773062950682986752,21.970457792282104,-0.810821533203125,-0.114410400390625,-0.06292724609375
1773062950693023744,21.980494737625122,-0.73577880859375,-0.1077117919921875,0.068023681640625
1773062950703059712,21.990530729293823,-0.6160125732421875,-0.155120849609375,0.1105499267578125
1773062950713095680,22.000566720962524,-0.514129638671875,-0.1710205078125,0.0706939697265625
1773062950723131904,22.010602951049805,-0.483306884765625,-0.063232421875,0.062225341796875
1773062950733167872,22.020638942718506,-0.573638916015625,0.0624847412109375,0.0481109619140625
1773062950743204864,22.030675888061523,-0.718994140625,0.189056396484375,0.0255126953125
1773062950753240832,22.040711879730225,-0.8202972412109375,0.21258544921875,0.0239105224609375
1773062950763276800,22.050747871398926,-0.78607177734375,0.096343994140625,0.069976806640625
1773062950773312768,22.060783863067627,-0.6283416748046875,-0.054229736328125,0.191436767578125
1773062950783348224,22.07081937789917,-0.49578857421875,-0.2709197998046875,0.550140380859375
1773062950793385472,22.080856561660767,-0.58575439453125,-0.530487060546875,0.6013946533203125
1773062950803421440,22.090892553329468,-0.815521240234375,-0.3506927490234375,0.0135650634765625
1773062950813457408,22.10092854499817,-0.901214599609375,0.3160400390625,-0.2404937744140625
1773062950823493376,22.11096453666687,-0.854888916015625,0.691070556640625,-0.1943511962890625
1773062950833529600,22.12100052833557,-0.708282470703125,0.549072265625,-0.0142364501953125
1773062950843566336,22.13103747367859,-0.5919189453125,0.1671142578125,0.3108978271484375
1773062950853602304,22.14107346534729,-0.717132568359375,-0.2379608154296875,0.3787078857421875
1773062950863638528,22.15110945701599,-0.9614410400390625,-0.320648193359375,0.1862945556640625
1773062950873674496,22.161145448684692,-1.0623626708984375,-0.086578369140625,0.0014495849609375
1773062950883710464,22.171181440353394,-0.9531707763671875,-0.0240325927734375,0.0325775146484375
1773062950893747456,22.18121838569641,-0.819183349609375,0.03021240234375,-0.0379486083984375
1773062950903783424,22.191254377365112,-0.7846832275390625,0.0422821044921875,0.0211029052734375
1773062950913819392,22.201290369033813,-0.8699188232421875,-0.067840576171875,0.0753173828125
1773062950923855360,22.211326360702515,-0.9582672119140625,-0.0670013427734375,0.1806182861328125
1773062950933891328,22.221362352371216,-1.0242156982421875,-0.148193359375,0.1816558837890625
1773062950943928576,22.231399536132812,-1.0109405517578125,-0.328582763671875,0.0979766845703125
1773062950953964544,22.241435527801514,-0.9244842529296875,-0.151153564453125,0.0536346435546875
1773062950964000512,22.251471519470215,-0.9196624755859375,0.1353912353515625,-0.058929443359375
1773062950974036480,22.261507511138916,-0.97149658203125,0.11456298828125,-0.220672607421875
1773062950984072448,22.271543502807617,-0.91864013671875,-0.077117919921875,0.068511962890625
1773062950994109440,22.281580448150635,-0.886627197265625,-0.138153076171875,0.2958984375
1773062951004145408,22.291616439819336,-0.9196929931640625,-0.2354278564453125,0.4027557373046875
1773062951014181376,22.301652431488037,-0.9452362060546875,-0.3411407470703125,0.46392822265625
1773062951024217344,22.31168842315674,-0.9652099609375,-0.1754608154296875,0.4140472412109375
1773062951034253312,22.32172441482544,-1.0320587158203125,0.03790283203125,0.192840576171875
1773062951044290304,22.331761360168457,-1.10357666015625,-0.0317535400390625,-0.0827484130859375
1773062951054326272,22.341797351837158,-1.0818634033203125,-0.1837158203125,-0.27398681640625
1773062951064362240,22.35183334350586,-0.92852783203125,-0.200042724609375,-0.14141845703125
1773062951074398464,22.36186957359314,-0.7920379638671875,-0.269073486328125,0.0679779052734375
1773062951084434432,22.37190556526184,-0.7789154052734375,-0.2930450439453125,0.29541015625
1773062951094471424,22.38194251060486,-0.895843505859375,-0.1884307861328125,0.52435302734375
1773062951104507392,22.39197850227356,-1.0992431640625,-0.0782318115234375,0.434478759765625
1773062951114543360,22.40201449394226,-1.1766204833984375,-0.072906494140625,0.31048583984375
1773062951124579328,22.412050485610962,-1.076263427734375,-0.1312103271484375,0.0470428466796875
1773062951134615296,22.422086477279663,-0.9068145751953125,-0.1845550537109375,-0.171356201171875
1773062951144652288,22.43212342262268,-0.7585601806640625,-0.2960968017578125,-0.10052490234375
1773062951154688256,22.442159414291382,-0.7209014892578125,-0.347564697265625,0.0599822998046875
1773062951164724224,22.452195405960083,-0.7958221435546875,-0.3313446044921875,0.1927490234375
1773062951174760448,22.462231397628784,-0.9054412841796875,-0.260833740234375,0.354461669921875
1773062951184796416,22.472267389297485,-1.00006103515625,-0.1120452880859375,0.3480682373046875
1773062951194833408,22.482304573059082,-1.036590576171875,-0.0268402099609375,0.3057708740234375
1773062951204869632,22.492340564727783,-1.0212249755859375,-0.0672149658203125,0.2069854736328125
1773062951214905600,22.502376556396484,-0.953033447265625,-0.19537353515625,0.150054931640625
1773062951224941568,22.512412548065186,-0.89739990234375,-0.2956695556640625,0.01568603515625
1773062951234977536,22.522448539733887,-0.847137451171875,-0.329681396484375,0.0531158447265625
1773062951245014528,22.532485485076904,-0.8453216552734375,-0.3406219482421875,0.143524169921875
1773062951255050496,22.542521476745605,-0.9290618896484375,-0.3317718505859375,0.16204833984375
1773062951265086464,22.552557468414307,-1.0130767822265625,-0.2631072998046875,0.31707763671875
1773062951275122432,22.562593460083008,-1.10467529296875,-0.15155029296875,0.1854095458984375
1773062951285158400,22.57262945175171,-1.1243133544921875,-0.07171630859375,0.1221466064453125
1773062951295195392,22.582666397094727,-1.0649566650390625,-0.05877685546875,0.17852783203125
1773062951305231360,22.592702388763428,-0.9940185546875,-0.136932373046875,0.0855865478515625
1773062951315267328,22.60273838043213,-0.933563232421875,-0.273712158203125,0.163665771484375
1773062951325303296,22.61277437210083,-0.95098876953125,-0.38787841796875,0.095123291015625
1773062951335339264,22.62281036376953,-1.01654052734375,-0.4572296142578125,-0.0157012939453125
1773062951345376512,22.632847547531128,-1.070159912109375,-0.40130615234375,0.07073974609375
1773062951355412480,22.64288353919983,-1.0851898193359375,-0.2767333984375,0.19879150390625
1773062951365448448,22.65291953086853,-1.094146728515625,-0.142791748046875,0.22979736328125
1773062951375484416,22.66295552253723,-1.0834503173828125,-0.0246734619140625,0.234619140625
1773062951385520384,22.672991514205933,-1.0397491455078125,-0.033905029296875,0.200042724609375
1773062951395557376,22.68302845954895,-1.009979248046875,-0.1902618408203125,0.0738067626953125
1773062951405593344,22.69306445121765,-0.9912872314453125,-0.341461181640625,0.05279541015625
1773062951415629312,22.703100442886353,-1.0108642578125,-0.36187744140625,0.017181396484375
1773062951425665280,22.713136434555054,-1.04840087890625,-0.3201751708984375,-0.016571044921875
1773062951435701248,22.723172426223755,-1.0514678955078125,-0.2469635009765625,0.151123046875
1773062951445738240,22.733209371566772,-1.05609130859375,-0.112884521484375,0.35931396484375
1773062951455774208,22.743245363235474,-1.0869903564453125,-0.0994415283203125,0.2615814208984375
1773062951465810176,22.753281354904175,-1.0654144287109375,-0.190521240234375,0.1766204833984375
1773062951475846400,22.763317346572876,-1.0244140625,-0.1864471435546875,0.0966033935546875
1773062951485882624,22.773353576660156,-1.0205230712890625,-0.1937103271484375,-0.050506591796875
1773062951495919360,22.783390522003174,-1.0576934814453125,-0.230743408203125,-0.0755462646484375
1773062951505955584,22.793426513671875,-1.099578857421875,-0.2397613525390625,0.0097808837890625
1773062951515991552,22.803462505340576,-1.123992919921875,-0.2640838623046875,0.0303955078125
1773062951526027520,22.813498497009277,-1.0902862548828125,-0.2847442626953125,0.051910400390625
1773062951536063488,22.82353448867798,-1.0310211181640625,-0.2433624267578125,0.1242828369140625
1773062951546100480,22.833571434020996,-1.025054931640625,-0.1712646484375,0.023162841796875
1773062951556136448,22.843607425689697,-1.0437774658203125,-0.161865234375,0.03790283203125
1773062951566172416,22.8536434173584,-1.088043212890625,-0.1013641357421875,0.0987396240234375
1773062951576208384,22.8636794090271,-1.1413726806640625,-0.102996826171875,-0.0539093017578125
1773062951586244352,22.8737154006958,-1.1150665283203125,-0.1923675537109375,-0.08953857421875
1773062951596281344,22.88375234603882,-1.0404815673828125,-0.1680145263671875,-0.011810302734375
1773062951606317568,22.8937885761261,-1.0019073486328125,-0.1685333251953125,0.0775604248046875
1773062951616353536,22.9038245677948,-1.02386474609375,-0.258392333984375,0.1775665283203125
1773062951626389504,22.9138605594635,-1.0575714111328125,-0.2443084716796875,0.257171630859375
1773062951636425472,22.923896551132202,-1.0828857421875,-0.12603759765625,0.1933746337890625
1773062951646462464,22.93393349647522,-1.1110076904296875,-0.0796051025390625,0.020538330078125
1773062951656498432,22.94396948814392,-1.1269989013671875,-0.04742431640625,-0.1276702880859375
1773062951666534400,22.954005479812622,-1.100128173828125,-0.06353759765625,-0.2052459716796875
1773062951676570368,22.964041471481323,-1.0197906494140625,-0.1644439697265625,-0.06158447265625
1773062951686606336,22.974077463150024,-1.0003509521484375,-0.2827911376953125,0.0599212646484375
1773062951696643328,22.984114408493042,-1.03045654296875,-0.3599395751953125,0.117340087890625
1773062951706679296,22.994150400161743,-1.068206787109375,-0.2211151123046875,0.09271240234375
1773062951716715264,23.004186391830444,-1.1063995361328125,-0.0448455810546875,0.0663909912109375
1773062951726751232,23.014222383499146,-1.164154052734375,0.01708984375,0.048492431640625
1773062951736787200,23.024258375167847,-1.2423248291015625,-0.07135009765625,-0.1815948486328125
1773062951746823424,23.034294366836548,-1.244720458984375,-0.219207763671875,-0.289215087890625
1773062951756860416,23.044331550598145,-1.1644134521484375,-0.261199951171875,0.02239990234375
1773062951766896384,23.054367542266846,-1.1598663330078125,-0.2159423828125,0.227081298828125
1773062951776932352,23.064403533935547,-1.24261474609375,-0.214874267578125,0.1223297119140625
1773062951786968064,23.07443904876709,-1.255828857421875,-0.231903076171875,0.0618743896484375
1773062951797004032,23.08447504043579,-1.226898193359375,-0.1357879638671875,-0.01275634765625
1773062951807041024,23.09451198577881,-1.280487060546875,-0.108245849609375,-0.09881591796875
1773062951817076992,23.10454797744751,-1.382781982421875,-0.190673828125,-0.1143951416015625
1773062951827112960,23.11458396911621,-1.414459228515625,-0.208221435546875,-0.0299072265625
1773062951837148928,23.124619960784912,-1.3840789794921875,-0.1654052734375,0.1177215576171875
1773062951847184896,23.134655952453613,-1.3621063232421875,-0.1775360107421875,0.192596435546875
1773062951857221888,23.14469289779663,-1.333892822265625,-0.2267913818359375,0.1112518310546875
1773062951867257856,23.154728889465332,-1.2564849853515625,-0.12548828125,0.1737060546875
1773062951877293824,23.164764881134033,-1.27825927734375,-0.0251922607421875,0.1776275634765625
1773062951887329792,23.174800872802734,-1.4159698486328125,-0.1288604736328125,-0.0566253662109375
1773062951897365760,23.184836864471436,-1.4983367919921875,-0.208526611328125,-0.3520050048828125
1773062951907403008,23.194874048233032,-1.3931427001953125,-0.14556884765625,-0.3067169189453125
1773062951917438976,23.204910039901733,-1.2276611328125,-0.1016998291015625,0.0039215087890625
1773062951927474944,23.214946031570435,-1.1567535400390625,-0.18359375,0.3775634765625
1773062951937510912,23.224982023239136,-1.2328338623046875,-0.2703704833984375,0.3253936767578125
1773062951947546880,23.235018014907837,-1.3083343505859375,-0.248321533203125,0.2545318603515625
1773062951957583872,23.245054960250854,-1.309326171875,-0.097930908203125,0.3908233642578125
1773062951967619840,23.255090951919556,-1.3166656494140625,-0.019927978515625,0.43280029296875
1773062951977655808,23.265126943588257,-1.3475799560546875,-0.0359039306640625,0.2985992431640625
1773062951987691776,23.275162935256958,-1.357147216796875,-0.0665130615234375,0.0309600830078125
1773062951997727744,23.28519892692566,-1.3134002685546875,-0.0144500732421875,-0.2064208984375
1773062952007764736,23.295235872268677,-1.2609100341796875,0.004058837890625,-0.332427978515625
1773062952017800704,23.305271863937378,-1.206085205078125,-0.0559539794921875,-0.0948028564453125
1773062952027836672,23.31530785560608,-1.197662353515625,-0.1397552490234375,0.1984100341796875
1773062952037872896,23.32534384727478,-1.209808349609375,-0.2170867919921875,0.447357177734375
1773062952047909120,23.33538007736206,-1.2313995361328125,-0.1244049072265625,0.6719512939453125
1773062952057945856,23.345417022705078,-1.2942962646484375,0.0007171630859375,0.4916229248046875
1773062952067982080,23.35545301437378,-1.31768798828125,-0.0540008544921875,0.233001708984375
1773062952078018048,23.36548900604248,-1.2949676513671875,-0.152191162109375,-0.0417938232421875
1773062952088054016,23.37552499771118,-1.2437591552734375,-0.1294403076171875,-0.30023193359375
1773062952098089984,23.385560989379883,-1.114013671875,-0.085418701171875,-0.0987396240234375
1773062952108126976,23.3955979347229,-1.074554443359375,-0.184539794921875,-0.0323486328125
1773062952118162944,23.4056339263916,-1.09161376953125,-0.247222900390625,0.17596435546875
1773062952128198912,23.415669918060303,-1.1618499755859375,-0.2347869873046875,0.473236083984375
1773062952138234880,23.425705909729004,-1.2717742919921875,-0.170013427734375,0.5736846923828125
1773062952148270848,23.435741901397705,-1.2863616943359375,-0.07342529296875,0.54107666015625
1773062952158307840,23.445778846740723,-1.191436767578125,-0.07421875,0.341094970703125
1773062952168344064,23.455815076828003,-1.07586669921875,-0.1092681884765625,0.0997467041015625
1773062952178380032,23.465851068496704,-1.0313720703125,-0.1541748046875,-0.119903564453125
1773062952188416000,23.475887060165405,-1.0455780029296875,-0.2292938232421875,-0.1987457275390625
1773062952198451968,23.485923051834106,-1.0948944091796875,-0.1742095947265625,0.0822906494140625
1773062952208488960,23.495959997177124,-1.1902313232421875,-0.044525146484375,0.3218536376953125
1773062952218524928,23.505995988845825,-1.237335205078125,-0.15643310546875,0.2927703857421875
1773062952228560896,23.516031980514526,-1.1211700439453125,-0.271881103515625,0.34625244140625
1773062952238596864,23.526067972183228,-0.9654998779296875,-0.2281341552734375,0.4094390869140625
1773062952248632832,23.53610396385193,-0.9544219970703125,-0.1805572509765625,0.3486175537109375
1773062952258669824,23.546140909194946,-1.044677734375,-0.0249481201171875,0.3304595947265625
1773062952268705792,23.556176900863647,-1.1151885986328125,0.044036865234375,0.1495819091796875
1773062952278741760,23.56621289253235,-1.0753326416015625,-0.1262969970703125,-0.116668701171875
1773062952288777728,23.57624888420105,-0.966400146484375,-0.286773681640625,-0.12200927734375
1773062952298813696,23.58628487586975,-0.9132537841796875,-0.3265838623046875,0.034271240234375
1773062952308849920,23.596320867538452,-0.995758056640625,-0.2881927490234375,0.081939697265625
1773062952318886912,23.60635805130005,-1.1057281494140625,-0.1352386474609375,0.1357421875
1773062952328922880,23.61639404296875,-1.1180267333984375,-0.0418548583984375,0.23052978515625
1773062952338959104,23.62643003463745,-1.01739501953125,-0.098419189453125,0.2938079833984375
1773062952348995072,23.636466026306152,-0.880035400390625,-0.166961669921875,0.3740997314453125
1773062952359031040,23.646502017974854,-0.848785400390625,-0.2054290771484375,0.29351806640625
1773062952369068032,23.65653896331787,-0.9257659912109375,-0.1442718505859375,0.060272216796875
1773062952379104000,23.666574954986572,-0.99896240234375,-0.0620880126953125,-0.177093505859375
1773062952389139968,23.676610946655273,-0.965179443359375,-0.042449951171875,-0.2689361572265625
1773062952399175936,23.686646938323975,-0.8302459716796875,-0.0269927978515625,-0.1550445556640625
1773062952409211904,23.696682929992676,-0.7285308837890625,-0.130218505859375,0.0205841064453125
1773062952419248896,23.706719875335693,-0.7541351318359375,-0.2726593017578125,0.080535888671875
1773062952429284864,23.716755867004395,-0.8448486328125,-0.233001708984375,0.2587127685546875
1773062952439320832,23.726791858673096,-0.9426422119140625,-0.1610565185546875,0.2489776611328125
1773062952449356800,23.736827850341797,-0.9340667724609375,-0.09234619140625,0.166046142578125
1773062952459392768,23.746863842010498,-0.818511962890625,-0.044403076171875,0.2200469970703125
1773062952469430016,23.756901025772095,-0.761993408203125,-0.0742950439453125,0.1063079833984375
1773062952479465984,23.766937017440796,-0.7940216064453125,-0.084869384765625,-0.095367431640625
1773062952489501952,23.776973009109497,-0.8220062255859375,-0.0892486572265625,-0.176483154296875
1773062952499537920,23.7870090007782,-0.7901763916015625,-0.13104248046875,-0.1245880126953125
1773062952509573888,23.7970449924469,-0.7207794189453125,-0.1039581298828125,0.07940673828125
1773062952519610880,23.807081937789917,-0.6917877197265625,-0.0048828125,0.2424468994140625
1773062952529646848,23.817117929458618,-0.75714111328125,-0.0414276123046875,0.2469635009765625
1773062952539682816,23.82715392112732,-0.8691558837890625,-0.1865997314453125,0.28875732421875
1773062952549718784,23.83718991279602,-0.9741363525390625,-0.1975250244140625,0.2740020751953125
1773062952559754752,23.84722590446472,-1.0427398681640625,-0.10009765625,0.108367919921875
1773062952569791744,23.85726284980774,-1.0207061767578125,-0.0450286865234375,-0.146240234375
1773062952579827968,23.86729907989502,-0.897918701171875,0.0737457275390625,-0.504638671875
1773062952589863936,23.87733507156372,-0.6768341064453125,0.1493988037109375,-0.4016876220703125
1773062952599899904,23.887371063232422,-0.575286865234375,-0.0308074951171875,-0.0146026611328125
1773062952609935872,23.897407054901123,-0.7241363525390625,-0.2270355224609375,0.1504974365234375
1773062952619972864,23.90744400024414,-0.9775390625,-0.2034759521484375,0.1373291015625
1773062952630008832,23.917479991912842,-1.092315673828125,0.07855224609375,0.2128753662109375
1773062952640044800,23.927515983581543,-1.052642822265625,0.18865966796875,0.2370452880859375
1773062952650081024,23.937551975250244,-0.9608306884765625,0.0141754150390625,0.0148773193359375
1773062952660116992,23.947587966918945,-0.8145294189453125,-0.07489013671875,-0.0617828369140625
1773062952670153984,23.957624912261963,-0.6927490234375,0.003997802734375,-0.0658721923828125
1773062952680189952,23.967660903930664,-0.6210174560546875,0.0699462890625,-0.0543212890625
1773062952690225920,23.977696895599365,-0.5872650146484375,0.0671844482421875,-0.082489013671875
1773062952700261888,23.987732887268066,-0.598968505859375,0.105621337890625,-0.2028045654296875
1773062952710297856,23.997768878936768,-0.5930633544921875,0.1086883544921875,-0.0429229736328125
1773062952720335104,24.007806062698364,-0.5949249267578125,0.026275634765625,0.1522064208984375
1773062952730371072,24.017842054367065,-0.6239776611328125,-0.0436248779296875,0.166961669921875
1773062952740407040,24.027878046035767,-0.6408843994140625,-0.11297607421875,0.139923095703125
1773062952750443008,24.037914037704468,-0.68463134765625,-0.1509246826171875,-0.01141357421875
1773062952760478976,24.04795002937317,-0.7019805908203125,-0.130279541015625,-0.0735321044921875
1773062952770514944,24.05798602104187,-0.6967010498046875,-0.0789947509765625,-0.0669708251953125
1773062952780551936,24.068022966384888,-0.662872314453125,-0.0770416259765625,-0.016845703125
1773062952790588160,24.078059196472168,-0.6057891845703125,-0.06060791015625,-0.017120361328125
1773062952800624128,24.08809518814087,-0.5787506103515625,-0.079925537109375,-0.0721893310546875
1773062952810660096,24.09813117980957,-0.5380859375,-0.156494140625,-0.088653564453125
1773062952820696064,24.10816717147827,-0.4888916015625,-0.208038330078125,0.018463134765625
1773062952830733312,24.118204355239868,-0.49322509765625,-0.2113494873046875,0.1571502685546875
1773062952840769280,24.12824034690857,-0.5666046142578125,-0.1546630859375,0.240203857421875
1773062952850805248,24.13827633857727,-0.709869384765625,0.003509521484375,0.1931304931640625
1773062952860841216,24.14831233024597,-0.8536834716796875,0.1688232421875,0.05059814453125
1773062952870877184,24.158348321914673,-0.8769073486328125,0.1812591552734375,-0.01446533203125
1773062952880914176,24.16838526725769,-0.7372283935546875,0.134765625,0.032989501953125
1773062952890950144,24.17842125892639,-0.5331268310546875,0.0506134033203125,0.09503173828125
1773062952900986112,24.188457250595093,-0.405181884765625,-0.18316650390625,0.1194610595703125
1773062952911022080,24.198493242263794,-0.366943359375,-0.3739471435546875,0.207977294921875
1773062952921058304,24.208529233932495,-0.430633544921875,-0.2666168212890625,0.3172454833984375
1773062952931095040,24.218566179275513,-0.6697998046875,-0.099365234375,0.3875274658203125
1773062952941131008,24.228602170944214,-1.0451812744140625,0.1399078369140625,0.199188232421875
1773062952951167232,24.238638162612915,-1.2794952392578125,0.526458740234375,-0.052764892578125
1773062952961203200,24.248674154281616,-1.1501922607421875,0.4466705322265625,0.0698089599609375
1773062952971239168,24.258710145950317,-0.81439208984375,0.0449676513671875,0.09912109375
1773062952981276160,24.268747329711914,-0.48834228515625,-0.1049652099609375,0.2051544189453125
1773062952991312384,24.278783321380615,-0.3569183349609375,-0.17230224609375,0.61578369140625
1773062953001348352,24.288819313049316,-0.6496124267578125,-0.3315887451171875,0.1934356689453125
1773062953011384320,24.298855304718018,-1.120635986328125,-0.2427978515625,-0.315948486328125
1773062953021420288,24.30889129638672,-1.3583831787109375,0.0791168212890625,-0.130889892578125
1773062953031457280,24.318928241729736,-1.2747344970703125,0.2285919189453125,0.017730712890625
1773062953041493248,24.328964233398438,-1.0337066650390625,0.05419921875,0.0948944091796875
1773062953051529216,24.33900022506714,-0.8603057861328125,-0.25030517578125,0.2438812255859375
1773062953061565184,24.34903621673584,-0.8992767333984375,-0.33917236328125,0.07769775390625
1773062953071601152,24.35907220840454,-1.066314697265625,-0.1989593505859375,-0.175689697265625
1773062953081638144,24.36910915374756,-1.1017608642578125,-0.0857391357421875,-0.1295166015625
1773062953091674112,24.37914514541626,-0.9113922119140625,-0.0809783935546875,0.5023956298828125
1773062953101710080,24.38918113708496,-0.8849334716796875,-0.0478515625,0.583343505859375
1773062953111746304,24.39921736717224,-1.088836669921875,-0.069549560546875,0.46240234375
1773062953121782272,24.409253358840942,-1.314208984375,-0.2518310546875,0.1965484619140625
1773062953131819264,24.41929030418396,-1.298980712890625,-0.179656982421875,-0.1608428955078125
1773062953141855232,24.42932629585266,-1.00054931640625,-0.017333984375,0.048675537109375
1773062953151891200,24.439362287521362,-0.7523345947265625,-0.0541839599609375,0.30670166015625
1773062953161927168,24.449398279190063,-0.68096923828125,-0.1732330322265625,0.4847412109375
1773062953171963136,24.459434270858765,-0.8259429931640625,-0.2150421142578125,0.5038909912109375
1773062953181999104,24.469470262527466,-1.091827392578125,-0.1917724609375,0.192230224609375
1773062953192036096,24.479507207870483,-1.13055419921875,-0.1370086669921875,0.1920928955078125
1773062953202072064,24.489543199539185,-0.9754180908203125,-0.075408935546875,0.288665771484375
1773062953212108032,24.499579191207886,-0.7997283935546875,-0.1164703369140625,0.2676544189453125
1773062953222144000,24.509615182876587,-0.716278076171875,-0.1445159912109375,0.1387481689453125
1773062953232180224,24.519651174545288,-0.759124755859375,-0.0984954833984375,0.001495361328125
1773062953242217216,24.529688358306885,-0.8303070068359375,-0.089569091796875,-0.023590087890625
1773062953252253184,24.539724349975586,-0.8919830322265625,-0.1392364501953125,-0.0070953369140625
1773062953262289408,24.549760341644287,-0.912689208984375,-0.2183837890625,0.19866943359375
1773062953272325376,24.55979633331299,-0.86383056640625,-0.299163818359375,0.528045654296875
1773062953282361344,24.56983232498169,-0.872314453125,-0.2992401123046875,0.449554443359375
1773062953292398336,24.579869270324707,-0.9214935302734375,-0.184906005859375,0.2428741455078125
1773062953302434304,24.589905261993408,-0.9350433349609375,-0.0878448486328125,0.0739288330078125
1773062953312470272,24.59994125366211,-0.9267120361328125,-0.15802001953125,-0.1622467041015625
1773062953322506240,24.60997724533081,-0.8881683349609375,-0.24212646484375,-0.1199493408203125
1773062953332542208,24.62001323699951,-0.9183349609375,-0.231414794921875,0.1107635498046875
1773062953342579200,24.63005018234253,-1.0483551025390625,-0.2525787353515625,0.2480316162109375
1773062953352615168,24.64008617401123,-1.139678955078125,-0.28466796875,0.3624114990234375
1773062953362651136,24.65012216567993,-1.103912353515625,-0.2436065673828125,0.359161376953125
1773062953372687104,24.660158157348633,-0.990570068359375,-0.1805877685546875,0.2366790771484375
1773062953382723072,24.670194149017334,-0.90362548828125,-0.2160186767578125,0.0907440185546875
1773062953392760320,24.68023133277893,-0.89093017578125,-0.305999755859375,0.0133209228515625
1773062953402796288,24.690267324447632,-0.9515533447265625,-0.3343048095703125,0.084228515625
1773062953412832256,24.700303316116333,-1.0455322265625,-0.2799835205078125,0.144744873046875
1773062953422868224,24.710339307785034,-1.103729248046875,-0.179290771484375,0.1761932373046875
1773062953432904192,24.720375299453735,-1.123199462890625,-0.0815887451171875,0.2554473876953125
1773062953442940160,24.730411291122437,-1.0948944091796875,-0.1566925048828125,0.2686614990234375
1773062953452977152,24.740448236465454,-1.02020263671875,-0.3568572998046875,0.1648712158203125
1773062953463013120,24.750484228134155,-0.9224700927734375,-0.376312255859375,0.204071044921875
1773062953473049088,24.760520219802856,-0.8799896240234375,-0.31268310546875,0.2131500244140625
1773062953483085056,24.770556211471558,-0.952117919921875,-0.268218994140625,0.1314544677734375
1773062953493121024,24.78059220314026,-1.0780181884765625,-0.2224578857421875,0.0996246337890625
1773062953503158016,24.790629148483276,-1.156280517578125,-0.224090576171875,0.040557861328125
1773062953513193984,24.800665140151978,-1.1178436279296875,-0.213409423828125,0.060333251953125
1773062953523230208,24.810701370239258,-0.9928436279296875,-0.157745361328125,0.209320068359375
1773062953533266432,24.82073736190796,-0.9107818603515625,-0.1518402099609375,0.2954559326171875
1773062953543302400,24.83077335357666,-0.9462890625,-0.2014617919921875,0.2045440673828125
1773062953553339136,24.840810298919678,-1.0107879638671875,-0.2012481689453125,0.17034912109375
1773062953563375360,24.85084629058838,-1.0672760009765625,-0.1767425537109375,0.1314697265625
1773062953573411328,24.86088228225708,-1.0857696533203125,-0.1835479736328125,0.002471923828125
1773062953583447296,24.87091827392578,-1.000457763671875,-0.189178466796875,0.1513671875
1773062953593483264,24.880954265594482,-0.95538330078125,-0.19122314453125,0.171844482421875
1773062953603520256,24.8909912109375,-0.97998046875,-0.266143798828125,0.14068603515625
1773062953613556224,24.9010272026062,-1.0438079833984375,-0.30035400390625,0.1805419921875
1773062953623592192,24.911063194274902,-1.13116455078125,-0.220611572265625,0.21392822265625
1773062953633628160,24.921099185943604,-1.18035888671875,-0.1497802734375,0.2920989990234375
1773062953643664128,24.931135177612305,-1.1964111328125,-0.127899169921875,0.251861572265625
1773062953653701376,24.9411723613739,-1.1818084716796875,-0.2049560546875,0.0931854248046875
1773062953663737344,24.951208353042603,-1.1267852783203125,-0.3289337158203125,-0.0107879638671875
1773062953673773312,24.961244344711304,-1.0647125244140625,-0.323455810546875,-0.02685546875
1773062953683809280,24.971280336380005,-1.023651123046875,-0.279510498046875,0.041961669921875
1773062953693845248,24.981316328048706,-1.0117645263671875,-0.256378173828125,0.196990966796875
1773062953703882240,24.991353273391724,-1.0528106689453125,-0.1258697509765625,0.3022613525390625
1773062953713918208,25.001389265060425,-1.145294189453125,-0.0848541259765625,0.2585296630859375
1773062953723954176,25.011425256729126,-1.1991119384765625,-0.2100830078125,0.1685943603515625
1773062953733990144,25.021461248397827,-1.1748809814453125,-0.2757568359375,0.045440673828125
1773062953744026112,25.03149724006653,-1.090301513671875,-0.2547149658203125,-0.037811279296875
1773062953754063104,25.041534185409546,-1.0015869140625,-0.2001800537109375,-0.0278472900390625
1773062953764099072,25.051570177078247,-0.971435546875,-0.1462554931640625,-0.0995025634765625
1773062953774135040,25.06160616874695,-0.9711151123046875,-0.1496734619140625,-0.0284576416015625
1773062953784171008,25.07164216041565,-1.0327911376953125,-0.1827545166015625,0.039520263671875
1773062953794206976,25.08167815208435,-1.114410400390625,-0.1807098388671875,0.0776519775390625
1773062953804243200,25.09171414375305,-1.15216064453125,-0.1848297119140625,0.0536651611328125
1773062953814279936,25.10175108909607,-1.1098175048828125,-0.178131103515625,0.059539794921875
1773062953824315904,25.11178708076477,-1.036895751953125,-0.153289794921875,-0.016845703125
1773062953834352128,25.12182307243347,-0.958526611328125,-0.1433563232421875,-0.000335693359375
1773062953844388096,25.131859064102173,-0.9071807861328125,-0.10406494140625,0.06805419921875
1773062953854424064,25.141895055770874,-0.907135009765625,-0.06781005859375,0.0603790283203125
1773062953864461056,25.15193223953247,-0.9513092041015625,-0.0625152587890625,0.073699951171875
1773062953874497280,25.161968231201172,-1.0259857177734375,-0.1188812255859375,0.0400238037109375
1773062953884533248,25.172004222869873,-1.072967529296875,-0.141876220703125,0.08984375
1773062953894569216,25.182040214538574,-1.0821075439453125,-0.0496063232421875,0.17779541015625
1773062953904605184,25.192076206207275,-1.0910797119140625,-0.020599365234375,0.0384674072265625
1773062953914642176,25.202113151550293,-1.0616607666015625,-0.0918121337890625,-0.042938232421875
1773062953924678144,25.212149143218994,-1.0138702392578125,-0.1181793212890625,-0.068572998046875
1773062953934714112,25.222185134887695,-1.0190887451171875,-0.1253509521484375,-0.087646484375
1773062953944750080,25.232221126556396,-1.0951385498046875,-0.1632080078125,0.0010833740234375
1773062953954786048,25.242257118225098,-1.2069854736328125,-0.142669677734375,0.0328826904296875
1773062953964823040,25.252294063568115,-1.3050537109375,-0.1008148193359375,0.00048828125
1773062953974859008,25.262330055236816,-1.3582000732421875,-0.1035614013671875,-0.018463134765625
1773062953984894976,25.272366046905518,-1.364349365234375,-0.1178741455078125,0.0124664306640625
1773062953994930944,25.28240203857422,-1.3458709716796875,-0.11553955078125,0.0744781494140625
1773062954004966912,25.29243803024292,-1.3487091064453125,-0.13299560546875,0.0513153076171875
1773062954015004160,25.302475214004517,-1.3521270751953125,-0.2050323486328125,0.091400146484375
1773062954025040128,25.312511205673218,-1.3646697998046875,-0.2285614013671875,0.05987548828125
1773062954035076096,25.32254719734192,-1.3952178955078125,-0.20941162109375,-0.06317138671875
1773062954045112064,25.33258318901062,-1.43267822265625,-0.1642913818359375,-0.0730743408203125
1773062954055148032,25.34261918067932,-1.4578399658203125,-0.037750244140625,0.0826416015625
1773062954065185024,25.35265612602234,-1.4691314697265625,0.0336761474609375,0.04486083984375
1773062954075220992,25.36269211769104,-1.3807525634765625,-0.0154876708984375,0.057647705078125
1773062954085256960,25.37272810935974,-1.2446441650390625,-0.08441162109375,0.2420806884765625
1773062954095292928,25.382764101028442,-1.20465087890625,-0.134521484375,0.294403076171875
1773062954105329152,25.392800092697144,-1.2783203125,-0.18438720703125,0.165191650390625
1773062954115365888,25.40283703804016,-1.351165771484375,-0.1247711181640625,0.1581878662109375
1773062954125401856,25.412873029708862,-1.3473358154296875,0.0507354736328125,0.2104949951171875
1773062954135438080,25.422909021377563,-1.2786865234375,0.0856170654296875,0.1613006591796875
1773062954145474048,25.432945013046265,-1.1774444580078125,-0.032470703125,0.1150970458984375
1773062954155510272,25.442981243133545,-1.1073150634765625,-0.1116485595703125,0.0127410888671875
1773062954165546240,25.453017234802246,-1.087310791015625,-0.09619140625,-0.03240966796875
1773062954175583232,25.463054180145264,-1.1316986083984375,-0.070465087890625,-0.03643798828125
1773062954185619200,25.473090171813965,-1.20562744140625,-0.072021484375,-0.024505615234375
1773062954195655168,25.483126163482666,-1.237060546875,-0.087799072265625,0.16546630859375
1773062954205691136,25.493162155151367,-1.232421875,-0.059295654296875,0.3151092529296875
1773062954215727104,25.50319814682007,-1.206024169921875,-0.04644775390625,0.201263427734375
1773062954225764096,25.513235092163086,-1.132110595703125,-0.0975189208984375,0.1273651123046875
1773062954235800064,25.523271083831787,-1.071685791015625,-0.1071929931640625,0.090362548828125
1773062954245836032,25.53330707550049,-1.06304931640625,-0.0851287841796875,0.030914306640625
1773062954255872000,25.54334306716919,-1.0890960693359375,-0.0867462158203125,-0.0536651611328125
1773062954265907968,25.55337905883789,-1.105499267578125,-0.094696044921875,-0.0566253662109375
1773062954275945216,25.563416242599487,-1.1057281494140625,-0.1002960205078125,-0.0176849365234375
1773062954285981184,25.57345223426819,-1.0980224609375,-0.1362152099609375,-0.04931640625
1773062954296017152,25.58348822593689,-1.0727081298828125,-0.1879730224609375,-0.04901123046875
1773062954306053120,25.59352421760559,-1.05615234375,-0.20672607421875,0.123992919921875
1773062954316089088,25.603560209274292,-1.0770111083984375,-0.129302978515625,0.3230133056640625
1773062954326126080,25.61359715461731,-1.1173858642578125,-0.0458221435546875,0.3590545654296875
1773062954336162048,25.62363314628601,-1.130523681640625,-0.107513427734375,0.2888946533203125
1773062954346198016,25.633669137954712,-1.0892333984375,-0.1776275634765625,0.2719879150390625
1773062954356233984,25.643705129623413,-1.04815673828125,-0.189056396484375,0.2017364501953125
1773062954366269952,25.653741121292114,-1.0736083984375,-0.2092742919921875,0.0439910888671875
1773062954376306944,25.663778066635132,-1.119720458984375,-0.2216949462890625,0.0126953125
1773062954386342912,25.673814058303833,-1.154022216796875,-0.2034912109375,0.09375
1773062954396378880,25.683850049972534,-1.1705169677734375,-0.142730712890625,0.072906494140625
1773062954406415104,25.693886041641235,-1.1222076416015625,-0.0894317626953125,0.1722412109375
1773062954416451072,25.703922033309937,-1.0895538330078125,-0.1287689208984375,0.2603912353515625
1773062954426488064,25.713959217071533,-1.1046905517578125,-0.1717071533203125,0.36767578125
1773062954436524032,25.723995208740234,-1.1246490478515625,-0.18621826171875,0.460052490234375
1773062954446560256,25.734031200408936,-1.1134796142578125,-0.178070068359375,0.44635009765625
1773062954456596224,25.744067192077637,-1.0655517578125,-0.16748046875,0.3556060791015625
1773062954466632192,25.754103183746338,-1.0304718017578125,-0.2192840576171875,0.1701812744140625
1773062954476668160,25.76413917541504,-1.0290679931640625,-0.2418975830078125,-0.020782470703125
1773062954486705152,25.774176120758057,-1.021331787109375,-0.1526336669921875,0.0152435302734375
1773062954496741120,25.784212112426758,-1.0449981689453125,-0.038665771484375,0.13836669921875
1773062954506777088,25.79424810409546,-1.1127471923828125,-0.0004730224609375,0.1379852294921875
1773062954516813056,25.80428409576416,-1.109893798828125,-0.1434783935546875,0.16162109375
1773062954526849024,25.81432008743286,-1.01202392578125,-0.30902099609375,0.19256591796875
1773062954536886016,25.82435703277588,-0.919952392578125,-0.30364990234375,0.23291015625
1773062954546921984,25.83439302444458,-0.9456787109375,-0.2225189208984375,0.18157958984375
1773062954556957952,25.84442901611328,-1.0390625,-0.1785888671875,0.0906982421875
1773062954566994176,25.85446524620056,-1.0830230712890625,-0.179534912109375,0.0644378662109375
1773062954577030144,25.864501237869263,-1.0319976806640625,-0.209625244140625,0.048126220703125
1773062954587067136,25.87453818321228,-0.9318084716796875,-0.2864227294921875,-0.0310516357421875
1773062954597103104,25.88457417488098,-0.8604736328125,-0.27197265625,-0.033111572265625
1773062954607139072,25.894610166549683,-0.87939453125,-0.138824462890625,0.0070037841796875
1773062954617175040,25.904646158218384,-0.9829254150390625,-0.0850372314453125,0.0083160400390625
1773062954627211008,25.914682149887085,-1.05718994140625,-0.1578216552734375,0.0393218994140625
1773062954637248000,25.924719095230103,-1.018463134765625,-0.2103729248046875,0.05029296875
1773062954647283968,25.934755086898804,-0.9016876220703125,-0.20245361328125,0.0505828857421875
1773062954657319936,25.944791078567505,-0.8112945556640625,-0.1762542724609375,0.099395751953125
1773062954667355904,25.954827070236206,-0.8249359130859375,-0.169769287109375,0.024139404296875
1773062954677392128,25.964863061904907,-0.886260986328125,-0.16229248046875,-0.023468017578125
1773062954687429120,25.974900245666504,-0.9587860107421875,-0.1204833984375,-0.085662841796875
1773062954697465088,25.984936237335205,-0.9659271240234375,-0.0958404541015625,-0.144287109375
1773062954707501056,25.994972229003906,-0.8619232177734375,-0.1331939697265625,-0.026397705078125
1773062954717537280,26.005008220672607,-0.77978515625,-0.15643310546875,-0.016998291015625
1773062954727573248,26.01504421234131,-0.7635040283203125,-0.201019287109375,-0.084228515625
1773062954737609216,26.02508020401001,-0.7569427490234375,-0.2654876708984375,-0.069671630859375
1773062954747646208,26.035117149353027,-0.738006591796875,-0.18475341796875,-0.0053253173828125
1773062954757682176,26.04515314102173,-0.7274322509765625,-0.065277099609375,0.0460357666015625
1773062954767718144,26.05518913269043,-0.748443603515625,-0.09881591796875,-0.0116729736328125
1773062954777754112,26.06522512435913,-0.7718048095703125,-0.172882080078125,-0.0212860107421875
1773062954787791360,26.075262308120728,-0.804931640625,-0.1670379638671875,-0.08270263671875
1773062954797828096,26.085299253463745,-0.810028076171875,-0.0902557373046875,-0.1490631103515625
1773062954807864064,26.095335245132446,-0.736114501953125,-0.0162200927734375,-0.057647705078125
1773062954817900288,26.105371236801147,-0.65399169921875,-0.0778045654296875,-0.00360107421875
1773062954827936256,26.11540722846985,-0.6619720458984375,-0.1830596923828125,0.009124755859375
1773062954837972224,26.12544322013855,-0.771270751953125,-0.1437835693359375,-0.0052032470703125
1773062954848009216,26.135480165481567,-0.9275054931640625,-0.1961212158203125,0.1328582763671875
1773062954858045184,26.14551615715027,-1.142303466796875,-0.2926025390625,0.1528472900390625
1773062954868081152,26.15555214881897,-1.30560302734375,-0.01318359375,-0.098388671875
1773062954878117120,26.16558814048767,-1.21954345703125,0.3539581298828125,-0.4467010498046875
1773062954888153088,26.175624132156372,-0.8205718994140625,0.339019775390625,-0.5865020751953125
1773062954898190336,26.18566131591797,-0.3993377685546875,0.0523529052734375,-0.5229034423828125
1773062954908226304,26.19569730758667,-0.248931884765625,-0.2108001708984375,-0.244049072265625
1773062954918262272,26.20573329925537,-0.486846923828125,-0.368499755859375,0.0851287841796875
1773062954928298240,26.215769290924072,-1.0607147216796875,-0.3243408203125,0.241729736328125
1773062954938334208,26.225805282592773,-1.5970001220703125,0.0060882568359375,0.2917938232421875
1773062954948371200,26.23584222793579,-1.6051177978515625,0.30755615234375,0.086822509765625
1773062954958407168,26.245878219604492,-1.095794677734375,0.261077880859375,-0.308349609375
1773062954968443136,26.255914211273193,-0.5210113525390625,0.135589599609375,-0.3709716796875
1773062954978479104,26.265950202941895,-0.220550537109375,0.0788116455078125,-0.23089599609375
1773062954988515072,26.275986194610596,-0.25848388671875,0.0306243896484375,-0.1861114501953125
1773062954998551040,26.286022186279297,-0.521575927734375,-0.05548095703125,-0.1700286865234375
1773062955008588032,26.296059131622314,-0.753387451171875,-0.0569305419921875,-0.0413970947265625
1773062955018624000,26.306095123291016,-0.8333740234375,-0.0319976806640625,0.192138671875
1773062955028659968,26.316131114959717,-0.852691650390625,-0.107452392578125,0.37646484375
1773062955038695936,26.326167106628418,-0.92694091796875,-0.21319580078125,0.4416351318359375
1773062955048732160,26.33620309829712,-1.096160888671875,-0.245697021484375,0.2286834716796875
1773062955058769152,26.346240282058716,-1.2216796875,-0.0486602783203125,-0.1058807373046875
1773062955068805120,26.356276273727417,-1.11822509765625,0.246734619140625,-0.1968841552734375
1773062955078841088,26.366312265396118,-0.82196044921875,0.358062744140625,-0.18121337890625
1773062955088877312,26.37634825706482,-0.5087890625,0.2161407470703125,-0.1819000244140625
1773062955098913280,26.38638424873352,-0.3875732421875,-0.04290771484375,-0.1895751953125
1773062955108950016,26.396421194076538,-0.6005859375,-0.208831787109375,-0.011260986328125
1773062955118986240,26.40645718574524,-1.13824462890625,-0.1548309326171875,0.0209808349609375
1773062955129022208,26.41649317741394,-1.5959014892578125,0.0881500244140625,0.07916259765625
1773062955139058176,26.42652916908264,-1.587646484375,0.3207855224609375,0.008087158203125
1773062955149094144,26.436565160751343,-1.1280670166015625,0.3760833740234375,-0.057098388671875
1773062955159131136,26.44660210609436,-0.7097015380859375,0.215087890625,-0.0142974853515625
1773062955169167104,26.45663809776306,-0.6524658203125,0.0206451416015625,-0.135711669921875
1773062955179203328,26.466674327850342,-0.85076904296875,-0.057098388671875,-0.0549163818359375
1773062955189239296,26.476710319519043,-1.197540283203125,-0.056610107421875,-0.0128631591796875
1773062955199275264,26.486746311187744,-1.3558807373046875,-0.0181884765625,-0.0685272216796875
1773062955209311232,26.496782302856445,-1.1250762939453125,0.0101318359375,-0.0254669189453125
1773062955219348224,26.506819248199463,-0.8280487060546875,-0.0504302978515625,-0.0401458740234375
1773062955229384192,26.516855239868164,-0.7057952880859375,-0.1096954345703125,-0.06201171875
1773062955239420160,26.526891231536865,-0.7406463623046875,-0.165313720703125,0.0475006103515625
1773062955249456128,26.536927223205566,-0.851104736328125,-0.2174530029296875,0.0852203369140625
1773062955259492096,26.546963214874268,-0.9020233154296875,-0.0908355712890625,0.08258056640625
1773062955269529088,26.557000160217285,-0.897247314453125,0.13848876953125,0.24334716796875
1773062955279565056,26.567036151885986,-0.968170166015625,0.2261810302734375,0.2458038330078125
1773062955289601024,26.577072143554688,-1.042449951171875,0.1855621337890625,0.093414306640625
1773062955299636992,26.58710813522339,-0.9800262451171875,0.1231536865234375,0.0105438232421875
1773062955309672960,26.59714412689209,-0.8184967041015625,0.05230712890625,-0.0166473388671875
1773062955319710208,26.607181310653687,-0.70587158203125,0.0113677978515625,-0.087615966796875
1773062955329746176,26.617217302322388,-0.7259368896484375,0.087890625,-0.1016998291015625
1773062955339782144,26.62725329399109,-0.9266510009765625,0.1414947509765625,-0.04010009765625
1773062955349818112,26.63728928565979,-1.1701507568359375,0.14923095703125,-0.03271484375
1773062955359854336,26.64732527732849,-1.247039794921875,0.1649627685546875,-0.069366455078125
1773062955369891072,26.65736222267151,-1.1304473876953125,0.148284912109375,-0.0502471923828125
1773062955379927040,26.66739821434021,-0.980438232421875,0.117462158203125,0.00579833984375
1773062955389963264,26.67743420600891,-0.925689697265625,0.12176513671875,0.040252685546875
1773062955399999232,26.687470197677612,-0.9739837646484375,0.17864990234375,0.0454254150390625
1773062955410035200,26.697506189346313,-1.0370025634765625,0.2261505126953125,0.072601318359375
1773062955420071168,26.707542181015015,-1.06658935546875,0.2185211181640625,0.0757293701171875
1773062955430108160,26.717579126358032,-1.05377197265625,0.20025634765625,0.1115570068359375
1773062955440144128,26.727615118026733,-1.033355712890625,0.1923065185546875,0.1303558349609375
1773062955450180096,26.737651109695435,-1.0293426513671875,0.18841552734375,0.00701904296875
1773062955460216064,26.747687101364136,-0.9945526123046875,0.2101593017578125,-0.1114654541015625
1773062955470252032,26.757723093032837,-0.9360198974609375,0.216278076171875,-0.0988311767578125
1773062955480289280,26.767760276794434,-0.9105987548828125,0.154388427734375,0.0076141357421875
1773062955490325248,26.777796268463135,-0.9354095458984375,0.073394775390625,0.1111297607421875
1773062955500361216,26.787832260131836,-0.99261474609375,0.0359039306640625,0.1317138671875
1773062955510397184,26.797868251800537,-1.057281494140625,0.0996551513671875,0.0338134765625
1773062955520433152,26.80790424346924,-1.0724639892578125,0.2152099609375,-0.0484161376953125
1773062955530470144,26.817941188812256,-1.01715087890625,0.24169921875,-0.0816802978515625
1773062955540506112,26.827977180480957,-0.9059295654296875,0.193878173828125,-0.00177001953125
1773062955550542080,26.838013172149658,-0.825897216796875,0.13446044921875,0.16748046875
1773062955560578048,26.84804916381836,-0.856201171875,0.0742034912109375,0.2333831787109375
1773062955570614016,26.85808515548706,-0.9396820068359375,0.05303955078125,0.1913299560546875
1773062955580651008,26.868122100830078,-0.9761962890625,0.1069793701171875,0.152984619140625
1773062955590686976,26.87815809249878,-0.972381591796875,0.1685943603515625,0.174591064453125
1773062955600723200,26.88819432258606,-0.9660491943359375,0.1675567626953125,0.1647796630859375
1773062955610759168,26.89823031425476,-0.93829345703125,0.1416778564453125,0.159149169921875
1773062955620795136,26.908266305923462,-0.9153594970703125,0.1428375244140625,0.1090545654296875
1773062955630832128,26.91830325126648,-0.91107177734375,0.120880126953125,0.037689208984375
1773062955640868096,26.92833924293518,-0.8982391357421875,0.0669403076171875,0.095733642578125
1773062955650904064,26.938375234603882,-0.9200286865234375,0.03704833984375,0.215484619140625
1773062955660940288,26.948411226272583,-0.9832611083984375,0.04034423828125,0.2978515625
1773062955670976256,26.958447217941284,-1.0323333740234375,0.1110382080078125,0.2480010986328125
1773062955681012224,26.968483209609985,-1.015625,0.210601806640625,0.1881561279296875
1773062955691049216,26.978520154953003,-0.9881134033203125,0.233734130859375,0.1197967529296875
1773062955701085184,26.988556146621704,-0.9986724853515625,0.1762847900390625,0.0819854736328125
1773062955711121152,26.998592138290405,-1.0264739990234375,0.092987060546875,0.06573486328125
1773062955721157120,27.008628129959106,-1.0236053466796875,0.073272705078125,0.1198883056640625
1773062955731193088,27.018664121627808,-1.0120849609375,0.0518035888671875,0.199859619140625
1773062955741230336,27.028701305389404,-1.02923583984375,0.035858154296875,0.238311767578125
1773062955751266304,27.038737297058105,-1.0884552001953125,0.0940093994140625,0.2886810302734375
1773062955761302272,27.048773288726807,-1.172088623046875,0.1784820556640625,0.1930694580078125
1773062955771338240,27.058809280395508,-1.1604156494140625,0.2154388427734375,0.037139892578125
1773062955781374208,27.06884527206421,-1.03436279296875,0.1801605224609375,0.0126953125
1773062955791410432,27.07888150215149,-0.9125518798828125,0.0955047607421875,0.0948333740234375
1773062955801446400,27.08891749382019,-0.878173828125,0.0291595458984375,0.2354583740234375
1773062955811482368,27.09895348548889,-0.961181640625,-0.0050048828125,0.3460693359375
1773062955821518336,27.108989477157593,-1.093017578125,0.055816650390625,0.351715087890625
1773062955831554304,27.119025468826294,-1.130645751953125,0.1946258544921875,0.3870086669921875
1773062955841590528,27.129061698913574,-1.0941162109375,0.2594451904296875,0.3627777099609375
1773062955851627520,27.139098644256592,-1.0339202880859375,0.159332275390625,0.1533203125
1773062955861663488,27.149134635925293,-0.8953399658203125,0.0654754638671875,0.1514129638671875
1773062955871699456,27.159170627593994,-0.809326171875,0.0575103759765625,0.2017059326171875
1773062955881735680,27.169206619262695,-0.8503265380859375,0.0517425537109375,0.1959075927734375
1773062955891771648,27.179242610931396,-0.91754150390625,0.0464935302734375,0.1763763427734375
1773062955901808384,27.189279556274414,-0.9188385009765625,0.0924072265625,0.2625579833984375
1773062955911844608,27.199315547943115,-0.9340362548828125,0.112823486328125,0.3119659423828125
1773062955921880576,27.209351539611816,-0.9782562255859375,0.1004180908203125,0.2591552734375
1773062955931916544,27.219387531280518,-0.9416961669921875,0.119293212890625,0.3001708984375
1773062955941952512,27.22942352294922,-0.8730010986328125,0.12725830078125,0.3418426513671875
1773062955951989504,27.239460468292236,-0.84014892578125,0.116302490234375,0.274383544921875
1773062955962025728,27.249496698379517,-0.8141021728515625,0.13525390625,0.2714691162109375
1773062955972061696,27.259532690048218,-0.814453125,0.1721343994140625,0.283935546875
1773062955982097664,27.26956868171692,-0.8466796875,0.1587677001953125,0.312286376953125
1773062955992133632,27.27960467338562,-0.9117584228515625,0.119140625,0.3208465576171875
1773062956002170624,27.289641618728638,-1.00140380859375,0.1022491455078125,0.22528076171875
1773062956012206592,27.29967761039734,-1.0172576904296875,0.0980987548828125,0.177337646484375
1773062956022242560,27.30971360206604,-0.9429931640625,0.1088714599609375,0.3081512451171875
1773062956032278528,27.31974959373474,-0.9112701416015625,0.124664306640625,0.3651275634765625
1773062956042314496,27.329785585403442,-0.94293212890625,0.1444244384765625,0.3245697021484375
1773062956052351488,27.33982253074646,-0.9648895263671875,0.13983154296875,0.22833251953125
1773062956062387456,27.34985852241516,-0.9353485107421875,0.152587890625,0.17462158203125
1773062956072423424,27.359894514083862,-0.90350341796875,0.17340087890625,0.2192230224609375
1773062956082459392,27.369930505752563,-0.924591064453125,0.1558380126953125,0.3200836181640625
1773062956092495360,27.379966497421265,-0.9888458251953125,0.1365203857421875,0.5277862548828125
1773062956102531328,27.390002489089966,-1.1053924560546875,0.1233062744140625,0.5757904052734375
1773062956112568576,27.400039672851562,-1.149810791015625,0.2109832763671875,0.6756591796875
1773062956122604544,27.410075664520264,-1.1198272705078125,0.245697021484375,0.544281005859375
1773062956132640512,27.420111656188965,-1.0392608642578125,0.1231689453125,0.349639892578125
1773062956142676480,27.430147647857666,-0.9608306884765625,0.1331787109375,0.220306396484375
1773062956152712704,27.440183639526367,-0.9332427978515625,0.2788848876953125,0.4907684326171875
1773062956162749440,27.450220584869385,-1.032318115234375,0.2852935791015625,0.48785400390625
1773062956172785408,27.460256576538086,-1.112945556640625,-0.020233154296875,0.1940765380859375
1773062956182821632,27.470292568206787,-1.02032470703125,-0.1023101806640625,0.0539093017578125
1773062956192857600,27.48032855987549,-0.90478515625,0.0670318603515625,0.3309326171875
1773062956202893568,27.49036455154419,-0.9339141845703125,0.2706451416015625,0.6572723388671875
1773062956212930560,27.500401496887207,-1.0638275146484375,0.2532501220703125,0.74517822265625
1773062956222966528,27.510437488555908,-1.129302978515625,0.055145263671875,0.345672607421875
1773062956233002496,27.52047348022461,-0.9929351806640625,-0.05682373046875,0.018035888671875
1773062956243038464,27.53050947189331,-0.782440185546875,-0.02117919921875,0.0194091796875
1773062956253074688,27.54054570198059,-0.6970672607421875,0.1800384521484375,0.3712310791015625
1773062956263110656,27.550581693649292,-0.8263092041015625,0.2496795654296875,0.5882568359375
1773062956273147648,27.56061863899231,-1.0152130126953125,0.0309600830078125,0.40887451171875
1773062956283183616,27.57065463066101,-1.020782470703125,-0.1352081298828125,0.1736297607421875
1773062956293219584,27.580690622329712,-0.871978759765625,-0.0310821533203125,0.2439727783203125
1773062956303255552,27.590726613998413,-0.8104705810546875,0.1495361328125,0.5011444091796875
1773062956313291520,27.600762605667114,-0.912353515625,0.2459564208984375,0.6390838623046875
1773062956323328512,27.610799551010132,-1.0453338623046875,0.139007568359375,0.453155517578125
1773062956333364480,27.620835542678833,-1.03802490234375,-0.0172119140625,0.08673095703125
1773062956343400448,27.630871534347534,-0.8724822998046875,-0.054107666015625,0.0212554931640625
1773062956353436416,27.640907526016235,-0.7409820556640625,0.058441162109375,0.2949981689453125
1773062956363472384,27.650943517684937,-0.7985687255859375,0.17626953125,0.5645904541015625
1773062956373509632,27.660980701446533,-1.0075836181640625,0.075897216796875,0.487152099609375
1773062956383545600,27.671016693115234,-1.1290130615234375,-0.0786590576171875,0.2931671142578125
1773062956393581568,27.681052684783936,-1.0525970458984375,-0.0180206298828125,0.2811737060546875
1773062956403617536,27.691088676452637,-0.964935302734375,0.12176513671875,0.3709259033203125
1773062956413653504,27.701124668121338,-0.958892822265625,0.1857452392578125,0.4162139892578125
1773062956423689728,27.71116065979004,-0.951507568359375,0.1436309814453125,0.349853515625
1773062956433726464,27.721197605133057,-0.9127960205078125,0.0067901611328125,0.2244873046875
1773062956443762432,27.731233596801758,-0.87060546875,-0.0883636474609375,0.1900482177734375
1773062956453798656,27.74126958847046,-0.8824920654296875,-0.044342041015625,0.3624267578125
1773062956463834624,27.75130558013916,-0.9932098388671875,0.09478759765625,0.5456695556640625
1773062956473870592,27.76134157180786,-1.1234893798828125,0.125396728515625,0.5094757080078125
1773062956483907584,27.77137851715088,-1.1309356689453125,0.0165557861328125,0.2682952880859375
1773062956493943552,27.78141450881958,-0.97418212890625,-0.0312957763671875,0.1095428466796875
1773062956503979520,27.79145050048828,-0.7992095947265625,-0.0169525146484375,0.2024688720703125
1773062956514015488,27.801486492156982,-0.7696685791015625,0.042999267578125,0.3966217041015625
1773062956524051456,27.811522483825684,-0.8852081298828125,0.0753326416015625,0.4879913330078125
1773062956534088704,27.82155966758728,-1.025390625,-0.0189361572265625,0.418609619140625
1773062956544124672,27.83159565925598,-1.0751953125,-0.0838470458984375,0.241241455078125
1773062956554160640,27.841631650924683,-1.000701904296875,-0.019134521484375,0.2330474853515625
1773062956564196608,27.851667642593384,-0.909576416015625,0.0440826416015625,0.328399658203125
1773062956574232576,27.861703634262085,-0.87322998046875,0.0323638916015625,0.3513336181640625
1773062956584269568,27.871740579605103,-0.869354248046875,-0.0494232177734375,0.2784576416015625
1773062956594305536,27.881776571273804,-0.8720703125,-0.14739990234375,0.19647216796875
1773062956604341504,27.891812562942505,-0.8534393310546875,-0.1622161865234375,0.3118896484375
1773062956614377472,27.901848554611206,-0.793853759765625,0.007598876953125,0.6804962158203125
1773062956624413440,27.911884546279907,-0.854583740234375,-0.1317138671875,0.484466552734375
1773062956634449408,27.92192053794861,-0.9394378662109375,-0.1386871337890625,0.412628173828125
1773062956644486400,27.931957483291626,-0.917633056640625,0.239044189453125,0.4981231689453125
1773062956654522368,27.941993474960327,-0.9109954833984375,0.061676025390625,0.35430908203125
1773062956664558592,27.952029705047607,-0.884124755859375,-0.153472900390625,0.04052734375
1773062956674594560,27.96206569671631,-0.7740631103515625,-0.173583984375,0.0700225830078125
1773062956684630528,27.97210168838501,-0.7207183837890625,-0.085723876953125,0.3339996337890625
1773062956694667520,27.982138633728027,-0.796173095703125,0.000885009765625,0.6688995361328125
1773062956704703488,27.99217462539673,-0.9700775146484375,-0.10791015625,0.5060577392578125
1773062956714739456,28.00221061706543,-1.04327392578125,-0.2205810546875,0.1611328125
1773062956724775680,28.01224660873413,-0.934051513671875,-0.1865386962890625,0.068328857421875
1773062956734811648,28.022282600402832,-0.8277587890625,-0.079681396484375,0.261993408203125
1773062956744848384,28.03231954574585,-0.8444366455078125,0.0242767333984375,0.453765869140625
1773062956754884608,28.04235553741455,-0.9597625732421875,-0.0206298828125,0.4244537353515625
1773062956764920576,28.052391529083252,-1.0810089111328125,-0.1905975341796875,0.1109619140625
1773062956774956544,28.062427520751953,-1.0538177490234375,-0.1889495849609375,0.018218994140625
1773062956784992512,28.072463512420654,-0.9651641845703125,-0.0996856689453125,0.1896514892578125
1773062956795028736,28.082499742507935,-0.906463623046875,0.0991363525390625,0.720123291015625
1773062956805065728,28.092536687850952,-1.036651611328125,0.0159454345703125,0.6274261474609375
1773062956815101696,28.102572679519653,-1.2272491455078125,-0.36676025390625,0.144256591796875
1773062956825137664,28.112608671188354,-1.1393280029296875,-0.10736083984375,0.21368408203125
1773062956835173632,28.122644662857056,-1.009979248046875,-0.00592041015625,0.311492919921875
1773062956845209600,28.132680654525757,-1.005096435546875,-0.0957794189453125,0.304534912109375
1773062956855246592,28.142717599868774,-1.0125579833984375,-0.1287384033203125,0.359619140625
1773062956865282560,28.152753591537476,-1.0394134521484375,-0.103607177734375,0.3695526123046875
1773062956875318528,28.162789583206177,-1.0805511474609375,-0.075927734375,0.3824310302734375
1773062956885354496,28.172825574874878,-1.03179931640625,0.108428955078125,0.589691162109375
1773062956895390464,28.18286156654358,-1.0025634765625,0.0793304443359375,0.47918701171875
1773062956905427456,28.192898511886597,-1.0128021240234375,-0.1581573486328125,0.14654541015625
1773062956915463680,28.202934741973877,-0.9408721923828125,-0.180816650390625,0.1572418212890625
1773062956925499648,28.212970733642578,-0.85247802734375,-0.0261993408203125,0.47613525390625
1773062956935535616,28.22300672531128,-0.9071502685546875,-0.0493621826171875,0.4565887451171875
1773062956945571584,28.23304271697998,-0.9703216552734375,-0.121307373046875,0.328033447265625
1773062956955607552,28.24307870864868,-0.917694091796875,-0.0030517578125,0.3157196044921875
1773062956965644544,28.2531156539917,-0.8666229248046875,-0.0403289794921875,0.2371673583984375
1773062956975680512,28.2631516456604,-0.832855224609375,-0.1256561279296875,0.2939910888671875
1773062956985716480,28.2731876373291,-0.8113861083984375,-0.0872344970703125,0.390350341796875
1773062956995752448,28.283223628997803,-0.8551177978515625,-0.1131591796875,0.3337860107421875
1773062957005788672,28.293259620666504,-0.884368896484375,-0.0573272705078125,0.3498687744140625
1773062957015825408,28.30329656600952,-0.8297271728515625,0.0200347900390625,0.36846923828125
1773062957025861376,28.313332557678223,-0.772491455078125,-0.104522705078125,0.24237060546875
1773062957035897600,28.323368549346924,-0.74554443359375,-0.1981048583984375,0.2216796875
1773062957045933568,28.333404541015625,-0.7566986083984375,-0.1173553466796875,0.385345458984375
1773062957055969536,28.343440532684326,-0.836578369140625,-0.0242462158203125,0.52740478515625
1773062957066006784,28.353477716445923,-0.924407958984375,-0.0064849853515625,0.5585784912109375
1773062957076042752,28.363513708114624,-0.9334259033203125,-0.0465850830078125,0.4845428466796875
1773062957086078720,28.373549699783325,-0.879119873046875,-0.085296630859375,0.37310791015625
1773062957096114688,28.383585691452026,-0.83807373046875,-0.070343017578125,0.3379364013671875
1773062957106150656,28.393621683120728,-0.835113525390625,-0.033782958984375,0.328460693359375
1773062957116186624,28.40365767478943,-0.8248291015625,-0.05609130859375,0.432952880859375
1773062957126223616,28.413694620132446,-0.845062255859375,-0.088714599609375,0.4757080078125
1773062957136259584,28.423730611801147,-0.8863983154296875,-0.0965423583984375,0.5123291015625
1773062957146295552,28.43376660346985,-0.8634033203125,-0.0319061279296875,1.00714111328125
1773062957156331520,28.44380259513855,-0.6517181396484375,0.2300262451171875,1.944183349609375
1773062957166367488,28.45383858680725,-0.417327880859375,-0.2987060546875,1.53179931640625
1773062957176404480,28.46387553215027,-0.3551788330078125,-0.92236328125,0.5015869140625
1773062957186440448,28.47391152381897,-0.427490234375,-0.3817901611328125,0.64202880859375
1773062957196476416,28.48394751548767,-0.8968658447265625,0.548614501953125,0.581787109375
1773062957206512640,28.49398374557495,-1.571563720703125,0.3591461181640625,-0.0393218994140625
1773062957216548608,28.504019737243652,-1.734619140625,-0.0262451171875,-0.0998077392578125
1773062957226584576,28.514055728912354,-1.2484893798828125,-0.0675811767578125,0.529754638671875
1773062957236621568,28.52409267425537,-0.875762939453125,-0.0611114501953125,0.9110565185546875
1773062957246657536,28.534128665924072,-0.7330780029296875,-0.2726898193359375,0.8449554443359375
1773062957256693504,28.544164657592773,-0.6163482666015625,-0.3131866455078125,0.4910888671875
1773062957266729472,28.554200649261475,-0.6365509033203125,-0.3055877685546875,0.153564453125
1773062957276765696,28.564236640930176,-0.8676300048828125,-0.15740966796875,0.0830230712890625
1773062957286802432,28.574273586273193,-1.098358154296875,0.112060546875,0.496795654296875
1773062957296838400,28.584309577941895,-1.1052398681640625,0.4025726318359375,0.9322357177734375
1773062957306874624,28.594345569610596,-0.9067230224609375,0.22064208984375,0.566619873046875
1773062957316910592,28.604381561279297,-0.761505126953125,-0.6363983154296875,-0.5130157470703125
1773062957326946560,28.614417552947998,-0.516754150390625,-0.5494537353515625,0.0831756591796875
1773062957336983808,28.624454736709595,-0.4542083740234375,0.3042144775390625,1.0565948486328125
1773062957347019776,28.634490728378296,-0.900543212890625,0.2317657470703125,0.7869720458984375
1773062957357055744,28.644526720046997,-1.23175048828125,-0.2505645751953125,0.0332489013671875
1773062957367091712,28.6545627117157,-0.963104248046875,-0.352020263671875,-0.11260986328125
1773062957377127680,28.6645987033844,-0.6069793701171875,-0.179931640625,0.3178253173828125
1773062957387163648,28.6746346950531,-0.5542144775390625,0.12994384765625,0.693023681640625
1773062957397200640,28.684671640396118,-0.6795654296875,0.143646240234375,0.6800384521484375
1773062957407236608,28.69470763206482,-0.7344207763671875,0.0973052978515625,0.6297454833984375
1773062957417272576,28.70474362373352,-0.6559600830078125,0.31890869140625,0.7855072021484375
1773062957427308544,28.71477961540222,-0.677093505859375,-0.115203857421875,0.7766876220703125
1773062957437344512,28.724815607070923,-0.8299407958984375,-0.33013916015625,0.5185089111328125
1773062957447381504,28.73485255241394,-0.8638916015625,0.1691741943359375,0.7271881103515625
1773062957457417472,28.74488854408264,-0.8833160400390625,0.2150115966796875,0.400909423828125
1773062957467453440,28.754924535751343,-0.8114471435546875,-0.202423095703125,-0.1528778076171875
1773062957477489408,28.764960527420044,-0.5648956298828125,-0.1211090087890625,0.1480255126953125
1773062957487525376,28.774996519088745,-0.48870849609375,0.1824188232421875,0.8291778564453125
1773062957497562624,28.785033702850342,-0.7391204833984375,0.0308685302734375,0.914031982421875
1773062957507598592,28.795069694519043,-0.9583740234375,-0.033447265625,0.945526123046875
1773062957517634560,28.805105686187744,-0.9739532470703125,-0.0225677490234375,0.7786712646484375
1773062957527670528,28.815141677856445,-0.8963470458984375,-0.0954132080078125,0.32843017578125
1773062957537706496,28.825177669525146,-0.7867584228515625,-0.07867431640625,0.103240966796875
1773062957547742720,28.835213661193848,-0.701934814453125,0.0111541748046875,0.2481689453125
1773062957557779456,28.845250606536865,-0.672332763671875,0.1327056884765625,0.6512603759765625
1773062957567815424,28.855286598205566,-0.7824859619140625,-0.0119171142578125,0.625701904296875
1773062957577851648,28.865322589874268,-0.9191436767578125,-0.0961151123046875,0.6004486083984375
1773062957587887616,28.87535858154297,-0.9152374267578125,-0.1107940673828125,0.641204833984375
1773062957597923584,28.88539457321167,-0.8565521240234375,-0.1209564208984375,0.79327392578125
1773062957607960576,28.895431518554688,-0.9021759033203125,-0.0536041259765625,0.6871337890625
1773062957617996544,28.90546751022339,-0.987762451171875,-0.0469970703125,0.4236907958984375
1773062957628032768,28.91550374031067,-0.9478912353515625,0.0301513671875,0.37664794921875
1773062957638068736,28.92553973197937,-0.7919921875,-0.0145416259765625,0.3883514404296875
1773062957648104704,28.93557572364807,-0.636444091796875,-0.1446533203125,0.549224853515625
1773062957658141696,28.94561266899109,-0.6231842041015625,-0.23651123046875,0.69854736328125
1773062957668177664,28.95564866065979,-0.800872802734375,-0.2017669677734375,0.657196044921875
1773062957678213632,28.96568465232849,-0.9812469482421875,-0.047027587890625,0.7332611083984375
1773062957688249600,28.975720643997192,-1.022308349609375,0.0797119140625,0.74066162109375
1773062957698285568,28.985756635665894,-0.871124267578125,0.038970947265625,0.60040283203125
1773062957708321536,28.995792627334595,-0.6298065185546875,-0.1403350830078125,0.55841064453125
1773062957718358528,29.005829572677612,-0.51861572265625,-0.2595977783203125,0.5533905029296875
1773062957728394496,29.015865564346313,-0.58770751953125,-0.2527008056640625,0.6458587646484375
1773062957738430464,29.025901556015015,-0.7544403076171875,-0.1544952392578125,0.8390960693359375
1773062957748466432,29.035937547683716,-0.8964385986328125,-0.0224151611328125,0.96978759765625
1773062957758502400,29.045973539352417,-0.910430908203125,-0.00946044921875,0.9471588134765625
1773062957768539648,29.056010723114014,-0.8230438232421875,-0.0692138671875,0.8290252685546875
1773062957778575616,29.066046714782715,-0.7321624755859375,-0.1540985107421875,0.602264404296875
1773062957788611328,29.076082468032837,-0.7251739501953125,-0.2270050048828125,0.331268310546875
1773062957798647296,29.086118459701538,-0.74713134765625,-0.2147674560546875,0.3747711181640625
1773062957808683520,29.09615445137024,-0.7568817138671875,-0.1366119384765625,0.546417236328125
1773062957818720256,29.106191396713257,-0.7425384521484375,-0.068634033203125,0.69134521484375
1773062957828756224,29.116227388381958,-0.718902587890625,-0.1592254638671875,0.701202392578125
1773062957838792448,29.12626338005066,-0.7125701904296875,-0.242889404296875,0.6027069091796875
1773062957848828416,29.13629937171936,-0.7207489013671875,-0.15521240234375,0.651519775390625
1773062957858864384,29.14633536338806,-0.733154296875,-0.115631103515625,0.6578369140625
1773062957868900352,29.156371355056763,-0.7431793212890625,-0.111572265625,0.56365966796875
1773062957878937600,29.16640853881836,-0.6730499267578125,-0.0085906982421875,0.6751708984375
1773062957888973568,29.17644453048706,-0.5570068359375,-0.1288909912109375,0.6881256103515625
1773062957899009536,29.18648052215576,-0.5305633544921875,-0.2761688232421875,0.620391845703125
1773062957909045504,29.196516513824463,-0.5973663330078125,-0.218841552734375,0.7891845703125
1773062957919081472,29.206552505493164,-0.716949462890625,-0.1707000732421875,0.86627197265625
1773062957929118464,29.21658945083618,-0.8148345947265625,-0.09027099609375,0.81463623046875
1773062957939154432,29.226625442504883,-0.803680419921875,-0.066009521484375,0.704193115234375
1773062957949190400,29.236661434173584,-0.7214813232421875,-0.1005096435546875,0.755859375
1773062957959226368,29.246697425842285,-0.82904052734375,-0.15692138671875,1.300018310546875
1773062957969262336,29.256733417510986,-1.375701904296875,-0.069366455078125,-0.3504486083984375
1773062957979298304,29.266769409179688,-1.1299285888671875,0.0588226318359375,0.8251495361328125
1773062957989335296,29.276806354522705,-0.5401458740234375,-0.1392059326171875,1.359222412109375
1773062957999371264,29.286842346191406,-0.4114990234375,-0.1201019287109375,1.013336181640625
1773062958009407488,29.296878576278687,-0.6939697265625,-0.1907958984375,0.139495849609375
1773062958019443456,29.306914567947388,-0.7330474853515625,-0.4663848876953125,-0.216278076171875
1773062958029479424,29.31695055961609,-0.5260467529296875,-0.176483154296875,0.621856689453125
1773062958039516416,29.326987504959106,-0.487640380859375,0.2353363037109375,1.2296295166015625
1773062958049552384,29.337023496627808,-0.647216796875,0.29510498046875,1.6568450927734375
1773062958059588352,29.34705948829651,-0.807159423828125,-0.1334381103515625,0.5336151123046875
1773062958069624320,29.35709547996521,-0.6981964111328125,-0.43731689453125,-0.1739959716796875
1773062958079660288,29.36713147163391,-0.4487762451171875,-0.3916168212890625,0.72576904296875
1773062958089697280,29.37716841697693,-0.5406951904296875,0.0694732666015625,1.0513763427734375
1773062958099733248,29.38720440864563,-0.821563720703125,0.09100341796875,1.641754150390625
1773062958109769472,29.39724040031433,-1.2489166259765625,-0.5336456298828125,0.937164306640625
1773062958119805440,29.407276391983032,-1.4737396240234375,-0.4262542724609375,0.935882568359375
1773062958129841408,29.417312383651733,-1.2631378173828125,0.0186614990234375,1.084228515625
1773062958139877376,29.427348375320435,-0.97808837890625,-0.0162506103515625,0.9710693359375
1773062958149914624,29.43738555908203,-0.887115478515625,0.4786529541015625,0.7797088623046875
1773062958159950592,29.447421550750732,-0.5787811279296875,0.4356536865234375,0.190338134765625
1773062958169986560,29.457457542419434,-0.029937744140625,-0.7100830078125,0.6525115966796875
1773062958180022528,29.467493534088135,-0.00897216796875,-1.12847900390625,0.1005706787109375
1773062958190058496,29.477529525756836,-0.4585723876953125,-0.34722900390625,0.8809967041015625
1773062958200095488,29.487566471099854,-1.0628509521484375,0.331817626953125,1.0638427734375
1773062958210131456,29.497602462768555,-1.2559814453125,0.1685943603515625,0.4635772705078125
1773062958220167424,29.507638454437256,-0.901763916015625,-0.2268829345703125,0.465606689453125
1773062958230203392,29.517674446105957,-0.6134033203125,-0.382232666015625,0.4636688232421875
1773062958240239360,29.527710437774658,-0.5816650390625,-0.1501312255859375,0.6624908447265625
1773062958250276352,29.537747383117676,-0.667144775390625,0.2212677001953125,1.0955047607421875
1773062958260312320,29.547783374786377,-0.6986083984375,0.205718994140625,0.924102783203125
1773062958270348288,29.557819366455078,-0.6281890869140625,-0.2341766357421875,0.55316162109375
1773062958280384256,29.56785535812378,-0.5853729248046875,-0.5316009521484375,0.4472808837890625
1773062958290420224,29.57789134979248,-0.600982666015625,-0.385162353515625,0.82659912109375
1773062958300456448,29.58792757987976,-0.6711578369140625,0.0108642578125,1.0030517578125
1773062958310493440,29.59796452522278,-0.7293701171875,0.10040283203125,0.8577423095703125
1773062958320529408,29.60800051689148,-0.6975860595703125,-0.1633148193359375,0.6570281982421875
1773062958330565376,29.61803650856018,-0.6436767578125,-0.2730712890625,0.6762847900390625
1773062958340601344,29.628072500228882,-0.609161376953125,-0.1177978515625,0.6804656982421875
1773062958350637312,29.638108491897583,-0.6018218994140625,-0.05364990234375,0.7372589111328125
1773062958360674304,29.6481454372406,-0.6182861328125,-0.0646514892578125,0.845550537109375
1773062958370710272,29.6581814289093,-0.619598388671875,-0.1019134521484375,0.8048553466796875
1773062958380746240,29.668217420578003,-0.6180267333984375,-0.1401824951171875,0.7365570068359375
1773062958390782464,29.678253412246704,-0.6369476318359375,-0.16644287109375,0.681365966796875
1773062958400818432,29.688289403915405,-0.65631103515625,-0.156829833984375,0.6675567626953125
1773062958410855168,29.698326349258423,-0.6439971923828125,-0.1067047119140625,0.6856842041015625
1773062958420891648,29.708362579345703,-0.617095947265625,-0.0683746337890625,0.758056640625
1773062958430927616,29.718398571014404,-0.610260009765625,-0.09027099609375,0.821136474609375
1773062958440963584,29.728434562683105,-0.63995361328125,-0.1648101806640625,0.7548675537109375
1773062958450999552,29.738470554351807,-0.68121337890625,-0.2244415283203125,0.6522369384765625
1773062958461035520,29.748506546020508,-0.6895751953125,-0.1773681640625,0.6960906982421875
1773062958471072512,29.758543491363525,-0.65338134765625,-0.027374267578125,0.7839508056640625
1773062958481108480,29.768579483032227,-0.607696533203125,0.0561676025390625,0.7733154296875
1773062958491144448,29.778615474700928,-0.5927886962890625,-0.0587615966796875,0.6687164306640625
1773062958501180416,29.78865146636963,-0.621612548828125,-0.23370361328125,0.60107421875
1773062958511216384,29.79868745803833,-0.674560546875,-0.2315216064453125,0.6392059326171875
1773062958521253376,29.808724403381348,-0.6892547607421875,-0.1495819091796875,0.7271575927734375
1773062958531289344,29.81876039505005,-0.6896209716796875,-0.14691162109375,0.6627960205078125
1773062958541325312,29.82879638671875,-0.676177978515625,-0.2058868408203125,0.656494140625
1773062958551361280,29.83883237838745,-0.636016845703125,-0.2247161865234375,0.645263671875
1773062958561397248,29.848868370056152,-0.561767578125,-0.177337646484375,0.62420654296875
1773062958571433216,29.858904361724854,-0.41741943359375,-0.0594329833984375,0.8628997802734375
1773062958581470464,29.86894154548645,-0.3707275390625,-0.0315093994140625,0.940093994140625
1773062958591506432,29.87897753715515,-0.4576568603515625,-0.1190643310546875,0.69134521484375
1773062958601542400,29.889013528823853,-0.5446014404296875,-0.1402130126953125,0.8406982421875
1773062958611578368,29.899049520492554,-0.59210205078125,-0.097381591796875,0.8690643310546875
1773062958621614336,29.909085512161255,-0.6228179931640625,-0.0918121337890625,0.771148681640625
1773062958631651328,29.919122457504272,-0.63739013671875,-0.0863037109375,0.8638153076171875
1773062958641687296,29.929158449172974,-0.5803375244140625,-0.0066680908203125,1.0134429931640625
1773062958651723264,29.939194440841675,-0.4819183349609375,0.066314697265625,0.7917938232421875
1773062958661759488,29.949230432510376,-0.4317779541015625,0.050811767578125,0.62725830078125
1773062958671795456,29.959266424179077,-0.412445068359375,0.0243682861328125,0.594146728515625
1773062958681832192,29.969303369522095,-0.4248046875,0.0259857177734375,0.5944671630859375
1773062958691868416,29.979339361190796,-0.49444580078125,0.05267333984375,0.731689453125
1773062958701904384,29.989375352859497,-0.5417633056640625,0.070465087890625,0.760986328125
1773062958711940352,29.9994113445282,-0.5303802490234375,0.099884033203125,0.7127227783203125
1773062958721976576,30.00944757461548,-0.47943115234375,0.173980712890625,0.7472076416015625
1773062958732012544,30.01948356628418,-0.43829345703125,0.2310333251953125,0.807708740234375
1773062958742049536,30.029520511627197,-0.4472808837890625,0.2305145263671875,0.8657073974609375
1773062958752085504,30.0395565032959,-0.496795654296875,0.1755523681640625,0.8947906494140625
1773062958762121472,30.0495924949646,-0.5541534423828125,0.08843994140625,0.9503173828125
1773062958772157440,30.0596284866333,-0.5850982666015625,-0.043670654296875,0.996917724609375
1773062958782193408,30.069664478302002,-0.6099700927734375,-0.20294189453125,0.997222900390625
1773062958792230400,30.07970142364502,-0.643341064453125,-0.344573974609375,1.0008697509765625
1773062958802266368,30.08973741531372,-0.674530029296875,-0.4539337158203125,0.9427337646484375
1773062958812302336,30.099773406982422,-0.7316436767578125,-0.506744384765625,0.8041534423828125
1773062958822338304,30.109809398651123,-0.8056488037109375,-0.5055999755859375,0.6083221435546875
1773062958832374272,30.119845390319824,-0.940887451171875,-0.585723876953125,0.3645477294921875
1773062958842410496,30.129881620407104,-1.085235595703125,-0.8359832763671875,0.1638336181640625
1773062958852447488,30.139918565750122,-1.1323089599609375,-1.072540283203125,0.2083282470703125
1773062958862483456,30.149954557418823,-1.1247711181640625,-1.2596435546875,0.30474853515625
1773062958872519424,30.159990549087524,-1.154205322265625,-1.4604034423828125,0.33026123046875
1773062958882555392,30.170026540756226,-1.2005615234375,-1.5153045654296875,0.30340576171875
1773062958892591360,30.180062532424927,-1.238189697265625,-1.290740966796875,0.268768310546875
1773062958902628352,30.190099477767944,-1.2501373291015625,-0.93389892578125,0.3394012451171875
1773062958912664320,30.200135469436646,-1.2214202880859375,-0.6424560546875,0.4172515869140625
1773062958922700288,30.210171461105347,-1.14239501953125,-0.5013275146484375,0.4302520751953125
1773062958932736512,30.220207452774048,-1.0357208251953125,-0.568115234375,0.421295166015625
1773062958942772480,30.23024344444275,-0.8899383544921875,-0.8132476806640625,0.424835205078125
1773062958952808448,30.24027943611145,-0.7563323974609375,-1.1154022216796875,0.3788299560546875
1773062958962845440,30.250316619873047,-0.6653900146484375,-1.354217529296875,0.249725341796875
1773062958972881664,30.260352611541748,-0.616302490234375,-1.3442840576171875,0.1523284912109375
1773062958982917632,30.27038860321045,-0.6062164306640625,-1.147247314453125,0.18829345703125
1773062958992953600,30.28042459487915,-0.6410064697265625,-0.9912261962890625,0.143341064453125
1773062959002989568,30.29046058654785,-0.67791748046875,-0.821624755859375,0.0695343017578125
1773062959013026560,30.30049753189087,-0.6763153076171875,-0.6683349609375,0.06695556640625
1773062959023062528,30.31053352355957,-0.6400299072265625,-0.63592529296875,0.0474853515625
1773062959033098496,30.32056951522827,-0.5600433349609375,-0.6631622314453125,0.0820770263671875
1773062959043134464,30.330605506896973,-0.4536285400390625,-0.72027587890625,0.1324615478515625
1773062959053170432,30.340641498565674,-0.373687744140625,-0.839447021484375,0.12921142578125
1773062959063207424,30.35067844390869,-0.3417510986328125,-0.9502410888671875,0.1355438232421875
1773062959073243392,30.360714435577393,-0.3552093505859375,-0.9739227294921875,0.1442108154296875
1773062959083279360,30.370750427246094,-0.38092041015625,-0.9259796142578125,0.1217498779296875
1773062959093315328,30.380786418914795,-0.3884429931640625,-0.85565185546875,0.10400390625
1773062959103351296,30.390822410583496,-0.36431884765625,-0.7866668701171875,0.1198883056640625
1773062959113387264,30.400858402252197,-0.3231964111328125,-0.7635498046875,0.1226959228515625
1773062959123424512,30.410895586013794,-0.282012939453125,-0.76507568359375,0.150360107421875
1773062959133460480,30.420931577682495,-0.2464752197265625,-0.7643890380859375,0.206085205078125
1773062959143496448,30.430967569351196,-0.237884521484375,-0.7991943359375,0.2544403076171875
1773062959153532416,30.441003561019897,-0.2628021240234375,-0.8508758544921875,0.3026275634765625
1773062959163568384,30.4510395526886,-0.2949066162109375,-0.87744140625,0.34869384765625
1773062959173605376,30.461076498031616,-0.3086090087890625,-0.8795166015625,0.3489990234375
1773062959183641344,30.471112489700317,-0.28009033203125,-0.860992431640625,0.3326873779296875
1773062959193677312,30.48114848136902,-0.2252044677734375,-0.8456878662109375,0.31085205078125
1773062959203713536,30.49118447303772,-0.1835174560546875,-0.83551025390625,0.30914306640625
1773062959213749504,30.50122046470642,-0.1683349609375,-0.8037109375,0.3513641357421875
1773062959223786240,30.51125741004944,-0.171142578125,-0.78466796875,0.384307861328125
1773062959233822464,30.52129340171814,-0.183990478515625,-0.783599853515625,0.3967132568359375
1773062959243858432,30.53132939338684,-0.193115234375,-0.7851409912109375,0.3935089111328125
1773062959253894400,30.541365385055542,-0.19091796875,-0.77081298828125,0.4075927734375
1773062959263930624,30.551401615142822,-0.1817779541015625,-0.7506103515625,0.4634246826171875
1773062959273966592,30.561437606811523,-0.192474365234375,-0.71240234375,0.4805755615234375
1773062959284003584,30.57147455215454,-0.2010040283203125,-0.67315673828125,0.5109405517578125
1773062959294039552,30.581510543823242,-0.1976318359375,-0.6729278564453125,0.5226898193359375
1773062959304075520,30.591546535491943,-0.1867828369140625,-0.7003021240234375,0.519134521484375
1773062959314111488,30.601582527160645,-0.172454833984375,-0.719940185546875,0.5271453857421875
1773062959324147456,30.611618518829346,-0.16473388671875,-0.722930908203125,0.5222320556640625
1773062959334184448,30.621655464172363,-0.1751861572265625,-0.706878662109375,0.511688232421875
1773062959344220416,30.631691455841064,-0.19287109375,-0.6767730712890625,0.502105712890625
1773062959354256384,30.641727447509766,-0.2141876220703125,-0.64990234375,0.5073699951171875
1773062959364292352,30.651763439178467,-0.2407073974609375,-0.642547607421875,0.5243682861328125
1773062959374328320,30.661799430847168,-0.266998291015625,-0.6594390869140625,0.512237548828125
1773062959384365568,30.671836614608765,-0.2949066162109375,-0.6804962158203125,0.4960479736328125
1773062959394401536,30.681872606277466,-0.3062896728515625,-0.682464599609375,0.47113037109375
1773062959404437504,30.691908597946167,-0.286865234375,-0.68096923828125,0.4722900390625
1773062959414473472,30.701944589614868,-0.2488555908203125,-0.677154541015625,0.505218505859375
1773062959424509440,30.71198058128357,-0.2203521728515625,-0.6831817626953125,0.544647216796875
1773062959434545408,30.72201657295227,-0.218170166015625,-0.7071990966796875,0.550323486328125
1773062959444582400,30.732053518295288,-0.239959716796875,-0.7501220703125,0.603057861328125
1773062959454618368,30.74208950996399,-0.2688140869140625,-0.7797088623046875,0.6782073974609375
1773062959464654336,30.75212550163269,-0.2957305908203125,-0.7603607177734375,0.6987457275390625
1773062959474690560,30.76216149330139,-0.2992401123046875,-0.7242584228515625,0.69769287109375
1773062959484726528,30.772197484970093,-0.276641845703125,-0.7182464599609375,0.707000732421875
1773062959494763264,30.78223443031311,-0.2428131103515625,-0.7495269775390625,0.7113037109375
1773062959504799488,30.79227042198181,-0.2093963623046875,-0.784759521484375,0.6874542236328125
1773062959514835456,30.802306413650513,-0.1909942626953125,-0.8064727783203125,0.6717529296875
1773062959524871424,30.812342405319214,-0.18927001953125,-0.80548095703125,0.66015625
1773062959534907392,30.822378396987915,-0.1961669921875,-0.7834014892578125,0.63812255859375
1773062959544943360,30.832414388656616,-0.1999969482421875,-0.763824462890625,0.60540771484375
1773062959554980608,30.842451572418213,-0.1944427490234375,-0.7673187255859375,0.5822296142578125
1773062959565016576,30.852487564086914,-0.1845855712890625,-0.7853851318359375,0.5684661865234375
1773062959575052544,30.862523555755615,-0.178924560546875,-0.7995147705078125,0.5615234375
1773062959585088512,30.872559547424316,-0.181671142578125,-0.802581787109375,0.5594482421875
1773062959595124480,30.882595539093018,-0.1933441162109375,-0.7923583984375,0.5482177734375
1773062959605161472,30.892632484436035,-0.2051849365234375,-0.7718505859375,0.5613861083984375
1773062959615197440,30.902668476104736,-0.2227325439453125,-0.77288818359375,0.5526580810546875
1773062959625233408,30.912704467773438,-0.232696533203125,-0.808074951171875,0.5554351806640625
1773062959635269376,30.92274045944214,-0.2266082763671875,-0.84954833984375,0.5703582763671875
1773062959645305344,30.93277645111084,-0.2127532958984375,-0.8760986328125,0.57794189453125
1773062959655341312,30.94281244277954,-0.1982574462890625,-0.8807373046875,0.5849761962890625
1773062959665378304,30.95284938812256,-0.1898956298828125,-0.8692474365234375,0.5872344970703125
1773062959675414528,30.96288561820984,-0.1812744140625,-0.8509979248046875,0.60894775390625
1773062959685450496,30.97292160987854,-0.1827545166015625,-0.8194427490234375,0.6171112060546875
1773062959695486464,30.98295760154724,-0.1980743408203125,-0.7863922119140625,0.610565185546875
1773062959705522432,30.992993593215942,-0.216064453125,-0.7620849609375,0.6072540283203125
1773062959715559424,31.00303053855896,-0.2227783203125,-0.7320709228515625,0.6224365234375
1773062959725595392,31.01306653022766,-0.2184906005859375,-0.709716796875,0.6393890380859375
1773062959735631360,31.023102521896362,-0.2132110595703125,-0.7123260498046875,0.6318511962890625
1773062959745667584,31.033138513565063,-0.20782470703125,-0.728851318359375,0.627685546875
1773062959755703552,31.043174505233765,-0.2034912109375,-0.7486572265625,0.628509521484375
1773062959765740288,31.053211450576782,-0.2048492431640625,-0.763671875,0.618316650390625
1773062959775776512,31.063247442245483,-0.21002197265625,-0.7564697265625,0.63232421875
1773062959785812480,31.073283433914185,-0.219268798828125,-0.7305755615234375,0.6285552978515625
1773062959795848704,31.083319664001465,-0.2262725830078125,-0.7123870849609375,0.6259765625
1773062959805884672,31.093355655670166,-0.230682373046875,-0.7115478515625,0.6115875244140625
1773062959815920640,31.103391647338867,-0.2271881103515625,-0.7255401611328125,0.5988006591796875
1773062959825957632,31.113428592681885,-0.215972900390625,-0.749755859375,0.606414794921875
1773062959835993856,31.123464822769165,-0.2060699462890625,-0.76806640625,0.6104736328125
1773062959846029824,31.133500814437866,-0.2053070068359375,-0.7705078125,0.6220245361328125
1773062959856065792,31.143536806106567,-0.2129669189453125,-0.755126953125,0.6333160400390625
1773062959866101760,31.15357279777527,-0.2254486083984375,-0.7336578369140625,0.629364013671875
1773062959876138752,31.163609743118286,-0.2347259521484375,-0.7294921875,0.617218017578125
1773062959886174720,31.173645734786987,-0.237945556640625,-0.7431640625,0.6155242919921875
1773062959896210688,31.18368172645569,-0.2394256591796875,-0.762847900390625,0.6127777099609375
1773062959906246656,31.19371771812439,-0.2391815185546875,-0.7659454345703125,0.6124267578125
1773062959916282624,31.20375370979309,-0.2337493896484375,-0.7490692138671875,0.6181488037109375
1773062959926318592,31.213789701461792,-0.2284088134765625,-0.7366485595703125,0.6193695068359375
1773062959936355584,31.22382664680481,-0.2259979248046875,-0.740020751953125,0.6317901611328125
1773062959946391552,31.23386263847351,-0.2336578369140625,-0.749755859375,0.65826416015625
1773062959956427520,31.243898630142212,-0.2521209716796875,-0.75592041015625,0.6564788818359375
1773062959966463488,31.253934621810913,-0.26580810546875,-0.7564697265625,0.6519622802734375
1773062959976499456,31.263970613479614,-0.262115478515625,-0.750732421875,0.6389007568359375
1773062959986536704,31.27400779724121,-0.2430877685546875,-0.73272705078125,0.63671875
1773062959996572672,31.284043788909912,-0.222412109375,-0.7139892578125,0.623443603515625
1773062960006608640,31.294079780578613,-0.2078094482421875,-0.697113037109375,0.6043548583984375
1773062960016644608,31.304115772247314,-0.19964599609375,-0.684967041015625,0.5791015625
1773062960026680832,31.314151763916016,-0.196380615234375,-0.675048828125,0.56475830078125
1773062960036717568,31.324188709259033,-0.1913909912109375,-0.6667327880859375,0.59527587890625
1773062960046753536,31.334224700927734,-0.185150146484375,-0.654571533203125,0.62750244140625
1773062960056789760,31.344260692596436,-0.186004638671875,-0.6417694091796875,0.6406097412109375
1773062960066825728,31.354296684265137,-0.1966705322265625,-0.6350250244140625,0.667388916015625
1773062960076861696,31.364332675933838,-0.2035675048828125,-0.6324005126953125,0.6992645263671875
1773062960086897664,31.37436866760254,-0.20941162109375,-0.628143310546875,0.72882080078125
1773062960096934656,31.384405612945557,-0.2187652587890625,-0.61737060546875,0.75341796875
1773062960106970624,31.394441604614258,-0.2330169677734375,-0.606536865234375,0.76220703125
1773062960117006592,31.40447759628296,-0.254852294921875,-0.6171112060546875,0.7695159912109375
1773062960127042816,31.41451382637024,-0.2777862548828125,-0.639862060546875,0.766510009765625
1773062960137078784,31.42454981803894,-0.292205810546875,-0.67547607421875,0.7427215576171875
1773062960147115776,31.434586763381958,-0.2916259765625,-0.7162933349609375,0.7247772216796875
1773062960157151744,31.44462275505066,-0.280853271484375,-0.7397003173828125,0.693023681640625
1773062960167187712,31.45465874671936,-0.2593231201171875,-0.7411041259765625,0.6528778076171875
1773062960177223680,31.46469473838806,-0.2386627197265625,-0.732452392578125,0.614715576171875
1773062960187259648,31.474730730056763,-0.2252655029296875,-0.727203369140625,0.588409423828125
1773062960197296640,31.48476767539978,-0.2259063720703125,-0.729827880859375,0.566162109375
1773062960207332608,31.49480366706848,-0.234222412109375,-0.7322998046875,0.5449676513671875
1773062960217368576,31.504839658737183,-0.24456787109375,-0.730621337890625,0.5208740234375
1773062960227404544,31.514875650405884,-0.25146484375,-0.7252655029296875,0.4990692138671875
1773062960237440512,31.524911642074585,-0.250457763671875,-0.7176513671875,0.48333740234375
1773062960247476480,31.534947633743286,-0.2427825927734375,-0.7156982421875,0.463165283203125
1773062960257513728,31.544984817504883,-0.2359771728515625,-0.7337799072265625,0.4306488037109375
1773062960267549696,31.555020809173584,-0.2257843017578125,-0.7631988525390625,0.416900634765625
1773062960277585664,31.565056800842285,-0.2185516357421875,-0.7951202392578125,0.430328369140625
1773062960287621632,31.575092792510986,-0.2217254638671875,-0.8291015625,0.438995361328125
1773062960297657856,31.585128784179688,-0.23358154296875,-0.838470458984375,0.4380340576171875
1773062960307694592,31.595165729522705,-0.2465057373046875,-0.8379058837890625,0.416900634765625
1773062960317730560,31.605201721191406,-0.2519073486328125,-0.8429107666015625,0.3907928466796875
1773062960327766784,31.615237712860107,-0.2456207275390625,-0.850982666015625,0.357757568359375
1773062960337802752,31.62527370452881,-0.233673095703125,-0.85614013671875,0.3295135498046875
1773062960347838720,31.63530969619751,-0.227325439453125,-0.8634185791015625,0.3083038330078125
1773062960357874688,31.64534568786621,-0.2310791015625,-0.8819580078125,0.28594970703125
1773062960367911680,31.65538263320923,-0.2386474609375,-0.9009246826171875,0.270050048828125
1773062960377947648,31.66541862487793,-0.2448883056640625,-0.9086151123046875,0.2461090087890625
1773062960387983616,31.67545461654663,-0.2483978271484375,-0.9011077880859375,0.2166748046875
1773062960398019584,31.685490608215332,-0.25189208984375,-0.888275146484375,0.1912078857421875
1773062960408055552,31.695526599884033,-0.257354736328125,-0.8754425048828125,0.15704345703125
1773062960418092800,31.70556378364563,-0.2621612548828125,-0.85791015625,0.1411590576171875
1773062960428128768,31.71559977531433,-0.269683837890625,-0.854400634765625,0.1259002685546875
1773062960438164736,31.725635766983032,-0.274383544921875,-0.8748016357421875,0.115081787109375
1773062960448200704,31.735671758651733,-0.271942138671875,-0.8930816650390625,0.12060546875
1773062960458236672,31.745707750320435,-0.2654571533203125,-0.9105987548828125,0.1144866943359375
1773062960468272640,31.755743741989136,-0.2607879638671875,-0.9397430419921875,0.094573974609375
1773062960478309632,31.765780687332153,-0.2568817138671875,-0.963104248046875,0.07177734375
1773062960488345600,31.775816679000854,-0.24774169921875,-0.9561920166015625,0.0669708251953125
1773062960498381568,31.785852670669556,-0.25,-0.9260711669921875,0.058135986328125
1773062960508417536,31.795888662338257,-0.2688140869140625,-0.90020751953125,0.0357666015625
1773062960518453504,31.805924654006958,-0.2906494140625,-0.889434814453125,-0.0010528564453125
1773062960528490496,31.815961599349976,-0.29766845703125,-0.876678466796875,-0.0343475341796875
1773062960538526720,31.825997829437256,-0.28631591796875,-0.8671722412109375,-0.054046630859375
1773062960548562688,31.836033821105957,-0.2720947265625,-0.883636474609375,-0.0514373779296875
1773062960558598656,31.846069812774658,-0.2724151611328125,-0.92437744140625,-0.04730224609375
1773062960568634624,31.85610580444336,-0.2896270751953125,-0.9621124267578125,-0.0365753173828125
1773062960578671616,31.866142749786377,-0.3171234130859375,-0.9790802001953125,-0.0118408203125
1773062960588707584,31.876178741455078,-0.350860595703125,-0.990203857421875,-0.0010528564453125
1773062960598743552,31.88621473312378,-0.375885009765625,-0.987091064453125,0.0102386474609375
1773062960608779776,31.89625072479248,-0.3931884765625,-0.9546356201171875,0.009002685546875
1773062960618815744,31.90628671646118,-0.4035186767578125,-0.925537109375,-0.0008697509765625
1773062960628851712,31.916322708129883,-0.40283203125,-0.9120941162109375,-0.021575927734375
1773062960638888704,31.9263596534729,-0.395721435546875,-0.90625,-0.0565185546875
1773062960648924672,31.9363956451416,-0.3927154541015625,-0.9212799072265625,-0.0886077880859375
1773062960658960640,31.946431636810303,-0.3930206298828125,-0.9422760009765625,-0.1183013916015625
1773062960668996608,31.956467628479004,-0.392669677734375,-0.94976806640625,-0.1403045654296875
1773062960679032576,31.966503620147705,-0.3892822265625,-0.962615966796875,-0.165191650390625
1773062960689069824,31.9765408039093,-0.383392333984375,-0.975830078125,-0.185272216796875
1773062960699105792,31.986576795578003,-0.367340087890625,-0.9825592041015625,-0.215850830078125
1773062960709141760,31.996612787246704,-0.3452606201171875,-0.9759063720703125,-0.24505615234375
1773062960719177728,32.006648778915405,-0.3229217529296875,-0.9481353759765625,-0.2817840576171875
1773062960729213696,32.016684770584106,-0.292205810546875,-0.8976287841796875,-0.3043365478515625
1773062960739250688,32.026721715927124,-0.2721710205078125,-0.868255615234375,-0.321319580078125
1773062960749286656,32.036757707595825,-0.273956298828125,-0.872314453125,-0.3580169677734375
1773062960759322624,32.046793699264526,-0.2747039794921875,-0.890380859375,-0.3755035400390625
1773062960769358592,32.05682969093323,-0.2752532958984375,-0.9124298095703125,-0.37628173828125
1773062960779394560,32.06686568260193,-0.2865447998046875,-0.9354095458984375,-0.3983612060546875
1773062960789430528,32.07690167427063,-0.29425048828125,-0.9301910400390625,-0.42352294921875
1773062960799467264,32.08693838119507,-0.286285400390625,-0.89898681640625,-0.4306793212890625
1773062960809503232,32.09697437286377,-0.2822113037109375,-0.8771209716796875,-0.466033935546875
1773062960819539200,32.10701036453247,-0.2854461669921875,-0.857696533203125,-0.4973907470703125
1773062960829575424,32.11704635620117,-0.281982421875,-0.8453216552734375,-0.5028228759765625
1773062960839611392,32.12708234786987,-0.28009033203125,-0.8522796630859375,-0.5061492919921875
1773062960849648384,32.13711953163147,-0.2852020263671875,-0.855072021484375,-0.520111083984375
1773062960859684352,32.14715552330017,-0.283203125,-0.8474273681640625,-0.5378265380859375
1773062960869720576,32.15719151496887,-0.276214599609375,-0.8325653076171875,-0.5564422607421875
1773062960879756544,32.16722750663757,-0.274078369140625,-0.826995849609375,-0.5582275390625
1773062960889792512,32.177263498306274,-0.27410888671875,-0.8235626220703125,-0.56182861328125
1773062960899828480,32.187299489974976,-0.262939453125,-0.7967987060546875,-0.5662078857421875
1773062960909865472,32.19733643531799,-0.237823486328125,-0.76971435546875,-0.595001220703125
1773062960919901440,32.207372426986694,-0.195709228515625,-0.755279541015625,-0.6392974853515625
1773062960929937408,32.217408418655396,-0.1481170654296875,-0.7290802001953125,-0.69439697265625
1773062960939973376,32.2274444103241,-0.10296630859375,-0.6923980712890625,-0.7042236328125
1773062960950009344,32.2374804019928,-0.085357666015625,-0.6615753173828125,-0.691253662109375
1773062960960046336,32.247517347335815,-0.0902252197265625,-0.644683837890625,-0.654693603515625
1773062960970082560,32.257553577423096,-0.101104736328125,-0.6403350830078125,-0.6144256591796875
1773062960980118528,32.2675895690918,-0.105072021484375,-0.6484375,-0.5880126953125
1773062960990154496,32.2776255607605,-0.09857177734375,-0.6580963134765625,-0.6227264404296875
1773062961000190464,32.2876615524292,-0.0623626708984375,-0.61578369140625,-0.70037841796875
1773062961010227456,32.29769849777222,-0.0088958740234375,-0.5462646484375,-0.752288818359375
1773062961020263424,32.30773448944092,0.02838134765625,-0.5139312744140625,-0.7635040283203125
1773062961030299392,32.31777048110962,0.0406951904296875,-0.503875732421875,-0.75457763671875
1773062961040335360,32.32780647277832,0.0287322998046875,-0.510986328125,-0.7359161376953125
1773062961050371328,32.33784246444702,-0.0012359619140625,-0.5487518310546875,-0.7217254638671875
1773062961060407296,32.34787845611572,-0.02911376953125,-0.5923004150390625,-0.7184295654296875
1773062961070444288,32.35791540145874,-0.0374298095703125,-0.6051788330078125,-0.756561279296875
1773062961080480256,32.36795139312744,-0.0215911865234375,-0.5756072998046875,-0.77838134765625
1773062961090516224,32.37798738479614,-9.1552734375e-05,-0.532562255859375,-0.8100738525390625
1773062961100552448,32.388023376464844,0.0138702392578125,-0.499542236328125,-0.85491943359375
1773062961110588416,32.398059368133545,0.0185546875,-0.4791107177734375,-0.8849334716796875
1773062961120625408,32.40809655189514,0.0243072509765625,-0.475982666015625,-0.9041595458984375
1773062961130661376,32.41813254356384,0.009918212890625,-0.490478515625,-0.883026123046875
1773062961140697600,32.428168535232544,-0.03509521484375,-0.4880523681640625,-0.8693695068359375
1773062961150733568,32.438204526901245,-0.0479888916015625,-0.5244140625,-0.8729400634765625
1773062961160769536,32.448240518569946,-0.0335235595703125,-0.5442657470703125,-0.8874969482421875
1773062961170806528,32.458277463912964,-0.006317138671875,-0.52783203125,-0.915771484375
1773062961180842496,32.468313455581665,0.01141357421875,-0.4703369140625,-0.9564971923828125
1773062961190878464,32.478349447250366,0.01177978515625,-0.3757476806640625,-0.94793701171875
1773062961200914432,32.48838543891907,-0.0269317626953125,-0.3101348876953125,-0.9517059326171875
1773062961210950400,32.49842143058777,-0.0141448974609375,-0.257568359375,-0.8908233642578125
1773062961220986368,32.50845742225647,0.0132598876953125,-0.27337646484375,-0.8925933837890625
1773062961231023360,32.51849436759949,0.01080322265625,-0.3993682861328125,-0.9321441650390625
1773062961241059328,32.52853035926819,0.0275421142578125,-0.5048828125,-0.9547882080078125
1773062961251095296,32.53856635093689,0.054595947265625,-0.5235748291015625,-0.9285888671875
1773062961261131264,32.54860234260559,0.05596923828125,-0.50128173828125,-0.9228057861328125
1773062961271167488,32.55863857269287,0.0358428955078125,-0.4654083251953125,-0.922119140625
1773062961281204480,32.56867551803589,0.0189361572265625,-0.4288787841796875,-0.9272613525390625
1773062961291240448,32.57871150970459,0.025543212890625,-0.39495849609375,-0.92401123046875
1773062961301276416,32.58874750137329,0.04156494140625,-0.391357421875,-0.9100341796875
1773062961311312384,32.59878349304199,0.0464630126953125,-0.429107666015625,-0.9160003662109375
1773062961321348352,32.60881948471069,0.0408935546875,-0.48297119140625,-0.9391326904296875
1773062961331385344,32.61885643005371,0.0425872802734375,-0.5151214599609375,-0.9425201416015625
1773062961341421312,32.62889242172241,0.0507659912109375,-0.5235595703125,-0.94647216796875
1773062961351457280,32.63892841339111,0.05999755859375,-0.5281524658203125,-0.9261932373046875
1773062961361493248,32.648964405059814,0.0631561279296875,-0.533905029296875,-0.8796234130859375
1773062961371529216,32.659000396728516,0.0460205078125,-0.5428314208984375,-0.82769775390625
1773062961381565440,32.66903638839722,0.0208892822265625,-0.53070068359375,-0.82000732421875
1773062961391602432,32.67907357215881,0.0121612548828125,-0.50335693359375,-0.8223876953125
1773062961401638400,32.689109563827515,0.0131378173828125,-0.4758148193359375,-0.8425750732421875
1773062961411674624,32.699145555496216,0.008056640625,-0.4605255126953125,-0.844940185546875
1773062961421710592,32.70918154716492,0.0062103271484375,-0.4505462646484375,-0.852081298828125
1773062961431746560,32.71921753883362,0.017059326171875,-0.420135498046875,-0.8756866455078125
1773062961441783552,32.729254484176636,0.0513763427734375,-0.384674072265625,-0.890106201171875
1773062961451819520,32.73929047584534,0.0791778564453125,-0.3486785888671875,-0.9205322265625
1773062961461855488,32.74932646751404,0.091094970703125,-0.3134307861328125,-0.9363555908203125
1773062961471891456,32.75936245918274,0.1150970458984375,-0.2990875244140625,-0.9142608642578125
1773062961481927424,32.76939845085144,0.149139404296875,-0.296478271484375,-0.9412078857421875
1773062961491964416,32.77943539619446,0.1942138671875,-0.2620391845703125,-1.007843017578125
1773062961502000384,32.78947138786316,0.1920166015625,-0.195831298828125,-1.046783447265625
1773062961512036352,32.79950737953186,0.13787841796875,-0.1267547607421875,-1.1007232666015625
1773062961522072320,32.80954337120056,0.1127471923828125,-0.130767822265625,-1.0869140625
1773062961532108288,32.81957936286926,0.103240966796875,-0.2642059326171875,-1.042877197265625
1773062961542144256,32.829615354537964,0.12646484375,-0.411224365234375,-1.034698486328125
1773062961552181504,32.83965253829956,0.1833953857421875,-0.4796600341796875,-1.0948028564453125
1773062961562217472,32.84968852996826,0.1723175048828125,-0.478485107421875,-1.187774658203125
1773062961572253440,32.85972452163696,0.0783843994140625,-0.4379730224609375,-1.0863037109375
1773062961582289408,32.869760513305664,-0.0148162841796875,-0.3585662841796875,-0.9480743408203125
1773062961592325376,32.879796504974365,-0.037750244140625,-0.2948760986328125,-0.93206787109375
1773062961602362368,32.88983345031738,0.0004425048828125,-0.3259735107421875,-0.90191650390625
1773062961612398336,32.899869441986084,0.0325775146484375,-0.38287353515625,-0.90301513671875
1773062961622434304,32.909905433654785,0.061492919921875,-0.3423919677734375,-0.9284515380859375
1773062961632470272,32.919941425323486,0.0824127197265625,-0.2725677490234375,-1.0085906982421875
1773062961642506240,32.92997741699219,0.1205596923828125,-0.187591552734375,-1.096466064453125
1773062961652543232,32.940014362335205,0.2062835693359375,-0.0508575439453125,-1.22760009765625
1773062961662579200,32.950050354003906,0.2678070068359375,0.0532379150390625,-1.345489501953125
1773062961672615168,32.96008634567261,0.2804412841796875,0.097015380859375,-1.3743133544921875
1773062961682651392,32.97012257575989,0.251556396484375,0.093475341796875,-1.2398529052734375
1773062961692687616,32.98015856742859,0.20684814453125,0.0301513671875,-1.02081298828125
1773062961702723584,32.99019455909729,0.1475372314453125,-0.0753021240234375,-0.783843994140625
1773062961712760576,33.00023150444031,0.104217529296875,-0.1414642333984375,-0.768280029296875
1773062961722796544,33.01026749610901,0.11309814453125,-0.1221466064453125,-0.88616943359375
1773062961732832512,33.02030348777771,0.1678924560546875,0.0426177978515625,-0.93609619140625
1773062961742868480,33.03033947944641,0.214874267578125,0.2300872802734375,-1.037750244140625
1773062961752904448,33.04037547111511,0.2345123291015625,0.2875823974609375,-1.127471923828125
1773062961762941440,33.05041241645813,0.2370147705078125,0.2135162353515625,-1.192169189453125
1773062961772977408,33.06044840812683,0.22540283203125,0.1017608642578125,-1.2207183837890625
1773062961783013376,33.07048439979553,0.2218475341796875,0.0215606689453125,-1.1952972412109375
1773062961793049088,33.080520153045654,0.233306884765625,-0.024200439453125,-1.1300811767578125
1773062961803085056,33.090556144714355,0.24102783203125,-0.0707550048828125,-1.0658111572265625
1773062961813122048,33.10059309005737,0.2446746826171875,-0.116668701171875,-1.0226593017578125
1773062961823158016,33.110629081726074,0.2447052001953125,-0.1477813720703125,-0.9998016357421875
1773062961833193984,33.120665073394775,0.2484893798828125,-0.164031982421875,-0.9794158935546875
1773062961843229952,33.13070106506348,0.2561492919921875,-0.189208984375,-0.9799957275390625
1773062961853265920,33.14073705673218,0.2438201904296875,-0.1781158447265625,-1.00238037109375
1773062961863301888,33.15077304840088,0.2417449951171875,-0.1210479736328125,-1.01324462890625
1773062961873339136,33.160810232162476,0.237823486328125,-0.089324951171875,-1.0340118408203125
1773062961883375104,33.17084622383118,0.23150634765625,-0.068023681640625,-1.041046142578125
1773062961893411072,33.18088221549988,0.2228546142578125,-0.04876708984375,-1.0349884033203125
1773062961903447040,33.19091820716858,0.211151123046875,-0.0360870361328125,-1.00433349609375
1773062961913483264,33.20095419883728,0.1964263916015625,-0.031524658203125,-0.9729461669921875
1773062961923520000,33.2109911441803,0.18609619140625,-0.0292510986328125,-0.96014404296875
1773062961933555968,33.221027135849,0.1841583251953125,-0.0290374755859375,-0.9629669189453125
1773062961943592192,33.2310631275177,0.1853790283203125,-0.0228729248046875,-0.9686126708984375
1773062961953628160,33.2410991191864,0.1845855712890625,-0.0155792236328125,-0.993682861328125
1773062961963664128,33.2511351108551,0.1905059814453125,-0.0053558349609375,-1.0171661376953125
1773062961973700096,33.261171102523804,0.1851959228515625,0.0030670166015625,-1.0076446533203125
1773062961983737088,33.27120804786682,0.1655731201171875,-0.010101318359375,-0.9821929931640625
1773062961993773056,33.28124403953552,0.1485443115234375,-0.0367584228515625,-0.94610595703125
1773062962003809024,33.291280031204224,0.1457672119140625,-0.0544281005859375,-0.94073486328125
1773062962013844992,33.301316022872925,0.1562347412109375,-0.033233642578125,-0.9718475341796875
1773062962023880960,33.311352014541626,0.1813507080078125,0.011077880859375,-0.9963226318359375
1773062962033918208,33.32138919830322,0.19512939453125,0.042877197265625,-1.0030517578125
1773062962043954176,33.331425189971924,0.1849212646484375,0.035552978515625,-0.9912261962890625
1773062962053990144,33.341461181640625,0.1660308837890625,0.0025482177734375,-0.961181640625
1773062962064026112,33.351497173309326,0.14923095703125,-0.0210113525390625,-0.9483642578125
1773062962074062080,33.36153316497803,0.1477203369140625,-0.0055084228515625,-0.946563720703125
1773062962084099072,33.371570110321045,0.15875244140625,0.0334014892578125,-0.955810546875
1773062962094135040,33.381606101989746,0.1657257080078125,0.0613555908203125,-0.9715118408203125
1773062962104171008,33.39164209365845,0.168487548828125,0.0613861083984375,-0.9869232177734375
1773062962114206976,33.40167808532715,0.1523590087890625,0.0558319091796875,-1.014862060546875
1773062962124242944,33.41171407699585,0.162200927734375,0.0410919189453125,-1.029266357421875
1773062962134278912,33.42175006866455,0.1821746826171875,0.010955810546875,-1.0334014892578125
1773062962144315904,33.43178701400757,0.177032470703125,-0.01605224609375,-1.0212554931640625
1773062962154352128,33.44182324409485,0.1573486328125,-0.0364837646484375,-1.0146331787109375
1773062962164388096,33.45185923576355,0.1529388427734375,-0.0483245849609375,-1.0095672607421875
1773062962174424064,33.46189522743225,0.1595306396484375,-0.0519256591796875,-1.0293731689453125
1773062962184460288,33.47193121910095,0.174346923828125,-0.04522705078125,-1.0499267578125
1773062962194497024,33.48196816444397,0.1813507080078125,-0.0410003662109375,-1.0593414306640625
1773062962204532992,33.49200415611267,0.174896240234375,-0.0476531982421875,-1.0649871826171875
1773062962214569216,33.50204014778137,0.16729736328125,-0.0502777099609375,-1.0647430419921875
1773062962224605184,33.51207613945007,0.16595458984375,-0.0443878173828125,-1.0526885986328125
1773062962234641152,33.522112131118774,0.1631011962890625,-0.0417938232421875,-1.039520263671875
1773062962244678144,33.53214907646179,0.1631622314453125,-0.0470123291015625,-1.0318756103515625
1773062962254714112,33.54218506813049,0.16497802734375,-0.051788330078125,-1.027618408203125
1773062962264750080,33.552221059799194,0.1647491455078125,-0.0505828857421875,-1.019744873046875
1773062962274786048,33.562257051467896,0.16912841796875,-0.0532379150390625,-1.0172119140625
1773062962284822016,33.5722930431366,0.1765594482421875,-0.0543670654296875,-1.011016845703125
1773062962294857984,33.5823290348053,0.17669677734375,-0.04498291015625,-0.9996490478515625
1773062962304895232,33.592366218566895,0.17449951171875,-0.0290679931640625,-0.997222900390625
1773062962314931200,33.602402210235596,0.1822357177734375,-0.013427734375,-0.9970855712890625
1773062962324967168,33.6124382019043,0.1904144287109375,-0.012359619140625,-0.991790771484375
1773062962335003136,33.622474193573,0.1875762939453125,-0.0341949462890625,-0.983001708984375
1773062962345039104,33.6325101852417,0.1872711181640625,-0.0552978515625,-0.979522705078125
1773062962355076096,33.64254713058472,0.1945648193359375,-0.0519866943359375,-0.9653472900390625
1773062962365112064,33.65258312225342,0.1956787109375,-0.0258636474609375,-0.9584503173828125
1773062962375148032,33.66261911392212,0.1990814208984375,0.0010986328125,-0.9553985595703125
1773062962385184000,33.67265510559082,0.2078857421875,0.017333984375,-0.953216552734375
1773062962395219968,33.68269109725952,0.2053070068359375,0.016937255859375,-0.94451904296875
1773062962405256960,33.69272804260254,0.200592041015625,-0.0006103515625,-0.936126708984375
1773062962415292928,33.70276403427124,0.2041015625,-0.012786865234375,-0.936187744140625
1773062962425328896,33.71280002593994,0.2144622802734375,-0.01129150390625,-0.9392242431640625
1773062962435364864,33.72283601760864,0.211883544921875,-0.0004425048828125,-0.951080322265625
1773062962445400832,33.732872009277344,0.2081298828125,0.017974853515625,-0.95843505859375
1773062962455438080,33.74290919303894,0.2086181640625,0.014068603515625,-0.9486236572265625
1773062962465474048,33.75294518470764,0.2038421630859375,-0.0033721923828125,-0.9357452392578125
1773062962475510016,33.76298117637634,0.19940185546875,-0.0283203125,-0.9294281005859375
1773062962485546240,33.773017168045044,0.19891357421875,-0.041351318359375,-0.9425048828125
1773062962495582208,33.783053159713745,0.2005767822265625,-0.037933349609375,-0.95831298828125
1773062962505618176,33.793089151382446,0.20587158203125,-0.02703857421875,-0.97467041015625
1773062962515655168,33.803126096725464,0.212249755859375,-0.012115478515625,-0.981201171875
1773062962525691136,33.813162088394165,0.2122039794921875,-0.0069122314453125,-0.9786376953125
1773062962535727104,33.823198080062866,0.2035064697265625,-0.021636962890625,-0.9656829833984375
1773062962545763072,33.83323407173157,0.19189453125,-0.0467376708984375,-0.9562835693359375
1773062962555799040,33.84327006340027,0.193145751953125,-0.0644073486328125,-0.9462432861328125
1773062962565836032,33.853307008743286,0.1991119384765625,-0.0529022216796875,-0.954437255859375
1773062962575872256,33.863343238830566,0.207794189453125,-0.0205841064453125,-0.9708404541015625
1773062962585908224,33.87337923049927,0.21307373046875,-0.0077056884765625,-0.98095703125
1773062962595944192,33.88341522216797,0.2085418701171875,-0.019622802734375,-0.9863739013671875
1773062962605980160,33.89345121383667,0.1997833251953125,-0.036712646484375,-0.9875030517578125
1773062962616017152,33.90348815917969,0.1966705322265625,-0.0471649169921875,-0.98394775390625
1773062962626053120,33.91352415084839,0.1943817138671875,-0.0437164306640625,-0.9857177734375
1773062962636089088,33.92356014251709,0.1959686279296875,-0.0366668701171875,-0.9840087890625
1773062962646125056,33.93359613418579,0.1949005126953125,-0.0341339111328125,-0.9803466796875
1773062962656161024,33.94363212585449,0.1873779296875,-0.0361480712890625,-0.977081298828125
1773062962666196992,33.95366811752319,0.1824188232421875,-0.041412353515625,-0.9757232666015625
1773062962676233984,33.96370506286621,0.1851348876953125,-0.04302978515625,-0.97784423828125
1773062962686269952,33.97374105453491,0.1827392578125,-0.0367889404296875,-0.985565185546875
1773062962696305920,33.98377704620361,0.1810455322265625,-0.0361328125,-1.0001068115234375
1773062962706341888,33.993813037872314,0.18658447265625,-0.03546142578125,-1.0012969970703125
1773062962716377856,34.003849029541016,0.1847686767578125,-0.045440673828125,-0.98895263671875
1773062962726415104,34.01388621330261,0.17523193359375,-0.0604248046875,-0.974578857421875
1773062962736451072,34.02392220497131,0.1722564697265625,-0.0610809326171875,-0.970794677734375
1773062962746487040,34.033958196640015,0.1770477294921875,-0.0436553955078125,-0.9730072021484375
1773062962756523008,34.043994188308716,0.178131103515625,-0.022979736328125,-0.9782867431640625
1773062962766559232,34.05403017997742,0.176513671875,-0.013763427734375,-0.9850006103515625
1773062962776595968,34.064067125320435,0.1760711669921875,-0.015106201171875,-0.9863128662109375
1773062962786631936,34.074103116989136,0.1744384765625,-0.0247039794921875,-0.982391357421875
1773062962796669184,34.08414030075073,0.1773529052734375,-0.0317840576171875,-0.9819793701171875
1773062962806705152,34.094176292419434,0.17755126953125,-0.028472900390625,-0.980682373046875
1773062962816741120,34.104212284088135,0.177459716796875,-0.0257720947265625,-0.97576904296875
1773062962826777344,34.114248275756836,0.1762542724609375,-0.0277557373046875,-0.974456787109375
1773062962836814080,34.12428522109985,0.1814422607421875,-0.0276031494140625,-0.9706268310546875
1773062962846850048,34.134321212768555,0.184295654296875,-0.01513671875,-0.972381591796875
1773062962856886272,34.144357204437256,0.1869354248046875,-0.00347900390625,-0.974884033203125
1773062962866922240,34.15439319610596,0.1880950927734375,-0.0052642822265625,-0.9833526611328125
1773062962876958208,34.16442918777466,0.1876373291015625,-0.0160064697265625,-0.99432373046875
1773062962886995200,34.174466133117676,0.1904449462890625,-0.0256805419921875,-0.9969940185546875
1773062962897031168,34.18450212478638,0.1901092529296875,-0.0326690673828125,-0.9737396240234375
1773062962907067136,34.19453811645508,0.1806793212890625,-0.041656494140625,-0.9465789794921875
1773062962917103104,34.20457410812378,0.1741943359375,-0.0435333251953125,-0.94134521484375
1773062962927139072,34.21461009979248,0.1818695068359375,-0.0342254638671875,-0.9568328857421875
1773062962937176320,34.22464728355408,0.193603515625,-0.020904541015625,-0.9734344482421875
1773062962947212288,34.23468327522278,0.1883544921875,-0.0147705078125,-0.9868621826171875
1773062962957248256,34.24471926689148,0.1806488037109375,-0.0102996826171875,-0.987091064453125
1773062962967284224,34.25475525856018,0.18695068359375,-0.01025390625,-0.976837158203125
1773062962977320192,34.26479125022888,0.1932220458984375,-0.0238494873046875,-0.9670562744140625
1773062962987356160,34.27482724189758,0.1921844482421875,-0.0412445068359375,-0.960540771484375
1773062962997393152,34.2848641872406,0.1880950927734375,-0.050811767578125,-0.95770263671875
1773062963007429120,34.2949001789093,0.18359375,-0.0574188232421875,-0.9656829833984375
1773062963017465088,34.304936170578,0.1850433349609375,-0.0486907958984375,-0.97509765625
1773062963027501056,34.314972162246704,0.191986083984375,-0.026336669921875,-0.9799957275390625
1773062963037537024,34.325008153915405,0.197113037109375,-0.0160064697265625,-0.9876708984375
1773062963047574016,34.33504509925842,0.1952056884765625,-0.0251922607421875,-0.981658935546875
1773062963057610240,34.3450813293457,0.189971923828125,-0.048858642578125,-0.9852447509765625
1773062963067646208,34.355117321014404,0.1937103271484375,-0.05377197265625,-0.98870849609375
1773062963077682176,34.365153312683105,0.197662353515625,-0.0360870361328125,-0.9890289306640625
1773062963087718144,34.37518930435181,0.1940155029296875,-0.022003173828125,-0.9869384765625
1773062963097755136,34.385226249694824,0.1848297119140625,-0.0211181640625,-0.9783477783203125
1773062963107791104,34.395262241363525,0.1805419921875,-0.03070068359375,-0.979888916015625
1773062963117827072,34.40529823303223,0.183807373046875,-0.03253173828125,-0.9834136962890625
1773062963127863296,34.41533422470093,0.1879119873046875,-0.03399658203125,-0.9923858642578125
1773062963137899264,34.42537021636963,0.1895294189453125,-0.0326995849609375,-0.9981231689453125
1773062963147936000,34.43540716171265,0.185028076171875,-0.0398406982421875,-0.9882659912109375
1773062963157972224,34.44544315338135,0.1772003173828125,-0.0560302734375,-0.9861907958984375
1773062963168008192,34.45547914505005,0.176300048828125,-0.0583343505859375,-0.980438232421875
1773062963178044160,34.46551513671875,0.1759490966796875,-0.04608154296875,-0.978485107421875
1773062963188080128,34.47555112838745,0.1737823486328125,-0.0295257568359375,-0.9808807373046875
1773062963198116096,34.48558712005615,0.1714935302734375,-0.0179443359375,-0.982452392578125
1773062963208153344,34.49562430381775,0.16705322265625,-0.0145111083984375,-0.983154296875
1773062963218189312,34.50566029548645,0.1671905517578125,-0.016204833984375,-0.98138427734375
1773062963228225280,34.51569628715515,0.1694793701171875,-0.0204315185546875,-0.987884521484375
1773062963238261248,34.52573227882385,0.17425537109375,-0.031646728515625,-0.989959716796875
1773062963248297216,34.535768270492554,0.168121337890625,-0.04833984375,-0.9853515625
1773062963258334208,34.54580521583557,0.1595916748046875,-0.0530548095703125,-0.976318359375
1773062963268370176,34.55584120750427,0.1628875732421875,-0.0468902587890625,-0.971893310546875
1773062963278406144,34.565877199172974,0.1689453125,-0.022552490234375,-0.976287841796875
1773062963288442112,34.575913190841675,0.172088623046875,0.0034332275390625,-0.97784423828125
1773062963298478080,34.585949182510376,0.1728363037109375,0.007965087890625,-0.9770965576171875
1773062963308515072,34.595986127853394,0.167755126953125,-0.0141448974609375,-0.9791412353515625
1773062963318551040,34.606022119522095,0.1656036376953125,-0.0473175048828125,-0.98211669921875
1773062963328587008,34.616058111190796,0.16827392578125,-0.0621337890625,-0.9781646728515625
1773062963338622976,34.6260941028595,0.1704559326171875,-0.051300048828125,-0.972991943359375
1773062963348658944,34.6361300945282,0.17059326171875,-0.030303955078125,-0.974578857421875
1773062963358696192,34.646167278289795,0.172393798828125,-0.023681640625,-0.96978759765625
1773062963368732160,34.656203269958496,0.1684112548828125,-0.03668212890625,-0.9678192138671875
1773062963378768128,34.6662392616272,0.166351318359375,-0.0557708740234375,-0.9680328369140625
1773062963388804096,34.6762752532959,0.1712646484375,-0.07073974609375,-0.9805145263671875
1773062963398840064,34.6863112449646,0.176055908203125,-0.0741424560546875,-0.9869232177734375
1773062963408876288,34.6963472366333,0.1739654541015625,-0.072021484375,-0.982177734375
1773062963418913024,34.70638418197632,0.171173095703125,-0.07293701171875,-0.97662353515625
1773062963428948992,34.71642017364502,0.175079345703125,-0.07000732421875,-0.979339599609375
1773062963438985216,34.72645616531372,0.1815643310546875,-0.0630645751953125,-0.973724365234375
1773062963449021184,34.73649215698242,0.1800384521484375,-0.0597991943359375,-0.976806640625
1773062963459057152,34.74652814865112,0.18194580078125,-0.068328857421875,-0.98663330078125
1773062963469094144,34.75656509399414,0.188323974609375,-0.0764923095703125,-1.00018310546875
1773062963479130368,34.76660132408142,0.1943359375,-0.0676422119140625,-1.0006256103515625
1773062963489166336,34.77663731575012,0.197723388671875,-0.058013916015625,-1.0028228759765625
1773062963499202304,34.78667330741882,0.1968231201171875,-0.0547943115234375,-1.00689697265625
1773062963509238272,34.796709299087524,0.195770263671875,-0.0550994873046875,-1.01153564453125
1773062963519275264,34.80674624443054,0.199920654296875,-0.0558013916015625,-1.0131988525390625
1773062963529311232,34.81678223609924,0.202056884765625,-0.0534820556640625,-1.00970458984375
1773062963539347200,34.826818227767944,0.1981201171875,-0.0463714599609375,-0.9917144775390625
1773062963549383168,34.836854219436646,0.19091796875,-0.051025390625,-0.9733428955078125
1773062963559419136,34.84689021110535,0.18426513671875,-0.071197509765625,-0.9654083251953125
1773062963569456128,34.856927156448364,0.1772308349609375,-0.0836029052734375,-0.9603118896484375
1773062963579492096,34.866963148117065,0.17266845703125,-0.07489013671875,-0.959136962890625
1773062963589528064,34.87699913978577,0.1722869873046875,-0.0547027587890625,-0.9686126708984375
1773062963599564032,34.88703513145447,0.17156982421875,-0.03369140625,-0.9839935302734375
1773062963609600000,34.89707112312317,0.16925048828125,-0.0224761962890625,-0.993621826171875
1773062963619637248,34.907108306884766,0.1699371337890625,-0.0289459228515625,-0.994171142578125
1773062963629673216,34.91714429855347,0.166412353515625,-0.0476837158203125,-0.9810028076171875
1773062963639709184,34.92718029022217,0.1600189208984375,-0.07391357421875,-0.9659423828125
1773062963649745152,34.93721628189087,0.153839111328125,-0.0908660888671875,-0.948333740234375
1773062963659781120,34.94725227355957,0.14910888671875,-0.0836029052734375,-0.9399261474609375
1773062963669817088,34.95728826522827,0.147430419921875,-0.060516357421875,-0.9427337646484375
1773062963679854080,34.96732521057129,0.1512603759765625,-0.03741455078125,-0.9476318359375
1773062963689890048,34.97736120223999,0.154327392578125,-0.0318145751953125,-0.96002197265625
1773062963699926016,34.98739719390869,0.1582794189453125,-0.0487823486328125,-0.97265625
1773062963709962240,34.99743318557739,0.16363525390625,-0.0693817138671875,-0.9727630615234375
1773062963719998208,35.007469177246094,0.1601715087890625,-0.0804595947265625,-0.97021484375
1773062963730034944,35.01750612258911,0.1583709716796875,-0.07843017578125,-0.9597320556640625
1773062963740071168,35.02754211425781,0.1534881591796875,-0.07220458984375,-0.9520721435546875
1773062963750107136,35.037578105926514,0.1545562744140625,-0.07073974609375,-0.9594268798828125
1773062963760143104,35.047614097595215,0.161651611328125,-0.0650787353515625,-0.96490478515625
1773062963770179328,35.057650327682495,0.1630401611328125,-0.057037353515625,-0.9751739501953125
1773062963780216320,35.06768727302551,0.1645660400390625,-0.0514678955078125,-0.9856109619140625
1773062963790252288,35.077723264694214,0.17144775390625,-0.054656982421875,-0.9969329833984375
1773062963800287744,35.08775877952576,0.1746368408203125,-0.0666656494140625,-1.00067138671875
1773062963810323712,35.09779477119446,0.1739959716796875,-0.077911376953125,-0.99835205078125
1773062963820359680,35.10783076286316,0.1722564697265625,-0.07867431640625,-0.9833221435546875
1773062963830396672,35.11786770820618,0.1692047119140625,-0.07318115234375,-0.973846435546875
1773062963840432640,35.12790369987488,0.1669921875,-0.0602874755859375,-0.982269287109375
1773062963850468608,35.13793969154358,0.1693572998046875,-0.0406951904296875,-0.991058349609375
1773062963860504576,35.14797568321228,0.1676483154296875,-0.032379150390625,-0.9910888671875
1773062963870540544,35.15801167488098,0.167755126953125,-0.050201416015625,-0.9920654296875
1773062963880577536,35.168048620224,0.17138671875,-0.0694580078125,-0.9879302978515625
1773062963890613504,35.1780846118927,0.16656494140625,-0.0698699951171875,-0.98748779296875
1773062963900649472,35.1881206035614,0.16705322265625,-0.051483154296875,-0.98956298828125
1773062963910685440,35.1981565952301,0.1697998046875,-0.032806396484375,-0.9859619140625
1773062963920721664,35.20819282531738,0.1653900146484375,-0.0273284912109375,-0.9807586669921875
1773062963930757888,35.218228816986084,0.1600189208984375,-0.0368194580078125,-0.9691314697265625
1773062963940794624,35.2282657623291,0.1618194580078125,-0.0525665283203125,-0.966827392578125
1773062963950830592,35.2383017539978,0.1657562255859375,-0.0655517578125,-0.963104248046875
1773062963960866816,35.248337745666504,0.16326904296875,-0.0708770751953125,-0.971343994140625
1773062963970902784,35.258373737335205,0.1650848388671875,-0.0642547607421875,-0.9814453125
1773062963980938752,35.268409729003906,0.16986083984375,-0.054840087890625,-0.9888916015625
1773062963990975744,35.278446674346924,0.1714935302734375,-0.055389404296875,-0.989501953125
1773062964001011712,35.288482666015625,0.1663818359375,-0.0612945556640625,-0.98663330078125
1773062964011047680,35.298518657684326,0.16644287109375,-0.0636749267578125,-0.9864654541015625
1773062964021083648,35.30855464935303,0.168609619140625,-0.0546417236328125,-0.991668701171875
1773062964031119616,35.31859064102173,0.1727447509765625,-0.0479736328125,-0.993255615234375
1773062964041156864,35.328627824783325,0.170379638671875,-0.0470733642578125,-0.9891815185546875
1773062964051192832,35.338663816452026,0.1668701171875,-0.056793212890625,-0.983978271484375
1773062964061228800,35.34869980812073,0.16925048828125,-0.0760650634765625,-0.9781646728515625
1773062964071264768,35.35873579978943,0.171234130859375,-0.0866546630859375,-0.9731597900390625
1773062964081300736,35.36877179145813,0.1707305908203125,-0.0821380615234375,-0.97772216796875
1773062964091337728,35.37880873680115,0.169677734375,-0.0635528564453125,-0.9817352294921875
1773062964101373696,35.38884472846985,0.1658782958984375,-0.0536956787109375,-0.9853363037109375
1773062964111409664,35.39888072013855,0.1670074462890625,-0.0562896728515625,-0.9901580810546875
1773062964121445632,35.40891671180725,0.171478271484375,-0.06402587890625,-0.983978271484375
1773062964131481600,35.41895270347595,0.16943359375,-0.0720062255859375,-0.9829559326171875
1773062964141518592,35.42898964881897,0.1663818359375,-0.07373046875,-0.982086181640625
1773062964151554560,35.43902564048767,0.1621856689453125,-0.07623291015625,-0.9860382080078125
1773062964161590528,35.44906163215637,0.159332275390625,-0.077423095703125,-0.9910888671875
1773062964171626496,35.45909762382507,0.160919189453125,-0.0811004638671875,-0.9939117431640625
1773062964181662464,35.469133615493774,0.1638946533203125,-0.0803375244140625,-0.9898529052734375
1773062964191699712,35.47917079925537,0.1573944091796875,-0.0803375244140625,-0.975250244140625
1773062964201735680,35.48920679092407,0.15087890625,-0.086700439453125,-0.970703125
1773062964211771648,35.49924278259277,0.14910888671875,-0.087646484375,-0.96929931640625
1773062964221807616,35.509278774261475,0.14691162109375,-0.0765838623046875,-0.9753265380859375
1773062964231843584,35.519314765930176,0.1492462158203125,-0.0626983642578125,-0.982421875
1773062964241880576,35.52935171127319,0.15234375,-0.0547027587890625,-0.9842987060546875
1773062964251916544,35.539387702941895,0.1498565673828125,-0.06304931640625,-0.986419677734375
1773062964261952512,35.549423694610596,0.144775390625,-0.0867462158203125,-0.97967529296875
1773062964271988736,35.5594596862793,0.1419219970703125,-0.1091156005859375,-0.976165771484375
1773062964282024704,35.569495677948,0.1369781494140625,-0.1170654296875,-0.9888916015625
1773062964292060672,35.5795316696167,0.13873291015625,-0.1141815185546875,-1.0033111572265625
1773062964302097664,35.58956861495972,0.14544677734375,-0.1044769287109375,-1.006439208984375
1773062964312133632,35.59960460662842,0.14263916015625,-0.1089324951171875,-0.9992523193359375
1773062964322169600,35.60964059829712,0.1391448974609375,-0.138031005859375,-1.0053253173828125
1773062964332205824,35.6196768283844,0.1390838623046875,-0.1540069580078125,-1.0169219970703125
1773062964342241792,35.6297128200531,0.144622802734375,-0.144683837890625,-1.027313232421875
1773062964352278784,35.63974976539612,0.1497039794921875,-0.1213226318359375,-1.036224365234375
1773062964362314752,35.64978575706482,0.149200439453125,-0.09466552734375,-1.029541015625
1773062964372350720,35.65982174873352,0.1400146484375,-0.0677947998046875,-1.01983642578125
1773062964382386688,35.66985774040222,0.1374664306640625,-0.0422821044921875,-1.0184173583984375
1773062964392422656,35.67989373207092,0.158477783203125,-0.009552001953125,-1.00927734375
1773062964402459648,35.68993067741394,0.1845703125,0.02410888671875,-1.0090484619140625
1773062964412495616,35.69996666908264,0.192840576171875,0.045440673828125,-1.0088653564453125
1773062964422531584,35.71000266075134,0.185638427734375,0.046234130859375,-1.0111541748046875
1773062964432567552,35.720038652420044,0.1783447265625,0.0305633544921875,-1.012786865234375
1773062964442603520,35.730074644088745,0.168304443359375,0.010162353515625,-1.003387451171875
1773062964452640768,35.74011182785034,0.1539306640625,-0.012298583984375,-0.98095703125
1773062964462676736,35.75014781951904,0.13690185546875,-0.0411224365234375,-0.970916748046875
1773062964472712704,35.760183811187744,0.126495361328125,-0.0659942626953125,-0.968597412109375
1773062964482748672,35.770219802856445,0.11627197265625,-0.0750579833984375,-0.956756591796875
1773062964492784640,35.78025579452515,0.109771728515625,-0.076416015625,-0.952606201171875
1773062964502821632,35.790292739868164,0.1116943359375,-0.077362060546875,-0.953338623046875
1773062964512857600,35.800328731536865,0.1165924072265625,-0.0760345458984375,-0.9493408203125
1773062964522893568,35.810364723205566,0.1102294921875,-0.0727996826171875,-0.9400482177734375
1773062964532929536,35.82040071487427,0.1095733642578125,-0.0758514404296875,-0.928924560546875
1773062964542965760,35.83043670654297,0.1173858642578125,-0.0855560302734375,-0.9244384765625
1773062964553002496,35.840473651885986,0.1223297119140625,-0.1013031005859375,-0.916748046875
1773062964563038464,35.85050964355469,0.1247711181640625,-0.1221466064453125,-0.924560546875
1773062964573074688,35.86054563522339,0.1326446533203125,-0.114501953125,-0.937164306640625
1773062964583110656,35.87058162689209,0.1403045654296875,-0.087371826171875,-0.9447479248046875
1773062964593146624,35.88061761856079,0.140472412109375,-0.079010009765625,-0.949981689453125
1773062964603183872,35.89065480232239,0.1363677978515625,-0.101348876953125,-0.947052001953125
1773062964613219840,35.90069079399109,0.134033203125,-0.1334381103515625,-0.9452667236328125
1773062964623255808,35.91072678565979,0.1369171142578125,-0.1478118896484375,-0.951995849609375
1773062964633291776,35.92076277732849,0.1398773193359375,-0.1320648193359375,-0.96307373046875
1773062964643327744,35.93079876899719,0.14007568359375,-0.11102294921875,-0.96929931640625
1773062964653363712,35.940834760665894,0.1337127685546875,-0.116058349609375,-0.963470458984375
1773062964663400704,35.95087170600891,0.122589111328125,-0.1348419189453125,-0.96343994140625
1773062964673436672,35.96090769767761,0.122039794921875,-0.137542724609375,-0.968597412109375
1773062964683472640,35.97094368934631,0.1343231201171875,-0.1186065673828125,-0.98992919921875
1773062964693508608,35.980979681015015,0.1396026611328125,-0.08868408203125,-1.0075836181640625
1773062964703544576,35.991015672683716,0.134368896484375,-0.0785369873046875,-1.008697509765625
1773062964713581568,36.00105261802673,0.1250152587890625,-0.0982666015625,-0.9923248291015625
1773062964723617536,36.011088609695435,0.1183624267578125,-0.131805419921875,-0.9759674072265625
1773062964733653504,36.021124601364136,0.118896484375,-0.1439361572265625,-0.973724365234375
1773062964743689472,36.03116059303284,0.1229095458984375,-0.1220855712890625,-0.9828643798828125
1773062964753725696,36.04119682312012,0.1262359619140625,-0.08758544921875,-0.99365234375
1773062964763762688,36.051233768463135,0.1202239990234375,-0.07196044921875,-1.00006103515625
1773062964773798656,36.061269760131836,0.1144866943359375,-0.077880859375,-1.0024566650390625
1773062964783834624,36.07130575180054,0.1132354736328125,-0.098175048828125,-1.006988525390625
1773062964793870592,36.08134174346924,0.1173553466796875,-0.1075439453125,-0.99652099609375
1773062964803907072,36.0913782119751,0.120147705078125,-0.1086883544921875,-0.9864654541015625
1773062964813944064,36.101415157318115,0.1158294677734375,-0.105010986328125,-0.98846435546875
1773062964823980032,36.111451148986816,0.1134796142578125,-0.096343994140625,-0.994354248046875
1773062964834016000,36.12148714065552,0.113922119140625,-0.0955047607421875,-0.99468994140625
1773062964844051968,36.13152313232422,0.112274169921875,-0.101837158203125,-0.9920196533203125
1773062964854088192,36.14155912399292,0.11444091796875,-0.105682373046875,-0.991851806640625
1773062964864125184,36.15159630775452,0.1222686767578125,-0.0963287353515625,-0.9906768798828125
1773062964874161152,36.16163229942322,0.1245269775390625,-0.090057373046875,-0.9823760986328125
1773062964884197120,36.17166829109192,0.118072509765625,-0.101531982421875,-0.9764404296875
1773062964894233344,36.18170428276062,0.1152801513671875,-0.1143035888671875,-0.991546630859375
1773062964904269312,36.19174027442932,0.12481689453125,-0.10992431640625,-0.9998626708984375
1773062964914306048,36.20177721977234,0.1276702880859375,-0.101959228515625,-0.9904632568359375
1773062964924342272,36.21181321144104,0.122100830078125,-0.1018829345703125,-0.98797607421875
1773062964934378240,36.22184920310974,0.123748779296875,-0.102264404296875,-0.990966796875
1773062964944414208,36.23188519477844,0.1240692138671875,-0.106475830078125,-0.9792022705078125
1773062964954450176,36.241921186447144,0.116180419921875,-0.11358642578125,-0.9686126708984375
1773062964964487168,36.25195813179016,0.1147613525390625,-0.1095123291015625,-0.983306884765625
1773062964974523136,36.26199412345886,0.126434326171875,-0.0924224853515625,-0.9879913330078125
1773062964984559104,36.27203011512756,0.126983642578125,-0.08770751953125,-0.983123779296875
1773062964994595072,36.282066106796265,0.1203765869140625,-0.10211181640625,-0.9726409912109375
1773062965004631040,36.292102098464966,0.1210784912109375,-0.1224517822265625,-0.973876953125
1773062965014668288,36.30213928222656,0.120635986328125,-0.1246185302734375,-0.9752655029296875
1773062965024704256,36.312175273895264,0.1185760498046875,-0.1021270751953125,-0.976318359375
1773062965034740224,36.322211265563965,0.1277618408203125,-0.080596923828125,-0.9752655029296875
1773062965044776192,36.332247257232666,0.1326904296875,-0.0829010009765625,-0.9718475341796875
1773062965054812160,36.34228324890137,0.1264190673828125,-0.10528564453125,-0.9829559326171875
1773062965064849152,36.352320194244385,0.1232147216796875,-0.1079559326171875,-0.98370361328125
1773062965074885120,36.362356185913086,0.1246337890625,-0.0851593017578125,-0.97998046875
1773062965084921088,36.37239217758179,0.13214111328125,-0.0736083984375,-0.979400634765625
1773062965094957056,36.38242816925049,0.135498046875,-0.0901031494140625,-0.9733734130859375
1773062965104993024,36.39246416091919,0.1201171875,-0.1204376220703125,-0.9712677001953125
1773062965115030016,36.40250110626221,0.1133270263671875,-0.1232147216796875,-0.9890594482421875
1773062965125065984,36.41253709793091,0.1317596435546875,-0.09173583984375,-0.9935760498046875
1773062965135102208,36.42257332801819,0.14129638671875,-0.0686187744140625,-0.99176025390625
1773062965145138176,36.43260931968689,0.1355438232421875,-0.0841064453125,-0.9811553955078125
1773062965155174144,36.44264531135559,0.123382568359375,-0.12646484375,-0.98004150390625
1773062965165211136,36.45268225669861,0.1173858642578125,-0.1459197998046875,-0.992889404296875
1773062965175247104,36.46271824836731,0.1282196044921875,-0.1121063232421875,-0.9955596923828125
1773062965185283072,36.47275424003601,0.1368560791015625,-0.070953369140625,-0.99603271484375
1773062965195319296,36.48279023170471,0.13995361328125,-0.07025146484375,-0.9903564453125
1773062965205355264,36.49282622337341,0.1279754638671875,-0.108673095703125,-0.985870361328125
1773062965215392000,36.50286316871643,0.11505126953125,-0.137176513671875,-0.9793243408203125
1773062965225428224,36.51289916038513,0.11968994140625,-0.124237060546875,-0.9731903076171875
1773062965235464192,36.52293515205383,0.1314849853515625,-0.09014892578125,-0.9762115478515625
1773062965245500160,36.532971143722534,0.1349334716796875,-0.07159423828125,-0.986480712890625
1773062965255536128,36.543007135391235,0.128387451171875,-0.0858306884765625,-0.9966888427734375
1773062965265573376,36.55304431915283,0.1246337890625,-0.1051788330078125,-0.986297607421875
1773062965275609344,36.56308031082153,0.12432861328125,-0.1160125732421875,-0.978363037109375
1773062965285645312,36.573116302490234,0.13287353515625,-0.10894775390625,-0.9795074462890625
1773062965295681280,36.583152294158936,0.136260986328125,-0.09576416015625,-0.9910888671875
1773062965305717248,36.59318828582764,0.1247711181640625,-0.0881195068359375,-0.9974822998046875
1773062965315754240,36.603225231170654,0.121002197265625,-0.0881195068359375,-0.9843597412109375
1773062965325790208,36.613261222839355,0.128662109375,-0.096893310546875,-0.97796630859375
1773062965335826176,36.62329721450806,0.131103515625,-0.10845947265625,-0.9800262451171875
1773062965345862144,36.63333320617676,0.1261444091796875,-0.1065216064453125,-0.9837799072265625
1773062965355898112,36.64336919784546,0.123870849609375,-0.0923919677734375,-0.9875030517578125
1773062965365935104,36.65340614318848,0.130279541015625,-0.0810546875,-0.98974609375
1773062965375971072,36.66344213485718,0.13287353515625,-0.084228515625,-0.9826507568359375
1773062965386007040,36.67347812652588,0.1257171630859375,-0.102294921875,-0.9802703857421875
1773062965396043008,36.68351411819458,0.127410888671875,-0.10833740234375,-0.9891815185546875
1773062965406078976,36.69355010986328,0.133758544921875,-0.093902587890625,-0.993927001953125
1773062965416114944,36.70358610153198,0.131317138671875,-0.0845184326171875,-0.9937591552734375
1773062965426152192,36.71362328529358,0.129425048828125,-0.0931549072265625,-0.9921875
1773062965436188160,36.72365927696228,0.12860107421875,-0.10931396484375,-0.98187255859375
1773062965446224128,36.73369526863098,0.1256866455078125,-0.122711181640625,-0.972137451171875
1773062965456260096,36.74373126029968,0.1226348876953125,-0.1215972900390625,-0.9715728759765625
1773062965466296320,36.753767251968384,0.124664306640625,-0.1091156005859375,-0.97540283203125
1773062965476333056,36.7638041973114,0.126953125,-0.1010894775390625,-0.9774169921875
1773062965486369024,36.7738401889801,0.1284027099609375,-0.1042327880859375,-0.9886016845703125
1773062965496405248,36.783876180648804,0.1316680908203125,-0.1036529541015625,-0.99755859375
1773062965506441216,36.793912172317505,0.130645751953125,-0.1054229736328125,-0.9944915771484375
1773062965516477184,36.803948163986206,0.1279754638671875,-0.11126708984375,-0.988616943359375
1773062965526514176,36.813985109329224,0.1276092529296875,-0.1194610595703125,-0.9849700927734375
1773062965536550144,36.824021100997925,0.127227783203125,-0.123138427734375,-0.9807281494140625
1773062965546586112,36.834057092666626,0.1223602294921875,-0.1264190673828125,-0.9807586669921875
1773062965556622336,36.844093322753906,0.123046875,-0.12701416015625,-0.9840087890625
1773062965566658304,36.85412931442261,0.1255035400390625,-0.1263275146484375,-0.9853973388671875
1773062965576695296,36.864166259765625,0.126739501953125,-0.124481201171875,-0.9940338134765625
1773062965586731264,36.874202251434326,0.12628173828125,-0.120391845703125,-0.9949951171875
1773062965596767232,36.88423824310303,0.1220245361328125,-0.11444091796875,-0.994049072265625
1773062965606803200,36.89427423477173,0.123321533203125,-0.1089935302734375,-0.986480712890625
1773062965616839168,36.90431022644043,0.1219635009765625,-0.1125640869140625,-0.98248291015625
1773062965626876160,36.91434717178345,0.1182708740234375,-0.1292572021484375,-0.976226806640625
1773062965636912128,36.92438316345215,0.1181793212890625,-0.1398468017578125,-0.9730072021484375
1773062965646948096,36.93441915512085,0.1154937744140625,-0.1311492919921875,-0.9735107421875
1773062965656984064,36.94445514678955,0.1123199462890625,-0.111114501953125,-0.97418212890625
1773062965667020032,36.95449113845825,0.1148834228515625,-0.1043701171875,-0.9777679443359375
1773062965677057280,36.96452832221985,0.121734619140625,-0.11474609375,-0.987640380859375
1773062965687093248,36.97456431388855,0.1206817626953125,-0.131805419921875,-0.987518310546875
1773062965697129216,36.98460030555725,0.1163787841796875,-0.147430419921875,-0.982025146484375
1773062965707165184,36.99463629722595,0.1189727783203125,-0.152496337890625,-0.98291015625
1773062965717201152,37.00467228889465,0.1183929443359375,-0.14776611328125,-0.9829864501953125
1773062965727238144,37.01470923423767,0.119476318359375,-0.1358642578125,-0.9891204833984375
1773062965737274112,37.02474522590637,0.12481689453125,-0.1240234375,-0.987884521484375
1773062965747310080,37.03478121757507,0.1246795654296875,-0.11846923828125,-0.9932708740234375
1773062965757346048,37.044817209243774,0.124420166015625,-0.12152099609375,-0.9981842041015625
1773062965767382272,37.054853200912476,0.128204345703125,-0.131683349609375,-0.9917144775390625
1773062965777419008,37.06489014625549,0.1246337890625,-0.1457061767578125,-0.9866180419921875
1773062965787454976,37.074926137924194,0.12213134765625,-0.157318115234375,-0.987945556640625
1773062965797490432,37.08496141433716,0.1201324462890625,-0.157073974609375,-0.98577880859375
1773062965807526400,37.09499740600586,0.1152191162109375,-0.147003173828125,-0.9794464111328125
1773062965817562368,37.10503339767456,0.10491943359375,-0.140777587890625,-0.9809417724609375
1773062965827599360,37.11507034301758,0.0997314453125,-0.142364501953125,-0.9778289794921875
1773062965837635328,37.12510633468628,0.1175537109375,-0.1615753173828125,-0.976898193359375
1773062965847671296,37.13514232635498,0.09759521484375,-0.1729278564453125,-0.9841156005859375
1773062965857707264,37.14517831802368,0.0885467529296875,-0.1594085693359375,-0.985565185546875
1773062965867743232,37.15521430969238,0.1048431396484375,-0.1646881103515625,-0.9682769775390625
1773062965877780224,37.1652512550354,0.1006011962890625,-0.180694580078125,-0.954498291015625
1773062965887816192,37.1752872467041,0.089599609375,-0.1882781982421875,-0.9487762451171875
1773062965897852160,37.1853232383728,0.0891571044921875,-0.1907806396484375,-0.9568328857421875
1773062965907888128,37.195359230041504,0.0939483642578125,-0.1875762939453125,-0.966888427734375
1773062965917924096,37.205395221710205,0.0972900390625,-0.1709442138671875,-0.9742889404296875
1773062965927961344,37.2154324054718,0.0952301025390625,-0.1597137451171875,-0.97454833984375
1773062965937997312,37.2254683971405,0.090728759765625,-0.170135498046875,-0.965728759765625
1773062965948033280,37.235504388809204,0.0865936279296875,-0.1952972412109375,-0.955352783203125
1773062965958069248,37.245540380477905,0.0839385986328125,-0.21148681640625,-0.9488372802734375
1773062965968105216,37.255576372146606,0.0891876220703125,-0.2079010009765625,-0.949462890625
1773062965978142208,37.265613317489624,0.097015380859375,-0.1877288818359375,-0.960174560546875
1773062965988178176,37.275649309158325,0.1047210693359375,-0.1751708984375,-0.968536376953125
1773062965998214144,37.285685300827026,0.1098785400390625,-0.1847381591796875,-0.9814453125
1773062966008250112,37.29572129249573,0.11016845703125,-0.1968231201171875,-0.9861297607421875
1773062966018286336,37.30575728416443,0.105926513671875,-0.2039947509765625,-0.9817962646484375
1773062966028323072,37.315794229507446,0.1009368896484375,-0.2075958251953125,-0.970306396484375
1773062966038359040,37.32583022117615,0.10870361328125,-0.216156005859375,-0.9445343017578125
1773062966048395520,37.33586645126343,0.1124114990234375,-0.2326507568359375,-0.917694091796875
1773062966058431488,37.34590244293213,0.1125030517578125,-0.236785888671875,-0.90777587890625
1773062966068467456,37.35593843460083,0.1166534423828125,-0.21234130859375,-0.9131011962890625
1773062966078504448,37.36597537994385,0.1233062744140625,-0.193634033203125,-0.93402099609375
1773062966088540416,37.37601137161255,0.1158599853515625,-0.2099151611328125,-0.9631195068359375
1773062966098576384,37.38604736328125,0.0962066650390625,-0.2669525146484375,-0.9691619873046875
1773062966108612352,37.39608335494995,0.0865936279296875,-0.3334503173828125,-0.944793701171875
1773062966118648320,37.40611934661865,0.114959716796875,-0.3330841064453125,-0.906280517578125
1773062966128685312,37.41615629196167,0.1371612548828125,-0.30975341796875,-0.779876708984375
1773062966138721280,37.42619228363037,0.07415771484375,-0.325775146484375,-0.7714996337890625
1773062966148757248,37.43622827529907,0.003753662109375,-0.143890380859375,-0.9334716796875
1773062966158793216,37.44626426696777,0.0544281005859375,0.13604736328125,-1.0499114990234375
1773062966168829184,37.456300258636475,0.1573028564453125,0.2296600341796875,-1.11810302734375
1773062966178866432,37.46633744239807,0.1708984375,0.1628875732421875,-1.1764373779296875
1773062966188902400,37.47637343406677,0.16448974609375,0.1284637451171875,-1.249237060546875
1773062966198938368,37.486409425735474,0.184600830078125,0.063812255859375,-1.2694244384765625
1773062966208974336,37.496445417404175,0.1536712646484375,-0.15142822265625,-1.2220001220703125
1773062966219010304,37.506481409072876,0.12481689453125,-0.182586669921875,-1.169891357421875
1773062966229047296,37.516518354415894,0.1483917236328125,-0.0844268798828125,-1.1139984130859375
1773062966239083264,37.526554346084595,0.14178466796875,-0.10528564453125,-1.0599517822265625
1773062966249119232,37.536590337753296,0.12615966796875,-0.1442718505859375,-0.9973297119140625
1773062966259155200,37.546626329422,0.139495849609375,-0.1725006103515625,-0.9320526123046875
1773062966269191168,37.5566623210907,0.1401214599609375,-0.1951141357421875,-0.8450469970703125
1773062966279228160,37.566699266433716,0.113800048828125,-0.171539306640625,-0.7864227294921875
1773062966289264128,37.57673525810242,0.094573974609375,-0.1564178466796875,-0.766326904296875
1773062966299300096,37.58677124977112,0.0738372802734375,-0.184600830078125,-0.7845916748046875
1773062966309336064,37.59680724143982,0.05889892578125,-0.216766357421875,-0.8286590576171875
1773062966319373312,37.606844425201416,0.07464599609375,-0.2153472900390625,-0.8928070068359375
1773062966329409280,37.61688041687012,0.10272216796875,-0.1732635498046875,-0.9515228271484375
1773062966339445248,37.62691640853882,0.10882568359375,-0.107025146484375,-0.994140625
1773062966349481472,37.63695240020752,0.0962982177734375,-0.061614990234375,-1.0037994384765625
1773062966359517440,37.64698839187622,0.0809326171875,-0.0751953125,-0.9927978515625
1773062966369554176,37.65702533721924,0.0705108642578125,-0.133514404296875,-0.9742889404296875
1773062966379590400,37.66706132888794,0.06890869140625,-0.19659423828125,-0.9605865478515625
1773062966389626368,37.67709732055664,0.080291748046875,-0.2142486572265625,-0.96356201171875
1773062966399662336,37.68713331222534,0.09674072265625,-0.1708984375,-0.96923828125
1773062966409698304,37.69716930389404,0.1016693115234375,-0.11859130859375,-0.9674224853515625
1773062966419735296,37.70720624923706,0.1019439697265625,-0.10504150390625,-0.9478607177734375
1773062966429771264,37.71724224090576,0.097900390625,-0.13812255859375,-0.9377899169921875
1773062966439807232,37.72727823257446,0.097625732421875,-0.1667633056640625,-0.930938720703125
1773062966449843200,37.737314224243164,0.14532470703125,-0.13507080078125,-0.7351531982421875
1773062966459879424,37.747350454330444,0.4601898193359375,-0.262969970703125,-1.009979248046875
1773062966469916416,37.75738739967346,-0.039337158203125,0.0010833740234375,-1.0521697998046875
1773062966479952384,37.76742339134216,-0.18475341796875,0.06982421875,-1.0710601806640625
1773062966489988352,37.777459383010864,0.0228424072265625,-0.1125030517578125,-1.1448974609375
1773062966500024320,37.787495374679565,0.1033477783203125,-0.1905517578125,-1.1233978271484375
1773062966510060288,37.79753136634827,0.1019744873046875,-0.2261810302734375,-1.0635223388671875
1773062966520097280,37.807568311691284,0.2116546630859375,-0.10137939453125,-1.05853271484375
1773062966530133248,37.817604303359985,0.2702484130859375,-0.0284271240234375,-1.0804290771484375
1773062966540169216,37.82764029502869,0.1314849853515625,-0.0400390625,-1.0630340576171875
1773062966550205184,37.83767628669739,0.0542144775390625,-0.103607177734375,-1.0310516357421875
1773062966560241152,37.84771227836609,0.071380615234375,-0.1825408935546875,-1.0124664306640625
1773062966570278144,37.857749223709106,0.108306884765625,-0.21185302734375,-1.0060577392578125
1773062966580314368,37.86778545379639,0.1135711669921875,-0.1768035888671875,-1.0168914794921875
1773062966590350336,37.87782144546509,0.1010284423828125,-0.122589111328125,-1.0294342041015625
1773062966600386304,37.88785743713379,0.09478759765625,-0.098968505859375,-1.0203857421875
1773062966610422272,37.89789342880249,0.095245361328125,-0.1163177490234375,-1.0117340087890625
1773062966620459264,37.90793037414551,0.110321044921875,-0.13983154296875,-1.004180908203125
1773062966630495232,37.91796636581421,0.129425048828125,-0.1586456298828125,-0.9909515380859375
1773062966640531200,37.92800235748291,0.1123504638671875,-0.13494873046875,-1.01800537109375
1773062966650567168,37.93803834915161,0.0998992919921875,-0.103759765625,-1.0151519775390625
1773062966660603392,37.94807434082031,0.10540771484375,-0.1475982666015625,-1.0026092529296875
1773062966670640128,37.95811128616333,0.1072540283203125,-0.178741455078125,-0.99078369140625
1773062966680676096,37.96814727783203,0.097320556640625,-0.1853179931640625,-0.9851531982421875
1773062966690712320,37.97818326950073,0.0920257568359375,-0.154693603515625,-0.974761962890625
1773062966700748288,37.988219261169434,0.08905029296875,-0.1328277587890625,-0.9575958251953125
1773062966710784256,37.998255252838135,0.0779876708984375,-0.1341400146484375,-0.9466552734375
1773062966720821504,38.00829243659973,0.0728912353515625,-0.1374359130859375,-0.9299468994140625
1773062966730857472,38.01832842826843,0.0724639892578125,-0.1309967041015625,-0.9200286865234375
1773062966740893440,38.028364419937134,0.07464599609375,-0.1176605224609375,-0.9152069091796875
1773062966750929408,38.038400411605835,0.0743255615234375,-0.106292724609375,-0.9222259521484375
1773062966760965376,38.048436403274536,0.0744781494140625,-0.09576416015625,-0.936187744140625
1773062966771002368,38.058473348617554,0.0751495361328125,-0.081634521484375,-0.9524688720703125
1773062966781038336,38.068509340286255,0.079803466796875,-0.0613250732421875,-0.95721435546875
1773062966791074304,38.078545331954956,0.096923828125,-0.0525054931640625,-0.9541778564453125
1773062966801110528,38.088581562042236,0.0696868896484375,-0.0908203125,-0.95599365234375
1773062966811146496,38.09861755371094,0.053802490234375,-0.0540771484375,-0.9743499755859375
1773062966821183488,38.108654499053955,0.072479248046875,-0.0243682861328125,-0.96771240234375
1773062966831219456,38.118690490722656,0.0679473876953125,-0.0501556396484375,-0.9696044921875
1773062966841255424,38.12872648239136,0.05535888671875,-0.070526123046875,-0.97174072265625
1773062966851291392,38.13876247406006,0.0534820556640625,-0.0865936279296875,-0.9663848876953125
1773062966861327360,38.14879846572876,0.0570831298828125,-0.089874267578125,-0.9641265869140625
1773062966871364352,38.15883541107178,0.0595245361328125,-0.0910186767578125,-0.9615325927734375
1773062966881400320,38.16887140274048,0.0545501708984375,-0.0973052978515625,-0.961517333984375
1773062966891436288,38.17890739440918,0.052001953125,-0.1067047119140625,-0.967041015625
1773062966901472256,38.18894338607788,0.0558929443359375,-0.1174468994140625,-0.98394775390625
1773062966911508224,38.19897937774658,0.06378173828125,-0.1189727783203125,-1.0030975341796875
1773062966921545472,38.20901656150818,0.0666656494140625,-0.111175537109375,-1.016021728515625
1773062966931581440,38.21905255317688,0.0627593994140625,-0.1082763671875,-1.02410888671875
1773062966941617408,38.22908854484558,0.05987548828125,-0.124114990234375,-1.0184326171875
1773062966951653376,38.23912453651428,0.0559844970703125,-0.1467742919921875,-1.0020904541015625
1773062966961689600,38.24916052818298,0.0556793212890625,-0.1647186279296875,-0.99298095703125
1773062966971726336,38.259197473526,0.0611724853515625,-0.1663665771484375,-0.9979248046875
1773062966981762304,38.2692334651947,0.064788818359375,-0.148406982421875,-1.0047607421875
1773062966991798528,38.2792694568634,0.060821533203125,-0.1312103271484375,-1.0079498291015625
1773062967001834496,38.289305448532104,0.050933837890625,-0.1275787353515625,-1.00390625
1773062967011870464,38.299341440200806,0.04925537109375,-0.1341705322265625,-0.997344970703125
1773062967021907456,38.30937838554382,0.0518798828125,-0.137969970703125,-0.992218017578125
1773062967031943424,38.319414377212524,0.0577239990234375,-0.131683349609375,-0.9888153076171875
1773062967041979392,38.329450368881226,0.0557861328125,-0.1208953857421875,-0.982269287109375
1773062967052015360,38.33948636054993,0.047637939453125,-0.11151123046875,-0.9786224365234375
1773062967062052608,38.34952354431152,0.045562744140625,-0.10595703125,-0.9738922119140625
1773062967072088576,38.359559535980225,0.0498809814453125,-0.1041412353515625,-0.974090576171875
1773062967082124544,38.369595527648926,0.051788330078125,-0.10052490234375,-0.9841461181640625
1773062967092160512,38.37963151931763,0.051422119140625,-0.09356689453125,-0.9894256591796875
1773062967102196480,38.38966751098633,0.0546875,-0.092864990234375,-0.989166259765625
1773062967112232448,38.39970350265503,0.0556793212890625,-0.106536865234375,-0.984375
1773062967122269440,38.40974044799805,0.0556793212890625,-0.1232757568359375,-0.9801788330078125
1773062967132305408,38.41977643966675,0.058441162109375,-0.124237060546875,-0.97637939453125
1773062967142341376,38.42981243133545,0.0594024658203125,-0.1146697998046875,-0.979522705078125
1773062967152377344,38.43984842300415,0.0586700439453125,-0.10626220703125,-0.98870849609375
1773062967162414336,38.44988536834717,0.0585784912109375,-0.1026763916015625,-0.994110107421875
1773062967172450304,38.45992136001587,0.0577392578125,-0.099517822265625,-0.9932708740234375
1773062967182486272,38.46995735168457,0.061431884765625,-0.103118896484375,-0.9900360107421875
1773062967192522240,38.47999334335327,0.064788818359375,-0.1099853515625,-0.9838714599609375
1773062967202558464,38.49002957344055,0.0639495849609375,-0.1198272705078125,-0.977325439453125
1773062967212595456,38.50006651878357,0.061004638671875,-0.1253662109375,-0.977447509765625
1773062967222631424,38.51010251045227,0.065216064453125,-0.12005615234375,-0.9935455322265625
1773062967232667392,38.52013850212097,0.0689544677734375,-0.1062164306640625,-1.0027923583984375
1773062967242703360,38.53017449378967,0.06695556640625,-0.10052490234375,-1.0029754638671875
1773062967252739328,38.540210485458374,0.0600738525390625,-0.1093902587890625,-1.0041046142578125
1773062967262776320,38.55024743080139,0.05584716796875,-0.127227783203125,-0.994964599609375
1773062967272812288,38.56028342247009,0.058258056640625,-0.1415557861328125,-0.9912567138671875
1773062967282848256,38.570319414138794,0.065673828125,-0.138702392578125,-0.9850921630859375
1773062967292884224,38.580355405807495,0.0659942626953125,-0.1255340576171875,-0.9796905517578125
1773062967302920448,38.590391397476196,0.057861328125,-0.1103973388671875,-0.978729248046875
1773062967312957184,38.600428342819214,0.0504913330078125,-0.1040496826171875,-0.9793548583984375
1773062967322993408,38.610464572906494,0.0498504638671875,-0.104949951171875,-0.9798583984375
1773062967333029632,38.620500564575195,0.0507659912109375,-0.1090240478515625,-0.9870147705078125
1773062967343065600,38.6305365562439,0.0552978515625,-0.1079864501953125,-0.988525390625
1773062967353101568,38.6405725479126,0.057403564453125,-0.105804443359375,-0.990264892578125
1773062967363138560,38.650609493255615,0.055694580078125,-0.1116790771484375,-0.99322509765625
1773062967373174528,38.660645484924316,0.05682373046875,-0.120574951171875,-0.9914703369140625
1773062967383210496,38.67068147659302,0.05450439453125,-0.126556396484375,-0.9844207763671875
1773062967393246464,38.68071746826172,0.0551605224609375,-0.128997802734375,-0.9813995361328125
1773062967403282432,38.69075345993042,0.0562896728515625,-0.1270599365234375,-0.9833221435546875
1773062967413319424,38.70079040527344,0.05718994140625,-0.1202392578125,-0.989959716796875
1773062967423355392,38.71082639694214,0.05804443359375,-0.1072998046875,-1.005584716796875
1773062967433391360,38.72086238861084,0.063385009765625,-0.0983734130859375,-1.005096435546875
1773062967443427328,38.73089838027954,0.06402587890625,-0.10345458984375,-0.9965972900390625
1773062967453463296,38.74093437194824,0.058685302734375,-0.118408203125,-0.978485107421875
1773062967463500544,38.75097155570984,0.0547637939453125,-0.1325836181640625,-0.972442626953125
1773062967473536512,38.76100754737854,0.0587921142578125,-0.1263427734375,-0.9876556396484375
1773062967483572480,38.77104353904724,0.06646728515625,-0.101348876953125,-0.998046875
1773062967493608448,38.78107953071594,0.06744384765625,-0.0815582275390625,-1.0009613037109375
1773062967503644416,38.791115522384644,0.05804443359375,-0.08831787109375,-0.992584228515625
1773062967513681408,38.80115246772766,0.050201416015625,-0.1204071044921875,-0.980255126953125
1773062967523717376,38.81118845939636,0.0511016845703125,-0.1468353271484375,-0.974822998046875
1773062967533753344,38.82122445106506,0.0560760498046875,-0.1395111083984375,-0.9818878173828125
1773062967543789312,38.831260442733765,0.0595703125,-0.1070709228515625,-0.987548828125
1773062967553826304,38.84129738807678,0.05731201171875,-0.08184814453125,-0.9927215576171875
1773062967563862272,38.85133337974548,0.0547332763671875,-0.087188720703125,-0.985595703125
1773062967573898240,38.861369371414185,0.0542755126953125,-0.12567138671875,-0.97955322265625
1773062967583934208,38.871405363082886,0.0565185546875,-0.146942138671875,-0.981292724609375
1773062967593970176,38.88144135475159,0.064849853515625,-0.1266021728515625,-0.9918670654296875
1773062967604007424,38.891478538513184,0.0731048583984375,-0.0920562744140625,-0.9957275390625
1773062967614043392,38.901514530181885,0.06866455078125,-0.08135986328125,-0.9946441650390625
1773062967624079360,38.911550521850586,0.0603179931640625,-0.0964813232421875,-0.9927978515625
1773062967634115584,38.92158651351929,0.0605316162109375,-0.11248779296875,-0.9836578369140625
1773062967644151552,38.93162250518799,0.064208984375,-0.119110107421875,-0.977142333984375
1773062967654188288,38.941659450531006,0.06365966796875,-0.1151580810546875,-0.977508544921875
1773062967664224512,38.95169544219971,0.0628509521484375,-0.1051025390625,-0.9850311279296875
1773062967674260480,38.96173143386841,0.062744140625,-0.10162353515625,-0.9833526611328125
1773062967684296448,38.97176742553711,0.0601348876953125,-0.105743408203125,-0.9919891357421875
1773062967694332416,38.98180341720581,0.0633087158203125,-0.1027069091796875,-1.00213623046875
1773062967704369408,38.99184036254883,0.06866455078125,-0.1028594970703125,-0.99774169921875
1773062967714405376,39.00187635421753,0.067138671875,-0.1160736083984375,-0.9954681396484375
1773062967724441344,39.01191234588623,0.06292724609375,-0.1280670166015625,-0.9911346435546875
1773062967734477568,39.02194857597351,0.06390380859375,-0.130584716796875,-0.9836883544921875
1773062967744513536,39.03198456764221,0.0632476806640625,-0.122894287109375,-0.9857177734375
1773062967754550528,39.04202151298523,0.0599822998046875,-0.1100921630859375,-0.984771728515625
1773062967764586496,39.05205750465393,0.0586700439453125,-0.1070709228515625,-0.984222412109375
1773062967774622464,39.06209349632263,0.05792236328125,-0.1133880615234375,-0.9853057861328125
1773062967784658432,39.07212948799133,0.0610809326171875,-0.128875732421875,-0.99053955078125
1773062967794694400,39.082165479660034,0.0635223388671875,-0.13360595703125,-0.991058349609375
1773062967804732160,39.09220314025879,0.0621795654296875,-0.12347412109375,-0.9993743896484375
1773062967814768128,39.10223913192749,0.0585784912109375,-0.10888671875,-0.999298095703125
1773062967824804096,39.11227512359619,0.0587310791015625,-0.100738525390625,-0.9928741455078125
1773062967834840064,39.12231111526489,0.0540924072265625,-0.110870361328125,-0.9843292236328125
1773062967844876032,39.132347106933594,0.05078125,-0.1311798095703125,-0.9791259765625
1773062967854913024,39.14238405227661,0.0554656982421875,-0.1423187255859375,-0.9749755859375
1773062967864948992,39.15242004394531,0.058563232421875,-0.1322021484375,-0.9794921875
1773062967874984960,39.162456035614014,0.05963134765625,-0.1131591796875,-0.9887847900390625
1773062967885020928,39.172492027282715,0.0632171630859375,-0.1018218994140625,-0.9944610595703125
1773062967895056896,39.182528018951416,0.0616607666015625,-0.1060028076171875,-0.99066162109375
1773062967905094144,39.19256520271301,0.0596160888671875,-0.116424560546875,-0.98895263671875
1773062967915130112,39.202601194381714,0.0579986572265625,-0.118011474609375,-0.9884033203125
1773062967925166080,39.212637186050415,0.0649566650390625,-0.1201019287109375,-0.9826507568359375
1773062967935202048,39.222673177719116,0.065155029296875,-0.127044677734375,-0.982177734375
1773062967945239040,39.232710123062134,0.06103515625,-0.1271514892578125,-0.987152099609375
1773062967955275008,39.242746114730835,0.0603485107421875,-0.1124420166015625,-0.9893798828125
1773062967965310976,39.252782106399536,0.06549072265625,-0.0999603271484375,-0.988128662109375
1773062967975346944,39.26281809806824,0.0666046142578125,-0.099151611328125,-0.98065185546875
1773062967985382912,39.27285408973694,0.0604248046875,-0.1105499267578125,-0.9709320068359375
1773062967995419904,39.282891035079956,0.058319091796875,-0.1265716552734375,-0.9733428955078125
1773062968005455872,39.29292702674866,0.0652618408203125,-0.1237030029296875,-0.976287841796875
1773062968015491840,39.30296301841736,0.0718841552734375,-0.109405517578125,-0.9855499267578125
1773062968025528064,39.31299901008606,0.06805419921875,-0.101348876953125,-0.9935455322265625
1773062968035564288,39.32303524017334,0.060882568359375,-0.1024932861328125,-0.99444580078125
1773062968045601024,39.33307218551636,0.0611419677734375,-0.10443115234375,-1.00030517578125
1773062968055637248,39.34310817718506,0.068603515625,-0.0966033935546875,-1.015472412109375
1773062968065673216,39.35314416885376,0.082305908203125,-0.0779876708984375,-1.0389404296875
1773062968075709184,39.36318016052246,0.0928955078125,-0.0527801513671875,-1.057708740234375
1773062968085745152,39.37321615219116,0.0912933349609375,-0.04730224609375,-1.05841064453125
1773062968095782144,39.38325309753418,0.0834808349609375,-0.0836944580078125,-1.023590087890625
1773062968105818112,39.39328908920288,0.063201904296875,-0.1592864990234375,-0.9348907470703125
1773062968115854080,39.40332508087158,0.03411865234375,-0.2759857177734375,-0.8543853759765625
1773062968125890048,39.41336107254028,0.042266845703125,-0.369598388671875,-0.821807861328125
1773062968135926016,39.423397064208984,0.0720672607421875,-0.2947540283203125,-0.843109130859375
1773062968145963008,39.433434009552,0.1177978515625,-0.13275146484375,-0.9082794189453125
1773062968155999232,39.44347023963928,0.1591644287109375,-0.013397216796875,-1.0054931640625
1773062968166035200,39.45350623130798,0.1630706787109375,0.0867156982421875,-1.0794830322265625
1773062968176071168,39.463542222976685,0.1335296630859375,0.1415863037109375,-1.131500244140625
1773062968186107136,39.473578214645386,0.11395263671875,0.1221466064453125,-1.185028076171875
1773062968196144128,39.4836151599884,0.1429595947265625,0.084259033203125,-1.2311248779296875
1773062968206180096,39.493651151657104,0.2248992919921875,0.0591888427734375,-1.23577880859375
1773062968216216064,39.503687143325806,0.2405242919921875,0.024322509765625,-1.2198944091796875
1773062968226252032,39.51372313499451,0.24920654296875,0.0062408447265625,-1.1834259033203125
1773062968236288000,39.52375912666321,0.24713134765625,-0.035491943359375,-1.1370849609375
1773062968246324992,39.533796072006226,0.2387847900390625,-0.0767822265625,-1.107513427734375
1773062968256360960,39.54383206367493,0.2328033447265625,-0.1009979248046875,-1.07440185546875
1773062968266396928,39.55386805534363,0.232879638671875,-0.0999755859375,-1.0443572998046875
1773062968276432896,39.56390404701233,0.2546234130859375,-0.0793609619140625,-1.0153656005859375
1773062968286470144,39.573941230773926,0.285980224609375,-0.0594024658203125,-0.9815826416015625
1773062968296506112,39.58397722244263,0.3057708740234375,-0.04443359375,-0.9640960693359375
1773062968306542080,39.59401321411133,0.312286376953125,-0.0242156982421875,-0.9135284423828125
1773062968316578048,39.60404920578003,0.324371337890625,-0.01702880859375,-0.8847503662109375
1773062968326614016,39.61408519744873,0.3564453125,-0.0409393310546875,-0.931854248046875
1773062968336651008,39.62412214279175,0.3988189697265625,-0.0950469970703125,-1.0399932861328125
1773062968346686976,39.63415813446045,0.424957275390625,-0.167755126953125,-1.1483001708984375
1773062968356722944,39.64419412612915,0.4141082763671875,-0.2327880859375,-1.198760986328125
1773062968366759168,39.65423011779785,0.4054107666015625,-0.2585601806640625,-1.1718597412109375
1773062968376795136,39.66426610946655,0.449462890625,-0.24053955078125,-1.1006622314453125
1773062968386831872,39.67430305480957,0.5519561767578125,-0.180694580078125,-1.043304443359375
1773062968396868096,39.68433904647827,0.6645050048828125,-0.101593017578125,-0.9755859375
1773062968406904064,39.69437503814697,0.7583160400390625,-0.007110595703125,-0.9149627685546875
1773062968416940032,39.704411029815674,0.813568115234375,0.128814697265625,-0.869964599609375
1773062968426976000,39.714447021484375,0.825042724609375,0.30364990234375,-0.8095703125
1773062968437013248,39.72448420524597,0.7711944580078125,0.454376220703125,-0.7225494384765625
1773062968447049216,39.73452019691467,0.758026123046875,0.60382080078125,-0.670928955078125
1773062968457085184,39.744556188583374,0.7389984130859375,0.7617034912109375,-0.5615692138671875
1773062968467121152,39.754592180252075,0.65570068359375,0.8815155029296875,-0.482635498046875
1773062968477158144,39.76462912559509,0.5483551025390625,0.9386138916015625,-0.4404754638671875
1773062968487194112,39.774665117263794,0.4187469482421875,0.9509124755859375,-0.3896026611328125
1773062968497230080,39.784701108932495,0.303192138671875,0.9719390869140625,-0.338714599609375
1773062968507266048,39.794737100601196,0.2045745849609375,0.97552490234375,-0.3006591796875
1773062968517302016,39.8047730922699,0.1080169677734375,0.8951873779296875,-0.267608642578125
1773062968527339008,39.814810037612915,0.016754150390625,0.7525177001953125,-0.2510833740234375
1773062968537374976,39.824846029281616,-0.062286376953125,0.5894317626953125,-0.226898193359375
1773062968547410944,39.83488202095032,-0.127777099609375,0.5237884521484375,-0.208099365234375
1773062968557446912,39.84491801261902,-0.18035888671875,0.633087158203125,-0.20892333984375
1773062968567483136,39.8549542427063,-0.25958251953125,0.8043975830078125,-0.0799713134765625
1773062968577520128,39.864991188049316,-0.3248748779296875,1.0720672607421875,-0.06719970703125
1773062968587556096,39.87502717971802,-0.3231658935546875,1.18939208984375,-0.135101318359375
1773062968597592064,39.88506317138672,-0.2736968994140625,1.088287353515625,-0.110870361328125
1773062968607628032,39.89509916305542,-0.2758941650390625,0.9749755859375,0.014617919921875
1773062968617664000,39.90513515472412,-0.362396240234375,1.0130157470703125,0.140045166015625
1773062968627700992,39.91517210006714,-0.4586944580078125,1.167388916015625,0.20428466796875
1773062968637736960,39.92520809173584,-0.4971160888671875,1.28912353515625,0.29766845703125
1773062968647772928,39.93524408340454,-0.499237060546875,1.286407470703125,0.4391021728515625
1773062968657808896,39.94528007507324,-0.5212860107421875,1.1673583984375,0.5078277587890625
1773062968667845120,39.95531606674194,-0.564239501953125,1.0230865478515625,0.506591796875
1773062968677881856,39.96535301208496,-0.5934295654296875,0.9300689697265625,0.4705810546875
1773062968687918080,39.97538924217224,-0.5882568359375,0.8898773193359375,0.3963775634765625
1773062968697954304,39.98542523384094,-0.5611572265625,0.8492889404296875,0.331695556640625
1773062968707990272,39.995461225509644,-0.53863525390625,0.8368682861328125,0.32916259765625
1773062968718027008,40.00549817085266,-0.5569000244140625,0.900909423828125,0.3517303466796875
1773062968728063232,40.01553416252136,-0.605224609375,0.9595184326171875,0.35943603515625
1773062968738099200,40.02557015419006,-0.6461181640625,0.97064208984375,0.3877105712890625
1773062968748135168,40.035606145858765,-0.66632080078125,0.9471282958984375,0.4459991455078125
1773062968758171136,40.045642137527466,-0.6579742431640625,0.9230499267578125,0.50042724609375
1773062968768208128,40.05567908287048,-0.6307373046875,0.9391937255859375,0.5173797607421875
1773062968778244096,40.065715074539185,-0.6047210693359375,0.9854583740234375,0.495086669921875
1773062968788280064,40.075751066207886,-0.600341796875,1.02947998046875,0.4623260498046875
1773062968798316032,40.08578705787659,-0.614959716796875,1.03729248046875,0.430450439453125
1773062968808350208,40.095821142196655,-0.6407470703125,1.0280303955078125,0.3960723876953125
1773062968818386944,40.10585808753967,-0.660186767578125,1.002166748046875,0.350830078125
1773062968828422912,40.115894079208374,-0.666290283203125,0.9716796875,0.3152923583984375
1773062968838459136,40.125930070877075,-0.66107177734375,0.9716033935546875,0.2991790771484375
1773062968848495104,40.135966062545776,-0.6427154541015625,1.0117950439453125,0.2807464599609375
1773062968858531072,40.14600205421448,-0.62384033203125,1.041748046875,0.24871826171875
1773062968868568064,40.156038999557495,-0.6142425537109375,1.0310821533203125,0.2111358642578125
1773062968878604032,40.166074991226196,-0.6074981689453125,0.995330810546875,0.1891937255859375
1773062968888640000,40.1761109828949,-0.6043701171875,0.9694366455078125,0.1801605224609375
1773062968898675968,40.1861469745636,-0.59979248046875,0.975494384765625,0.165130615234375
1773062968908713216,40.196184158325195,-0.60797119140625,1.0316314697265625,0.1294403076171875
1773062968918749184,40.2062201499939,-0.6241912841796875,1.115631103515625,0.0882720947265625
1773062968928785152,40.2162561416626,-0.6193084716796875,1.1796417236328125,0.0234832763671875
1773062968938821120,40.2262921333313,-0.589019775390625,1.1764068603515625,-0.0332794189453125
1773062968948857088,40.236328125,-0.5433349609375,1.1367645263671875,-0.0952606201171875
1773062968958894080,40.24636507034302,-0.4973602294921875,1.0659332275390625,-0.1412353515625
1773062968968930048,40.25640106201172,-0.4735870361328125,1.0054473876953125,-0.19964599609375
1773062968978966016,40.26643705368042,-0.4902496337890625,0.9793853759765625,-0.289154052734375
1773062968989001984,40.27647304534912,-0.53179931640625,0.96514892578125,-0.3538360595703125
1773062968999037952,40.28650903701782,-0.56396484375,0.9123687744140625,-0.386566162109375
1773062969009074944,40.29654598236084,-0.585540771484375,0.8739776611328125,-0.374603271484375
1773062969019110912,40.30658197402954,-0.607513427734375,0.8565673828125,-0.3628387451171875
1773062969029147136,40.31661820411682,-0.6234893798828125,0.80487060546875,-0.3897552490234375
1773062969039183104,40.32665419578552,-0.6285247802734375,0.706268310546875,-0.4036102294921875
1773062969049220096,40.33669114112854,-0.627349853515625,0.58203125,-0.418853759765625
1773062969059256064,40.34672713279724,-0.63226318359375,0.461395263671875,-0.4227294921875
1773062969069292032,40.35676312446594,-0.6423187255859375,0.3764190673828125,-0.391021728515625
1773062969079328000,40.366799116134644,-0.66656494140625,0.362457275390625,-0.37640380859375
1773062969089363968,40.376835107803345,-0.697113037109375,0.37237548828125,-0.3641357421875
1773062969099400960,40.38687205314636,-0.73211669921875,0.383148193359375,-0.35125732421875
1773062969109436928,40.39690804481506,-0.7681121826171875,0.3805999755859375,-0.3084869384765625
1773062969119472896,40.406944036483765,-0.7963409423828125,0.3332672119140625,-0.28558349609375
1773062969129508864,40.416980028152466,-0.842987060546875,0.254241943359375,-0.2282867431640625
1773062969139545088,40.42701601982117,-0.9170074462890625,0.1787261962890625,-0.1285552978515625
1773062969149582080,40.437053203582764,-1.000823974609375,0.10906982421875,-0.063629150390625
1773062969159618048,40.447089195251465,-1.0774078369140625,0.0322418212890625,-0.10595703125
1773062969169654016,40.457125186920166,-1.11962890625,-0.07305908203125,-0.156280517578125
1773062969179690240,40.46716117858887,-1.13104248046875,-0.1587371826171875,-0.16015625
1773062969189726208,40.47719717025757,-1.12860107421875,-0.1751861572265625,-0.0986785888671875
1773062969199762944,40.487234115600586,-1.1368865966796875,-0.1514129638671875,-0.0525054931640625
1773062969209799168,40.49727010726929,-1.166534423828125,-0.1328277587890625,0.071563720703125
1773062969219835136,40.50730609893799,-1.192413330078125,-0.1385498046875,0.17156982421875
1773062969229871104,40.51734209060669,-1.202880859375,-0.175689697265625,0.24456787109375
1773062969239907072,40.52737808227539,-1.2024078369140625,-0.2189178466796875,0.335235595703125
1773062969249944064,40.53741502761841,-1.19842529296875,-0.25262451171875,0.3893280029296875
1773062969259980032,40.54745101928711,-1.1771240234375,-0.235992431640625,0.490570068359375
1773062969270016000,40.55748701095581,-1.1439971923828125,-0.194061279296875,0.542633056640625
1773062969280051968,40.56752300262451,-1.09869384765625,-0.169189453125,0.5662689208984375
1773062969290089216,40.57756018638611,-1.0236053466796875,-0.1525421142578125,0.5845794677734375
1773062969300125184,40.58759617805481,-0.910736083984375,-0.134918212890625,0.633514404296875
1773062969310161152,40.59763216972351,-0.791229248046875,-0.1298675537109375,0.631011962890625
1773062969320197120,40.60766816139221,-0.695068359375,-0.143096923828125,0.63189697265625
1773062969330233088,40.61770415306091,-0.6175994873046875,-0.1413421630859375,0.6323394775390625
1773062969340270080,40.62774109840393,-0.5712890625,-0.129547119140625,0.628936767578125
1773062969350306048,40.63777709007263,-0.5555267333984375,-0.1051177978515625,0.64190673828125
1773062969360342016,40.64781308174133,-0.5455169677734375,-0.0857391357421875,0.6363372802734375
1773062969370377984,40.657849073410034,-0.523345947265625,-0.0886077880859375,0.63916015625
1773062969380413952,40.667885065078735,-0.486175537109375,-0.096343994140625,0.57916259765625
1773062969390450944,40.67792201042175,-0.4350433349609375,-0.08477783203125,0.5814208984375
1773062969400486912,40.687958002090454,-0.387451171875,-0.088104248046875,0.581146240234375
1773062969410522880,40.697993993759155,-0.3526458740234375,-0.1547393798828125,0.668975830078125
1773062969420558848,40.708029985427856,-0.3332977294921875,-0.2182159423828125,0.719085693359375
1773062969430596096,40.71806716918945,-0.348724365234375,-0.2511138916015625,0.762908935546875
1773062969440632064,40.728103160858154,-0.3788604736328125,-0.2643585205078125,0.7640838623046875
1773062969450668032,40.738139152526855,-0.402099609375,-0.258392333984375,0.7503204345703125
1773062969460704000,40.74817514419556,-0.4133148193359375,-0.19720458984375,0.735382080078125
1773062969470739968,40.75821113586426,-0.40521240234375,-0.1561431884765625,0.6938018798828125
1773062969480776960,40.768248081207275,-0.3953857421875,-0.1103363037109375,0.6819305419921875
1773062969490812928,40.77828407287598,-0.39984130859375,-0.071044921875,0.6419219970703125
1773062969500848896,40.78832006454468,-0.424591064453125,-0.0724334716796875,0.68585205078125
1773062969510885120,40.79835605621338,-0.4687957763671875,-0.0613555908203125,0.822906494140625
1773062969520921088,40.80839204788208,-0.5106201171875,-0.0850982666015625,0.87408447265625
1773062969530957824,40.8184289932251,-0.514129638671875,-0.14825439453125,0.8955230712890625
1773062969540994048,40.8284649848938,-0.49029541015625,-0.1844329833984375,0.893890380859375
1773062969551030016,40.8385009765625,-0.474151611328125,-0.160675048828125,0.849090576171875
1773062969561065984,40.8485369682312,-0.4691009521484375,-0.104095458984375,0.7875823974609375
1773062969571102976,40.8585741519928,-0.46856689453125,-0.03839111328125,0.743072509765625
1773062969581139200,40.8686101436615,-0.4791259765625,0.015167236328125,0.7108001708984375
1773062969591175168,40.8786461353302,-0.4630126953125,0.0311279296875,0.7260284423828125
1773062969601211136,40.8886821269989,-0.47088623046875,-0.003265380859375,0.8191680908203125
1773062969611247104,40.8987181186676,-0.5084686279296875,-0.0387725830078125,1.0034027099609375
1773062969621284096,40.90875506401062,-0.5538177490234375,0.0097198486328125,1.1676788330078125
1773062969631320064,40.91879105567932,-0.561553955078125,0.009307861328125,1.0965576171875
1773062969641356032,40.92882704734802,-0.512359619140625,-0.0228118896484375,1.05364990234375
1773062969651392000,40.938863039016724,-0.4759063720703125,0.03753662109375,1.003448486328125
1773062969661427968,40.948899030685425,-0.4817657470703125,0.0827789306640625,0.8864288330078125
1773062969671464960,40.95893597602844,-0.514678955078125,0.0715179443359375,0.8131866455078125
1773062969681500928,40.968971967697144,-0.5675048828125,0.0381927490234375,0.806121826171875
1773062969691537152,40.979008197784424,-0.6136016845703125,-0.003875732421875,0.717620849609375
1773062969701573120,40.989044189453125,-0.6288299560546875,-0.0822601318359375,0.62005615234375
1773062969711609088,40.999080181121826,-0.651580810546875,-0.16424560546875,0.6078643798828125
1773062969721646080,41.009117126464844,-0.6797637939453125,-0.1860504150390625,0.6683502197265625
1773062969731682048,41.019153118133545,-0.709747314453125,-0.16387939453125,0.8049774169921875
1773062969741718016,41.029189109802246,-0.7490386962890625,-0.1627349853515625,0.89788818359375
1773062969751753984,41.03922510147095,-0.763458251953125,-0.1515045166015625,0.942138671875
1773062969761790976,41.049262046813965,-0.746734619140625,-0.075225830078125,0.995361328125
1773062969771826944,41.059298038482666,-0.7140960693359375,0.012298583984375,0.9720458984375
1773062969781862912,41.06933403015137,-0.670013427734375,0.011138916015625,0.871551513671875
1773062969791898880,41.07937002182007,-0.6477813720703125,-0.0769805908203125,0.8136444091796875
1773062969801936640,41.08940768241882,-0.6629638671875,-0.1752166748046875,0.735565185546875
1773062969811973632,41.09944462776184,-0.691162109375,-0.2211151123046875,0.70172119140625
1773062969822009600,41.10948061943054,-0.694488525390625,-0.2254486083984375,0.63763427734375
1773062969832045568,41.11951661109924,-0.671783447265625,-0.2265472412109375,0.469970703125
1773062969842081536,41.129552602767944,-0.6097259521484375,-0.250213623046875,0.30462646484375
1773062969852118784,41.13958978652954,-0.50164794921875,-0.270477294921875,0.1318206787109375
1773062969862154752,41.14962577819824,-0.42364501953125,-0.2179718017578125,0.1730804443359375
1773062969872190720,41.15966176986694,-0.432708740234375,-0.1346893310546875,0.424407958984375
1773062969882226688,41.169697761535645,-0.471923828125,-0.109344482421875,0.5504302978515625
1773062969892262656,41.179733753204346,-0.49981689453125,-0.1075897216796875,0.709259033203125
1773062969902299648,41.18977069854736,-0.5064849853515625,-0.0575103759765625,0.9269256591796875
1773062969912335616,41.199806690216064,-0.476776123046875,-0.053253173828125,1.10498046875
1773062969922371584,41.209842681884766,-0.43206787109375,-0.1534881591796875,1.19964599609375
1773062969932407552,41.21987867355347,-0.3960113525390625,-0.2811737060546875,1.1130828857421875
1773062969942443520,41.22991466522217,-0.39154052734375,-0.3902740478515625,1.0254058837890625
1773062969952480512,41.239951610565186,-0.4063873291015625,-0.4501190185546875,0.8657989501953125
1773062969962516480,41.24998760223389,-0.4029693603515625,-0.3941802978515625,0.777130126953125
1773062969972552448,41.26002359390259,-0.3911285400390625,-0.2257232666015625,0.78302001953125
1773062969982588672,41.27005982398987,-0.40960693359375,-0.0972747802734375,0.717010498046875
1773062969992625664,41.280096769332886,-0.450286865234375,-0.1084442138671875,0.6062469482421875
1773062970002661632,41.29013276100159,-0.5232086181640625,-0.11773681640625,0.50048828125
1773062970012697600,41.30016875267029,-0.6044464111328125,-0.0994873046875,0.56182861328125
1773062970022733568,41.31020474433899,-0.641510009765625,-0.0917205810546875,0.6596221923828125
1773062970032769792,41.32024073600769,-0.6618499755859375,-0.0673980712890625,0.7294921875
1773062970042806528,41.33027768135071,-0.692169189453125,0.0028076171875,0.8157196044921875
1773062970052842496,41.34031367301941,-0.729339599609375,0.123870849609375,0.902618408203125
1773062970062878720,41.35034966468811,-0.74517822265625,0.1915740966796875,0.9675140380859375
1773062970072914688,41.36038565635681,-0.7501983642578125,0.1792144775390625,0.9102935791015625
1773062970082950656,41.37042164802551,-0.75457763671875,0.142852783203125,0.887176513671875
1773062970092987648,41.38045859336853,-0.7745819091796875,0.11334228515625,0.8025054931640625
1773062970103023872,41.39049482345581,-0.7959442138671875,0.0474700927734375,0.6673583984375
1773062970113059840,41.40053081512451,-0.8170013427734375,0.023956298828125,0.6660919189453125
1773062970123095808,41.41056680679321,-0.839202880859375,0.099761962890625,0.7697601318359375
1773062970133132800,41.42060375213623,-0.8556671142578125,0.202117919921875,0.8014678955078125
1773062970143168768,41.43063974380493,-0.82464599609375,0.176025390625,0.764190673828125
1773062970153204736,41.44067573547363,-0.7462158203125,-0.0627899169921875,0.7093658447265625
1773062970163240704,41.450711727142334,-0.7095794677734375,-0.3717803955078125,0.6108856201171875
1773062970173276672,41.460747718811035,-0.6992950439453125,-0.5024261474609375,0.6662139892578125
1773062970183313664,41.47078466415405,-0.645416259765625,-0.5465850830078125,0.740814208984375
1773062970193349632,41.480820655822754,-0.59979248046875,-0.59344482421875,0.6531829833984375
1773062970203385600,41.490856647491455,-0.5579376220703125,-0.536895751953125,0.5542144775390625
1773062970213421568,41.500892639160156,-0.5469818115234375,-0.44287109375,0.51104736328125
1773062970223457536,41.51092863082886,-0.58599853515625,-0.3169403076171875,0.56243896484375
1773062970233494784,41.520965814590454,-0.668426513671875,-0.1491241455078125,0.737274169921875
1773062970243530752,41.531001806259155,-0.7791748046875,-0.0112762451171875,0.8394927978515625
1773062970253566720,41.541037797927856,-0.8760528564453125,0.1348419189453125,0.8887176513671875
1773062970263602688,41.55107378959656,-0.91790771484375,0.3769683837890625,0.9525146484375
1773062970273639680,41.561110734939575,-0.9239501953125,0.766357421875,0.946990966796875
1773062970283675648,41.571146726608276,-0.9320831298828125,1.08740234375,0.7837066650390625
1773062970293711616,41.58118271827698,-0.897308349609375,0.8895263671875,0.5111083984375
1773062970303747584,41.59121870994568,-0.84722900390625,0.4311981201171875,0.3754119873046875
1773062970313783552,41.60125470161438,-0.80810546875,0.0689544677734375,0.4185333251953125
1773062970323820544,41.6112916469574,-0.7700653076171875,-0.257537841796875,0.498809814453125
1773062970333856512,41.6213276386261,-0.7306060791015625,-0.5679931640625,0.5731964111328125
1773062970343892480,41.6313636302948,-0.6603851318359375,-0.7752685546875,0.6367340087890625
1773062970353928448,41.6413996219635,-0.58984375,-0.80364990234375,0.605377197265625
1773062970363964672,41.6514356136322,-0.586212158203125,-0.6116943359375,0.655975341796875
1773062970374001664,41.6614727973938,-0.6440887451171875,-0.2901763916015625,0.8022918701171875
1773062970384037632,41.6715087890625,-0.7037811279296875,0.029144287109375,0.8018646240234375
1773062970394073600,41.6815447807312,-0.7215576171875,0.2677459716796875,0.6616058349609375
1773062970404109824,41.6915807723999,-0.7075347900390625,0.3499908447265625,0.5009002685546875
1773062970414146560,41.70161771774292,-0.7043609619140625,0.282135009765625,0.4868927001953125
1773062970424182528,41.71165370941162,-0.7268524169921875,0.1435089111328125,0.515472412109375
1773062970434218752,41.72168970108032,-0.7451171875,-0.00994873046875,0.593048095703125
1773062970444254720,41.73172569274902,-0.7364501953125,-0.1444549560546875,0.7890777587890625
1773062970454290688,41.741761684417725,-0.7060546875,-0.226043701171875,0.8722381591796875
1773062970464327680,41.75179862976074,-0.6751251220703125,-0.1986846923828125,0.8057861328125
1773062970474363648,41.76183462142944,-0.6469268798828125,-0.0372161865234375,0.75164794921875
1773062970484399616,41.771870613098145,-0.636810302734375,0.1363067626953125,0.6733551025390625
1773062970494435584,41.781906604766846,-0.6572265625,0.239349365234375,0.5041046142578125
1773062970504471552,41.79194259643555,-0.7055206298828125,0.2574615478515625,0.387359619140625
1773062970514508800,41.801979780197144,-0.7426910400390625,0.1468963623046875,0.430023193359375
1773062970524544768,41.812015771865845,-0.764068603515625,-0.0464019775390625,0.5230865478515625
1773062970534580736,41.822051763534546,-0.8054656982421875,-0.169952392578125,0.6087188720703125
1773062970544616704,41.83208775520325,-0.8471832275390625,-0.119049072265625,0.7669219970703125
1773062970554653696,41.842124700546265,-0.8483734130859375,0.0789947509765625,0.93243408203125
1773062970564689664,41.852160692214966,-0.844879150390625,0.2312774658203125,1.02740478515625
1773062970574725632,41.86219668388367,-0.8682403564453125,0.17779541015625,1.0376739501953125
1773062970584761600,41.87223267555237,-0.8921051025390625,0.029541015625,0.914825439453125
1773062970594797568,41.88226866722107,-0.8925323486328125,-0.016265869140625,0.801483154296875
1773062970604834560,41.89230561256409,-0.856231689453125,-0.057464599609375,0.75836181640625
1773062970614870528,41.90234160423279,-0.788421630859375,-0.224456787109375,0.633331298828125
1773062970624906496,41.91237759590149,-0.715057373046875,-0.4019927978515625,0.4894561767578125
1773062970634942720,41.92241382598877,-0.6391448974609375,-0.39935302734375,0.431640625
1773062970644979712,41.93245077133179,-0.5543365478515625,-0.177947998046875,0.523468017578125
1773062970655015680,41.94248676300049,-0.475341796875,0.0826263427734375,0.6910247802734375
1773062970665051648,41.95252275466919,-0.439453125,0.2382965087890625,0.7897186279296875
1773062970675087616,41.96255874633789,-0.4789276123046875,0.316802978515625,0.7771148681640625
1773062970685123584,41.97259473800659,-0.585113525390625,0.388153076171875,0.691802978515625
1773062970695160576,41.98263168334961,-0.718017578125,0.46905517578125,0.655792236328125
1773062970705196544,41.99266767501831,-0.8520660400390625,0.572906494140625,0.677734375
1773062970715232512,42.00270366668701,-0.9550628662109375,0.6689453125,0.758026123046875
1773062970725268480,42.01273965835571,-0.94189453125,0.64532470703125,0.7941741943359375
1773062970735304704,42.022775650024414,-0.831298828125,0.481597900390625,0.7208251953125
1773062970745341440,42.03281259536743,-0.7150115966796875,0.2053375244140625,0.629241943359375
1773062970755377664,42.04284882545471,-0.6338043212890625,-0.097808837890625,0.588897705078125
1773062970765413888,42.05288481712341,-0.60968017578125,-0.4291534423828125,0.4826202392578125
1773062970775449856,42.062920808792114,-0.635101318359375,-0.792694091796875,0.3548583984375
1773062970785486592,42.07295775413513,-0.6807098388671875,-1.1733551025390625,0.6178741455078125
1773062970795522816,42.08299374580383,-0.75140380859375,-1.46087646484375,0.8513946533203125
1773062970805559040,42.09302997589111,-0.7526092529296875,-1.1718292236328125,0.990081787109375
1773062970815595008,42.103065967559814,-0.75701904296875,-0.447906494140625,1.3102264404296875
1773062970825630976,42.113101959228516,-0.8574676513671875,0.226409912109375,1.3402252197265625
1773062970835667968,42.12313890457153,-0.9095458984375,0.5933380126953125,1.06317138671875
1773062970845703936,42.133174896240234,-0.8146209716796875,0.562835693359375,0.7982940673828125
1773062970855739904,42.143210887908936,-0.675048828125,0.4135894775390625,0.5976409912109375
1773062970865775872,42.15324687957764,-0.587646484375,0.24444580078125,0.5569610595703125
1773062970875811840,42.16328287124634,-0.562591552734375,-0.02984619140625,0.5005340576171875
1773062970885848832,42.173319816589355,-0.5763092041015625,-0.233001708984375,0.4853363037109375
1773062970895884800,42.18335580825806,-0.6106719970703125,-0.24151611328125,0.5587158203125
1773062970905920768,42.19339179992676,-0.6574554443359375,-0.087860107421875,0.619354248046875
1773062970915956736,42.20342779159546,-0.7295379638671875,0.2149200439453125,0.659698486328125
1773062970925993984,42.213464975357056,-0.7948760986328125,0.613250732421875,0.808074951171875
1773062970936029952,42.22350096702576,-0.810760498046875,0.901947021484375,0.793853759765625
1773062970946065920,42.23353695869446,-0.73907470703125,0.8697662353515625,0.748016357421875
1773062970956101888,42.24357295036316,-0.6167449951171875,0.5140533447265625,0.7198944091796875
1773062970966137856,42.25360894203186,-0.561004638671875,0.133392333984375,0.7418975830078125
1773062970976174848,42.26364588737488,-0.5915985107421875,-0.1150054931640625,0.814422607421875
1773062970986210816,42.27368187904358,-0.66717529296875,-0.230560302734375,0.8488311767578125
1773062970996246784,42.28371787071228,-0.7323455810546875,-0.236541748046875,0.8627166748046875
1773062971006282752,42.29375386238098,-0.764373779296875,-0.1690673828125,0.793243408203125
1773062971016319744,42.303790807724,-0.7775421142578125,-0.105377197265625,0.8352813720703125
1773062971026355712,42.3138267993927,-0.7654876708984375,-0.1571502685546875,0.78662109375
1773062971036391680,42.3238627910614,-0.741973876953125,-0.33367919921875,0.682830810546875
1773062971046427648,42.3338987827301,-0.7007293701171875,-0.5711822509765625,0.6406402587890625
1773062971056463616,42.343934774398804,-0.6635284423828125,-0.750946044921875,0.6186676025390625
1773062971066500864,42.3539719581604,-0.6310882568359375,-0.812225341796875,0.5763092041015625
1773062971076536832,42.3640079498291,-0.6102752685546875,-0.8013458251953125,0.46954345703125
1773062971086572800,42.3740439414978,-0.602325439453125,-0.7368927001953125,0.354522705078125
1773062971096608768,42.384079933166504,-0.6356964111328125,-0.558349609375,0.339508056640625
1773062971106644992,42.394115924835205,-0.698394775390625,-0.3381500244140625,0.365203857421875
1773062971116681728,42.40415287017822,-0.7387237548828125,-0.223663330078125,0.3636932373046875
1773062971126717696,42.414188861846924,-0.74627685546875,-0.2245635986328125,0.3274078369140625
1773062971136753920,42.424224853515625,-0.7303619384765625,-0.2806396484375,0.29083251953125
1773062971146789888,42.434260845184326,-0.7020721435546875,-0.3179779052734375,0.3453216552734375
1773062971156826624,42.444297790527344,-0.6819305419921875,-0.31939697265625,0.4418792724609375
1773062971166862848,42.454333782196045,-0.694244384765625,-0.315521240234375,0.517547607421875
1773062971176898816,42.464369773864746,-0.7329864501953125,-0.3043975830078125,0.6262054443359375
1773062971186934784,42.47440576553345,-0.78570556640625,-0.265899658203125,0.7447052001953125
1773062971196971008,42.48444199562073,-0.8354339599609375,-0.1600189208984375,0.79522705078125
1773062971207008000,42.494478940963745,-0.8588714599609375,-0.00982666015625,0.8400115966796875
1773062971217043968,42.504514932632446,-0.810882568359375,0.0410614013671875,0.7955322265625
1773062971227079936,42.51455092430115,-0.7375946044921875,-0.0154876708984375,0.6571502685546875
1773062971237115904,42.52458691596985,-0.701141357421875,0.008941650390625,0.6717071533203125
1773062971247151872,42.53462290763855,-0.6813201904296875,0.10113525390625,0.6660003662109375
1773062971257188864,42.54465985298157,-0.685455322265625,0.1346282958984375,0.6403961181640625
1773062971267224832,42.55469584465027,-0.7025909423828125,0.13751220703125,0.654571533203125
1773062971277260800,42.56473183631897,-0.7217559814453125,0.1702423095703125,0.72479248046875
1773062971287296768,42.57476782798767,-0.7288818359375,0.2043914794921875,0.7550811767578125
1773062971297333760,42.58480477333069,-0.7231597900390625,0.1838531494140625,0.7001953125
1773062971307369728,42.59484076499939,-0.6942901611328125,0.1086578369140625,0.6844024658203125
1773062971317405952,42.60487699508667,-0.6660614013671875,0.0405731201171875,0.75225830078125
1773062971327441920,42.61491298675537,-0.666290283203125,-0.039886474609375,0.793487548828125
1773062971337477888,42.62494897842407,-0.6537017822265625,-0.138671875,0.8138580322265625
1773062971347514880,42.63498592376709,-0.6188201904296875,-0.17242431640625,0.7955169677734375
1773062971357550848,42.64502191543579,-0.6127166748046875,-0.138214111328125,0.7874755859375
1773062971367586816,42.65505790710449,-0.657196044921875,-0.095855712890625,0.772125244140625
1773062971377622784,42.66509389877319,-0.71630859375,-0.0820465087890625,0.8025665283203125
1773062971387659776,42.67513084411621,-0.765380859375,-0.076690673828125,0.8734893798828125
1773062971397695744,42.68516683578491,-0.7883453369140625,-0.040557861328125,0.92828369140625
1773062971407731712,42.69520282745361,-0.75408935546875,0.00030517578125,0.948455810546875
1773062971417767680,42.705238819122314,-0.675445556640625,0.0860443115234375,0.9499969482421875
1773062971427803648,42.715274810791016,-0.621002197265625,0.247894287109375,0.924652099609375
1773062971437840896,42.72531199455261,-0.59381103515625,0.3967437744140625,0.8532562255859375
1773062971447876864,42.73534798622131,-0.5939483642578125,0.42803955078125,0.7270355224609375
1773062971457912832,42.745383977890015,-0.6256256103515625,0.28826904296875,0.67022705078125
1773062971467948800,42.755419969558716,-0.669952392578125,0.0846710205078125,0.6910858154296875
1773062971477985024,42.76545596122742,-0.714324951171875,-0.080108642578125,0.7509002685546875
1773062971488021760,42.775492906570435,-0.717498779296875,-0.209442138671875,0.7612152099609375
1773062971498057728,42.785528898239136,-0.685150146484375,-0.259735107421875,0.7344818115234375
1773062971508093952,42.79556488990784,-0.666168212890625,-0.1996917724609375,0.7482757568359375
1773062971518129920,42.80560088157654,-0.6894683837890625,-0.1206817626953125,0.776214599609375
1773062971528166656,42.815637826919556,-0.726043701171875,-0.09649658203125,0.7674713134765625
1773062971538202880,42.82567381858826,-0.748138427734375,-0.1010589599609375,0.7588958740234375
1773062971548238848,42.83570981025696,-0.7397918701171875,-0.1015472412109375,0.760345458984375
1773062971558274816,42.84574580192566,-0.7286834716796875,-0.0751495361328125,0.7340240478515625
1773062971568310784,42.85578179359436,-0.7203826904296875,-0.012237548828125,0.7008514404296875
1773062971578348032,42.86581897735596,-0.696502685546875,0.0274200439453125,0.7103729248046875
1773062971588384000,42.87585496902466,-0.688690185546875,-0.02484130859375,0.6902008056640625
1773062971598419968,42.88589096069336,-0.68865966796875,-0.1379547119140625,0.6837310791015625
1773062971608455936,42.89592695236206,-0.708526611328125,-0.226287841796875,0.7866363525390625
1773062971618491904,42.90596294403076,-0.7589874267578125,-0.2053680419921875,0.917205810546875
1773062971628528896,42.91599988937378,-0.825103759765625,-0.161376953125,0.96148681640625
1773062971638564864,42.92603588104248,-0.850738525390625,-0.19586181640625,0.9619903564453125
1773062971648600832,42.93607187271118,-0.802154541015625,-0.2213134765625,0.8093414306640625
1773062971658636800,42.94610786437988,-0.74285888671875,-0.1214141845703125,0.647796630859375
1773062971668673792,42.9561448097229,-0.6860198974609375,0.011993408203125,0.5692138671875
1773062971678709760,42.9661808013916,-0.7030181884765625,-0.0102081298828125,0.111480712890625
1773062971688745728,42.9762167930603,-0.744415283203125,0.0234375,0.1434326171875
1773062971698781696,42.986252784729004,-0.7906494140625,0.1716461181640625,0.4408416748046875
1773062971708817664,42.996288776397705,-0.8137054443359375,0.1475982666015625,0.765960693359375
1773062971718854912,43.0063259601593,-0.77911376953125,-0.0551605224609375,0.8269500732421875
1773062971728890880,43.016361951828,-0.67669677734375,-0.350982666015625,0.7821044921875
1773062971738926848,43.026397943496704,-0.567779541015625,-0.46728515625,0.6458282470703125
1773062971748962816,43.036433935165405,-0.4886627197265625,-0.2848052978515625,0.5957489013671875
1773062971758999808,43.04647088050842,-0.5656280517578125,-0.0957183837890625,0.644500732421875
1773062971769035776,43.056506872177124,-0.7669219970703125,-0.1031036376953125,0.5785980224609375
1773062971779071744,43.066542863845825,-0.919219970703125,-0.1100921630859375,0.67529296875
1773062971789107712,43.076578855514526,-0.9413604736328125,-0.0533294677734375,0.6385498046875
1773062971799143680,43.08661484718323,-0.81915283203125,-0.0071868896484375,0.7511138916015625
1773062971809179904,43.09665107727051,-0.6506500244140625,-0.051788330078125,0.9488983154296875
1773062971819216128,43.10668706893921,-0.5910797119140625,-0.134613037109375,0.9174041748046875
1773062971829252096,43.11672306060791,-0.65264892578125,-0.1140899658203125,0.742034912109375
1773062971839288064,43.12675905227661,-0.74468994140625,-0.0334625244140625,0.6385345458984375
1773062971849324032,43.13679504394531,-0.7891387939453125,-0.0266265869140625,0.5525360107421875
1773062971859361024,43.14683198928833,-0.7792205810546875,-0.05169677734375,0.55950927734375
1773062971869396992,43.15686798095703,-0.759521484375,-0.1060333251953125,0.8101348876953125
1773062971879432960,43.16690397262573,-0.7929534912109375,-0.1713409423828125,0.8823394775390625
1773062971889468928,43.176939964294434,-0.845794677734375,-0.09259033203125,0.7248077392578125
1773062971899505920,43.18697690963745,-0.8578033447265625,0.061065673828125,0.64111328125
1773062971909541888,43.19701290130615,-0.862762451171875,0.140960693359375,0.503265380859375
1773062971919577856,43.20704889297485,-0.8707733154296875,0.054901123046875,0.399749755859375
1773062971929613824,43.217084884643555,-0.860321044921875,-0.0772552490234375,0.4617462158203125
1773062971939649792,43.227120876312256,-0.8379974365234375,-0.222686767578125,0.5811767578125
1773062971949687040,43.23715806007385,-0.8495330810546875,-0.3441314697265625,0.62274169921875
1773062971959723008,43.247194051742554,-0.8969879150390625,-0.2598876953125,0.93841552734375
1773062971969758976,43.257230043411255,-0.9754180908203125,0.0024566650390625,1.232208251953125
1773062971979794944,43.267266035079956,-0.8038330078125,0.419647216796875,1.4568634033203125
1773062971989830912,43.27730202674866,-0.52252197265625,0.003082275390625,0.194091796875
1773062971999867904,43.287338972091675,-0.423065185546875,-0.4755096435546875,0.1738128662109375
1773062972009903872,43.297374963760376,-0.5947265625,0.0187835693359375,1.756927490234375
1773062972019939840,43.30741095542908,-1.079681396484375,0.1589813232421875,1.3905181884765625
1773062972029975808,43.31744694709778,-1.44879150390625,-0.336029052734375,0.5332183837890625
1773062972040012800,43.327483892440796,-1.3017578125,-0.0553741455078125,0.8583984375
1773062972050048768,43.3375198841095,-1.0878448486328125,0.081939697265625,1.020904541015625
1773062972060084736,43.3475558757782,-1.02435302734375,-0.0897064208984375,0.632354736328125
1773062972070120704,43.3575918674469,-0.8087310791015625,-0.1579437255859375,0.5512847900390625
1773062972080156928,43.3676278591156,-0.663604736328125,-0.233001708984375,0.503173828125
1773062972090193920,43.3776650428772,-0.7233734130859375,-0.1774444580078125,0.776031494140625
1773062972100229888,43.3877010345459,-0.9173431396484375,0.009674072265625,1.013031005859375
1773062972110265856,43.3977370262146,-1.0520782470703125,0.08453369140625,1.1273040771484375
1773062972120302080,43.4077730178833,-1.001708984375,0.10614013671875,1.102447509765625
1773062972130338816,43.41780996322632,-0.8738555908203125,0.09588623046875,1.070556640625
1773062972140374784,43.42784595489502,-0.8562469482421875,0.0367584228515625,0.5451812744140625
1773062972150411008,43.43788194656372,-0.8743133544921875,-0.0576324462890625,0.11669921875
1773062972160446976,43.44791793823242,-0.840728759765625,-0.02178955078125,0.2621917724609375
1773062972170482944,43.45795392990112,-0.8525390625,0.0752410888671875,0.5866546630859375
1773062972180519936,43.46799087524414,-0.92779541015625,-0.05126953125,0.8437652587890625
1773062972190555904,43.47802686691284,-0.9842987060546875,-0.1323089599609375,0.9904937744140625
1773062972200591872,43.48806285858154,-1.02178955078125,-0.074920654296875,0.888946533203125
1773062972210627840,43.498098850250244,-1.019744873046875,0.04937744140625,0.7391510009765625
1773062972220663808,43.508134841918945,-0.9669036865234375,0.1087646484375,0.586273193359375
1773062972230701056,43.51817202568054,-0.879241943359375,0.1087799072265625,0.22882080078125
1773062972240737024,43.52820801734924,-0.7576904296875,0.040740966796875,0.0747833251953125
1773062972250772992,43.538244009017944,-0.7013092041015625,-0.019866943359375,0.1600494384765625
1773062972260808960,43.548280000686646,-0.7720184326171875,0.04925537109375,0.4333648681640625
1773062972270845952,43.55831694602966,-0.9084930419921875,0.0462646484375,0.633880615234375
1773062972280881920,43.568352937698364,-0.903533935546875,0.01141357421875,0.609954833984375
1773062972290917888,43.578388929367065,-0.7989501953125,-0.0070648193359375,0.5170440673828125
1773062972300953856,43.58842492103577,-0.7780303955078125,-0.05419921875,0.5420379638671875
1773062972310989824,43.59846091270447,-0.8181610107421875,-0.0372314453125,0.5107421875
1773062972321026816,43.608497858047485,-0.939788818359375,0.04937744140625,0.448577880859375
1773062972331062784,43.61853384971619,-1.05999755859375,0.1802215576171875,0.2045440673828125
1773062972341099008,43.62857007980347,-0.95745849609375,0.2877349853515625,0.0433502197265625
1773062972351134976,43.63860607147217,-0.6494903564453125,0.14013671875,0.092803955078125
1773062972361171968,43.648643016815186,-0.3660888671875,-0.076507568359375,0.3867950439453125
1773062972371207936,43.65867900848389,-0.3425750732421875,-0.142242431640625,0.6601715087890625
1773062972381243904,43.66871500015259,-0.682159423828125,-0.0291290283203125,0.4897003173828125
1773062972391279872,43.67875099182129,-1.0915374755859375,0.21221923828125,0.174591064453125
1773062972401315840,43.68878698348999,-1.166717529296875,0.34503173828125,0.0957489013671875
1773062972411352832,43.69882392883301,-0.869384765625,0.210845947265625,0.1036834716796875
1773062972421388800,43.70885992050171,-0.494659423828125,-0.0390167236328125,0.2214813232421875
1773062972431424768,43.71889591217041,-0.3267822265625,-0.1260833740234375,0.2598724365234375
1773062972441460736,43.72893190383911,-0.4433441162109375,-0.1791839599609375,0.0284881591796875
1773062972451496960,43.73896789550781,-0.64105224609375,-0.2412109375,-0.01873779296875
1773062972461533952,43.74900507926941,-0.7457122802734375,-0.2586669921875,0.2596893310546875
1773062972471569920,43.75904107093811,-0.804290771484375,-0.176025390625,0.4456634521484375
1773062972481605888,43.76907706260681,-0.831146240234375,0.0045928955078125,0.5008087158203125
1773062972491642112,43.77911305427551,-0.8173980712890625,0.0499725341796875,0.314361572265625
1773062972501678848,43.78914999961853,-0.7497406005859375,0.0545196533203125,0.1037750244140625
1773062972511714816,43.79918599128723,-0.70513916015625,0.0851593017578125,-0.0877685546875
1773062972521751040,43.80922198295593,-0.68304443359375,-0.0862579345703125,-0.0995941162109375
1773062972531787008,43.819257974624634,-0.6746368408203125,-0.208770751953125,-0.0205841064453125
1773062972541822976,43.829293966293335,-0.7567291259765625,-0.1608123779296875,-0.0195770263671875
1773062972551859968,43.83933091163635,-0.935028076171875,-0.10687255859375,-0.08734130859375
1773062972561895936,43.849366903305054,-1.0960540771484375,-0.0501251220703125,-0.1645965576171875
1773062972571931904,43.859402894973755,-1.14373779296875,0.099853515625,-0.131927490234375
1773062972581967872,43.869438886642456,-1.1346588134765625,0.0914306640625,-0.040618896484375
1773062972592003840,43.87947487831116,-1.1207122802734375,0.0260467529296875,-0.1662445068359375
1773062972602041088,43.889512062072754,-1.02667236328125,0.0926666259765625,-0.012420654296875
1773062972612077056,43.899548053741455,-0.972747802734375,0.0544281005859375,0.186279296875
1773062972622113024,43.909584045410156,-1.026641845703125,0.111236572265625,0.2455596923828125
1773062972632148992,43.91962003707886,-1.1495361328125,0.06982421875,0.4368438720703125
1773062972642185984,43.929656982421875,-1.304962158203125,-0.1110992431640625,0.293701171875
1773062972652221952,43.939692974090576,-1.2836151123046875,0.0499267578125,0.4376068115234375
1773062972662257920,43.94972896575928,-1.19097900390625,0.083648681640625,0.4131927490234375
1773062972672293888,43.95976495742798,-1.024139404296875,-0.052734375,0.0143585205078125
1773062972682329856,43.96980094909668,-0.751953125,-0.039520263671875,-0.072265625
1773062972692366848,43.9798378944397,-0.6004791259765625,-0.0728302001953125,-0.0476837158203125
1773062972702402816,43.9898738861084,-0.6834259033203125,-0.1753997802734375,-0.158935546875
1773062972712438784,43.9999098777771,-0.8916168212890625,-0.181793212890625,-0.1547393798828125
1773062972722474752,44.0099458694458,-1.0844268798828125,-0.117034912109375,0.01287841796875
1773062972732512000,44.0199830532074,-1.2137451171875,-0.08416748046875,-0.0511322021484375
1773062972742547968,44.0300190448761,-1.1729278564453125,0.0388946533203125,-0.2154541015625
1773062972752583936,44.0400550365448,-0.9901123046875,0.1960906982421875,-0.240936279296875
1773062972762619904,44.0500910282135,-0.8201751708984375,0.142120361328125,-0.26849365234375
1773062972772655872,44.0601270198822,-0.699493408203125,0.035430908203125,-0.0601959228515625
1773062972782692864,44.07016396522522,-0.7677154541015625,-0.061126708984375,0.1918487548828125
1773062972792728832,44.08019995689392,-1.020355224609375,-0.0225677490234375,0.37030029296875
1773062972802764800,44.09023594856262,-1.3102264404296875,0.0668487548828125,0.2747039794921875
1773062972812801536,44.10027265548706,-1.3302154541015625,0.190338134765625,0.4043121337890625
1773062972822837504,44.11030864715576,-1.173583984375,0.19439697265625,0.3516998291015625
1773062972832874752,44.12034583091736,-0.9724273681640625,0.0010528564453125,0.1178436279296875
1773062972842910720,44.13038182258606,-0.781097412109375,0.0766143798828125,-0.0183563232421875
1773062972852946688,44.14041781425476,-0.7338409423828125,0.0928497314453125,-0.198089599609375
1773062972862982656,44.15045380592346,-0.8500213623046875,-0.000152587890625,-0.323974609375
1773062972873019648,44.16049075126648,-1.0184173583984375,-0.03509521484375,-0.077484130859375
1773062972883055616,44.17052674293518,-1.189666748046875,-0.01043701171875,0.1208953857421875
1773062972893091584,44.18056273460388,-1.229583740234375,-0.009857177734375,0.1342010498046875
1773062972903127552,44.19059872627258,-1.0686187744140625,0.071990966796875,0.221160888671875
1773062972913163776,44.200634717941284,-0.955535888671875,0.1841583251953125,0.0975494384765625
1773062972923200512,44.2106716632843,-0.95062255859375,0.1640472412109375,0.0656585693359375
1773062972933236480,44.220707654953,-0.9990386962890625,0.1627960205078125,0.2787933349609375
1773062972943272704,44.230743646621704,-1.076324462890625,0.05609130859375,0.24822998046875
1773062972953308672,44.240779638290405,-1.0237884521484375,-0.0555419921875,0.1669921875
1773062972963344896,44.250815868377686,-0.884552001953125,0.0028533935546875,0.184967041015625
1773062972973381632,44.2608528137207,-0.8782501220703125,0.057586669921875,0.09320068359375
1773062972983417856,44.270888805389404,-0.988433837890625,0.2039642333984375,0.1696319580078125
1773062972993453824,44.280924797058105,-1.137054443359375,0.3227996826171875,0.1975860595703125
1773062973003489792,44.29096078872681,-1.1588897705078125,0.21099853515625,0.0558013916015625
1773062973013526784,44.300997734069824,-0.9395294189453125,0.0836181640625,0.1747894287109375
1773062973023562752,44.311033725738525,-0.7566680908203125,0.012847900390625,0.1443328857421875
1773062973033598720,44.32106971740723,-0.731658935546875,0.009735107421875,0.12091064453125
1773062973043634688,44.33110570907593,-0.8480072021484375,0.077117919921875,0.188079833984375
1773062973053670656,44.34114170074463,-1.0097198486328125,0.2475738525390625,0.2940521240234375
1773062973063707648,44.35117864608765,-1.1048126220703125,0.246490478515625,0.22625732421875
1773062973073743616,44.36121463775635,-1.034271240234375,0.1048126220703125,0.0238800048828125
1773062973083779840,44.37125086784363,-0.841705322265625,0.05462646484375,0.1840057373046875
1773062973093815808,44.38128685951233,-0.801544189453125,0.01751708984375,0.421173095703125
1773062973103851776,44.39132285118103,-0.9690093994140625,-0.04052734375,0.2666473388671875
1773062973113888768,44.40135979652405,-1.03204345703125,0.051422119140625,0.22698974609375
1773062973123924736,44.41139578819275,-0.9679718017578125,0.1479034423828125,0.1426849365234375
1773062973133960704,44.42143177986145,-0.8867034912109375,0.1101837158203125,-0.02044677734375
1773062973143996672,44.43146777153015,-0.8489837646484375,0.10723876953125,-0.028472900390625
1773062973154033664,44.44150471687317,-0.9021148681640625,0.0755462646484375,0.0354461669921875
1773062973164069632,44.45154070854187,-0.9606475830078125,0.02789306640625,0.1768951416015625
1773062973174105600,44.46157670021057,-1.0030364990234375,-3.0517578125e-05,0.2085418701171875
1773062973184141568,44.47161269187927,-1.0182952880859375,-0.040679931640625,0.235076904296875
1773062973194177536,44.481648683547974,-1.01873779296875,0.0527191162109375,0.234619140625
1773062973204214784,44.49168586730957,-1.0221099853515625,0.142364501953125,0.282257080078125
1773062973214250752,44.50172185897827,-1.0189208984375,0.144317626953125,0.195831298828125
1773062973224286720,44.51175785064697,-0.96734619140625,0.12176513671875,0.1182098388671875
1773062973234322688,44.521793842315674,-0.896148681640625,0.0108642578125,0.0995635986328125
1773062973244358656,44.531829833984375,-0.8907012939453125,-0.04095458984375,0.1857147216796875
1773062973254395648,44.54186677932739,-0.9960174560546875,-0.055572509765625,0.2919464111328125
1773062973264431616,44.551902770996094,-1.1601104736328125,-0.050384521484375,0.2158203125
1773062973274467584,44.561938762664795,-1.1920928955078125,0.0936126708984375,0.1969757080078125
1773062973284503808,44.571974754333496,-1.106689453125,0.143157958984375,0.1809234619140625
1773062973294540544,44.582011699676514,-0.9917144775390625,0.0771636962890625,0.1290283203125
1773062973304576512,44.592047691345215,-0.905181884765625,0.082763671875,0.0739898681640625
1773062973314612736,44.602083683013916,-0.8686370849609375,0.05462646484375,0.0408172607421875
1773062973324648704,44.61211967468262,-0.8455047607421875,0.060302734375,0.055877685546875
1773062973334684672,44.62215566635132,-0.8445587158203125,-0.033477783203125,0.298858642578125
1773062973344721920,44.632192850112915,-0.95068359375,-0.1600341796875,0.3565826416015625
1773062973354757888,44.642228841781616,-1.051422119140625,-0.073699951171875,0.417144775390625
1773062973364793856,44.65226483345032,-1.0732574462890625,0.1047515869140625,0.3786468505859375
1773062973374829824,44.66230082511902,-1.00360107421875,0.2081756591796875,0.201324462890625
1773062973384866816,44.672337770462036,-0.8390655517578125,0.24102783203125,0.101043701171875
1773062973394902784,44.68237376213074,-0.674530029296875,0.18707275390625,0.1747894287109375
1773062973404938752,44.69240975379944,-0.6387481689453125,-0.001312255859375,0.32220458984375
1773062973414974720,44.70244574546814,-0.80621337890625,-0.1748046875,0.3372650146484375
1773062973425010688,44.71248173713684,-1.04510498046875,-0.1121826171875,0.2726593017578125
1773062973435047680,44.72251868247986,-1.1500091552734375,0.0692901611328125,0.2095184326171875
1773062973445083648,44.73255467414856,-1.0175628662109375,0.1761016845703125,0.1807098388671875
1773062973455119616,44.74259066581726,-0.7718505859375,0.22027587890625,0.2433929443359375
1773062973465155584,44.75262665748596,-0.6458587646484375,0.19525146484375,0.2121734619140625
1773062973475191552,44.76266264915466,-0.6646575927734375,0.075653076171875,0.1505126953125
1773062973485228800,44.77269983291626,-0.7389373779296875,0.001434326171875,0.3478851318359375
1773062973495264768,44.78273582458496,-0.9043731689453125,0.0672760009765625,0.5562896728515625
1773062973505300736,44.79277181625366,-1.1601409912109375,0.137786865234375,0.41033935546875
1773062973515336704,44.80280780792236,-1.287078857421875,0.1732940673828125,0.105743408203125
1773062973525373696,44.81284475326538,-1.1075592041015625,0.2206573486328125,-0.0070953369140625
1773062973535409664,44.82288074493408,-0.8315277099609375,0.2479705810546875,0.021331787109375
1773062973545445632,44.83291673660278,-0.689208984375,0.1167449951171875,0.0093231201171875
1773062973555481600,44.842952728271484,-0.674774169921875,0.0187225341796875,0.048370361328125
1773062973565517568,44.852988719940186,-0.7542724609375,0.015045166015625,0.2000885009765625
1773062973575554560,44.8630256652832,-0.8851165771484375,-0.1116485595703125,0.5064697265625
1773062973585590528,44.873061656951904,-1.077606201171875,-0.218963623046875,0.69427490234375
1773062973595626496,44.883097648620605,-1.2696685791015625,0.1154632568359375,0.383758544921875
1773062973605662464,44.89313364028931,-1.2334136962890625,0.5340728759765625,0.1215057373046875
1773062973615698688,44.90316987037659,-1.0205230712890625,0.3935699462890625,-0.12152099609375
1773062973625735680,44.913206815719604,-0.6984405517578125,0.1815185546875,-0.0237274169921875
1773062973635771648,44.923242807388306,-0.5024566650390625,0.0679168701171875,0.11480712890625
1773062973645807616,44.93327879905701,-0.5867767333984375,-0.188201904296875,0.0730743408203125
1773062973655843840,44.94331479072571,-0.798309326171875,-0.231781005859375,0.269317626953125
1773062973665880576,44.953351736068726,-1.0442352294921875,-0.0852203369140625,0.421295166015625
1773062973675916544,44.96338772773743,-1.2464752197265625,0.0488739013671875,0.2093505859375
1773062973685952768,44.97342371940613,-1.2092132568359375,0.1797027587890625,0.1134185791015625
1773062973695988736,44.98345971107483,-0.98480224609375,0.132659912109375,0.0875701904296875
1773062973706024704,44.99349570274353,-0.7486724853515625,-0.032623291015625,0.06719970703125
1773062973716061696,45.00353264808655,-0.583343505859375,-0.1016693115234375,0.2016448974609375
1773062973726097664,45.01356863975525,-0.584259033203125,-0.0853729248046875,0.3426055908203125
1773062973736133888,45.02360486984253,-0.792266845703125,-0.0770111083984375,0.2353515625
1773062973746169856,45.03364086151123,-1.07147216796875,-0.0098724365234375,0.001495361328125
1773062973756205824,45.04367685317993,-1.1697540283203125,0.0644073486328125,-0.080810546875
1773062973766242816,45.05371379852295,-0.9862823486328125,0.041748046875,0.031036376953125
1773062973776278784,45.06374979019165,-0.7243194580078125,-0.048614501953125,0.2254638671875
1773062973786314752,45.07378578186035,-0.632568359375,-0.141326904296875,0.188018798828125
1773062973796350720,45.08382177352905,-0.71435546875,-0.2273101806640625,0.0933074951171875
1773062973806386944,45.09385800361633,-0.8788299560546875,-0.2824249267578125,0.1365203857421875
1773062973816422912,45.103893995285034,-1.04180908203125,-0.215972900390625,0.1050262451171875
1773062973826458880,45.113929986953735,-1.1214447021484375,-0.0695343017578125,0.1287078857421875
1773062973836494848,45.12396597862244,-1.0801544189453125,-0.028564453125,0.14312744140625
1773062973846530816,45.13400197029114,-0.9740447998046875,0.0034027099609375,0.0729217529296875
1773062973856568064,45.144039154052734,-0.8877716064453125,-0.01287841796875,0.0463104248046875
1773062973866604032,45.154075145721436,-0.842376708984375,-0.165435791015625,0.17364501953125
1773062973876640000,45.16411113739014,-0.8872528076171875,-0.2914276123046875,0.2224884033203125
1773062973886675968,45.17414712905884,-1.0023345947265625,-0.29559326171875,0.154052734375
1773062973896712192,45.18418312072754,-1.0698089599609375,-0.2087554931640625,0.2025909423828125
1773062973906748928,45.19422006607056,-1.09088134765625,-0.0984344482421875,0.1397857666015625
1773062973916784896,45.20425605773926,-1.0751800537109375,-0.0255889892578125,0.1004180908203125
1773062973926821120,45.21429204940796,-1.02716064453125,-0.03424072265625,0.1161651611328125
1773062973936857088,45.22432804107666,-0.9614715576171875,-0.143402099609375,0.187591552734375
1773062973946893824,45.23436498641968,-0.9165802001953125,-0.2472686767578125,0.288055419921875
1773062973956930048,45.24440097808838,-0.967987060546875,-0.2596435546875,0.242584228515625
1773062973966966016,45.25443696975708,-1.0274200439453125,-0.181732177734375,0.2838134765625
1773062973977002240,45.26447319984436,-1.0406036376953125,-0.0803985595703125,0.262725830078125
1773062973987038208,45.27450919151306,-1.0128936767578125,-0.0661773681640625,0.129669189453125
1773062973997075200,45.28454613685608,-0.9414215087890625,-0.0865936279296875,0.083709716796875
1773062974007111168,45.29458212852478,-0.8698577880859375,-0.1220245361328125,0.083984375
1773062974017147136,45.30461812019348,-0.82080078125,-0.20880126953125,0.1158905029296875
1773062974027183104,45.31465411186218,-0.8152008056640625,-0.23931884765625,0.153411865234375
1773062974037220096,45.3246910572052,-0.8396759033203125,-0.18701171875,0.26214599609375
1773062974047256064,45.3347270488739,-0.875946044921875,-0.091583251953125,0.437713623046875
1773062974057292032,45.3447630405426,-0.944610595703125,-0.006927490234375,0.385986328125
1773062974067328000,45.354799032211304,-1.00372314453125,0.0150146484375,0.246612548828125
1773062974077363968,45.364835023880005,-0.979400634765625,-0.0605010986328125,0.2298431396484375
1773062974087400960,45.37487196922302,-0.9104766845703125,-0.1894989013671875,0.1568450927734375
1773062974097437184,45.3849081993103,-0.8668975830078125,-0.2516326904296875,0.1377410888671875
1773062974107473152,45.394944190979004,-0.85504150390625,-0.1948089599609375,0.0970458984375
1773062974117509120,45.404980182647705,-0.8464202880859375,-0.1068267822265625,0.053497314453125
1773062974127545088,45.415016174316406,-0.839111328125,-0.0432281494140625,0.1616363525390625
1773062974137582080,45.425053119659424,-0.8731842041015625,-0.0304107666015625,0.41058349609375
1773062974147618048,45.435089111328125,-0.9731903076171875,-0.1001739501953125,0.448486328125
1773062974157654016,45.445125102996826,-1.0766448974609375,-0.0779571533203125,0.28338623046875
1773062974167689984,45.45516109466553,-1.052490234375,-0.0873260498046875,0.2270965576171875
1773062974177726976,45.465198040008545,-0.928802490234375,-0.147186279296875,0.130401611328125
1773062974187762944,45.475234031677246,-0.8223114013671875,-0.0877838134765625,0.138824462890625
1773062974197798912,45.48527002334595,-0.80999755859375,-0.033721923828125,0.0797271728515625
1773062974207834880,45.49530601501465,-0.842193603515625,-0.0609588623046875,0.0941314697265625
1773062974217870848,45.50534200668335,-0.891937255859375,-0.0784759521484375,0.1809539794921875
1773062974227908096,45.515379190444946,-0.969085693359375,-0.133056640625,0.1914215087890625
1773062974237944064,45.52541518211365,-0.9982452392578125,-0.1663055419921875,0.3992767333984375
1773062974247980032,45.53545117378235,-0.9915008544921875,-0.1067962646484375,0.5194549560546875
1773062974258016000,45.54548716545105,-0.982940673828125,-0.0546417236328125,0.3090667724609375
1773062974268052224,45.55552315711975,-0.95770263671875,-0.0708770751953125,0.121612548828125
1773062974278088960,45.56556010246277,-0.94769287109375,-0.105682373046875,-0.049835205078125
1773062974288124928,45.57559609413147,-0.94561767578125,-0.1186676025390625,0.010467529296875
1773062974298161152,45.58563208580017,-0.9874420166015625,-0.108856201171875,0.1562042236328125
1773062974308197120,45.59566807746887,-1.052154541015625,-0.1334228515625,0.2301177978515625
1773062974318233856,45.60570502281189,-1.0545501708984375,-0.131378173828125,0.322784423828125
1773062974328270080,45.61574101448059,-1.0180206298828125,-0.0893402099609375,0.339019775390625
1773062974338306048,45.62577700614929,-0.9691314697265625,-0.1394805908203125,0.3575592041015625
1773062974348342016,45.63581299781799,-0.95257568359375,-0.176239013671875,0.36676025390625
1773062974358377984,45.645848989486694,-0.97906494140625,-0.114410400390625,0.2127532958984375
1773062974368415232,45.65588617324829,-1.0134124755859375,-0.035552978515625,0.09478759765625
1773062974378451200,45.66592216491699,-1.036041259765625,-0.0057373046875,0.024169921875
1773062974388487168,45.67595815658569,-1.016326904296875,-0.0747222900390625,0.0708465576171875
1773062974398523136,45.685994148254395,-1.0084228515625,-0.1656036376953125,0.1622161865234375
1773062974408559104,45.696030139923096,-1.0306549072265625,-0.214996337890625,0.256622314453125
1773062974418596096,45.70606708526611,-1.040679931640625,-0.165374755859375,0.3887939453125
1773062974428632064,45.716103076934814,-1.0280303955078125,-0.043701171875,0.3699951171875
1773062974438668032,45.726139068603516,-0.99456787109375,0.0532989501953125,0.32464599609375
1773062974448704000,45.73617506027222,-0.98870849609375,0.0944366455078125,0.241058349609375
1773062974458740992,45.746212005615234,-0.9954986572265625,-0.0020599365234375,0.2245330810546875
1773062974468776960,45.756247997283936,-1.016876220703125,-0.135406494140625,0.1842041015625
1773062974478812928,45.76628398895264,-1.040008544921875,-0.2190093994140625,0.1237335205078125
1773062974488848896,45.77631998062134,-1.0382080078125,-0.2383880615234375,0.21392822265625
1773062974498884864,45.78635597229004,-1.027252197265625,-0.1485137939453125,0.3566131591796875
1773062974508922112,45.796393156051636,-1.022369384765625,-0.0124359130859375,0.4439544677734375
1773062974518958080,45.80642914772034,-1.032745361328125,0.0808258056640625,0.4901885986328125
1773062974528994048,45.81646513938904,-1.0463714599609375,0.0356292724609375,0.364654541015625
1773062974539030016,45.82650113105774,-1.041748046875,-0.017364501953125,0.2402191162109375
1773062974549065984,45.83653712272644,-1.0613250732421875,-0.026214599609375,0.1371307373046875
1773062974559102976,45.84657406806946,-1.0895538330078125,-0.0943603515625,0.0209808349609375
1773062974569138944,45.85661005973816,-1.0948333740234375,-0.1463623046875,0.159149169921875
1773062974579174912,45.86664605140686,-1.1461944580078125,-0.1726837158203125,0.3751373291015625
1773062974589210880,45.87668204307556,-1.254150390625,-0.2137451171875,0.4115142822265625
1773062974599247872,45.88671898841858,-1.311187744140625,-0.0926361083984375,0.4566497802734375
1773062974609283840,45.89675498008728,-1.2892913818359375,0.0728302001953125,0.5756988525390625
1773062974619319808,45.90679097175598,-1.2650146484375,-0.0192718505859375,0.5665740966796875
1773062974629356032,45.91682720184326,-1.272796630859375,-0.0819549560546875,0.35870361328125
1773062974639392256,45.92686319351196,-1.299041748046875,-0.0812530517578125,0.1439971923828125
1773062974649428992,45.93690013885498,-1.3584747314453125,-0.2310943603515625,0.091522216796875
1773062974659464960,45.94693613052368,-1.45953369140625,-0.211883544921875,0.190887451171875
1773062974669501184,45.95697212219238,-1.564117431640625,-0.15252685546875,0.355682373046875
1773062974679537152,45.967008113861084,-1.5826568603515625,-0.149566650390625,0.394012451171875
1773062974689573120,45.977044105529785,-1.4322662353515625,-0.006988525390625,0.4700469970703125
1773062974699610112,45.9870810508728,-1.2587127685546875,0.073394775390625,0.49932861328125
1773062974709646080,45.997117042541504,-1.1751708984375,0.01092529296875,0.56689453125
1773062974719682048,46.007153034210205,-1.196807861328125,-0.0319061279296875,0.4471588134765625
1773062974729718016,46.017189025878906,-1.2534332275390625,-0.0775604248046875,0.23162841796875
1773062974739753984,46.02722501754761,-1.30975341796875,-0.1016845703125,0.0584259033203125
1773062974749791232,46.037262201309204,-1.3404693603515625,-0.109222412109375,0.094696044921875
1773062974759827200,46.047298192977905,-1.3464508056640625,-0.106903076171875,0.287017822265625
1773062974769863168,46.057334184646606,-1.3187408447265625,-0.05377197265625,0.5018157958984375
1773062974779899136,46.06737017631531,-1.2487335205078125,0.0749359130859375,0.6795501708984375
1773062974789936128,46.077407121658325,-1.1999664306640625,0.1319580078125,0.569488525390625
1773062974799972096,46.087443113327026,-1.1839752197265625,0.043365478515625,0.4793701171875
1773062974810008832,46.097479820251465,-1.2244110107421875,-0.0683441162109375,0.4626922607421875
1773062974820044800,46.107515811920166,-1.3569183349609375,-0.05816650390625,0.2154998779296875
1773062974830080768,46.11755180358887,-1.4876861572265625,0.0862274169921875,0.01922607421875
1773062974840118016,46.127588987350464,-1.45947265625,0.164337158203125,0.1197357177734375
1773062974850153984,46.137624979019165,-1.3488922119140625,0.1318511962890625,0.2076416015625
1773062974860189952,46.147660970687866,-1.2964324951171875,0.0279541015625,0.306396484375
1773062974870225920,46.15769696235657,-1.29876708984375,-0.0500030517578125,0.4723663330078125
1773062974880262912,46.167733907699585,-1.33807373046875,-0.0588226318359375,0.3988189697265625
1773062974890298880,46.177769899368286,-1.3371124267578125,-0.024993896484375,0.4347686767578125
1773062974900334848,46.18780589103699,-1.3125152587890625,0.041015625,0.4895477294921875
1773062974910370816,46.19784188270569,-1.3154754638671875,0.0182647705078125,0.319732666015625
1773062974920406784,46.20787787437439,-1.3226776123046875,-0.017669677734375,0.0821685791015625
1773062974930443776,46.21791481971741,-1.31610107421875,0.0174713134765625,-0.0439910888671875
1773062974940479744,46.22795081138611,-1.293243408203125,0.0502777099609375,-0.0309295654296875
1773062974950515712,46.23798680305481,-1.218719482421875,0.0674285888671875,0.225982666015625
1773062974960551680,46.24802279472351,-1.20513916015625,0.0228729248046875,0.2388458251953125
1773062974970587648,46.25805878639221,-1.188018798828125,-0.1436309814453125,0.26416015625
1773062974980624896,46.26809597015381,-1.1289215087890625,-0.172882080078125,0.4623870849609375
1773062974990660864,46.27813196182251,-1.0892791748046875,-0.124725341796875,0.48553466796875
1773062975000696832,46.28816795349121,-1.0816192626953125,-0.0394287109375,0.4488677978515625
1773062975010732800,46.29820394515991,-1.1257781982421875,0.037689208984375,0.2624359130859375
1773062975020768768,46.30823993682861,-1.17547607421875,0.0300750732421875,-0.087799072265625
1773062975030805760,46.31827688217163,-1.1162567138671875,-0.004119873046875,-0.1572113037109375
1773062975040841728,46.32831287384033,-1.035797119140625,0.013427734375,-0.1744537353515625
1773062975050877696,46.33834886550903,-0.9516143798828125,0.04412841796875,-0.0411834716796875
1773062975060913920,46.348384857177734,-0.8979034423828125,-0.07684326171875,0.23101806640625
1773062975070950656,46.35842180252075,-0.9398956298828125,-0.2922515869140625,0.319854736328125
1773062975080986624,46.36845779418945,-0.981903076171875,-0.3772735595703125,0.3140716552734375
1773062975091022848,46.378493785858154,-0.971710205078125,-0.216339111328125,0.33746337890625
1773062975101058816,46.388529777526855,-0.943359375,0.035552978515625,0.4483184814453125
1773062975111094784,46.39856576919556,-0.95233154296875,0.137847900390625,0.373748779296875
1773062975121131776,46.40860295295715,-0.9790191650390625,0.0809478759765625,0.005462646484375
1773062975131168000,46.418638944625854,-0.9269561767578125,0.0061798095703125,-0.2018890380859375
1773062975141203968,46.428674936294556,-0.7966461181640625,-0.0300140380859375,-0.0845947265625
1773062975151239936,46.43871092796326,-0.7411651611328125,-0.044830322265625,0.0353240966796875
1773062975161275904,46.44874691963196,-0.7922821044921875,-0.110870361328125,0.1531982421875
1773062975171312896,46.458783864974976,-0.900848388671875,-0.2227630615234375,0.1989288330078125
1773062975181348864,46.46881985664368,-0.9508209228515625,-0.2089996337890625,0.3380279541015625
1773062975191384832,46.47885584831238,-0.9253997802734375,-0.1048583984375,0.4039459228515625
1773062975201420800,46.48889183998108,-0.90167236328125,-0.0335693359375,0.2339935302734375
1773062975211457792,46.4989287853241,-0.889801025390625,0.0498504638671875,0.17572021484375
1773062975221493760,46.5089647769928,-0.9130096435546875,0.0489501953125,0.0796356201171875
1773062975231529728,46.5190007686615,-0.964630126953125,-0.0182647705078125,-0.2067413330078125
1773062975241565696,46.5290367603302,-0.9172821044921875,-0.0916290283203125,-0.1460113525390625
1773062975251601920,46.53907299041748,-0.819549560546875,-0.14593505859375,0.0457000732421875
1773062975261638912,46.5491099357605,-0.7802276611328125,-0.123077392578125,0.2256927490234375
1773062975271674880,46.5591459274292,-0.823486328125,-0.1085205078125,0.41259765625
1773062975281710848,46.5691819190979,-0.9440460205078125,-0.1583709716796875,0.2520751953125
1773062975291746816,46.5792179107666,-1.0207977294921875,-0.1513824462890625,0.0648040771484375
1773062975301782784,46.5892539024353,-1.0115966796875,-0.0374603271484375,0.085906982421875
1773062975311819776,46.59929084777832,-0.9848480224609375,0.0330810546875,0.0225982666015625
1773062975321855744,46.60932683944702,-0.9400482177734375,-0.005859375,-0.0746307373046875
1773062975331891712,46.61936283111572,-0.838592529296875,-0.0895538330078125,0.01483154296875
1773062975341927680,46.629398822784424,-0.7982940673828125,-0.1713409423828125,-0.0811767578125
1773062975351964672,46.63943576812744,-0.805511474609375,-0.1620635986328125,-0.0746612548828125
1773062975362000640,46.64947175979614,-0.829833984375,-0.063262939453125,0.1379852294921875
1773062975372036864,46.65950798988342,-0.9341583251953125,0.016510009765625,0.02362060546875
1773062975382072832,46.669543981552124,-0.985443115234375,0.0216827392578125,-0.068511962890625
1773062975392108800,46.679579973220825,-0.915496826171875,-0.03167724609375,-0.0022735595703125
1773062975402145792,46.68961691856384,-0.819183349609375,-0.0577239990234375,0.1039886474609375
1773062975412181760,46.699652910232544,-0.7754058837890625,-0.12384033203125,0.320343017578125
1773062975422217728,46.709688901901245,-0.8657379150390625,-0.1732177734375,0.16204833984375
1773062975432253952,46.719724893569946,-0.9410552978515625,-0.010345458984375,-0.04345703125
1773062975442289920,46.72976088523865,-0.851348876953125,0.0794830322265625,0.086822509765625
1773062975452326656,46.739797830581665,-0.7452545166015625,-0.0352020263671875,0.05322265625
1773062975462362880,46.749833822250366,-0.7154388427734375,-0.1054229736328125,-0.0488128662109375
1773062975472398848,46.75986981391907,-0.731109619140625,-0.0992584228515625,-0.0550689697265625
1773062975482434816,46.76990580558777,-0.7492828369140625,-0.0802154541015625,0.0881195068359375
1773062975492470784,46.77994179725647,-0.797088623046875,-0.0465850830078125,0.1608123779296875
1773062975502508032,46.789978981018066,-0.87725830078125,-0.0246734619140625,0.1325531005859375
1773062975512544000,46.80001497268677,-0.96673583984375,-0.0288543701171875,0.131866455078125
1773062975522579968,46.81005096435547,-1.07940673828125,-0.0154876708984375,-0.1452178955078125
1773062975532615936,46.82008695602417,-1.015838623046875,0.0631256103515625,-0.2542724609375
1773062975542651904,46.83012294769287,-0.804046630859375,0.080322265625,-0.210540771484375
1773062975552688896,46.84015989303589,-0.6547088623046875,-0.04022216796875,-0.4483489990234375
1773062975562724864,46.85019588470459,-0.536834716796875,-0.0242919921875,-0.4439544677734375
1773062975572760832,46.86023187637329,-0.5255889892578125,0.05413818359375,-0.2581329345703125
1773062975582796800,46.87026786804199,-0.6659088134765625,0.036102294921875,-0.1108551025390625
1773062975592833792,46.88030481338501,-0.8348846435546875,0.085113525390625,0.197998046875
1773062975602869760,46.89034080505371,-0.981475830078125,0.12005615234375,0.4009246826171875
1773062975612905728,46.90037679672241,-1.050567626953125,0.0749664306640625,0.28515625
1773062975622941696,46.91041278839111,-0.9514617919921875,0.0855712890625,0.0892486572265625
1773062975632977664,46.920448780059814,-0.7726287841796875,0.036468505859375,-0.1521759033203125
1773062975643014912,46.93048596382141,-0.58990478515625,-0.0440216064453125,-0.2203369140625
1773062975653050880,46.94052195549011,-0.4798126220703125,-0.137451171875,-0.1949462890625
1773062975663086848,46.95055794715881,-0.472808837890625,-0.252716064453125,-0.2296905517578125
1773062975673122816,46.960593938827515,-0.525360107421875,-0.2493133544921875,-0.010955810546875
1773062975683158784,46.970629930496216,-0.6956329345703125,-0.1539764404296875,0.2527618408203125
1773062975693195776,46.98066687583923,-0.9094085693359375,-0.0797271728515625,0.3751678466796875
1773062975703231744,46.990702867507935,-0.9909210205078125,-0.0223388671875,0.34576416015625
1773062975713267712,47.000738859176636,-0.8956756591796875,-0.01385498046875,0.1924896240234375
1773062975723303680,47.01077485084534,-0.74639892578125,-0.01171875,0.0489044189453125
1773062975733340672,47.020811796188354,-0.692047119140625,0.0825347900390625,0.0601348876953125
1773062975743376640,47.030847787857056,-0.7625274658203125,0.21270751953125,0.0248565673828125
1773062975753412608,47.04088377952576,-0.813873291015625,0.3040924072265625,-0.1374053955078125
1773062975763448832,47.05091977119446,-0.68975830078125,0.278564453125,-0.29217529296875
1773062975773484800,47.06095576286316,-0.4456787109375,0.1505126953125,-0.3317108154296875
1773062975783521792,47.070992946624756,-0.2557830810546875,0.0150909423828125,-0.12847900390625
1773062975793557760,47.08102893829346,-0.2863922119140625,-0.184722900390625,0.313507080078125
1773062975803593984,47.09106492996216,-0.6646575927734375,-0.4376068115234375,0.411346435546875
1773062975813629440,47.1011004447937,-1.202880859375,-0.4131317138671875,0.135284423828125
1773062975823665408,47.1111364364624,-1.449798583984375,0.1327667236328125,-0.0377655029296875
1773062975833702656,47.121173620224,-1.2492523193359375,0.561279296875,-0.196533203125
1773062975843738624,47.1312096118927,-0.815460205078125,0.4425506591796875,-0.3025054931640625
1773062975853774592,47.1412456035614,-0.3795623779296875,0.1937103271484375,-0.053314208984375
1773062975863810560,47.1512815952301,-0.1670379638671875,-0.0890045166015625,0.2312469482421875
1773062975873846528,47.161317586898804,-0.28851318359375,-0.404541015625,0.339080810546875
1773062975883883520,47.17135453224182,-0.6461334228515625,-0.484405517578125,0.4320068359375
1773062975893919488,47.18139052391052,-1.0479278564453125,-0.135040283203125,0.3992767333984375
1773062975903955456,47.191426515579224,-1.282318115234375,0.2893524169921875,0.1509246826171875
1773062975913991424,47.201462507247925,-1.20196533203125,0.3670501708984375,-0.1490936279296875
1773062975924028416,47.21149945259094,-0.9117584228515625,0.254058837890625,-0.35028076171875
1773062975934064384,47.221535444259644,-0.6196746826171875,0.0159149169921875,-0.2046051025390625
1773062975944100352,47.231571435928345,-0.49774169921875,-0.28472900390625,0.226318359375
1773062975954136320,47.241607427597046,-0.6961669921875,-0.4373321533203125,0.299591064453125
1773062975964172288,47.25164341926575,-1.074371337890625,-0.41119384765625,0.053680419921875
1773062975974209536,47.261680603027344,-1.332489013671875,-0.1321258544921875,-0.0510711669921875
1773062975984245504,47.271716594696045,-1.3488006591796875,0.2251434326171875,-0.13653564453125
1773062975994281472,47.281752586364746,-1.163787841796875,0.217041015625,-0.1429901123046875
1773062976004317440,47.29178857803345,-0.9568939208984375,-0.1638946533203125,-0.072784423828125
1773062976014353408,47.30182456970215,-0.88385009765625,-0.419158935546875,-0.0294647216796875
1773062976024390400,47.311861515045166,-0.9054412841796875,-0.4232330322265625,0.26214599609375
1773062976034426368,47.32189750671387,-1.04705810546875,-0.3141937255859375,0.5016326904296875
1773062976044462336,47.33193349838257,-1.2405853271484375,-0.078277587890625,0.3613739013671875
1773062976054498560,47.34196949005127,-1.302734375,0.1872406005859375,0.2242584228515625
1773062976064534528,47.35200548171997,-1.2468109130859375,0.11529541015625,-0.0399017333984375
1773062976074571264,47.36204242706299,-1.0790557861328125,-0.21673583984375,-0.14996337890625
1773062976084607488,47.37207841873169,-0.8827056884765625,-0.4196319580078125,0.087188720703125
1773062976094643456,47.38211441040039,-0.8460845947265625,-0.4604339599609375,0.2381744384765625
1773062976104679424,47.39215040206909,-0.96282958984375,-0.3245391845703125,0.335174560546875
1773062976114716416,47.40218758583069,-1.1550140380859375,-0.050750732421875,0.4461669921875
1773062976124752640,47.41222357749939,-1.2981414794921875,0.047088623046875,0.2386322021484375
1773062976134788608,47.42225956916809,-1.2249298095703125,-0.0159149169921875,0.0967559814453125
1773062976144824576,47.43229556083679,-1.042816162109375,-0.16534423828125,-0.0261077880859375
1773062976154860544,47.44233155250549,-0.904266357421875,-0.34405517578125,-0.04461669921875
1773062976164897536,47.45236849784851,-0.86370849609375,-0.40655517578125,0.034912109375
1773062976174933504,47.46240448951721,-0.9107208251953125,-0.3313140869140625,0.0717315673828125
1773062976184969472,47.47244048118591,-0.95526123046875,-0.1913299560546875,0.21588134765625
1773062976195005440,47.482476472854614,-0.98504638671875,-0.0885467529296875,0.32769775390625
1773062976205041408,47.492512464523315,-1.015594482421875,-0.1027984619140625,0.3419952392578125
1773062976215078400,47.50254940986633,-1.04644775390625,-0.1552276611328125,0.2482757568359375
1773062976225114368,47.512585401535034,-1.05596923828125,-0.2181854248046875,-0.0052947998046875
1773062976235150336,47.522621393203735,-0.9685211181640625,-0.286407470703125,-0.1343841552734375
1773062976245186304,47.53265738487244,-0.8172760009765625,-0.3220672607421875,-0.01947021484375
1773062976255222528,47.54269361495972,-0.7374420166015625,-0.313720703125,0.07196044921875
1773062976265259520,47.552730560302734,-0.7730560302734375,-0.283935546875,0.109710693359375
1773062976275295488,47.562766551971436,-0.8903656005859375,-0.1719818115234375,0.267333984375
1773062976285331456,47.57280254364014,-1.075347900390625,-0.06634521484375,0.216766357421875
1773062976295367424,47.58283853530884,-1.165008544921875,-0.1468963623046875,0.04071044921875
1773062976305404416,47.592875480651855,-1.0572967529296875,-0.206695556640625,0.011627197265625
1773062976315440384,47.60291147232056,-0.869781494140625,-0.2230682373046875,0.0516815185546875
1773062976325476352,47.61294746398926,-0.7587738037109375,-0.3027801513671875,0.11822509765625
1773062976335512320,47.62298345565796,-0.7938690185546875,-0.334136962890625,0.076141357421875
1773062976345548288,47.63301944732666,-0.897979736328125,-0.30181884765625,-0.015350341796875
1773062976355585280,47.64305639266968,-0.9561614990234375,-0.2271270751953125,0.0568389892578125
1773062976365621248,47.65309238433838,-0.9732666015625,-0.1309967041015625,0.162841796875
1773062976375657472,47.66312861442566,-0.9811859130859375,-0.1409912109375,0.1335296630859375
1773062976385693440,47.67316460609436,-0.97174072265625,-0.17950439453125,0.2172088623046875
1773062976395729664,47.68320059776306,-0.9818115234375,-0.1890869140625,0.149658203125
1773062976405766400,47.69323754310608,-0.9701690673828125,-0.2593231201171875,0.0729522705078125
1773062976415802368,47.70327353477478,-0.93756103515625,-0.3034515380859375,0.0146636962890625
1773062976425838592,47.71330952644348,-0.9259796142578125,-0.264862060546875,-0.0497894287109375
1773062976435874560,47.72334551811218,-0.9323577880859375,-0.224334716796875,0.0623321533203125
1773062976445910528,47.733381509780884,-0.9613037109375,-0.1803436279296875,0.0852508544921875
1773062976455947520,47.7434184551239,-0.9713134765625,-0.153289794921875,0.1417388916015625
1773062976465983488,47.7534544467926,-0.9884033203125,-0.1830291748046875,0.212005615234375
1773062976476019456,47.763490438461304,-1.02459716796875,-0.2303466796875,0.153564453125
1773062976486055424,47.773526430130005,-1.0258331298828125,-0.239959716796875,0.2249298095703125
1773062976496091392,47.783562421798706,-1.03564453125,-0.2257080078125,0.1328887939453125
1773062976506128640,47.7935996055603,-1.0268707275390625,-0.2032470703125,0.00421142578125
1773062976516164608,47.803635597229004,-0.998504638671875,-0.1450347900390625,-0.0341796875
1773062976526200576,47.813671588897705,-0.986236572265625,-0.134246826171875,-0.0321044921875
1773062976536236544,47.823707580566406,-0.9900360107421875,-0.2153472900390625,0.090606689453125
1773062976546273536,47.833744525909424,-1.019439697265625,-0.25360107421875,0.1859130859375
1773062976556309504,47.843780517578125,-1.02783203125,-0.21490478515625,0.36083984375
1773062976566345472,47.853816509246826,-1.04156494140625,-0.2037200927734375,0.302764892578125
1773062976576381440,47.86385250091553,-1.03875732421875,-0.1873626708984375,0.2092132568359375
1773062976586417408,47.87388849258423,-1.0357666015625,-0.106597900390625,0.06390380859375
1773062976596454400,47.883925437927246,-1.048828125,-0.116973876953125,-0.0812530517578125
1773062976606490368,47.89396142959595,-1.0733489990234375,-0.2055511474609375,-0.062957763671875
1773062976616526336,47.90399742126465,-1.094451904296875,-0.2134552001953125,0.09503173828125
1773062976626562304,47.91403341293335,-1.09881591796875,-0.21099853515625,0.2603912353515625
1773062976636598272,47.92406940460205,-1.08831787109375,-0.1999053955078125,0.443572998046875
1773062976646635520,47.93410658836365,-1.079833984375,-0.0689849853515625,0.464935302734375
1773062976656671488,47.94414258003235,-1.07952880859375,-0.02313232421875,0.188873291015625
1773062976666707456,47.95417857170105,-1.038787841796875,-0.1372222900390625,0.06573486328125
1773062976676743424,47.96421456336975,-1.00836181640625,-0.1833038330078125,0.088836669921875
1773062976686779392,47.97425055503845,-1.026458740234375,-0.2398223876953125,0.1126251220703125
1773062976696816384,47.98428750038147,-1.077789306640625,-0.3225555419921875,0.1378326416015625
1773062976706852352,47.99432349205017,-1.1174163818359375,-0.265045166015625,0.23114013671875
1773062976716888320,48.00435948371887,-1.13330078125,-0.183013916015625,0.280975341796875
1773062976726924544,48.01439547538757,-1.1139373779296875,-0.0857086181640625,0.32525634765625
1773062976736960512,48.024431467056274,-1.077667236328125,-0.0440826416015625,0.327850341796875
1773062976746997248,48.03446841239929,-1.052764892578125,-0.1761932373046875,0.2208709716796875
1773062976757033472,48.04450440406799,-1.0300445556640625,-0.238800048828125,0.1990509033203125
1773062976767069440,48.054540395736694,-1.029449462890625,-0.189971923828125,0.24017333984375
1773062976777105408,48.064576387405396,-1.0506134033203125,-0.1769866943359375,0.2434844970703125
1773062976787142400,48.07461357116699,-1.0585479736328125,-0.142974853515625,0.3694305419921875
1773062976797178624,48.08464956283569,-1.06878662109375,-0.04254150390625,0.4048309326171875
1773062976807214592,48.094685554504395,-1.06146240234375,-0.0655364990234375,0.325592041015625
1773062976817250816,48.104721784591675,-1.0366973876953125,-0.16339111328125,0.241668701171875
1773062976827286784,48.114757776260376,-1.033447265625,-0.18768310546875,0.133087158203125
1773062976837323776,48.124794721603394,-1.04461669921875,-0.16217041015625,0.05377197265625
1773062976847360000,48.134830951690674,-1.0416717529296875,-0.102752685546875,0.0573272705078125
1773062976857395968,48.144866943359375,-1.023284912109375,-0.1041259765625,0.1233062744140625
1773062976867431936,48.154902935028076,-1.0205230712890625,-0.1583251953125,0.165069580078125
1773062976877467904,48.16493892669678,-1.034393310546875,-0.2001800537109375,0.2682647705078125
1773062976887504896,48.174975872039795,-1.069000244140625,-0.1900482177734375,0.361053466796875
1773062976897540864,48.185011863708496,-1.10870361328125,-0.1217498779296875,0.4338531494140625
1773062976907576832,48.1950478553772,-1.1553192138671875,-0.141510009765625,0.3755035400390625
1773062976917612800,48.2050838470459,-1.2202301025390625,-0.191375732421875,0.2208099365234375
1773062976927648768,48.2151198387146,-1.2539215087890625,-0.1670379638671875,0.110809326171875
1773062976937685760,48.22515678405762,-1.22979736328125,-0.194000244140625,0.022369384765625
1773062976947721728,48.23519277572632,-1.19732666015625,-0.1575164794921875,0.0562896728515625
1773062976957757696,48.24522876739502,-1.2296905517578125,-0.1031646728515625,0.27587890625
1773062976967793664,48.25526475906372,-1.3173065185546875,-0.2330322265625,0.4897613525390625
1773062976977829632,48.26530075073242,-1.3770751953125,-0.2724761962890625,0.6445770263671875
1773062976987866880,48.27533793449402,-1.3821563720703125,-0.2098236083984375,0.70819091796875
1773062976997902848,48.28537392616272,-1.405242919921875,-0.1805419921875,0.520050048828125
1773062977007938816,48.29540991783142,-1.415679931640625,-0.135650634765625,0.3954620361328125
1773062977017974784,48.30544590950012,-1.4054107666015625,-0.1079864501953125,0.246337890625
1773062977028011776,48.31548285484314,-1.357635498046875,-0.1839752197265625,0.142669677734375
1773062977038047744,48.32551884651184,-1.29132080078125,-0.2798614501953125,0.27191162109375
1773062977048083712,48.33555483818054,-1.316253662109375,-0.3013916015625,0.3683929443359375
1773062977058119680,48.34559082984924,-1.3941650390625,-0.3077545166015625,0.373870849609375
1773062977068155648,48.355626821517944,-1.3946533203125,-0.20074462890625,0.4915771484375
1773062977078192640,48.36566376686096,-1.3346405029296875,-0.0361328125,0.589996337890625
1773062977088228608,48.37569975852966,-1.2826690673828125,0.003204345703125,0.58984375
1773062977098264576,48.385735750198364,-1.2409515380859375,-0.0833892822265625,0.62799072265625
1773062977108300800,48.395771741867065,-1.2487030029296875,-0.1406097412109375,0.4260406494140625
1773062977118336768,48.40580773353577,-1.25762939453125,-0.1525115966796875,0.1688995361328125
1773062977128373760,48.41584491729736,-1.1916961669921875,-0.1906585693359375,0.2009735107421875
1773062977138409728,48.425880908966064,-1.1703338623046875,-0.13232421875,0.2280731201171875
1773062977148445952,48.435916900634766,-1.19549560546875,-0.0704345703125,0.3157501220703125
1773062977158481920,48.44595289230347,-1.23455810546875,-0.1727447509765625,0.3419342041015625
1773062977168517888,48.45598888397217,-1.228302001953125,-0.2076873779296875,0.4178314208984375
1773062977178554880,48.466025829315186,-1.1860198974609375,-0.0826416015625,0.5636444091796875
1773062977188590848,48.47606182098389,-1.14984130859375,-0.0409088134765625,0.598907470703125
1773062977198626816,48.48609781265259,-1.122161865234375,-0.062835693359375,0.6317291259765625
1773062977208662784,48.49613380432129,-1.127960205078125,-0.088653564453125,0.565704345703125
1773062977218698752,48.50616979598999,-1.1844024658203125,-0.109527587890625,0.276153564453125
1773062977228735744,48.51620674133301,-1.25958251953125,-0.10675048828125,-0.134918212890625
1773062977238771712,48.52624273300171,-1.1980133056640625,-0.1314239501953125,-0.0269927978515625
1773062977248807680,48.53627872467041,-1.1300201416015625,-0.1543426513671875,0.148468017578125
1773062977258843904,48.54631495475769,-1.1642913818359375,-0.18646240234375,0.2771453857421875
1773062977268880896,48.55635190010071,-1.2182159423828125,-0.1607513427734375,0.5308074951171875
1773062977278916864,48.56638789176941,-1.2462158203125,-0.0481719970703125,0.63336181640625
1773062977288952832,48.57642388343811,-1.198577880859375,-0.0261688232421875,0.574798583984375
1773062977298988800,48.58645987510681,-1.0925140380859375,-0.1505889892578125,0.4350738525390625
1773062977309024768,48.59649586677551,-1.0504608154296875,-0.2077789306640625,0.2103271484375
1773062977319061760,48.60653281211853,-1.1639251708984375,-0.1702880859375,-0.1360626220703125
1773062977329097728,48.61656880378723,-1.25408935546875,-0.1741790771484375,-0.2344970703125
1773062977339133696,48.62660479545593,-1.1930694580078125,-0.0993194580078125,-0.0815582275390625
1773062977349169664,48.636640787124634,-1.0568389892578125,0.0039520263671875,0.0928192138671875
1773062977359205632,48.646676778793335,-0.9760284423828125,-0.185302734375,0.1441192626953125
1773062977369242624,48.65671372413635,-1.001495361328125,-0.3390960693359375,0.2168731689453125
1773062977379278848,48.66674995422363,-1.043304443359375,-0.20904541015625,0.3443145751953125
1773062977389314816,48.676785945892334,-1.072784423828125,-0.1045684814453125,0.267608642578125
1773062977399350784,48.686821937561035,-1.0421142578125,-0.0691375732421875,0.1861572265625
1773062977409386752,48.696857929229736,-0.930419921875,-0.0546417236328125,0.26995849609375
1773062977419423744,48.706894874572754,-0.8651275634765625,-0.1788330078125,0.20330810546875
1773062977429459712,48.716930866241455,-0.925537109375,-0.2377777099609375,0.0371246337890625
1773062977439495680,48.726966857910156,-1.023284912109375,-0.0456085205078125,-0.0082855224609375
1773062977449531904,48.73700284957886,-1.0296630859375,0.14227294921875,-0.0337982177734375
1773062977459567872,48.74703884124756,-0.9319000244140625,0.1055908203125,-0.0999755859375
1773062977469604608,48.757075786590576,-0.7977752685546875,-0.0536956787109375,-0.1232452392578125
1773062977479640832,48.76711177825928,-0.70745849609375,-0.225128173828125,0.0045166015625
1773062977489676800,48.77714776992798,-0.72601318359375,-0.2162017822265625,0.30255126953125
1773062977499712768,48.78718376159668,-0.8461761474609375,-0.03375244140625,0.4343109130859375
1773062977509750016,48.797220945358276,-0.9669189453125,0.0641937255859375,0.2921295166015625
1773062977519785984,48.80725693702698,-0.9663238525390625,0.018524169921875,0.1307525634765625
1773062977529821952,48.81729292869568,-0.86138916015625,-0.05377197265625,-0.023895263671875
1773062977539857920,48.82732892036438,-0.7285919189453125,-0.104034423828125,-0.1158599853515625
1773062977549893888,48.83736491203308,-0.667633056640625,-0.1547698974609375,-0.1573486328125
1773062977559930880,48.8474018573761,-0.701751708984375,-0.106597900390625,-0.085662841796875
1773062977569966848,48.8574378490448,-0.7736968994140625,0.0070648193359375,0.00836181640625
1773062977580002816,48.8674738407135,-0.8308563232421875,-0.0437774658203125,0.0498809814453125
1773062977590038784,48.8775098323822,-0.855804443359375,-0.1168365478515625,0.1164093017578125
1773062977600074752,48.8875458240509,-0.907440185546875,-0.021484375,0.03704833984375
1773062977610111744,48.89758276939392,-0.9597320556640625,0.1320953369140625,-0.1291961669921875
1773062977620147712,48.90761876106262,-0.913970947265625,0.1569366455078125,-0.262420654296875
1773062977630183680,48.91765475273132,-0.718017578125,0.043182373046875,-0.225433349609375
1773062977640219648,48.927690744400024,-0.5313568115234375,-0.1112518310546875,-0.00396728515625
1773062977650255616,48.937726736068726,-0.5403900146484375,-0.134674072265625,0.0605621337890625
1773062977660292864,48.94776391983032,-0.6771087646484375,-0.0130157470703125,0.0521392822265625
1773062977670328832,48.95779991149902,-0.7629547119140625,0.1006622314453125,0.206207275390625
1773062977680364800,48.967835903167725,-0.7842254638671875,0.153839111328125,0.2650909423828125
1773062977690400768,48.977871894836426,-0.7651214599609375,0.155181884765625,0.1645050048828125
1773062977700436736,48.98790788650513,-0.6842041015625,0.175079345703125,-0.0657501220703125
1773062977710473728,48.997944831848145,-0.4982147216796875,0.14794921875,-0.0555877685546875
1773062977720509696,49.007980823516846,-0.3318328857421875,0.0062408447265625,0.12860107421875
1773062977730545664,49.01801681518555,-0.3461761474609375,-0.067718505859375,0.0300140380859375
1773062977740581632,49.02805280685425,-0.501190185546875,-0.037017822265625,-0.2248687744140625
1773062977750617856,49.03808879852295,-0.6453399658203125,0.0318145751953125,-0.374267578125
1773062977760654592,49.04812574386597,-0.693389892578125,0.033172607421875,-0.3623504638671875
1773062977770690560,49.05816173553467,-0.6666107177734375,-0.02166748046875,-0.2034912109375
1773062977780726784,49.06819772720337,-0.6208343505859375,-0.064300537109375,0.008087158203125
1773062977790762752,49.07823371887207,-0.6336517333984375,-0.130767822265625,0.002716064453125
1773062977800798976,49.08826994895935,-0.6278839111328125,-0.1903228759765625,-0.0632781982421875
1773062977810835712,49.09830665588379,-0.5548248291015625,-0.1394195556640625,0.02587890625
1773062977820871680,49.10834264755249,-0.5266876220703125,-0.0741729736328125,0.099365234375
1773062977830907648,49.11837863922119,-0.569366455078125,-0.0569000244140625,0.049774169921875
1773062977840943616,49.12841463088989,-0.6180877685546875,-0.0332183837890625,0.090606689453125
1773062977850980608,49.13845157623291,-0.6790008544921875,-0.05889892578125,0.1789398193359375
1773062977861016576,49.14848756790161,-0.747406005859375,-0.166748046875,0.1086578369140625
1773062977871052544,49.15852355957031,-0.7505035400390625,-0.166015625,-0.0444488525390625
1773062977881088512,49.168559551239014,-0.6751251220703125,0.0811920166015625,-0.1638031005859375
1773062977891124480,49.178595542907715,-0.5946502685546875,0.30841064453125,-0.2100067138671875
1773062977901161472,49.18863248825073,-0.5469207763671875,0.269805908203125,-0.0466156005859375
1773062977911197440,49.198668479919434,-0.6490936279296875,0.0371246337890625,-0.0295562744140625
1773062977921233408,49.208704471588135,-0.8440704345703125,-0.0824432373046875,-0.019256591796875
1773062977931269632,49.218740701675415,-0.983154296875,-0.0908660888671875,0.1169891357421875
1773062977941305600,49.228776693344116,-0.9898223876953125,-0.102752685546875,0.2240447998046875
1773062977951342592,49.238813638687134,-0.87091064453125,0.0219268798828125,0.2801361083984375
1773062977961378560,49.248849630355835,-0.7384185791015625,0.1619873046875,0.371917724609375
1773062977971414528,49.258885622024536,-0.7075653076171875,0.033599853515625,0.3788604736328125
1773062977981450496,49.26892161369324,-0.7680206298828125,-0.17559814453125,0.27069091796875
1773062977991486464,49.27895760536194,-0.9175872802734375,-0.1208343505859375,-0.085205078125
1773062978001523456,49.288994550704956,-1.0140533447265625,0.175262451171875,-0.24554443359375
1773062978011559424,49.29903054237366,-0.9835205078125,0.2030181884765625,-0.078826904296875
1773062978021595392,49.30906653404236,-0.8903350830078125,0.0956878662109375,-0.0334320068359375
1773062978031631360,49.31910252571106,-0.7424468994140625,0.0403900146484375,0.188568115234375
1773062978041667584,49.32913851737976,-0.722625732421875,-0.2661590576171875,0.3503875732421875
1773062978051704576,49.33917570114136,-0.9909210205078125,-0.4384613037109375,-0.1107330322265625
1773062978061740544,49.34921169281006,-1.2343292236328125,-0.1155548095703125,-0.103729248046875
1773062978071776512,49.35924768447876,-1.3214569091796875,0.0743560791015625,-0.1432647705078125
1773062978081812736,49.36928367614746,-1.1654205322265625,0.0148468017578125,-0.2957916259765625
1773062978091848704,49.37931966781616,-0.8348846435546875,-0.0217742919921875,-0.2322845458984375
1773062978101885440,49.38935661315918,-0.5806884765625,-0.1361846923828125,-0.0381622314453125
1773062978111921664,49.39939260482788,-0.5658721923828125,-0.445556640625,0.2310791015625
1773062978121957632,49.40942859649658,-0.848388671875,-0.6081390380859375,0.3829803466796875
1773062978131993600,49.41946458816528,-1.2388153076171875,-0.3060760498046875,0.27325439453125
1773062978142029568,49.429500579833984,-1.422210693359375,0.2222900390625,0.203094482421875
1773062978152066560,49.439537525177,-1.2656707763671875,0.367828369140625,0.1223297119140625
1773062978162102528,49.4495735168457,-0.9265899658203125,0.1677093505859375,-0.0301055908203125
1773062978172138496,49.459609508514404,-0.6341400146484375,-0.157073974609375,0.0726165771484375
1773062978182174464,49.469645500183105,-0.5663604736328125,-0.4599609375,0.2489776611328125
1773062978192210432,49.47968149185181,-0.7590484619140625,-0.5029296875,0.1379547119140625
1773062978202247680,49.4897186756134,-0.968841552734375,-0.30084228515625,0.2321929931640625
1773062978212283648,49.499754667282104,-1.0264892578125,-0.084228515625,0.3044586181640625
1773062978222319616,49.509790658950806,-0.9654998779296875,0.05206298828125,0.21258544921875
1773062978232355584,49.51982665061951,-0.885711669921875,0.081573486328125,0.1389007568359375
1773062978242392576,49.529863595962524,-0.89935302734375,-0.1060028076171875,-0.0125274658203125
1773062978252428544,49.539899587631226,-0.9340362548828125,-0.3284912109375,-0.0122833251953125
1773062978262464512,49.54993557929993,-0.90936279296875,-0.305084228515625,0.157958984375
1773062978272500480,49.55997157096863,-0.8647613525390625,-0.247344970703125,0.181640625
1773062978282536448,49.57000756263733,-0.8262481689453125,-0.211761474609375,0.1952056884765625
1773062978292573440,49.58004450798035,-0.841033935546875,-0.128692626953125,0.2469940185546875
1773062978302609408,49.59008049964905,-0.931640625,-0.177459716796875,0.2512054443359375
1773062978312645376,49.60011649131775,-1.0101776123046875,-0.2417449951171875,0.3424835205078125
1773062978322681344,49.61015248298645,-1.02154541015625,-0.1396331787109375,0.3182525634765625
1773062978332717312,49.62018847465515,-0.9654541015625,-0.0844879150390625,0.0748138427734375
1773062978342754560,49.63022565841675,-0.868194580078125,-0.1733856201171875,-0.1116790771484375
1773062978352790528,49.64026165008545,-0.8277587890625,-0.1489105224609375,-0.0529632568359375
1773062978362826496,49.65029764175415,-0.9026336669921875,-0.180511474609375,0.0378570556640625
1773062978372862464,49.66033363342285,-1.0143585205078125,-0.36273193359375,0.0654296875
1773062978382898688,49.67036962509155,-1.04071044921875,-0.322906494140625,0.29888916015625
1773062978392935424,49.68040657043457,-1.004425048828125,-0.1673583984375,0.486785888671875
1773062978402971392,49.69044256210327,-0.96527099609375,-0.1641693115234375,0.399658203125
1773062978413007616,49.70047855377197,-0.9591217041015625,-0.121337890625,0.1801300048828125
1773062978423043584,49.710514545440674,-0.999786376953125,-0.005615234375,0.022247314453125
1773062978433079552,49.720550537109375,-1.0547637939453125,-0.0503387451171875,-0.04534912109375
1773062978443116544,49.73058748245239,-1.045654296875,-0.2453155517578125,0.07891845703125
1773062978453152512,49.740623474121094,-1.010345458984375,-0.3294677734375,0.23040771484375
1773062978463188736,49.750659704208374,-0.9952392578125,-0.2899017333984375,0.2869873046875
1773062978473224704,49.760695695877075,-1.0107421875,-0.2371063232421875,0.31390380859375
1773062978483260672,49.770731687545776,-1.036529541015625,-0.1874847412109375,0.3418426513671875
1773062978493297664,49.780768632888794,-1.0669708251953125,-0.096435546875,0.2357330322265625
1773062978503333632,49.790804624557495,-1.111846923828125,-0.0316009521484375,0.1102294921875
1773062978513369600,49.800840616226196,-1.1412200927734375,-0.0882568359375,0.049072265625
1773062978523405568,49.8108766078949,-1.1138763427734375,-0.1640167236328125,0.09967041015625
1773062978533441536,49.8209125995636,-1.064361572265625,-0.2087554931640625,0.186004638671875
1773062978543478528,49.830949544906616,-1.0361785888671875,-0.272369384765625,0.2647247314453125
1773062978553514496,49.84098553657532,-1.0608978271484375,-0.29522705078125,0.23858642578125
1773062978563550464,49.85102152824402,-1.0994110107421875,-0.1913604736328125,0.2835235595703125
1773062978573586432,49.86105751991272,-1.13604736328125,-0.040618896484375,0.28045654296875
1773062978583622400,49.87109351158142,-1.1537628173828125,0.0268707275390625,0.240203857421875
1773062978593659648,49.88113069534302,-1.1467132568359375,-0.0671844482421875,0.0772857666015625
1773062978603695616,49.89116668701172,-1.0906829833984375,-0.2071380615234375,0.0567474365234375
1773062978613731584,49.90120267868042,-1.046539306640625,-0.2099456787109375,0.0992431640625
1773062978623767552,49.91123867034912,-1.048614501953125,-0.1667938232421875,0.1951751708984375
1773062978633804544,49.92127561569214,-1.0942535400390625,-0.1544647216796875,0.3333740234375
1773062978643840512,49.93131160736084,-1.1453704833984375,-0.136260986328125,0.4008941650390625
1773062978653876480,49.94134759902954,-1.1332550048828125,-0.1067047119140625,0.46990966796875
1773062978663912448,49.95138359069824,-1.0827789306640625,-0.0423126220703125,0.3548583984375
1773062978673948416,49.96141958236694,-1.0552520751953125,-0.007110595703125,0.168487548828125
1773062978683984640,49.971455574035645,-1.0764007568359375,-0.082855224609375,0.055206298828125
1773062978694021376,49.98149251937866,-1.1119384765625,-0.1267242431640625,0.0764007568359375
1773062978704057344,49.99152851104736,-1.1435546875,-0.1440277099609375,0.1042327880859375
1773062978714093568,50.001564502716064,-1.144989013671875,-0.282073974609375,0.14495849609375
1773062978724129536,50.011600494384766,-1.111358642578125,-0.34423828125,0.1867828369140625
1773062978734166528,50.02163767814636,-1.0741729736328125,-0.16754150390625,0.3050384521484375
1773062978744202496,50.03167366981506,-1.0779571533203125,0.0167694091796875,0.337310791015625
1773062978754238720,50.041709661483765,-1.0792388916015625,0.010833740234375,0.2695770263671875
1773062978764274688,50.051745653152466,-1.05462646484375,-0.0583343505859375,0.22216796875
1773062978774310656,50.06178164482117,-1.054351806640625,-0.10845947265625,0.096893310546875
1773062978784347648,50.071818590164185,-1.048583984375,-0.1514739990234375,0.0001220703125
1773062978794383616,50.081854581832886,-1.0221099853515625,-0.1396026611328125,-0.0293121337890625
1773062978804419584,50.09189057350159,-0.9879913330078125,-0.1499481201171875,0.0458984375
1773062978814455808,50.10192680358887,-0.98907470703125,-0.178619384765625,0.2388458251953125
1773062978824491776,50.11196279525757,-1.0247802734375,-0.1724700927734375,0.3806915283203125
1773062978834528768,50.121999740600586,-1.04681396484375,-0.065582275390625,0.46612548828125
1773062978844564736,50.13203573226929,-1.0368804931640625,0.0811004638671875,0.4734954833984375
1773062978854600704,50.14207172393799,-0.9922027587890625,0.0855255126953125,0.448944091796875
1773062978864636672,50.15210771560669,-0.9933319091796875,-0.0041961669921875,0.1876678466796875
1773062978874672640,50.16214370727539,-1.0324554443359375,-0.10888671875,-0.195068359375
1773062978884709632,50.17218065261841,-1.0448150634765625,-0.181427001953125,-0.1544342041015625
1773062978894745600,50.18221664428711,-1.0941162109375,-0.147247314453125,0.0407867431640625
1773062978904781568,50.19225263595581,-1.1660614013671875,-0.1292877197265625,0.2337493896484375
1773062978914817536,50.20228862762451,-1.225189208984375,-0.1078033447265625,0.3678131103515625
1773062978924853504,50.21232461929321,-1.2191162109375,0.0062255859375,0.4280853271484375
1773062978934890752,50.22236180305481,-1.15704345703125,0.0812835693359375,0.4212493896484375
1773062978944926720,50.23239779472351,-1.128265380859375,0.005950927734375,0.2623443603515625
1773062978954962688,50.24243378639221,-1.166839599609375,-0.0905609130859375,-0.0280303955078125
1773062978964998656,50.25246977806091,-1.172607421875,-0.1728973388671875,-0.0168609619140625
1773062978975034624,50.262505769729614,-1.181915283203125,-0.1456298828125,0.1505584716796875
1773062978985071616,50.27254271507263,-1.2368621826171875,-0.0522613525390625,0.31585693359375
1773062978995107584,50.28257870674133,-1.3143157958984375,-0.0427703857421875,0.38861083984375
1773062979005143552,50.292614698410034,-1.3324432373046875,-0.0265045166015625,0.39697265625
1773062979015179520,50.302650690078735,-1.269775390625,0.0492095947265625,0.4583587646484375
1773062979025215744,50.31268668174744,-1.258636474609375,0.0581817626953125,0.279266357421875
1773062979035252480,50.322723627090454,-1.274017333984375,-0.0387725830078125,3.0517578125e-05
1773062979045288448,50.332759618759155,-1.2435302734375,-0.1024932861328125,-0.05157470703125
1773062979055324672,50.342795610427856,-1.2170562744140625,-0.1472625732421875,0.0226287841796875
1773062979065360640,50.35283160209656,-1.2389678955078125,-0.173675537109375,0.233734130859375
1773062979075396608,50.36286759376526,-1.305755615234375,-0.168426513671875,0.3988189697265625
1773062979085433600,50.372904777526855,-1.332916259765625,-0.1147308349609375,0.5269775390625
1773062979095469824,50.38294076919556,-1.3156280517578125,0.0199432373046875,0.525115966796875
1773062979105505792,50.39297676086426,-1.2904205322265625,0.08978271484375,0.3600311279296875
1773062979115541760,50.40301275253296,-1.25189208984375,0.0660400390625,0.20538330078125
1773062979125577728,50.41304874420166,-1.1763153076171875,-0.054534912109375,0.270294189453125
1773062979135614720,50.42308568954468,-1.1163482666015625,-0.1976318359375,0.32330322265625
1773062979145650688,50.43312168121338,-1.121612548828125,-0.257568359375,0.2987213134765625
1773062979155686656,50.44315767288208,-1.191253662109375,-0.128326416015625,0.468902587890625
1773062979165722624,50.45319366455078,-1.299285888671875,0.0401153564453125,0.46258544921875
1773062979175758592,50.46322965621948,-1.326934814453125,0.07135009765625,0.3930511474609375
1773062979185795584,50.4732666015625,-1.2296142578125,0.05963134765625,0.51580810546875
1773062979195831552,50.4833025932312,-1.1377716064453125,-0.0151519775390625,0.42333984375
1773062979205867776,50.49333882331848,-1.0955047607421875,-0.1194305419921875,0.28594970703125
1773062979215903744,50.50337481498718,-1.101837158203125,-0.09326171875,0.3412322998046875
1773062979225939712,50.513410806655884,-1.174835205078125,-0.0601043701171875,0.2581024169921875
1773062979235976704,50.5234477519989,-1.2371063232421875,-0.1357269287109375,0.1602783203125
1773062979246012672,50.5334837436676,-1.250244140625,-0.18780517578125,0.20745849609375
1773062979256048640,50.543519735336304,-1.232513427734375,-0.1795196533203125,0.294891357421875
1773062979266084608,50.553555727005005,-1.205291748046875,-0.1254119873046875,0.4534759521484375
1773062979276120576,50.563591718673706,-1.1960906982421875,-0.09063720703125,0.5172576904296875
1773062979286157568,50.573628664016724,-1.201995849609375,-0.12823486328125,0.376312255859375
1773062979296193536,50.583664655685425,-1.1871795654296875,-0.10504150390625,0.324554443359375
1773062979306229504,50.593700647354126,-1.1616668701171875,-0.041015625,0.372100830078125
1773062979316265472,50.60373663902283,-1.1821441650390625,-0.0300445556640625,0.25311279296875
1773062979326301696,50.61377263069153,-1.2127532958984375,-0.1282501220703125,0.0399169921875
1773062979336338688,50.623809814453125,-1.194427490234375,-0.2503509521484375,0.0710906982421875
1773062979346374656,50.633845806121826,-1.2058563232421875,-0.2727203369140625,0.0552978515625
1773062979356410624,50.64388179779053,-1.1990814208984375,-0.265869140625,0.1361846923828125
1773062979366446848,50.65391778945923,-1.1540985107421875,-0.274017333984375,0.3115234375
1773062979376482816,50.66395378112793,-1.13079833984375,-0.2184600830078125,0.454681396484375
1773062979386519552,50.67399072647095,-1.154449462890625,-0.0771484375,0.465728759765625
1773062979396555776,50.68402671813965,-1.18316650390625,-0.0147247314453125,0.4183349609375
1773062979406591744,50.69406270980835,-1.190277099609375,-0.095184326171875,0.3446502685546875
1773062979416627712,50.70409870147705,-1.184326171875,-0.185577392578125,0.12396240234375
1773062979426664704,50.71413564682007,-1.147491455078125,-0.266082763671875,-0.091522216796875
1773062979436700672,50.72417163848877,-1.058990478515625,-0.3028411865234375,-0.0013275146484375
1773062979446736640,50.73420763015747,-1.0391082763671875,-0.246063232421875,0.1376495361328125
1773062979456772608,50.74424362182617,-1.1280059814453125,-0.1876373291015625,0.1320648193359375
1773062979466808576,50.75427961349487,-1.167449951171875,-0.15716552734375,0.270172119140625
1773062979476845824,50.76431679725647,-1.125213623046875,-0.1446685791015625,0.310028076171875
1773062979486881792,50.77435278892517,-1.035858154296875,-0.1032867431640625,0.426727294921875
1773062979496917760,50.78438878059387,-1.0134429931640625,-0.0652313232421875,0.36614990234375
1773062979506953728,50.79442477226257,-1.0638275146484375,-0.08636474609375,0.05517578125
1773062979516989696,50.804460763931274,-1.0548553466796875,-0.152496337890625,-0.1196136474609375
1773062979527025664,50.814496755599976,-0.9603118896484375,-0.23193359375,-0.1201934814453125
1773062979537062656,50.82453370094299,-0.8572845458984375,-0.25946044921875,0.003570556640625
1773062979547098624,50.834569692611694,-0.840576171875,-0.288299560546875,0.1400146484375
1773062979557134592,50.844605684280396,-0.9383392333984375,-0.301361083984375,0.1638641357421875
1773062979567170560,50.8546416759491,-1.0089263916015625,-0.1064453125,0.2343902587890625
1773062979577207552,50.864678621292114,-0.9887542724609375,0.14532470703125,0.250579833984375
1773062979587243520,50.874714612960815,-0.914093017578125,0.120208740234375,0.1668701171875
1773062979597279488,50.88475060462952,-0.8102569580078125,-0.0765533447265625,0.205963134765625
1773062979607315456,50.89478659629822,-0.79620361328125,-0.2286224365234375,0.1022796630859375
1773062979617351680,50.9048228263855,-0.848907470703125,-0.249908447265625,0.0247802734375
1773062979627388672,50.914859771728516,-0.8694915771484375,-0.131103515625,0.1244354248046875
1773062979637424640,50.92489576339722,-0.8634185791015625,0.0253143310546875,0.147552490234375
1773062979647460608,50.93493175506592,-0.8665313720703125,0.1126861572265625,-0.090606689453125
1773062979657496576,50.94496774673462,-0.8173980712890625,0.11175537109375,-0.180908203125
1773062979667532800,50.95500373840332,-0.7604522705078125,0.0014495849609375,-0.0419769287109375
1773062979677569536,50.96504068374634,-0.7957763671875,-0.133880615234375,0.000946044921875
1773062979687605504,50.97507667541504,-0.87127685546875,-0.1268157958984375,-0.0718231201171875
1773062979697641728,50.98511266708374,-0.871826171875,-0.0098419189453125,-0.232818603515625
1773062979707677696,50.99514865875244,-0.7275848388671875,0.063140869140625,-0.2708892822265625
1773062979717713664,51.00518465042114,-0.5381927490234375,-0.034454345703125,-0.02972412109375
1773062979727750656,51.01522159576416,-0.49969482421875,-0.14324951171875,0.2028961181640625
1773062979737786880,51.02525782585144,-0.6389007568359375,-0.0455474853515625,0.3118133544921875
1773062979747822848,51.03529381752014,-0.8678741455078125,0.15777587890625,0.28057861328125
1773062979757858816,51.04532980918884,-1.0194091796875,0.22332763671875,-0.0521087646484375
1773062979767894784,51.055365800857544,-0.8189239501953125,0.25274658203125,-0.0529632568359375
1773062979777931776,51.06540274620056,-0.482208251953125,0.223663330078125,0.1196441650390625
1773062979787967744,51.07543873786926,-0.3016357421875,0.0974578857421875,0.1355743408203125
1773062979798003712,51.085474729537964,-0.296051025390625,-0.0611114501953125,0.02685546875
1773062979808039680,51.095510721206665,-0.37567138671875,-0.068603515625,-0.1643829345703125
1773062979818074624,51.10554575920105,-0.4483795166015625,0.040924072265625,-0.120452880859375
1773062979828111872,51.11558294296265,-0.50689697265625,0.067108154296875,-0.0074005126953125
1773062979838147840,51.12561893463135,-0.54248046875,0.034393310546875,0.0431671142578125
1773062979848183808,51.13565492630005,-0.551605224609375,-0.034271240234375,0.069061279296875
1773062979858219776,51.14569091796875,-0.5660858154296875,-0.09722900390625,0.0357666015625
1773062979868255744,51.15572690963745,-0.5879669189453125,-0.1605987548828125,0.0483245849609375
1773062979878292736,51.16576385498047,-0.605377197265625,-0.2692413330078125,0.1132049560546875
1773062979888328704,51.17579984664917,-0.60784912109375,-0.3495330810546875,0.1965789794921875
1773062979898364672,51.18583583831787,-0.6029815673828125,-0.3083343505859375,0.24407958984375
1773062979908400896,51.19587182998657,-0.58758544921875,-0.1814422607421875,0.2355194091796875
1773062979918436864,51.20590782165527,-0.5638427734375,-0.025970458984375,0.1923675537109375
1773062979928473600,51.21594476699829,-0.581024169921875,0.0817108154296875,0.1105804443359375
1773062979938509824,51.22598075866699,-0.6438140869140625,0.0741729736328125,-0.0452117919921875
1773062979948545792,51.23601675033569,-0.63916015625,0.0216522216796875,-0.169708251953125
1773062979958581760,51.246052742004395,-0.4951324462890625,0.0325775146484375,-0.02935791015625
1773062979968617728,51.256088733673096,-0.374908447265625,-0.0279693603515625,0.297149658203125
1773062979978654976,51.26612591743469,-0.463623046875,-0.20745849609375,0.255279541015625
1773062979988690944,51.276161909103394,-0.6663360595703125,-0.192047119140625,0.14019775390625
1773062979998726912,51.286197900772095,-0.8605499267578125,0.0410003662109375,0.24462890625
1773062980008762880,51.296233892440796,-1.0092620849609375,0.1894378662109375,0.0922698974609375
1773062980018798848,51.3062698841095,-0.90740966796875,0.193878173828125,0.0286865234375
1773062980028835840,51.316306829452515,-0.6280670166015625,0.1465911865234375,0.1686859130859375
1773062980038871808,51.326342821121216,-0.5151214599609375,-0.0208892822265625,0.1112213134765625
1773062980048907776,51.33637881278992,-0.6205291748046875,-0.1867828369140625,-0.0093536376953125
1773062980058943744,51.34641480445862,-0.837890625,-0.0742950439453125,-0.057464599609375
1773062980068979712,51.35645079612732,-1.0698394775390625,0.0997467041015625,-0.0340728759765625
1773062980079016704,51.36648774147034,-1.1692962646484375,0.0453948974609375,-0.049896240234375
1773062980089052672,51.37652373313904,-1.0032806396484375,-0.095428466796875,0.1072540283203125
1773062980099088640,51.38655972480774,-0.7940216064453125,-0.1658935546875,0.207672119140625
1773062980109124864,51.39659595489502,-0.72198486328125,-0.249755859375,0.3148040771484375
1773062980119160832,51.40663194656372,-0.8199615478515625,-0.34295654296875,0.2450714111328125
1773062980129197824,51.41666889190674,-1.0173492431640625,-0.2289276123046875,0.1997833251953125
1773062980139233792,51.42670488357544,-1.2277374267578125,0.095062255859375,0.23046875
1773062980149269760,51.43674087524414,-1.3723907470703125,0.238433837890625,-0.189056396484375
1773062980159305728,51.44677686691284,-1.21295166015625,-0.0400238037109375,-0.3636474609375
1773062980169341696,51.45681285858154,-0.8671722412109375,-0.3251190185546875,-0.16925048828125
1773062980179378688,51.46684980392456,-0.6620025634765625,-0.4752349853515625,0.0012969970703125
1773062980189414656,51.47688579559326,-0.6717529296875,-0.4854583740234375,0.31158447265625
1773062980199450624,51.48692178726196,-0.8528900146484375,-0.356689453125,0.603668212890625
1773062980209486848,51.496957778930664,-1.1147003173828125,-0.0812835693359375,0.527557373046875
1773062980219522816,51.506993770599365,-1.24578857421875,0.22332763671875,0.41229248046875
1773062980229559808,51.51703095436096,-1.171417236328125,0.16949462890625,0.2102203369140625
1773062980239595776,51.52706694602966,-0.9721527099609375,-0.156951904296875,-0.074310302734375
1773062980249632000,51.537102937698364,-0.8007354736328125,-0.4176025390625,-0.0508270263671875
1773062980259667968,51.547138929367065,-0.777496337890625,-0.5600128173828125,0.203460693359375
1773062980269703936,51.55717492103577,-0.9005889892578125,-0.5276031494140625,0.201995849609375
1773062980279740928,51.567211866378784,-0.9916229248046875,-0.3072357177734375,0.247161865234375
1773062980289776896,51.577247858047485,-1.0162200927734375,-0.0440521240234375,0.3751373291015625
1773062980299812864,51.58728384971619,-1.0546417236328125,0.1114959716796875,0.3527984619140625
1773062980309848832,51.59731984138489,-1.0623321533203125,0.037384033203125,0.3067626953125
1773062980319884800,51.60735583305359,-1.0394744873046875,-0.1751251220703125,0.17303466796875
1773062980329921792,51.617392778396606,-1.00286865234375,-0.3549041748046875,0.1043548583984375
1773062980339957760,51.62742877006531,-0.9358062744140625,-0.47369384765625,0.2156829833984375
1773062980349993728,51.63746476173401,-0.9000396728515625,-0.4383544921875,0.2684478759765625
1773062980360029696,51.64750075340271,-0.9298248291015625,-0.2961578369140625,0.279327392578125
1773062980370065664,51.65753674507141,-0.9886932373046875,-0.199981689453125,0.239013671875
1773062980380102912,51.66757392883301,-1.028076171875,-0.091033935546875,0.223175048828125
1773062980390138880,51.67760992050171,-1.0511932373046875,0.01202392578125,0.24749755859375
1773062980400174848,51.68764591217041,-1.0456085205078125,-0.101806640625,0.2303619384765625
1773062980410210816,51.69768190383911,-0.9891815185546875,-0.3015899658203125,0.2593536376953125
1773062980420246784,51.70771789550781,-0.9273834228515625,-0.368408203125,0.3043365478515625
1773062980430283776,51.71775484085083,-0.912200927734375,-0.3625335693359375,0.2300872802734375
1773062980440319744,51.72779083251953,-0.9264984130859375,-0.3199462890625,0.1350860595703125
1773062980450355712,51.73782682418823,-0.969879150390625,-0.1590423583984375,0.11572265625
1773062980460391680,51.747862815856934,-1.028472900390625,-0.000885009765625,0.1429595947265625
1773062980470427648,51.757898807525635,-1.063995361328125,-0.0167388916015625,0.16314697265625
1773062980480464640,51.76793575286865,-1.0482025146484375,-0.18701171875,0.162628173828125
1773062980490500608,51.77797174453735,-0.9931182861328125,-0.3249969482421875,0.1361541748046875
1773062980500536576,51.788007736206055,-0.9443817138671875,-0.347198486328125,0.157318115234375
1773062980510572544,51.798043727874756,-0.95806884765625,-0.282684326171875,0.12371826171875
1773062980520608768,51.80807971954346,-0.980010986328125,-0.2030181884765625,0.156158447265625
1773062980530645760,51.818116903305054,-0.977294921875,-0.089447021484375,0.2343902587890625
1773062980540681728,51.828152894973755,-0.958282470703125,-0.034332275390625,0.295562744140625
1773062980550717952,51.838188886642456,-0.956146240234375,-0.0959014892578125,0.2317657470703125
1773062980560753920,51.84822487831116,-0.9672698974609375,-0.177337646484375,0.1427154541015625
1773062980570789888,51.85826086997986,-0.95147705078125,-0.1744232177734375,0.1988677978515625
1773062980580826880,51.868297815322876,-0.9514923095703125,-0.12347412109375,0.2077178955078125
1773062980590862848,51.87833380699158,-0.9509124755859375,-0.12640380859375,0.1907501220703125
1773062980600898816,51.88836979866028,-0.93707275390625,-0.1335906982421875,0.2396087646484375
1773062980610934784,51.89840579032898,-0.9364013671875,-0.08746337890625,0.23431396484375
1773062980620970752,51.90844178199768,-0.9516143798828125,-0.0950775146484375,0.1660919189453125
1773062980631007744,51.9184787273407,-0.9693145751953125,-0.179046630859375,0.076568603515625
1773062980641043712,51.9285147190094,-0.9569091796875,-0.222564697265625,0.1814727783203125
1773062980651079936,51.93855094909668,-0.98638916015625,-0.1933746337890625,0.2662506103515625
1773062980661115904,51.94858694076538,-1.0395965576171875,-0.14886474609375,0.198394775390625
1773062980671151872,51.95862293243408,-1.0649261474609375,-0.1527557373046875,0.140960693359375
1773062980681188864,51.9686598777771,-1.0906524658203125,-0.1781005859375,-0.095367431640625
1773062980691224832,51.9786958694458,-1.046356201171875,-0.239990234375,-0.076751708984375
1773062980701260800,51.9887318611145,-1.024139404296875,-0.256317138671875,0.0829010009765625
1773062980711296768,51.9987678527832,-1.0648345947265625,-0.21630859375,0.2584075927734375
1773062980721332736,52.008803844451904,-1.1357269287109375,-0.15338134765625,0.368072509765625
1773062980731368704,52.018839836120605,-1.173248291015625,-0.1136474609375,0.3409423828125
1773062980741405696,52.02887678146362,-1.1197357177734375,-0.1859588623046875,0.238037109375
1773062980751441664,52.038912773132324,-1.023040771484375,-0.200408935546875,0.185455322265625
1773062980761477632,52.048948764801025,-0.9907684326171875,-0.18658447265625,0.0240631103515625
1773062980771513600,52.05898475646973,-1.0364227294921875,-0.2294158935546875,-0.1695556640625
1773062980781549568,52.06902074813843,-1.08740234375,-0.2284393310546875,-0.16021728515625
1773062980791586816,52.079057931900024,-1.1308746337890625,-0.1927490234375,-0.0105133056640625
1773062980801622784,52.089093923568726,-1.1647796630859375,-0.157958984375,0.1107940673828125
1773062980811659520,52.099130630493164,-1.1270294189453125,-0.1525421142578125,0.279998779296875
1773062980821695488,52.109166622161865,-1.0589141845703125,-0.1665191650390625,0.3403167724609375
1773062980831732480,52.11920356750488,-0.99609375,-0.213897705078125,0.224517822265625
1773062980841768448,52.129239559173584,-0.9618072509765625,-0.2358245849609375,0.059814453125
1773062980851804416,52.139275550842285,-0.9817047119140625,-0.16217041015625,-0.0510101318359375
1773062980861840384,52.149311542510986,-1.049285888671875,-0.10296630859375,-0.0812835693359375
1773062980871876352,52.15934753417969,-1.1324310302734375,-0.0782470703125,-0.0644378662109375
1773062980881912576,52.16938352584839,-1.15850830078125,-0.083282470703125,0.0682373046875
1773062980891949312,52.179420471191406,-1.1414031982421875,-0.1341094970703125,0.079437255859375
1773062980901985536,52.18945670127869,-1.097320556640625,-0.1744842529296875,0.0504150390625
1773062980912021760,52.19949269294739,-1.048309326171875,-0.1741943359375,0.1105194091796875
1773062980922057728,52.20952868461609,-1.0416259765625,-0.1267547607421875,0.1389007568359375
1773062980932093696,52.21956467628479,-1.06787109375,-0.1002655029296875,0.027008056640625
1773062980942130688,52.22960162162781,-1.0673675537109375,-0.1121826171875,0.00445556640625
1773062980952166656,52.23963761329651,-1.0831756591796875,-0.106964111328125,0.0078582763671875
1773062980962202624,52.24967360496521,-1.14031982421875,-0.1005096435546875,0.029083251953125
1773062980972238592,52.25970959663391,-1.1976165771484375,-0.10430908203125,0.113739013671875
1773062980982274560,52.26974558830261,-1.2247467041015625,-0.0904998779296875,0.09393310546875
1773062980992311552,52.27978253364563,-1.2015533447265625,-0.1128692626953125,0.0696258544921875
1773062981002347520,52.28981852531433,-1.167694091796875,-0.1520538330078125,0.044036865234375
1773062981012383488,52.29985451698303,-1.1679229736328125,-0.174041748046875,-0.0150909423828125
1773062981022419456,52.30989050865173,-1.1802215576171875,-0.153717041015625,0.0012664794921875
1773062981032455424,52.319926500320435,-1.2161407470703125,-0.103363037109375,0.0947418212890625
1773062981042492672,52.32996368408203,-1.2829437255859375,-0.1104278564453125,0.122894287109375
1773062981052528640,52.33999967575073,-1.3439788818359375,-0.1656494140625,0.1192779541015625
1773062981062564608,52.350035667419434,-1.3556976318359375,-0.174468994140625,0.127960205078125
1773062981072600576,52.360071659088135,-1.309112548828125,-0.1267547607421875,0.2217254638671875
1773062981082636544,52.370107650756836,-1.27923583984375,-0.062408447265625,0.2797088623046875
1773062981092673536,52.38014459609985,-1.3062591552734375,-0.070953369140625,0.1760406494140625
1773062981102709504,52.390180587768555,-1.3343353271484375,-0.1082763671875,0.0951080322265625
1773062981112745472,52.400216579437256,-1.31719970703125,-0.09161376953125,0.162200927734375
1773062981122781440,52.41025257110596,-1.2937774658203125,-0.099853515625,0.228302001953125
1773062981132817408,52.42028856277466,-1.2895050048828125,-0.1250152587890625,0.218505859375
1773062981142854400,52.430325508117676,-1.3015899658203125,-0.1454315185546875,0.230499267578125
1773062981152890368,52.44036149978638,-1.317230224609375,-0.194305419921875,0.2637176513671875
1773062981162926336,52.45039749145508,-1.3172607421875,-0.188140869140625,0.2792510986328125
1773062981172962304,52.46043348312378,-1.2954559326171875,-0.0837860107421875,0.3341827392578125
1773062981182998528,52.47046947479248,-1.2627105712890625,0.0076141357421875,0.2697601318359375
1773062981193035520,52.48050665855408,-1.20220947265625,0.022674560546875,0.1695709228515625
1773062981203071488,52.49054265022278,-1.1355133056640625,-0.0497589111328125,0.2126922607421875
1773062981213107712,52.50057864189148,-1.141693115234375,-0.2159271240234375,0.2000579833984375
1773062981223143680,52.51061463356018,-1.215087890625,-0.30548095703125,0.169158935546875
1773062981233179648,52.52065062522888,-1.2840576171875,-0.2076263427734375,0.3299713134765625
1773062981243216640,52.5306875705719,-1.2888946533203125,-0.0576171875,0.4795989990234375
1773062981253252608,52.5407235622406,-1.23974609375,0.01153564453125,0.3957061767578125
1773062981263288576,52.5507595539093,-1.1501922607421875,-0.0404510498046875,0.349212646484375
1773062981273324544,52.560795545578,-1.09686279296875,-0.1163177490234375,0.28271484375
1773062981283360512,52.570831537246704,-1.1060791015625,-0.143280029296875,0.073944091796875
1773062981293397504,52.58086848258972,-1.094573974609375,-0.1701202392578125,0.100189208984375
1773062981303433472,52.59090447425842,-1.0940093994140625,-0.16534423828125,0.20855712890625
1773062981313469696,52.6009407043457,-1.1313934326171875,-0.12542724609375,0.2880859375
1773062981323505664,52.610976696014404,-1.1725311279296875,-0.1556396484375,0.379302978515625
1773062981333541632,52.621012687683105,-1.1664886474609375,-0.1343841552734375,0.441986083984375
1773062981343578624,52.63104963302612,-1.095184326171875,-0.0550689697265625,0.458160400390625
1773062981353614592,52.641085624694824,-0.99322509765625,-0.06280517578125,0.47247314453125
1773062981363650560,52.651121616363525,-0.9307708740234375,-0.11993408203125,0.468048095703125
1773062981373686528,52.66115760803223,-0.9762725830078125,-0.175750732421875,0.3270111083984375
1773062981383722496,52.67119359970093,-1.0541229248046875,-0.1793670654296875,0.2453155517578125
1773062981393759488,52.681230545043945,-1.101837158203125,-0.1214752197265625,0.18035888671875
1773062981403795456,52.69126653671265,-1.0970001220703125,-0.0611419677734375,0.195892333984375
1773062981413831424,52.70130252838135,-1.0617218017578125,-0.0922088623046875,0.271148681640625
1773062981423867392,52.71133852005005,-1.0619354248046875,-0.15362548828125,0.2727813720703125
1773062981433903360,52.72137451171875,-1.068328857421875,-0.1829681396484375,0.39617919921875
1773062981443940608,52.73141169548035,-1.08526611328125,-0.2133941650390625,0.344146728515625
1773062981453976576,52.74144768714905,-1.068328857421875,-0.17816162109375,0.417724609375
1773062981464012544,52.75148367881775,-1.071075439453125,-0.087554931640625,0.3463592529296875
1773062981474048512,52.76151967048645,-1.1183319091796875,-0.0646514892578125,0.004180908203125
1773062981484084480,52.77155566215515,-1.08978271484375,-0.1355133056640625,0.00115966796875
1773062981494121472,52.78159260749817,-1.039337158203125,-0.2089385986328125,0.1130523681640625
1773062981504157440,52.79162859916687,-1.0230255126953125,-0.222808837890625,0.17742919921875
1773062981514193408,52.80166459083557,-1.0242767333984375,-0.2620086669921875,0.32366943359375
1773062981524229632,52.81170058250427,-1.086944580078125,-0.2712860107421875,0.3204193115234375
1773062981534265600,52.821736574172974,-1.12213134765625,-0.1353912353515625,0.3771820068359375
1773062981544302336,52.83177351951599,-1.1011505126953125,0.0189056396484375,0.39324951171875
1773062981554338560,52.84180951118469,-1.0810699462890625,-0.0136871337890625,0.0330047607421875
1773062981564374528,52.851845502853394,-0.970703125,-0.1101837158203125,-0.0627899169921875
1773062981574410496,52.861881494522095,-0.8419342041015625,-0.1548309326171875,0.1739044189453125
1773062981584446464,52.871917486190796,-0.886810302734375,-0.2239227294921875,0.2265472412109375
1773062981594482432,52.8819534778595,-1.03729248046875,-0.2781524658203125,0.2406158447265625
1773062981604519680,52.891990661621094,-1.140289306640625,-0.2160797119140625,0.22601318359375
1773062981614555648,52.902026653289795,-1.1213531494140625,-0.046600341796875,0.203094482421875
1773062981624591616,52.912062644958496,-0.9906768798828125,0.049407958984375,0.266021728515625
1773062981634627584,52.9220986366272,-0.8742828369140625,-0.03070068359375,0.220489501953125
1773062981644663552,52.9321346282959,-0.846527099609375,-0.159698486328125,0.0706634521484375
1773062981654700544,52.942171573638916,-0.872467041015625,-0.2155914306640625,-0.028411865234375
1773062981664736512,52.95220756530762,-0.9124755859375,-0.1272430419921875,0.0002593994140625
1773062981674772480,52.96224355697632,-0.961181640625,-0.0118255615234375,0.1261749267578125
1773062981684808448,52.97227954864502,-1.01568603515625,-0.0170745849609375,0.14886474609375
1773062981694844416,52.98231554031372,-1.0332183837890625,-0.062896728515625,0.116943359375
1773062981704881408,52.99235248565674,-0.964324951171875,-0.0738525390625,0.173187255859375
1773062981714917376,53.00238847732544,-0.883148193359375,-0.071624755859375,0.1846771240234375
1773062981724953344,53.01242446899414,-0.8458251953125,-0.0745086669921875,0.091217041015625
1773062981734989568,53.02246069908142,-0.83038330078125,-0.0115509033203125,0.00738525390625
1773062981745025536,53.03249669075012,-0.8062744140625,0.0808868408203125,0.17626953125
1773062981755062528,53.04253363609314,-0.840301513671875,0.0213470458984375,0.2349853515625
1773062981765098496,53.05256962776184,-0.9016571044921875,-0.1133880615234375,0.2169952392578125
1773062981775134464,53.06260561943054,-0.9628143310546875,-0.1386260986328125,0.1328125
1773062981785170432,53.07264161109924,-0.9654388427734375,-0.0074005126953125,0.0038604736328125
1773062981795206656,53.082677602767944,-0.8731231689453125,0.1093292236328125,0.0576324462890625
1773062981805243392,53.09271454811096,-0.8210906982421875,0.067901611328125,0.0045013427734375
1773062981815279360,53.10275053977966,-0.788055419921875,-0.02008056640625,0.014984130859375
1773062981825315584,53.112786531448364,-0.7690887451171875,-0.060943603515625,0.0478973388671875
1773062981835351552,53.122822523117065,-0.762908935546875,0.0144195556640625,0.043548583984375
1773062981845387520,53.13285851478577,-0.7452392578125,0.042816162109375,0.16107177734375
1773062981855424512,53.142895460128784,-0.797515869140625,0.06787109375,0.07989501953125
1773062981865460480,53.152931451797485,-0.8415985107421875,0.145599365234375,0.122833251953125
1773062981875496448,53.16296744346619,-0.89788818359375,0.1339111328125,0.0854949951171875
1773062981885532416,53.17300343513489,-0.9060211181640625,0.0974884033203125,-0.037200927734375
1773062981895568384,53.18303942680359,-0.7618865966796875,0.0881805419921875,-0.017364501953125
1773062981905605376,53.193076372146606,-0.5835418701171875,0.050384521484375,0.0141448974609375
1773062981915641344,53.20311236381531,-0.46563720703125,0.033050537109375,0.0933837890625
1773062981925677312,53.21314835548401,-0.4420623779296875,0.087677001953125,0.1702117919921875
1773062981935713280,53.22318434715271,-0.541259765625,0.143646240234375,0.1332550048828125
1773062981945749504,53.23322057723999,-0.69573974609375,0.21478271484375,0.0595855712890625
1773062981955786496,53.24325752258301,-0.8269195556640625,0.2061767578125,-0.028076171875
1773062981965822464,53.25329351425171,-0.8647918701171875,0.082122802734375,-0.0766143798828125
1773062981975858432,53.26332950592041,-0.794769287109375,-0.03204345703125,0.0336151123046875
1773062981985894400,53.27336549758911,-0.728271484375,-0.120208740234375,0.0831756591796875
1773062981995930368,53.28340148925781,-0.6712799072265625,-0.1555938720703125,0.0924835205078125
1773062982005967360,53.29343843460083,-0.6337127685546875,-0.0952911376953125,0.0884552001953125
1773062982016003328,53.30347442626953,-0.612518310546875,-0.0299224853515625,0.050384521484375
1773062982026039296,53.31351041793823,-0.593719482421875,-0.0055084228515625,0.063323974609375
1773062982036075264,53.323546409606934,-0.6141204833984375,-0.0014495849609375,0.206787109375
1773062982046111232,53.333582401275635,-0.73126220703125,0.030120849609375,0.241668701171875
1773062982056147456,53.343618392944336,-0.8497314453125,0.077301025390625,0.241180419921875
1773062982066184448,53.35365557670593,-0.8575592041015625,0.0971527099609375,0.313690185546875
1773062982076220416,53.363691568374634,-0.786163330078125,0.0903472900390625,0.2819366455078125
1773062982086256384,53.373727560043335,-0.6911773681640625,0.1145172119140625,0.17193603515625
1773062982096292608,53.383763551712036,-0.62652587890625,0.1634063720703125,0.0789337158203125
1773062982106328576,53.39379954338074,-0.6220550537109375,0.1622161865234375,0.0909271240234375
1773062982116365312,53.403836488723755,-0.6766204833984375,0.002593994140625,0.168609619140625
1773062982126401536,53.413872480392456,-0.782958984375,-0.1809844970703125,0.127288818359375
1773062982136437504,53.42390847206116,-0.863861083984375,-0.132049560546875,-0.01385498046875
1773062982146473472,53.43394446372986,-0.8347930908203125,0.1315765380859375,-0.08831787109375
1773062982156509440,53.44398045539856,-0.7569122314453125,0.3445587158203125,-0.10809326171875
1773062982166546432,53.45401740074158,-0.650115966796875,0.33709716796875,0.013916015625
1773062982176582400,53.46405339241028,-0.5224609375,0.0838775634765625,0.5831298828125
1773062982186618368,53.47408938407898,-0.6565093994140625,-0.2912445068359375,0.7010650634765625
1773062982196654336,53.48412537574768,-0.9769744873046875,-0.359527587890625,0.254150390625
1773062982206690304,53.49416136741638,-1.039306640625,0.0839691162109375,0.110931396484375
1773062982216727552,53.50419855117798,-0.91815185546875,0.4171295166015625,-0.2010650634765625
1773062982226763520,53.51423454284668,-0.704681396484375,0.42510986328125,-0.45697021484375
1773062982236799488,53.52427053451538,-0.4611358642578125,0.285003662109375,-0.27398681640625
1773062982246835456,53.53430652618408,-0.40509033203125,-0.0764007568359375,-0.0372314453125
1773062982256871424,53.54434251785278,-0.5473785400390625,-0.4318695068359375,0.2048797607421875
1773062982266908416,53.5543794631958,-0.79364013671875,-0.4620513916015625,0.5446319580078125
1773062982276944384,53.5644154548645,-1.0532684326171875,-0.1753692626953125,0.6665802001953125
1773062982286980352,53.5744514465332,-1.207366943359375,0.1676483154296875,0.48455810546875
1773062982297016320,53.584487438201904,-1.1589202880859375,0.282806396484375,0.2022705078125
1773062982307052288,53.594523429870605,-0.993316650390625,0.260711669921875,-0.2272186279296875
1773062982317089280,53.60456037521362,-0.765838623046875,0.122711181640625,-0.394378662109375
1773062982327125248,53.614596366882324,-0.5464935302734375,-0.1342926025390625,-0.28631591796875
1773062982337161216,53.624632358551025,-0.415496826171875,-0.306640625,0.045257568359375
1773062982347197184,53.63466835021973,-0.523834228515625,-0.330230712890625,0.3388671875
1773062982357233408,53.64470434188843,-0.8670806884765625,-0.260528564453125,0.4102325439453125
1773062982367270400,53.654741525650024,-1.2132110595703125,-0.122833251953125,0.4913177490234375
1773062982377306368,53.664777517318726,-1.3388214111328125,0.0326690673828125,0.40582275390625
1773062982387342336,53.67481350898743,-1.1706695556640625,0.113067626953125,0.2176055908203125
1773062982397378560,53.68484950065613,-0.880859375,-0.0207672119140625,0.227874755859375
1773062982407414528,53.69488549232483,-0.7302093505859375,-0.174072265625,0.169189453125
1773062982417451264,53.70492243766785,-0.7401275634765625,-0.1818389892578125,0.0692138671875
1773062982427487488,53.71495842933655,-0.8251495361328125,-0.244720458984375,0.09210205078125
1773062982437523456,53.72499442100525,-0.9264373779296875,-0.3200836181640625,0.0059356689453125
1773062982447559424,53.73503041267395,-0.930694580078125,-0.235076904296875,0.2197723388671875
1773062982457595392,53.74506640434265,-0.9190521240234375,-0.1047210693359375,0.62933349609375
1773062982467631360,53.75510239601135,-1.0601806640625,-0.0204315185546875,0.4741363525390625
1773062982477668608,53.76513957977295,-1.165679931640625,0.0074005126953125,0.179901123046875
1773062982487704576,53.77517557144165,-1.0684356689453125,-0.1148681640625,0.1267242431640625
1773062982497740544,53.78521156311035,-0.9282684326171875,-0.2758636474609375,0.0218963623046875
1773062982507776512,53.79524755477905,-0.8372650146484375,-0.3837890625,0.0944671630859375
1773062982517812480,53.805283546447754,-0.851959228515625,-0.391815185546875,0.265411376953125
1773062982527849472,53.81532049179077,-0.97369384765625,-0.24884033203125,0.294281005859375
1773062982537885440,53.82535648345947,-1.0964508056640625,-0.060638427734375,0.296356201171875
1773062982547921408,53.835392475128174,-1.151947021484375,-0.03082275390625,0.2562408447265625
1773062982557957376,53.845428466796875,-1.099090576171875,-0.1265869140625,0.2947235107421875
1773062982567993344,53.855464458465576,-1.0515289306640625,-0.1798248291015625,0.2734222412109375
1773062982578030336,53.865501403808594,-1.03387451171875,-0.2922210693359375,0.1931304931640625
1773062982588066304,53.875537395477295,-0.997528076171875,-0.4126739501953125,0.2044677734375
1773062982598102272,53.885573387145996,-0.979339599609375,-0.3345489501953125,0.1605987548828125
1773062982608138240,53.8956093788147,-0.9650421142578125,-0.187896728515625,0.2082977294921875
1773062982618174208,53.9056453704834,-0.9771881103515625,-0.1670989990234375,0.38397216796875
1773062982628211456,53.915682554244995,-1.068267822265625,-0.24652099609375,0.348663330078125
1773062982638247424,53.925718545913696,-1.1680908203125,-0.2411956787109375,0.2840728759765625
1773062982648283392,53.9357545375824,-1.1768341064453125,-0.2020263671875,0.253875732421875
1773062982658319360,53.9457905292511,-1.0950927734375,-0.2227630615234375,0.1218719482421875
1773062982668355584,53.9558265209198,-1.0043182373046875,-0.2169342041015625,0.080322265625
1773062982678392320,53.96586346626282,-0.9732818603515625,-0.2524261474609375,0.222808837890625
1773062982688428288,53.97589945793152,-1.04608154296875,-0.328704833984375,0.1885528564453125
1773062982698464512,53.98593544960022,-1.1265869140625,-0.31451416015625,0.2024383544921875
1773062982708500480,53.99597144126892,-1.118621826171875,-0.2090911865234375,0.4275054931640625
1773062982718536448,54.00600743293762,-1.0667572021484375,-0.1014251708984375,0.49920654296875
1773062982728573440,54.01604437828064,-1.04522705078125,-0.09759521484375,0.381683349609375
1773062982738609408,54.02608036994934,-1.0962371826171875,-0.2208251953125,0.0823822021484375
1773062982748645376,54.03611636161804,-1.1121368408203125,-0.2976531982421875,-0.0324554443359375
1773062982758681344,54.04615235328674,-1.0688018798828125,-0.2640380859375,0.0818023681640625
1773062982768717312,54.056188344955444,-1.033447265625,-0.2187652587890625,0.2634735107421875
1773062982778753536,54.066224575042725,-1.0317535400390625,-0.18011474609375,0.4759368896484375
1773062982788790528,54.07626152038574,-1.073516845703125,-0.1114044189453125,0.419830322265625
1773062982798826496,54.08629751205444,-1.0892791748046875,-0.10382080078125,0.3333587646484375
1773062982808862464,54.096333503723145,-1.0866241455078125,-0.1114044189453125,0.21514892578125
1773062982818899200,54.10637021064758,-1.0561370849609375,-0.0935516357421875,0.16180419921875
1773062982828935168,54.116406202316284,-1.0043182373046875,-0.102783203125,0.27154541015625
1773062982838972160,54.1264431476593,-0.976318359375,-0.140106201171875,0.3524017333984375
1773062982849008128,54.136479139328,-0.975982666015625,-0.169769287109375,0.300994873046875
1773062982859044096,54.146515130996704,-0.99072265625,-0.1425628662109375,0.2427978515625
1773062982869080064,54.156551122665405,-1.0209197998046875,-0.1197662353515625,0.1809539794921875
1773062982879116032,54.166587114334106,-1.034088134765625,-0.0503082275390625,0.154296875
1773062982889153024,54.176624059677124,-1.0196685791015625,0.0350799560546875,0.2257080078125
1773062982899188992,54.186660051345825,-1.0024261474609375,-0.00201416015625,0.2318267822265625
1773062982909224960,54.196696043014526,-0.960113525390625,-0.0888671875,0.3201141357421875
1773062982919260928,54.20673203468323,-0.9370269775390625,-0.1266021728515625,0.277984619140625
1773062982929296896,54.21676802635193,-0.92974853515625,-0.1811370849609375,0.26513671875
1773062982939334144,54.226805210113525,-0.971466064453125,-0.2161712646484375,0.1257476806640625
1773062982949370112,54.23684120178223,-1.03375244140625,-0.2264556884765625,-0.0020599365234375
1773062982959406080,54.24687719345093,-1.09027099609375,-0.1766204833984375,-0.0585479736328125
1773062982969442048,54.25691318511963,-1.1048126220703125,-0.0961761474609375,-0.0152587890625
1773062982979478016,54.26694917678833,-1.0622711181640625,-0.0850830078125,0.0752410888671875
1773062982989515008,54.27698612213135,-1.0162353515625,-0.0794219970703125,0.1535797119140625
1773062982999550976,54.28702211380005,-1.0006561279296875,-0.0771331787109375,0.24609375
1773062983009586944,54.29705810546875,-1.046722412109375,-0.0849609375,0.1698455810546875
1773062983019623168,54.30709409713745,-1.06695556640625,-0.126617431640625,0.10577392578125
1773062983029659136,54.31713008880615,-1.0795135498046875,-0.1657867431640625,0.0492095947265625
1773062983039695872,54.32716703414917,-1.110260009765625,-0.159454345703125,0.010040283203125
1773062983049732096,54.33720302581787,-1.1041412353515625,-0.0933837890625,0.1534881591796875
1773062983059768064,54.34723901748657,-1.1233367919921875,-0.025604248046875,0.120269775390625
1773062983069804032,54.35727500915527,-1.129974365234375,-0.0776519775390625,0.091064453125
1773062983079840256,54.367311239242554,-1.1361541748046875,-0.1599273681640625,0.11163330078125
1773062983089876224,54.377347230911255,-1.1568603515625,-0.14813232421875,0.144134521484375
1773062983099913216,54.38738417625427,-1.1954345703125,-0.1071014404296875,0.1029510498046875
1773062983109949184,54.397420167922974,-1.2536163330078125,-0.0728302001953125,-0.033477783203125
1773062983119985152,54.407456159591675,-1.2712249755859375,-0.0744476318359375,-0.0864105224609375
1773062983130021120,54.417492151260376,-1.2611541748046875,-0.12762451171875,-0.025909423828125
1773062983140057088,54.42752814292908,-1.2397308349609375,-0.171875,0.2256927490234375
1773062983150094080,54.437565088272095,-1.2502288818359375,-0.1216888427734375,0.4651641845703125
1773062983160130048,54.447601079940796,-1.3275604248046875,-0.11431884765625,0.37701416015625
1773062983170166016,54.4576370716095,-1.370086669921875,-0.1781005859375,0.2539825439453125
1773062983180201984,54.4676730632782,-1.37359619140625,-0.1756591796875,0.119293212890625
1773062983190237952,54.4777090549469,-1.3703765869140625,-0.1637420654296875,-0.036163330078125
1773062983200275200,54.487746238708496,-1.335906982421875,-0.105316162109375,-0.045166015625
1773062983210311168,54.4977822303772,-1.2878265380859375,-0.0596160888671875,0.0225830078125
1773062983220347136,54.5078182220459,-1.2628326416015625,-0.1058197021484375,0.0624847412109375
1773062983230383104,54.5178542137146,-1.2703857421875,-0.17730712890625,0.16424560546875
1773062983240419072,54.5278902053833,-1.3350830078125,-0.201202392578125,0.288330078125
1773062983250456064,54.53792715072632,-1.3951263427734375,-0.117034912109375,0.4272003173828125
1773062983260492032,54.54796314239502,-1.38128662109375,-0.0255279541015625,0.4708251953125
1773062983270528000,54.55799913406372,-1.29510498046875,-0.0709228515625,0.4130401611328125
1773062983280563968,54.56803512573242,-1.2027435302734375,-0.14306640625,0.2384033203125
1773062983290599936,54.57807111740112,-1.176910400390625,-0.1112518310546875,-0.05035400390625
1773062983300636928,54.58810806274414,-1.18865966796875,-0.00665283203125,-0.089080810546875
1773062983310672896,54.59814405441284,-1.2276458740234375,0.03125,0.0427093505859375
1773062983320708864,54.60818004608154,-1.2760162353515625,0.0059051513671875,0.08251953125
1773062983330745088,54.618216037750244,-1.251007080078125,-0.0987396240234375,0.1191864013671875
1773062983340781056,54.628252029418945,-1.1714324951171875,-0.2451934814453125,0.3246612548828125
1773062983350817024,54.63828802108765,-1.133880615234375,-0.2365875244140625,0.488677978515625
1773062983360854272,54.64832520484924,-1.1661834716796875,-0.0558319091796875,0.4223785400390625
1773062983370890240,54.658361196517944,-1.2076568603515625,0.0406494140625,0.34716796875
1773062983380926208,54.668397188186646,-1.24334716796875,0.04638671875,0.138275146484375
1773062983390962176,54.67843317985535,-1.2068634033203125,-0.0159759521484375,-0.0719146728515625
1773062983400998144,54.68846917152405,-1.10107421875,-0.1309356689453125,-0.057525634765625
1773062983411035136,54.698506116867065,-1.0276031494140625,-0.1608428955078125,0.0496826171875
1773062983421071104,54.70854210853577,-1.0282135009765625,-0.1550445556640625,0.259979248046875
1773062983431107072,54.71857810020447,-1.1242523193359375,-0.1277618408203125,0.356719970703125
1773062983441143040,54.72861409187317,-1.1857757568359375,-0.076934814453125,0.4994659423828125
1773062983451179008,54.73865008354187,-1.175537109375,-0.0662994384765625,0.4502410888671875
1773062983461216000,54.74868702888489,-1.100128173828125,-0.0225830078125,0.4056396484375
1773062983471251968,54.75872302055359,-1.0482177734375,-0.048187255859375,0.384490966796875
1773062983481287936,54.76875901222229,-1.06072998046875,-0.1191864013671875,0.0767974853515625
1773062983491324160,54.77879524230957,-1.04193115234375,-0.0830230712890625,0.004241943359375
1773062983501360128,54.78883123397827,-1.05072021484375,-0.0092620849609375,0.0614013671875
1773062983511397120,54.79886817932129,-1.1122283935546875,-0.0237274169921875,0.05743408203125
1773062983521433088,54.80890417098999,-1.1409149169921875,-0.089385986328125,0.259490966796875
1773062983531469056,54.81894016265869,-1.120635986328125,-0.1636505126953125,0.48944091796875
1773062983541505024,54.82897615432739,-1.0862884521484375,-0.1852264404296875,0.49725341796875
1773062983551540992,54.839012145996094,-1.0635986328125,-0.1658172607421875,0.4007110595703125
1773062983561577984,54.84904909133911,-1.0785064697265625,-0.1002655029296875,0.4024505615234375
1773062983571613952,54.85908508300781,-1.1399383544921875,0.00738525390625,0.3488311767578125
1773062983581649920,54.869121074676514,-1.1903076171875,0.0110321044921875,0.1311798095703125
1773062983591685888,54.879157066345215,-1.1530303955078125,-0.0574951171875,-0.0591888427734375
1773062983601722112,54.889193058013916,-1.061126708984375,-0.1585845947265625,0.01220703125
1773062983611758080,54.89922904968262,-1.05096435546875,-0.240325927734375,0.0771331787109375
1773062983621795072,54.909266233444214,-1.1035919189453125,-0.1845855712890625,0.254302978515625
1773062983631831296,54.919302225112915,-1.19598388671875,-0.1261138916015625,0.35986328125
1773062983641867264,54.929338216781616,-1.23358154296875,-0.055938720703125,0.3457183837890625
1773062983651903232,54.93937420845032,-1.1627655029296875,-0.013397216796875,0.2882537841796875
1773062983661939200,54.94941020011902,-1.0742340087890625,-0.065582275390625,0.055328369140625
1773062983671976192,54.959447145462036,-1.0273895263671875,-0.07086181640625,-0.1055908203125
1773062983682012160,54.96948313713074,-0.995819091796875,-0.076904296875,-0.0502777099609375
1773062983692048128,54.97951912879944,-0.9898681640625,-0.1750946044921875,-0.017364501953125
1773062983702084096,54.98955512046814,-1.0012054443359375,-0.2570648193359375,-0.1082763671875
1773062983712120064,54.99959111213684,-0.9481048583984375,-0.25384521484375,-0.0114593505859375
1773062983722157056,55.00962805747986,-0.906402587890625,-0.1553802490234375,0.0598907470703125
1773062983732193024,55.01966404914856,-0.9064788818359375,0.06207275390625,0.151580810546875
1773062983742228992,55.02970004081726,-0.9564971923828125,0.175872802734375,0.1454925537109375
1773062983752264960,55.03973603248596,-1.002899169921875,0.0061798095703125,-0.0574951171875
1773062983762300928,55.04977202415466,-0.9292755126953125,-0.097686767578125,-0.0988616943359375
1773062983772338176,55.05980920791626,-0.7784576416015625,-0.0515289306640625,-0.017578125
1773062983782374144,55.06984519958496,-0.6915740966796875,-0.1160125732421875,-0.071441650390625
1773062983792410112,55.07988119125366,-0.672088623046875,-0.165924072265625,0.00634765625
1773062983802446080,55.08991718292236,-0.7175445556640625,-0.048980712890625,0.1492462158203125
1773062983812482048,55.099953174591064,-0.82122802734375,0.0635528564453125,0.1162872314453125
1773062983822517760,55.10998868942261,-0.9089813232421875,0.024566650390625,-0.0015716552734375
1773062983832554496,55.120025634765625,-0.9143524169921875,-0.0624847412109375,-0.0652008056640625
1773062983842590464,55.130061626434326,-0.82928466796875,-0.004150390625,0.033782958984375
1773062983852626688,55.14009761810303,-0.740234375,0.0499267578125,0.1063232421875
1773062983862662656,55.15013360977173,-0.7059783935546875,-0.0573272705078125,0.0066986083984375
1773062983872699648,55.160170793533325,-0.6985015869140625,-0.15069580078125,-0.036712646484375
1773062983882735616,55.170206785202026,-0.715057373046875,-0.095428466796875,0.1042633056640625
1773062983892771840,55.18024277687073,-0.7983245849609375,-0.0411529541015625,0.240753173828125
1773062983902807808,55.19027876853943,-0.9650726318359375,-0.090118408203125,0.1183929443359375
1773062983912843776,55.20031476020813,-1.09210205078125,-0.0491790771484375,-0.0433197021484375
1773062983922879744,55.21035075187683,-1.048736572265625,0.1232757568359375,-0.0592041015625
1773062983932916736,55.22038769721985,-0.8878326416015625,0.225677490234375,-0.0309600830078125
1773062983942952704,55.23042368888855,-0.7413177490234375,0.1251068115234375,0.096099853515625
1773062983952988672,55.24045968055725,-0.794097900390625,-0.0712738037109375,-0.06732177734375
1773062983963024640,55.25049567222595,-0.9614105224609375,-0.07647705078125,-0.2805633544921875
1773062983973060608,55.26053166389465,-1.042938232421875,0.020965576171875,-0.1302642822265625
1773062983983097600,55.27056860923767,-1.0035858154296875,0.071197509765625,0.084869384765625
1773062983993133568,55.28060460090637,-0.9372711181640625,0.0225372314453125,0.13153076171875
1773062984003169536,55.29064059257507,-0.92291259765625,-0.053070068359375,-0.1153564453125
1773062984013205760,55.30067682266235,-0.8473358154296875,-0.0290679931640625,-0.0762176513671875
1773062984023241728,55.310712814331055,-0.8126983642578125,-0.022674560546875,0.0327606201171875
1773062984033278720,55.32074975967407,-0.8740692138671875,0.05511474609375,0.1039581298828125
1773062984043314688,55.33078575134277,-0.9639739990234375,0.2011260986328125,0.16204833984375
1773062984053350656,55.340821743011475,-0.98602294921875,0.2719573974609375,-0.0110931396484375
1773062984063386624,55.350857734680176,-0.803375244140625,0.2113494873046875,-0.1153717041015625
1773062984073422592,55.36089372634888,-0.5295867919921875,0.0679168701171875,-0.0431671142578125
1773062984083459584,55.370930671691895,-0.4000396728515625,-0.078369140625,0.088226318359375
1773062984093495552,55.380966663360596,-0.5388641357421875,-0.2332000732421875,0.097747802734375
1773062984103531520,55.3910026550293,-0.8272857666015625,-0.2877960205078125,0.0420074462890625
1773062984113567488,55.401038646698,-1.0080413818359375,-0.105621337890625,0.1446380615234375
1773062984123603456,55.4110746383667,-1.0183258056640625,0.09832763671875,0.1497039794921875
1773062984133639680,55.4211106300354,-0.875213623046875,0.1208953857421875,-0.025146484375
1773062984143676672,55.431147813797,-0.6407623291015625,0.0358734130859375,-0.14385986328125
1773062984153712640,55.4411838054657,-0.4370269775390625,-0.0481719970703125,-0.0984344482421875
1773062984163748864,55.4512197971344,-0.4017486572265625,-0.1284027099609375,-0.10504150390625
1773062984173784832,55.4612557888031,-0.5105438232421875,-0.217132568359375,-0.180084228515625
1773062984183820800,55.4712917804718,-0.63262939453125,-0.2028961181640625,-0.1671600341796875
1773062984193857792,55.48132872581482,-0.6914520263671875,-0.1024322509765625,-0.0084991455078125
1773062984203893760,55.49136471748352,-0.7081451416015625,-0.04205322265625,0.18572998046875
1773062984213929728,55.50140070915222,-0.7462615966796875,-0.028594970703125,0.2828826904296875
1773062984223965696,55.51143670082092,-0.8364715576171875,0.0226898193359375,0.1683502197265625
1773062984234001664,55.521472692489624,-0.9151153564453125,0.1361541748046875,0.068084716796875
1773062984244038656,55.53150963783264,-0.93914794921875,0.2006988525390625,0.05859375
1773062984254074624,55.54154562950134,-0.9070281982421875,0.1680145263671875,0.1659393310546875
1773062984264110592,55.551581621170044,-0.8850860595703125,0.0596160888671875,0.1595306396484375
1773062984274146560,55.561617612838745,-0.8689727783203125,-0.01953125,-0.1485595703125
1773062984284182528,55.571653604507446,-0.73907470703125,0.020660400390625,-0.365020751953125
1773062984294219776,55.58169078826904,-0.5525970458984375,0.1251678466796875,-0.333282470703125
1773062984304255744,55.591726779937744,-0.446502685546875,0.16693115234375,-0.121673583984375
1773062984314291712,55.601762771606445,-0.52862548828125,0.105010986328125,0.178558349609375
1773062984324327680,55.61179876327515,-0.8189544677734375,-0.041107177734375,0.528167724609375
1773062984334363648,55.62183475494385,-1.2949066162109375,-0.161041259765625,0.4761962890625
1773062984344399616,55.63187074661255,-1.606689453125,-0.021240234375,0.2024383544921875
1773062984354436608,55.641907691955566,-1.3942413330078125,0.2235107421875,0.10687255859375
1773062984364472576,55.65194368362427,-0.92352294921875,0.2403411865234375,0.0056915283203125
1773062984374508544,55.66197967529297,-0.5544281005859375,0.2216796875,-0.13592529296875
1773062984384544512,55.67201566696167,-0.3356781005859375,0.216796875,-0.0252838134765625
1773062984394580480,55.68205165863037,-0.3391265869140625,0.00665283203125,0.1316986083984375
1773062984404617472,55.69208860397339,-0.6471710205078125,-0.2538909912109375,-0.1342315673828125
1773062984414653440,55.70212459564209,-1.0216064453125,-0.248138427734375,-0.1147918701171875
1773062984424689664,55.71216082572937,-1.2457122802734375,-0.029449462890625,0.27880859375
1773062984434725888,55.72219681739807,-1.2724456787109375,0.0829010009765625,0.3822021484375
1773062984444761856,55.73223280906677,-1.0703277587890625,0.0806427001953125,0.3120269775390625
1773062984454798592,55.74226975440979,-0.791473388671875,0.039947509765625,0.3962554931640625
1773062984464834816,55.75230574607849,-0.7216033935546875,-0.0379791259765625,0.0388641357421875
1773062984474870784,55.76234173774719,-0.735809326171875,-0.0208740234375,-0.2737884521484375
1773062984484906752,55.772377729415894,-0.72589111328125,0.068145751953125,-0.17791748046875
1773062984494942720,55.782413721084595,-0.7478179931640625,0.0962677001953125,-0.0557708740234375
1773062984504979712,55.79245066642761,-0.7718658447265625,0.00042724609375,0.210113525390625
1773062984515015680,55.80248665809631,-0.8371124267578125,-0.2096710205078125,0.473480224609375
1773062984525051648,55.812522649765015,-0.9858856201171875,-0.3189239501953125,0.4310302734375
1773062984535087616,55.822558641433716,-1.0768585205078125,-0.1376800537109375,0.387786865234375
1773062984545123584,55.83259463310242,-1.0706634521484375,0.054931640625,0.1786346435546875
1773062984555159552,55.84263062477112,-0.9845428466796875,0.1158599853515625,-0.166961669921875
1773062984565196800,55.852667808532715,-0.8301544189453125,0.1330718994140625,-0.2552337646484375
1773062984575232768,55.862703800201416,-0.704864501953125,-0.0472869873046875,-0.0655975341796875
1773062984585268736,55.87273979187012,-0.7218170166015625,-0.29913330078125,0.056427001953125
1773062984595304704,55.88277578353882,-0.8131103515625,-0.3486480712890625,0.247039794921875
1773062984605340672,55.89281177520752,-0.9228363037109375,-0.241119384765625,0.489471435546875
1773062984615377664,55.90284872055054,-1.0614471435546875,-0.052734375,0.5647125244140625
1773062984625413632,55.91288471221924,-1.175201416015625,0.1247406005859375,0.4055633544921875
1773062984635449600,55.92292070388794,-1.1563720703125,0.0828704833984375,0.1270751953125
1773062984645485568,55.93295669555664,-0.993072509765625,-0.1308135986328125,-0.096832275390625
1773062984655521536,55.94299268722534,-0.79302978515625,-0.2707366943359375,-0.0876007080078125
1773062984665558528,55.95302963256836,-0.7000885009765625,-0.304718017578125,0.0118560791015625
1773062984675594496,55.96306562423706,-0.7581329345703125,-0.290679931640625,0.1585693359375
1773062984685630464,55.97310161590576,-0.9213714599609375,-0.218475341796875,0.2313690185546875
1773062984695666432,55.98313760757446,-1.0515289306640625,-0.140380859375,0.3962860107421875
1773062984705702656,55.993173599243164,-1.10455322265625,-0.0738067626953125,0.4828643798828125
1773062984715739648,56.00321078300476,-1.10504150390625,-0.02447509765625,0.3448333740234375
1773062984725775616,56.01324677467346,-1.0688323974609375,-0.0736541748046875,0.0128936767578125
1773062984735811584,56.02328276634216,-0.9814605712890625,-0.18731689453125,-0.2189788818359375
1773062984745847808,56.033318758010864,-0.8595733642578125,-0.236053466796875,-0.1478729248046875
1773062984755883776,56.043354749679565,-0.799102783203125,-0.2331085205078125,0.0850372314453125
1773062984765919744,56.05339074134827,-0.8731536865234375,-0.2631683349609375,0.226165771484375
1773062984775956736,56.063427686691284,-1.0190582275390625,-0.28680419921875,0.258087158203125
1773062984785992704,56.073463678359985,-1.0984954833984375,-0.2450103759765625,0.370361328125
1773062984796028672,56.08349967002869,-1.094085693359375,-0.1429290771484375,0.378814697265625
1773062984806064640,56.09353566169739,-1.0460662841796875,-0.07110595703125,0.2510223388671875
1773062984816101120,56.10357213020325,-1.0101776123046875,-0.104156494140625,0.0973358154296875
1773062984826138112,56.113609075546265,-0.998931884765625,-0.145477294921875,-0.0227203369140625
1773062984836174080,56.123645067214966,-0.989837646484375,-0.142181396484375,0.03887939453125
1773062984846210048,56.13368105888367,-1.025146484375,-0.227325439453125,0.0666351318359375
1773062984856246016,56.14371705055237,-1.059051513671875,-0.3269805908203125,0.072174072265625
1773062984866281984,56.15375304222107,-1.020172119140625,-0.3210296630859375,0.2990570068359375
1773062984876318976,56.16378998756409,-0.9817352294921875,-0.213897705078125,0.3994293212890625
1773062984886354944,56.17382597923279,-0.978851318359375,-0.075286865234375,0.4185638427734375
1773062984896390912,56.18386197090149,-1.0503692626953125,-0.0284881591796875,0.24468994140625
1773062984906427136,56.19389820098877,-1.1489410400390625,-0.0851593017578125,-0.07391357421875
1773062984916463104,56.20393419265747,-1.1396942138671875,-0.109130859375,-0.08868408203125
1773062984926500096,56.21397113800049,-1.03558349609375,-0.1613006591796875,0.10693359375
1773062984936536064,56.22400712966919,-0.9672088623046875,-0.315155029296875,0.1456298828125
1773062984946572032,56.23404312133789,-0.941131591796875,-0.3590545654296875,0.1659088134765625
1773062984956608000,56.24407911300659,-0.9535064697265625,-0.2184600830078125,0.248077392578125
1773062984966643968,56.25411510467529,-1.035919189453125,-0.0581817626953125,0.2417144775390625
1773062984976679936,56.264151096343994,-1.139068603515625,-0.008056640625,0.1744842529296875
1773062984986716928,56.27418804168701,-1.183074951171875,-0.02642822265625,0.1195831298828125
1773062984996752896,56.28422403335571,-1.138641357421875,-0.0659942626953125,0.0541839599609375
1773062985006788864,56.294260025024414,-1.0348968505859375,-0.11199951171875,-0.0276947021484375
1773062985016825088,56.304296016693115,-0.9167327880859375,-0.1249847412109375,0.120880126953125
1773062985026861056,56.314332008361816,-0.911956787109375,-0.1444091796875,0.24609375
1773062985036898048,56.32436919212341,-1.023223876953125,-0.2041168212890625,0.170166015625
1773062985046934016,56.334405183792114,-1.1140594482421875,-0.1996917724609375,0.2102508544921875
1773062985056970240,56.344441175460815,-1.1509246826171875,-0.0722503662109375,0.2715301513671875
1773062985067006208,56.35447716712952,-1.1627349853515625,0.0466461181640625,0.221038818359375
1773062985077042176,56.36451315879822,-1.1440887451171875,0.048858642578125,0.0968170166015625
1773062985087079168,56.374550104141235,-1.0650177001953125,0.0204620361328125,0.0565185546875
1773062985097115136,56.38458609580994,-0.9730682373046875,-0.0121307373046875,0.0411224365234375
1773062985107151104,56.39462208747864,-0.949005126953125,-0.1509857177734375,-0.0142669677734375
1773062985117187072,56.40465807914734,-1.003326416015625,-0.230010986328125,0.1500396728515625
1773062985127223040,56.41469407081604,-1.1350555419921875,-0.1107330322265625,0.39288330078125
1773062985137259008,56.42473006248474,-1.2994232177734375,0.0467071533203125,0.421112060546875
1773062985147296000,56.43476700782776,-1.380279541015625,0.072052001953125,0.265106201171875
1773062985157331968,56.44480299949646,-1.2975921630859375,0.0105438232421875,0.077362060546875
1773062985167367936,56.45483899116516,-1.0930938720703125,-0.0392608642578125,0.1016845703125
1773062985177403904,56.46487498283386,-0.9465179443359375,-0.053070068359375,0.219268798828125
1773062985187439872,56.47491097450256,-0.951812744140625,-0.017608642578125,0.320770263671875
1773062985197477120,56.48494815826416,-1.0919647216796875,0.045166015625,0.309173583984375
1773062985207513088,56.49498414993286,-1.2393798828125,0.06878662109375,0.18804931640625
1773062985217549056,56.50502014160156,-1.2540130615234375,0.0599517822265625,0.148529052734375
1773062985227585024,56.515056133270264,-1.1630401611328125,0.0506744384765625,0.12939453125
1773062985237620992,56.525092124938965,-1.04541015625,0.0186614990234375,0.13916015625
1773062985247657984,56.53512907028198,-0.9760284423828125,0.020721435546875,0.103851318359375
1773062985257693952,56.545165061950684,-0.96832275390625,0.04730224609375,0.02691650390625
1773062985267729920,56.555201053619385,-0.9996337890625,0.0537567138671875,0.0520782470703125
1773062985277765888,56.565237045288086,-1.0556488037109375,0.0468597412109375,0.155181884765625
1773062985287801856,56.57527303695679,-1.1022491455078125,0.013214111328125,0.250518798828125
1773062985297838080,56.58530902862549,-1.12347412109375,-0.0111541748046875,0.2609710693359375
1773062985307874816,56.595345973968506,-1.096527099609375,0.018310546875,0.2241058349609375
1773062985317911040,56.605382204055786,-1.0732421875,0.05316162109375,0.1178436279296875
1773062985327947264,56.61541819572449,-1.07757568359375,0.0525970458984375,-0.0242919921875
1773062985337983232,56.62545418739319,-1.066650390625,0.04156494140625,-0.025360107421875
1773062985348019200,56.63549017906189,-1.0554656982421875,0.0419769287109375,0.0597991943359375
1773062985358056192,56.64552712440491,-1.0823974609375,0.0257720947265625,0.1053924560546875
1773062985368092160,56.65556311607361,-1.1138763427734375,-0.0316925048828125,0.112640380859375
1773062985378128128,56.66559910774231,-1.11865234375,-0.015411376953125,0.172332763671875
1773062985388164096,56.67563509941101,-1.144805908203125,0.079498291015625,0.133880615234375
1773062985398200064,56.68567109107971,-1.1873931884765625,0.1143035888671875,0.0054931640625
1773062985408237056,56.69570803642273,-1.20263671875,0.091644287109375,0.0285797119140625
1773062985418273024,56.70574402809143,-1.17340087890625,0.1358642578125,0.1883392333984375
1773062985428308992,56.71578001976013,-1.1478118896484375,0.134124755859375,0.334259033203125
1773062985438344960,56.72581601142883,-1.16748046875,0.0447998046875,0.2750701904296875
1773062985448380928,56.735852003097534,-1.1828155517578125,0.02734375,0.274261474609375
1773062985458416896,56.745887994766235,-1.20758056640625,0.1625823974609375,0.332763671875
1773062985468454144,56.75592517852783,-1.267364501953125,0.25390625,0.236480712890625
1773062985478490112,56.76596117019653,-1.30279541015625,0.174591064453125,0.0534210205078125
1773062985488526080,56.775997161865234,-1.271514892578125,0.08074951171875,-0.0186767578125
1773062985498562048,56.786033153533936,-1.22393798828125,0.0504913330078125,0.0069427490234375
1773062985508598016,56.79606914520264,-1.218505859375,0.03900146484375,0.014373779296875
1773062985518635008,56.806106090545654,-1.2483978271484375,0.042236328125,0.0076751708984375
1773062985528670976,56.816142082214355,-1.2624053955078125,0.0832977294921875,0.178558349609375
1773062985538706944,56.82617807388306,-1.274444580078125,0.1602630615234375,0.3750152587890625
1773062985548742912,56.83621406555176,-1.3199310302734375,0.16949462890625,0.3978118896484375
1773062985558778880,56.84625005722046,-1.3842620849609375,0.047332763671875,0.223602294921875
1773062985568815104,56.85628604888916,-1.403289794921875,-0.006561279296875,0.0721435546875
1773062985578851840,56.86632299423218,-1.3419189453125,0.0355072021484375,0.06622314453125
1773062985588887808,56.87635898590088,-1.288238525390625,0.0594482421875,-0.00537109375
1773062985598924032,56.88639497756958,-1.2516326904296875,0.070892333984375,-0.000885009765625
1773062985608960000,56.89643096923828,-1.2414703369140625,0.06072998046875,0.0864410400390625
1773062985618996224,56.90646719932556,-1.2942657470703125,-0.016693115234375,0.080535888671875
1773062985629033216,56.91650414466858,-1.3437652587890625,-0.0363922119140625,0.1702880859375
1773062985639069184,56.92654013633728,-1.366455078125,0.02825927734375,0.2327728271484375
1773062985649105152,56.93657612800598,-1.3518218994140625,0.03741455078125,0.2219390869140625
1773062985659141120,56.94661211967468,-1.2803802490234375,0.0348968505859375,0.23211669921875
1773062985669177088,56.956648111343384,-1.18377685546875,0.0672607421875,0.2761383056640625
1773062985679214080,56.9666850566864,-1.136138916015625,0.034881591796875,0.1934356689453125
1773062985689250048,56.9767210483551,-1.13446044921875,-0.039215087890625,0.0521697998046875
1773062985699286016,56.986757040023804,-1.143524169921875,-0.082061767578125,0.0290374755859375
1773062985709321984,56.996793031692505,-1.1795806884765625,-0.05487060546875,0.087249755859375
1773062985719357952,57.006829023361206,-1.2131195068359375,0.038970947265625,0.2251434326171875
1773062985729394944,57.016865968704224,-1.2046661376953125,0.1213531494140625,0.3381500244140625
1773062985739431168,57.026902198791504,-1.130340576171875,0.0702362060546875,0.3173828125
1773062985749467136,57.036938190460205,-1.025665283203125,-0.0518951416015625,0.2875518798828125
1773062985759503104,57.046974182128906,-0.996612548828125,-0.156829833984375,0.1796875
1773062985769539072,57.05701017379761,-1.0585479736328125,-0.2182464599609375,0.042388916015625
1773062985779575040,57.06704616546631,-1.138824462890625,-0.18011474609375,-0.038330078125
1773062985789612032,57.077083110809326,-1.1773681640625,-0.0780029296875,-0.1811065673828125
1773062985799648000,57.08711910247803,-1.095062255859375,-0.01995849609375,-0.0905303955078125
1773062985809683968,57.09715509414673,-0.9846649169921875,-0.0864715576171875,-0.0235595703125
1773062985819720192,57.10719132423401,-0.9444122314453125,-0.1741180419921875,0.07464599609375
1773062985829756160,57.11722731590271,-0.9795379638671875,-0.18780517578125,0.3603668212890625
1773062985839793152,57.12726426124573,-1.07513427734375,-0.1650848388671875,0.4656219482421875
1773062985849829120,57.13730025291443,-1.128448486328125,-0.1031951904296875,0.417816162109375
1773062985859865088,57.14733624458313,-1.0745086669921875,-0.0563507080078125,0.4276275634765625
1773062985869901056,57.15737223625183,-1.003692626953125,-0.08349609375,0.243408203125
1773062985879937280,57.16740822792053,-0.9904022216796875,-0.1071929931640625,-0.2039031982421875
1773062985889974016,57.17744517326355,-0.9731597900390625,-0.230560302734375,-0.4379425048828125
1773062985900009984,57.18748116493225,-0.9461822509765625,-0.3006591796875,-0.22918701171875
1773062985910046208,57.19751715660095,-0.966400146484375,-0.149169921875,0.0522613525390625
1773062985920082176,57.20755314826965,-1.052032470703125,-0.106964111328125,0.1718597412109375
1773062985930118144,57.217589139938354,-1.1295318603515625,-0.1536102294921875,0.3631439208984375
1773062985940154368,57.227625370025635,-1.14202880859375,-0.0966796875,0.422698974609375
1773062985950191360,57.23766231536865,-1.077392578125,-0.053070068359375,0.294677734375
1773062985960227328,57.24769830703735,-0.9651336669921875,-0.07098388671875,0.1733551025390625
1773062985970263296,57.257734298706055,-0.88189697265625,-0.07391357421875,0.10528564453125
1773062985980299264,57.267770290374756,-0.865997314453125,-0.0932159423828125,0.10040283203125
1773062985990335232,57.27780628204346,-0.9073638916015625,-0.121551513671875,0.123138427734375
1773062986000372224,57.287843227386475,-0.996063232421875,-0.1298675537109375,0.1190185546875
1773062986010408192,57.297879219055176,-1.086517333984375,-0.094482421875,0.1389923095703125
1773062986020444160,57.30791521072388,-1.08795166015625,-0.0189666748046875,0.302215576171875
1773062986030480128,57.31795120239258,-1.020477294921875,0.0168304443359375,0.34161376953125
1773062986040516096,57.32798719406128,-0.939361572265625,-0.07659912109375,0.2161865234375
1773062986050553088,57.3380241394043,-0.89874267578125,-0.2118072509765625,0.0756988525390625
1773062986060589312,57.34806036949158,-0.9298553466796875,-0.1630706787109375,-0.0185699462890625
1773062986070625280,57.35809636116028,-0.990081787109375,0.024261474609375,0.0341644287109375
1773062986080661248,57.36813235282898,-1.0388946533203125,0.093505859375,-0.030914306640625
1773062986090697216,57.37816834449768,-0.960479736328125,0.014404296875,-0.0591888427734375
1773062986100733184,57.38820433616638,-0.8139801025390625,-0.156402587890625,-0.0356597900390625
1773062986110770176,57.3982412815094,-0.776641845703125,-0.216644287109375,-0.0395660400390625
1773062986120806144,57.4082772731781,-0.868133544921875,-0.05108642578125,0.0101165771484375
1773062986130842112,57.4183132648468,-0.976470947265625,0.093231201171875,0.092742919921875
1773062986140878080,57.4283492565155,-1.006805419921875,0.0301055908203125,0.0944671630859375
1773062986150914304,57.438385248184204,-0.9591522216796875,-0.0280303955078125,-0.0079345703125
1773062986160951040,57.44842219352722,-0.877166748046875,-0.0186309814453125,-0.1077117919921875
1773062986170987008,57.45845818519592,-0.7946319580078125,0.009765625,-0.1419830322265625
1773062986181023232,57.468494176864624,-0.7469024658203125,-0.0244903564453125,-0.1039886474609375
1773062986191059200,57.478530168533325,-0.7589874267578125,-0.077484130859375,0.0797882080078125
1773062986201095168,57.488566160202026,-0.8176116943359375,-0.0226898193359375,0.2596435546875
1773062986211132160,57.49860334396362,-0.895721435546875,-0.0193023681640625,0.191925048828125
1773062986221168384,57.508639335632324,-0.9259490966796875,0.0042877197265625,-0.0728607177734375
1773062986231204352,57.518675327301025,-0.8259124755859375,0.1094970703125,-0.0496673583984375
1773062986241240320,57.52871131896973,-0.7519378662109375,0.1241455078125,0.0416412353515625
1773062986251276288,57.53874731063843,-0.8001251220703125,0.083709716796875,0.0960540771484375
1773062986261312256,57.54878330230713,-0.90625,0.005584716796875,0.160308837890625
1773062986271349248,57.55882024765015,-1.0047760009765625,-0.0205535888671875,-0.0654449462890625
1773062986281385216,57.56885623931885,-0.91864013671875,0.108978271484375,-0.17828369140625
1773062986291421184,57.57889223098755,-0.7047271728515625,0.194549560546875,-0.1146392822265625
1773062986301457152,57.58892822265625,-0.58270263671875,0.2143707275390625,-0.1116943359375
1773062986311493120,57.59896421432495,-0.575653076171875,0.1714324951171875,-0.098846435546875
1773062986321530112,57.60900115966797,-0.6737823486328125,0.0507354736328125,-0.14361572265625
1773062986331566080,57.61903715133667,-0.7660369873046875,-0.02685546875,-0.0334014892578125
1773062986341602048,57.62907314300537,-0.785186767578125,-0.007781982421875,0.0790863037109375
1773062986351638016,57.63910913467407,-0.70281982421875,0.0569915771484375,0.1243743896484375
1773062986361674240,57.64914536476135,-0.584503173828125,0.102783203125,0.111236572265625
1773062986371711232,57.65918231010437,-0.530364990234375,0.1021575927734375,-0.0061492919921875
1773062986381747200,57.66921830177307,-0.5069580078125,0.0315704345703125,-0.0411834716796875
1773062986391783168,57.67925429344177,-0.503814697265625,-0.0493621826171875,0.0690460205078125
1773062986401819136,57.689290285110474,-0.5521697998046875,-0.09796142578125,0.2020111083984375
1773062986411855104,57.699326276779175,-0.6372528076171875,-0.170440673828125,0.1980438232421875
1773062986421891328,57.709362268447876,-0.7074432373046875,-0.2216644287109375,0.259521484375
1773062986431928064,57.719399213790894,-0.8040313720703125,-0.19659423828125,0.250244140625
1773062986441964032,57.729435205459595,-0.8771820068359375,-0.0942840576171875,0.1334075927734375
1773062986452000256,57.739471197128296,-0.8044891357421875,0.01055908203125,0.140960693359375
1773062986462036224,57.749507188797,-0.676483154296875,0.0425262451171875,0.14422607421875
1773062986472072192,57.7595431804657,-0.6184234619140625,0.0702056884765625,0.04095458984375
1773062986482109184,57.769580364227295,-0.6403350830078125,0.1451568603515625,-0.0048065185546875
1773062986492145408,57.779616355895996,-0.72760009765625,0.1528472900390625,0.0224761962890625
1773062986502181376,57.7896523475647,-0.8224639892578125,0.1615447998046875,0.0072174072265625
1773062986512217344,57.7996883392334,-0.8396148681640625,0.216033935546875,-0.00921630859375
1773062986522253312,57.8097243309021,-0.808868408203125,0.182647705078125,-0.0794219970703125
1773062986532290304,57.81976127624512,-0.7702484130859375,0.091552734375,-0.079254150390625
1773062986542326272,57.82979726791382,-0.7457427978515625,0.0230560302734375,0.0706787109375
1773062986552362240,57.83983325958252,-0.7496337890625,-0.0405120849609375,0.342132568359375
1773062986562398208,57.84986925125122,-0.8092803955078125,-0.1355133056640625,0.6807861328125
1773062986572434176,57.85990524291992,-1.0118255615234375,-0.1345977783203125,0.48016357421875
1773062986582470144,57.86994123458862,-1.11785888671875,0.188873291015625,0.0989532470703125
1773062986592507136,57.87997817993164,-1.015472412109375,0.465850830078125,-0.091522216796875
1773062986602543104,57.89001417160034,-0.824676513671875,0.416656494140625,-0.227325439453125
1773062986612579072,57.90005016326904,-0.5735321044921875,0.256500244140625,-0.0850372314453125
1773062986622615040,57.910086154937744,-0.4263153076171875,0.0333251953125,0.1308746337890625
1773062986632651008,57.920122146606445,-0.5188140869140625,-0.217071533203125,0.1065216064453125
1773062986642688256,57.93015933036804,-0.7299652099609375,-0.3045501708984375,0.107421875
1773062986652724224,57.94019532203674,-0.920745849609375,-0.20037841796875,0.4686737060546875
1773062986662760192,57.950231313705444,-1.1523284912109375,-0.1062774658203125,0.3578643798828125
1773062986672796160,57.960267305374146,-1.1992950439453125,0.1078643798828125,0.127227783203125
1773062986682832128,57.97030329704285,-0.977447509765625,0.24493408203125,0.0462646484375
1773062986692869120,57.980340242385864,-0.7134552001953125,0.144805908203125,-0.153167724609375
1773062986702905088,57.990376234054565,-0.5004425048828125,0.0543975830078125,-0.0117950439453125
1773062986712941056,58.00041222572327,-0.4718475341796875,-0.0092315673828125,0.1773681640625
1773062986722977280,58.01044821739197,-0.654083251953125,-0.1376953125,0.2596435546875
1773062986733013248,58.02048420906067,-0.9173126220703125,-0.2435455322265625,0.189300537109375
1773062986743049216,58.03052020072937,-1.0556182861328125,-0.1064605712890625,0.1973876953125
1773062986753086208,58.04055714607239,-0.9901275634765625,0.0897674560546875,0.25421142578125
1773062986763122176,58.05059313774109,-0.8791656494140625,0.1941070556640625,0.1641845703125
1773062986773158400,58.06062936782837,-0.8082427978515625,0.121826171875,0.0612640380859375
1773062986783194368,58.07066535949707,-0.7907562255859375,-0.0392913818359375,0.0830841064453125
1773062986793230336,58.08070135116577,-0.7894744873046875,-0.146636962890625,0.3187713623046875
1773062986803267328,58.09073829650879,-0.803466796875,-0.1584320068359375,0.5774688720703125
1773062986813303296,58.10077428817749,-0.870361328125,-0.0553741455078125,0.731109619140625
1773062986823338496,58.110809564590454,-0.9775543212890625,0.0238494873046875,0.6373748779296875
1773062986833374464,58.120845556259155,-1.0977630615234375,0.047210693359375,0.0779876708984375
1773062986843410432,58.130881547927856,-1.1098175048828125,0.0411376953125,-0.3271026611328125
1773062986853447680,58.14091873168945,-0.9765472412109375,-0.0076751708984375,-0.2990570068359375
1773062986863483648,58.150954723358154,-0.797454833984375,-0.1419525146484375,0.030670166015625
1773062986873519616,58.160990715026855,-0.7093658447265625,-0.2832183837890625,0.613006591796875
1773062986883555584,58.17102670669556,-0.8867950439453125,-0.260498046875,0.6861572265625
1773062986893591552,58.18106269836426,-1.179046630859375,-0.0763092041015625,0.443389892578125
1773062986903627520,58.19109869003296,-1.315887451171875,0.013671875,0.24066162109375
1773062986913664512,58.20113563537598,-1.2497100830078125,0.031341552734375,-0.08038330078125
1773062986923700480,58.21117162704468,-1.03179931640625,0.00885009765625,-0.1135711669921875
1773062986933736448,58.22120761871338,-0.8438262939453125,-0.136871337890625,0.084503173828125
1773062986943772672,58.23124361038208,-0.7975311279296875,-0.2815399169921875,0.424468994140625
1773062986953808640,58.24127960205078,-0.9479522705078125,-0.2777862548828125,0.4876861572265625
1773062986963845376,58.2513165473938,-1.1470947265625,-0.1702880859375,0.3421630859375
1773062986973881600,58.2613525390625,-1.17401123046875,-0.0265350341796875,0.2679901123046875
1773062986983917568,58.2713885307312,-1.06915283203125,0.1408233642578125,0.2374725341796875
1773062986993953536,58.2814245223999,-0.9887237548828125,0.1427154541015625,0.2325439453125
1773062987003989504,58.2914605140686,-0.9974517822265625,-0.0617523193359375,0.169830322265625
1773062987014026752,58.3014976978302,-1.0196685791015625,-0.22564697265625,0.1560516357421875
1773062987024062720,58.3115336894989,-1.003753662109375,-0.2249603271484375,0.266082763671875
1773062987034098688,58.3215696811676,-0.99798583984375,-0.1341552734375,0.37030029296875
1773062987044134656,58.331605672836304,-1.006256103515625,-0.08123779296875,0.617218017578125
1773062987054170624,58.341641664505005,-1.0908966064453125,-0.0806121826171875,0.5855255126953125
1773062987064206592,58.351677656173706,-1.207611083984375,-0.0895233154296875,0.2161407470703125
1773062987074243584,58.361714601516724,-1.1764373779296875,-0.1284637451171875,0.03753662109375
1773062987084279552,58.371750593185425,-1.05096435546875,-0.1181182861328125,-0.0945281982421875
1773062987094315520,58.381786584854126,-0.9124298095703125,-0.083953857421875,0.0618133544921875
1773062987104351488,58.39182257652283,-0.895477294921875,-0.1072235107421875,0.2064666748046875
1773062987114387456,58.40185856819153,-0.980224609375,-0.1186981201171875,0.2810516357421875
1773062987124424448,58.411895513534546,-1.0875244140625,-0.0816192626953125,0.327117919921875
1773062987134460672,58.421931743621826,-1.1866455078125,-0.0522003173828125,0.357147216796875
1773062987144496640,58.43196773529053,-1.2509002685546875,-0.0957183837890625,0.2231597900390625
1773062987154532608,58.44200372695923,-1.162353515625,-0.1362152099609375,0.20526123046875
1773062987164568576,58.45203971862793,-0.996185302734375,-0.0636138916015625,0.318084716796875
1773062987174605568,58.46207666397095,-0.898529052734375,-0.0266571044921875,0.3523101806640625
1773062987184641536,58.47211265563965,-0.910980224609375,-0.0699005126953125,0.3006439208984375
1773062987194677504,58.48214864730835,-0.9928131103515625,-0.1148681640625,0.1787109375
1773062987204713472,58.49218463897705,-1.0519866943359375,-0.094635009765625,0.188995361328125
1773062987214749696,58.50222063064575,-1.077423095703125,-0.0247802734375,0.301422119140625
1773062987224785664,58.51225662231445,-1.0949249267578125,-0.0066986083984375,0.3544158935546875
1773062987234822400,58.52229356765747,-1.08856201171875,-0.0095062255859375,0.374847412109375
1773062987244858624,58.53232955932617,-1.049407958984375,0.0078125,0.316650390625
1773062987254894592,58.54236555099487,-0.992706298828125,-0.0237884521484375,0.26959228515625
1773062987264930560,58.552401542663574,-0.9703216552734375,-0.0816802978515625,0.244720458984375
1773062987274966528,58.562437534332275,-0.9854278564453125,-0.0721282958984375,0.261749267578125
1773062987285003776,58.57247471809387,-1.01513671875,0.0203399658203125,0.3460540771484375
1773062987295039744,58.58251070976257,-1.059906005859375,0.1098785400390625,0.403167724609375
1773062987305075712,58.592546701431274,-1.1031646728515625,0.121917724609375,0.3139801025390625
1773062987315111680,58.602582693099976,-1.1006317138671875,0.0498199462890625,0.210357666015625
1773062987325147648,58.61261868476868,-1.0521697998046875,-0.0030364990234375,0.1777191162109375
1773062987335184640,58.622655630111694,-1.002105712890625,-0.006622314453125,0.1993560791015625
1773062987345220608,58.632691621780396,-0.99127197265625,0.0094146728515625,0.206390380859375
1773062987355256576,58.6427276134491,-1.041778564453125,-0.0008697509765625,0.278228759765625
1773062987365292544,58.6527636051178,-1.15277099609375,-0.0634002685546875,0.2670440673828125
1773062987375328512,58.6627995967865,-1.2295379638671875,-0.06219482421875,0.2895965576171875
1773062987385364480,58.6728355884552,-1.2248077392578125,0.0396728515625,0.3239593505859375
1773062987395401472,58.68287253379822,-1.1923370361328125,0.129638671875,0.2406005859375
1773062987405437440,58.69290852546692,-1.1565704345703125,0.091766357421875,0.1018829345703125
1773062987415473408,58.70294451713562,-1.143646240234375,-0.0256805419921875,-0.00054931640625
1773062987425509376,58.71298050880432,-1.1497344970703125,-0.0993194580078125,0.1055145263671875
1773062987435545600,58.7230167388916,-1.2227020263671875,-0.1161956787109375,0.3152618408203125
1773062987445582592,58.73305368423462,-1.3451385498046875,-0.127227783203125,0.424560546875
1773062987455618560,58.74308967590332,-1.4322509765625,-0.10162353515625,0.4438629150390625
1773062987465654528,58.75312566757202,-1.441131591796875,-0.0056304931640625,0.54901123046875
1773062987475690496,58.76316165924072,-1.460601806640625,0.060791015625,0.407806396484375
1773062987485726720,58.773197650909424,-1.4853668212890625,0.017608642578125,0.1142120361328125
1773062987495763456,58.78323459625244,-1.4265594482421875,-0.0730133056640625,-0.0133056640625
1773062987505799424,58.79327058792114,-1.30047607421875,-0.09283447265625,0.1165771484375
1773062987515835648,58.803306579589844,-1.2512664794921875,-0.0537567138671875,0.351531982421875
1773062987525871616,58.813342571258545,-1.334747314453125,-0.071746826171875,0.39727783203125
1773062987535907584,58.823378562927246,-1.4059906005859375,-0.0493316650390625,0.4879608154296875
1773062987545943552,58.83341455459595,-1.4110870361328125,0.0939788818359375,0.64459228515625
1773062987555980800,58.843451738357544,-1.380950927734375,0.1414642333984375,0.658111572265625
1773062987566016768,58.853487730026245,-1.344329833984375,0.0921478271484375,0.5656890869140625
1773062987576052736,58.863523721694946,-1.3397064208984375,0.0953521728515625,0.2842864990234375
1773062987586088704,58.87355971336365,-1.2827606201171875,0.074554443359375,0.083587646484375
1773062987596124672,58.88359570503235,-1.1824188232421875,-0.0153961181640625,0.0365142822265625
1773062987606161664,58.893632650375366,-1.14208984375,-0.04620361328125,0.0411224365234375
1773062987616197632,58.90366864204407,-1.16607666015625,-0.0055999755859375,0.2569427490234375
1773062987626233600,58.91370463371277,-1.2449951171875,0.0218353271484375,0.57159423828125
1773062987636269568,58.92374062538147,-1.3600921630859375,0.0478057861328125,0.738128662109375
1773062987646305536,58.93377661705017,-1.4107208251953125,0.0814971923828125,0.6437225341796875
1773062987656342528,58.94381356239319,-1.3178253173828125,0.0574493408203125,0.5949554443359375
1773062987666378496,58.95384955406189,-1.2147674560546875,-0.014129638671875,0.481719970703125
1773062987676414464,58.96388554573059,-1.198516845703125,-0.0370025634765625,0.131103515625
1773062987686450432,58.97392153739929,-1.205657958984375,-0.0246124267578125,-0.182861328125
1773062987696486400,58.98395752906799,-1.1854400634765625,-0.097442626953125,-0.169708251953125
1773062987706522368,58.993993520736694,-1.2321014404296875,-0.059539794921875,-0.09832763671875
1773062987716559616,59.00403070449829,-1.29364013671875,0.002471923828125,0.2003173828125
1773062987726595584,59.01406669616699,-1.3445281982421875,-0.1321258544921875,0.45135498046875
1773062987736631552,59.02410268783569,-1.3116455078125,-0.1732940673828125,0.614837646484375
1773062987746667520,59.034138679504395,-1.1977691650390625,-0.0933837890625,0.645477294921875
1773062987756703488,59.044174671173096,-1.1173553466796875,-0.08355712890625,0.3822479248046875
1773062987766740480,59.05421161651611,-1.058685302734375,-0.00860595703125,0.3866729736328125
1773062987776776448,59.064247608184814,-1.0686187744140625,0.095703125,0.3662567138671875
1773062987786812416,59.074283599853516,-1.1544647216796875,0.0019378662109375,0.041259765625
1773062987796848640,59.08431959152222,-1.17779541015625,-0.17181396484375,0.0038604736328125
1773062987806884608,59.09435558319092,-1.153350830078125,-0.2007598876953125,0.1205596923828125
1773062987816921600,59.104392528533936,-1.1443939208984375,-0.150634765625,0.2543182373046875
1773062987826957568,59.11442852020264,-1.1729583740234375,-0.145416259765625,0.4022216796875
1773062987836993536,59.12446451187134,-1.18475341796875,-0.1160125732421875,0.4397430419921875
1773062987847029504,59.13450050354004,-1.1262664794921875,0.0077972412109375,0.4022979736328125
1773062987857065472,59.14453649520874,-1.0678863525390625,0.1118621826171875,0.39208984375
1773062987867101440,59.15457248687744,-1.1225433349609375,0.0771636962890625,0.266204833984375
1773062987877138432,59.16460943222046,-1.195159912109375,-0.07733154296875,0.2052764892578125
1773062987887174400,59.17464542388916,-1.1707763671875,-0.2623748779296875,0.2137908935546875
1773062987897210368,59.18468141555786,-1.0955352783203125,-0.3436126708984375,0.08660888671875
1773062987907246336,59.19471740722656,-1.0639190673828125,-0.1869964599609375,-0.0142974853515625
1773062987917282304,59.204753398895264,-1.1166534423828125,0.0126953125,-0.0583648681640625
1773062987927319296,59.21479034423828,-1.221343994140625,0.0690765380859375,-0.2079010009765625
1773062987937355520,59.22482657432556,-1.192626953125,0.0690765380859375,-0.057037353515625
1773062987947391488,59.23486256599426,-1.0472412109375,-0.017333984375,0.1111602783203125
1773062987957427456,59.244898557662964,-0.9118194580078125,-0.1596527099609375,0.3728179931640625
1773062987967463424,59.254934549331665,-0.8912353515625,-0.21234130859375,0.5496826171875
1773062987977500416,59.26497149467468,-0.977874755859375,-0.1902008056640625,0.2957763671875
1773062987987536384,59.275007486343384,-1.022796630859375,-0.0595550537109375,0.0786895751953125
1773062987997572352,59.285043478012085,-0.99493408203125,0.1070556640625,-0.065826416015625
1773062988007608320,59.295079469680786,-0.9091644287109375,0.1260986328125,-0.1912689208984375
1773062988017644288,59.30511546134949,-0.778778076171875,0.0716400146484375,-0.2177734375
1773062988027680512,59.31515145301819,-0.63330078125,-0.0154266357421875,-0.0573272705078125
1773062988037717248,59.325188398361206,-0.5882415771484375,-0.1393890380859375,-0.0092926025390625
1773062988047753216,59.33522439002991,-0.6410675048828125,-0.1055450439453125,-0.060333251953125
1773062988057789440,59.34526038169861,-0.684234619140625,0.0762481689453125,0.0369110107421875
1773062988067825408,59.35529637336731,-0.6934356689453125,0.1324462890625,0.0839691162109375
1773062988077861376,59.36533236503601,-0.6561279296875,0.063812255859375,0.0689849853515625
1773062988087898368,59.37536954879761,-0.591522216796875,0.0345306396484375,0.15869140625
1773062988097934592,59.38540554046631,-0.573272705078125,-0.0112152099609375,0.22216796875
1773062988107970560,59.39544153213501,-0.6364288330078125,-0.13470458984375,0.2001495361328125
1773062988118006528,59.40547752380371,-0.726348876953125,-0.18121337890625,0.100921630859375
1773062988128042496,59.41551351547241,-0.76220703125,-0.034423828125,0.0331268310546875
1773062988138079488,59.42555046081543,-0.71478271484375,0.1356658935546875,0.018798828125
1773062988148115456,59.43558645248413,-0.635955810546875,0.20703125,0.02642822265625
1773062988158151424,59.44562244415283,-0.5701751708984375,0.1649169921875,0.12200927734375
1773062988168187392,59.45565843582153,-0.6095123291015625,0.03607177734375,0.070037841796875
1773062988178223360,59.465694427490234,-0.731475830078125,-0.024566650390625,-0.339263916015625
1773062988188259328,59.475730419158936,-0.6958770751953125,0.090362548828125,-0.506988525390625
1773062988198296320,59.48576736450195,-0.4962615966796875,0.21160888671875,-0.3761749267578125
1773062988208332288,59.495803356170654,-0.3361663818359375,0.1705780029296875,-0.1696929931640625
1773062988218368256,59.505839347839355,-0.34881591796875,0.0137481689453125,0.0675048828125
1773062988228404480,59.515875577926636,-0.5995330810546875,-0.0960540771484375,0.0137176513671875
1773062988238440448,59.52591156959534,-0.8698577880859375,-0.09307861328125,-0.1932525634765625
1773062988248477440,59.535948514938354,-0.887054443359375,0.010467529296875,-0.220672607421875
1773062988258513408,59.545984506607056,-0.7032318115234375,0.042572021484375,-0.114471435546875
1773062988268549376,59.55602049827576,-0.520751953125,-0.071441650390625,0.005950927734375
1773062988278585344,59.56605648994446,-0.4260711669921875,-0.2014617919921875,0.1642913818359375
1773062988288621312,59.57609248161316,-0.450164794921875,-0.295745849609375,0.2445068359375
1773062988298658304,59.58612942695618,-0.575958251953125,-0.341278076171875,0.1557769775390625
1773062988308694272,59.59616541862488,-0.706512451171875,-0.211181640625,-0.067352294921875
1773062988318730240,59.60620141029358,-0.7523956298828125,0.09228515625,-0.26702880859375
1773062988328766464,59.61623740196228,-0.685699462890625,0.3025665283203125,-0.31707763671875
1773062988338802432,59.62627339363098,-0.5536956787109375,0.246612548828125,-0.24639892578125
1773062988348838400,59.63630938529968,-0.4324188232421875,0.0612335205078125,-0.0868988037109375
1773062988358875392,59.64634656906128,-0.3977813720703125,-0.1068572998046875,0.173370361328125
1773062988368911616,59.65638256072998,-0.5438385009765625,-0.2603302001953125,0.2880096435546875
1773062988378947584,59.66641855239868,-0.8669891357421875,-0.312286376953125,0.0219268798828125
1773062988388983552,59.67645454406738,-1.0930023193359375,-0.1380767822265625,-0.278472900390625
1773062988399019520,59.686490535736084,-1.02276611328125,0.157958984375,-0.3950042724609375
1773062988409056512,59.6965274810791,-0.7710418701171875,0.2993621826171875,-0.449737548828125
1773062988419092480,59.7065634727478,-0.492767333984375,0.221466064453125,-0.361175537109375
1773062988429128448,59.716599464416504,-0.29266357421875,0.019561767578125,0.0753631591796875
1773062988439164416,59.726635456085205,-0.369598388671875,-0.2482757568359375,0.4288177490234375
1773062988449200384,59.736671447753906,-0.83941650390625,-0.3485107421875,0.1734161376953125
1773062988459237376,59.746708393096924,-1.360748291015625,-0.0236968994140625,0.0753173828125
1773062988469273344,59.756744384765625,-1.534515380859375,0.286865234375,0.096160888671875
1773062988479309312,59.766780376434326,-1.2743072509765625,0.164276123046875,-0.2103118896484375
1773062988489345280,59.77681636810303,-0.7541656494140625,-0.0239410400390625,-0.1483612060546875
1773062988499381248,59.78685235977173,-0.411285400390625,-0.2034454345703125,0.1688385009765625
1773062988509417216,59.79688835144043,-0.4818878173828125,-0.3636322021484375,-0.0152130126953125
1773062988519454464,59.806925535202026,-0.7872467041015625,-0.2624359130859375,-0.1668853759765625
1773062988529490432,59.81696152687073,-1.1374969482421875,-0.049774169921875,-0.007293701171875
1773062988539526400,59.82699751853943,-1.4149322509765625,0.07470703125,-0.0027008056640625
1773062988549562368,59.83703351020813,-1.36614990234375,0.0965728759765625,-0.0292205810546875
1773062988559598336,59.84706950187683,-1.018463134765625,-0.0619049072265625,0.0578765869140625
1773062988569635328,59.85710644721985,-0.7913360595703125,-0.30572509765625,-0.1200408935546875
1773062988579671296,59.86714243888855,-0.7652435302734375,-0.3950958251953125,-0.2956390380859375
1773062988589707264,59.87717843055725,-0.8180389404296875,-0.2561187744140625,-0.1833343505859375
1773062988599743488,59.88721442222595,-0.9535369873046875,-0.1135101318359375,-0.0413665771484375
1773062988609779456,59.89725041389465,-1.0800323486328125,-0.0950775146484375,0.0680999755859375
1773062988619816192,59.90728735923767,-1.112152099609375,-0.10137939453125,0.01300048828125
1773062988629852416,59.91732335090637,-1.0471954345703125,-0.1588592529296875,-0.1175384521484375
1773062988639888384,59.92735934257507,-0.9258270263671875,-0.2220306396484375,-0.0063934326171875
1773062988649924608,59.93739557266235,-0.8565826416015625,-0.226348876953125,0.174468994140625
1773062988659960576,59.947431564331055,-0.8711700439453125,-0.216064453125,0.189056396484375
1773062988669996544,59.957467555999756,-0.8726806640625,-0.1712799072265625,0.2900390625
1773062988680033536,59.96750450134277,-0.8918304443359375,-0.0942535400390625,0.18414306640625
1773062988690069504,59.977540493011475,-0.9141998291015625,-0.0642242431640625,-0.01605224609375
1773062988700105472,59.987576484680176,-0.912811279296875,-0.133941650390625,-0.05596923828125
1773062988710141440,59.99761247634888,-0.91796875,-0.2396392822265625,-0.0919952392578125
1773062988720177408,60.00764846801758,-0.8856353759765625,-0.277130126953125,0.000396728515625
1773062988730214400,60.017685413360596,-0.8265228271484375,-0.2398834228515625,0.232330322265625
1773062988740250368,60.0277214050293,-0.8321380615234375,-0.1760101318359375,0.324005126953125
1773062988750286336,60.037757396698,-0.8947296142578125,-0.0595703125,0.347198486328125
1773062988760322304,60.0477933883667,-0.9876556396484375,0.029876708984375,0.23095703125
1773062988770358272,60.0578293800354,-1.0366973876953125,0.009185791015625,0.1124420166015625
1773062988780395520,60.067866563797,-0.9970245361328125,-0.1131591796875,0.0288238525390625
1773062988790431488,60.0779025554657,-0.8922119140625,-0.291015625,-0.0668182373046875
1773062988800467456,60.0879385471344,-0.8005218505859375,-0.4017181396484375,-0.024139404296875
1773062988810503424,60.0979745388031,-0.8107147216796875,-0.3381805419921875,0.0631561279296875
1773062988820539136,60.10801029205322,-0.9197235107421875,-0.1804656982421875,0.1284027099609375
1773062988830575104,60.118046283721924,-1.055023193359375,-0.0368804931640625,0.223876953125
1773062988840612096,60.12808322906494,-1.1016845703125,0.005218505859375,0.3715057373046875
1773062988850648064,60.13811922073364,-1.0258026123046875,-0.1298370361328125,0.3500823974609375
1773062988860684032,60.148155212402344,-0.890869140625,-0.2726287841796875,0.2509918212890625
1773062988870720256,60.158191204071045,-0.831207275390625,-0.255218505859375,0.0348663330078125
1773062988880756224,60.168227195739746,-0.864776611328125,-0.16314697265625,-0.0862274169921875
1773062988890792960,60.178264141082764,-0.933990478515625,-0.100128173828125,0.044464111328125
1773062988900829184,60.188300132751465,-1.0130767822265625,-0.05517578125,0.2662811279296875
1773062988910865152,60.198336124420166,-1.070465087890625,-0.103912353515625,0.417633056640625
1773062988920901120,60.20837211608887,-1.084747314453125,-0.2367095947265625,0.397247314453125
1773062988930937088,60.21840810775757,-1.0489654541015625,-0.2805023193359375,0.339080810546875
1773062988940974336,60.228445291519165,-1.0079345703125,-0.1863250732421875,0.2012786865234375
1773062988951010304,60.238481283187866,-0.98211669921875,-0.09405517578125,0.092559814453125
1773062988961046272,60.24851727485657,-0.96343994140625,-0.111846923828125,0.120269775390625
1773062988971082240,60.25855326652527,-0.9785308837890625,-0.129180908203125,0.1924591064453125
1773062988981118208,60.26858925819397,-1.0316009521484375,-0.07989501953125,0.373931884765625
1773062988991154176,60.27862524986267,-1.11981201171875,-0.09820556640625,0.3708953857421875
1773062989001191168,60.28866219520569,-1.145355224609375,-0.1609954833984375,0.34832763671875
1773062989011227136,60.29869818687439,-1.0904541015625,-0.1775970458984375,0.3872222900390625
1773062989021263104,60.30873417854309,-1.02288818359375,-0.1905364990234375,0.3186798095703125
1773062989031299072,60.31877017021179,-0.9782257080078125,-0.2287445068359375,0.1256256103515625
1773062989041335040,60.32880616188049,-0.969696044921875,-0.24517822265625,0.0303192138671875
1773062989051372032,60.33884310722351,-1.023590087890625,-0.2378387451171875,0.1477508544921875
1773062989061408000,60.34887909889221,-1.1352386474609375,-0.2139739990234375,0.282257080078125
1773062989071444224,60.35891532897949,-1.2217864990234375,-0.1409454345703125,0.4051513671875
1773062989081480192,60.36895132064819,-1.23150634765625,-0.1010894775390625,0.3528289794921875
1773062989091516160,60.378987312316895,-1.139556884765625,-0.0673828125,0.3367462158203125
1773062989101553152,60.38902425765991,-1.0243377685546875,-0.0267333984375,0.3443756103515625
1773062989111589120,60.39906024932861,-0.9276275634765625,-0.131134033203125,0.4589996337890625
1773062989121625088,60.409096240997314,-0.9054412841796875,-0.2479400634765625,0.5778045654296875
1773062989131661056,60.419132232666016,-0.9742584228515625,-0.238616943359375,0.460418701171875
1773062989141697280,60.42916822433472,-1.0566558837890625,-0.1837310791015625,0.3396148681640625
1773062989151734016,60.439205169677734,-1.105010986328125,-0.1281585693359375,0.353271484375
1773062989161769984,60.449241161346436,-1.13897705078125,-0.0821075439453125,0.198760986328125
1773062989171806208,60.45927715301514,-1.1170196533203125,-0.0904388427734375,0.243133544921875
1773062989181842176,60.46931314468384,-1.0853729248046875,-0.171875,0.35101318359375
1773062989191878144,60.47934913635254,-1.06536865234375,-0.22662353515625,0.3692474365234375
1773062989201914112,60.48938512802124,-1.0417022705078125,-0.2326202392578125,0.371856689453125
1773062989211951360,60.49942231178284,-1.033172607421875,-0.2058868408203125,0.3532257080078125
1773062989221987328,60.50945830345154,-1.0467529296875,-0.1590576171875,0.2999114990234375
1773062989232023296,60.51949429512024,-1.0732421875,-0.1327667236328125,0.23492431640625
1773062989242059264,60.52953028678894,-1.0933990478515625,-0.171112060546875,0.2803802490234375
1773062989252095232,60.53956627845764,-1.1060333251953125,-0.1921234130859375,0.2819976806640625
1773062989262132224,60.54960322380066,-1.098907470703125,-0.190216064453125,0.1890716552734375
1773062989272168192,60.55963921546936,-1.056488037109375,-0.2017364501953125,0.1796417236328125
1773062989282204160,60.56967520713806,-1.029083251953125,-0.155609130859375,0.1791534423828125
1773062989292240128,60.57971119880676,-1.02197265625,-0.109344482421875,0.234710693359375
1773062989302276096,60.589747190475464,-1.026336669921875,-0.121185302734375,0.4080810546875
1773062989312312064,60.599783182144165,-1.0520782470703125,-0.15887451171875,0.504180908203125
1773062989322349056,60.60982012748718,-1.075592041015625,-0.1995849609375,0.4951629638671875
1773062989332385024,60.619856119155884,-1.0634918212890625,-0.1529693603515625,0.54296875
1773062989342420992,60.629892110824585,-1.04827880859375,-0.0884857177734375,0.5058135986328125
1773062989352456960,60.639928102493286,-1.069366455078125,-0.1092987060546875,0.2996063232421875
1773062989362492928,60.64996409416199,-1.1056365966796875,-0.1631622314453125,0.0179595947265625
1773062989372530176,60.660001277923584,-1.1179656982421875,-0.1848602294921875,-0.0385284423828125
1773062989382566144,60.670037269592285,-1.1241455078125,-0.187408447265625,0.20098876953125
1773062989392602112,60.680073261260986,-1.1947021484375,-0.197845458984375,0.39080810546875
1773062989402638080,60.69010925292969,-1.2733306884765625,-0.237060546875,0.5284271240234375
1773062989412674304,60.70014524459839,-1.2869873046875,-0.170867919921875,0.65118408203125
1773062989422711040,60.710182189941406,-1.229705810546875,-0.0362091064453125,0.7424468994140625
1773062989432747008,60.72021818161011,-1.17156982421875,-0.0350799560546875,0.6913909912109375
1773062989442783232,60.73025417327881,-1.186767578125,-0.16119384765625,0.5070343017578125
1773062989452819200,60.74029016494751,-1.2992401123046875,-0.2511749267578125,0.2071685791015625
1773062989462855168,60.75032615661621,-1.385284423828125,-0.252838134765625,0.1204833984375
1773062989472891136,60.76036214828491,-1.3823394775390625,-0.1879730224609375,0.3857879638671875
1773062989482928128,60.77039909362793,-1.3858489990234375,-0.1067962646484375,0.5616455078125
1773062989492964352,60.78043532371521,-1.3767547607421875,-0.160552978515625,0.6168060302734375
1773062989503000320,60.79047131538391,-1.3065032958984375,-0.1901092529296875,0.7084503173828125
1773062989513036288,60.80050730705261,-1.2400970458984375,-0.1011199951171875,0.768798828125
1773062989523072256,60.81054329872131,-1.2387237548828125,-0.1182708740234375,0.680267333984375
1773062989533109248,60.82058024406433,-1.302581787109375,-0.216766357421875,0.3397674560546875
1773062989543145216,60.83061623573303,-1.3272247314453125,-0.1608734130859375,0.003814697265625
1773062989553181184,60.84065222740173,-1.2466888427734375,-0.046295166015625,-0.007293701171875
1773062989563217152,60.850688219070435,-1.1680908203125,-0.078765869140625,0.1492462158203125
1773062989573253120,60.860724210739136,-1.1381988525390625,-0.1845855712890625,0.3318634033203125
1773062989583289088,60.87076020240784,-1.1126556396484375,-0.2995758056640625,0.592010498046875
1773062989593326080,60.880797147750854,-1.1245574951171875,-0.3466796875,0.67822265625
1773062989603362048,60.890833139419556,-1.1765594482421875,-0.242462158203125,0.5610809326171875
1773062989613398016,60.90086913108826,-1.1977691650390625,-0.0746307373046875,0.457183837890625
1773062989623433984,60.91090512275696,-1.1878509521484375,0.05419921875,0.2899627685546875
1773062989633469952,60.92094111442566,-1.1474151611328125,0.10858154296875,0.0953216552734375
1773062989643507200,60.930978298187256,-1.0423583984375,-0.0167999267578125,0.1212158203125
1773062989653543168,60.94101428985596,-0.977874755859375,-0.1971893310546875,0.2096710205078125
1773062989663579136,60.95105028152466,-1.0015411376953125,-0.22430419921875,0.387298583984375
1773062989673615104,60.96108627319336,-1.1031341552734375,-0.2299346923828125,0.508880615234375
1773062989683651328,60.97112226486206,-1.1964111328125,-0.15234375,0.521728515625
1773062989693688064,60.98115921020508,-1.206207275390625,0.044219970703125,0.5854034423828125
1773062989703724032,60.99119520187378,-1.158172607421875,0.1108856201171875,0.6189422607421875
1773062989713760256,61.00123119354248,-1.091156005859375,0.0301361083984375,0.6866455078125
1773062989723796224,61.01126718521118,-1.0651702880859375,-0.14166259765625,0.543060302734375
1773062989733832192,61.02130317687988,-1.0858612060546875,-0.31451416015625,0.1136627197265625
1773062989743868160,61.031339168548584,-1.0282135009765625,-0.284088134765625,0.0522918701171875
1773062989753905152,61.0413761138916,-0.98272705078125,-0.094970703125,0.182098388671875
1773062989763941120,61.0514121055603,-1.066436767578125,0.03802490234375,0.1827545166015625
1773062989773977088,61.061448097229004,-1.15191650390625,0.0037994384765625,0.205780029296875
1773062989784013312,61.071484327316284,-1.0972137451171875,-0.1085357666015625,0.2947235107421875
1773062989794049280,61.081520318984985,-0.9608154296875,-0.134002685546875,0.53125
1773062989804086272,61.091557264328,-0.9470062255859375,-0.1145477294921875,0.6139678955078125
1773062989814122240,61.101593255996704,-1.0857696533203125,-0.131683349609375,0.4205169677734375
1773062989824158464,61.111629486083984,-1.19580078125,-0.1034698486328125,0.2040557861328125
1773062989834194432,61.121665477752686,-1.1519317626953125,-0.0174713134765625,0.0040130615234375
1773062989844230400,61.13170146942139,-0.978179931640625,0.021209716796875,-0.0809326171875
1773062989854267648,61.14173865318298,-0.7928466796875,-0.035919189453125,0.0940704345703125
1773062989864303616,61.151774644851685,-0.751190185546875,-0.1354522705078125,0.127471923828125
1773062989874339584,61.161810636520386,-0.829315185546875,-0.2294769287109375,0.2137603759765625
1773062989884375552,61.17184662818909,-0.9721221923828125,-0.2695465087890625,0.405242919921875
1773062989894411520,61.18188261985779,-1.1285552978515625,-0.1696624755859375,0.51800537109375
1773062989904447488,61.19191861152649,-1.1991119384765625,0.0740203857421875,0.545013427734375
1773062989914484480,61.20195555686951,-1.1525421142578125,0.2156982421875,0.3647308349609375
1773062989924520448,61.21199154853821,-1.0137481689453125,0.14398193359375,0.0649871826171875
1773062989934556416,61.22202754020691,-0.8304595947265625,0.0301666259765625,-0.0521087646484375
1773062989944592384,61.23206353187561,-0.6885223388671875,-0.07763671875,0.0720977783203125
1773062989954628352,61.24209952354431,-0.6626739501953125,-0.1976165771484375,0.27008056640625
1773062989964665344,61.25213646888733,-0.79205322265625,-0.2234344482421875,0.3604736328125
1773062989974701568,61.26217269897461,-1.022918701171875,-0.1380157470703125,0.3431396484375
1773062989984737536,61.27220869064331,-1.1907806396484375,0.0054931640625,0.314178466796875
1773062989994773504,61.28224468231201,-1.1618804931640625,0.14068603515625,0.3072967529296875
1773062990004809728,61.29228067398071,-0.94989013671875,0.1300048828125,0.2907562255859375
1773062990014846464,61.30231761932373,-0.77239990234375,-0.0122528076171875,0.1508636474609375
1773062990024882432,61.31235361099243,-0.7247161865234375,-0.1033477783203125,-0.0187835693359375
1773062990034918656,61.32238960266113,-0.7364501953125,-0.09234619140625,-0.089569091796875
1773062990044954624,61.332425594329834,-0.7583770751953125,-0.03594970703125,0.0241546630859375
1773062990054990592,61.342461585998535,-0.82879638671875,0.01824951171875,0.1918182373046875
1773062990065026560,61.352497577667236,-0.9382781982421875,0.009735107421875,0.2550811767578125
1773062990075063552,61.362534523010254,-0.9886016845703125,-0.0097198486328125,0.256195068359375
1773062990085099520,61.372570514678955,-0.9105072021484375,-0.0146942138671875,0.161163330078125
1773062990095135488,61.382606506347656,-0.755615234375,-0.0547027587890625,-0.0046844482421875
1773062990105171456,61.39264249801636,-0.6117706298828125,-0.085174560546875,0.002288818359375
1773062990115207424,61.40267848968506,-0.5970611572265625,0.0031585693359375,0.0603179931640625
1773062990125244672,61.412715673446655,-0.7273101806640625,0.1323394775390625,0.0172576904296875
1773062990135280640,61.422751665115356,-0.82965087890625,0.1241302490234375,0.0122528076171875
1773062990145316608,61.43278765678406,-0.8109130859375,0.04248046875,-0.01641845703125
1773062990155352576,61.44282364845276,-0.6610107421875,-0.028106689453125,0.0783538818359375
1773062990165388544,61.45285964012146,-0.5485687255859375,-0.0471954345703125,0.1580657958984375
1773062990175424512,61.46289563179016,-0.581634521484375,0.0042724609375,0.1894073486328125
1773062990185461504,61.47293257713318,-0.6912689208984375,0.057891845703125,0.18389892578125
1773062990195497472,61.48296856880188,-0.76605224609375,0.047332763671875,0.148345947265625
1773062990205533440,61.49300456047058,-0.74908447265625,0.032470703125,0.2074127197265625
1773062990215569408,61.50304055213928,-0.6830596923828125,0.063690185546875,0.13916015625
1773062990225605376,61.51307654380798,-0.5893096923828125,0.153961181640625,-0.01629638671875
1773062990235642368,61.523113489151,-0.491607666015625,0.15228271484375,0.001739501953125
1773062990245678336,61.5331494808197,-0.52117919921875,-0.0119171142578125,0.0372314453125
1773062990255714304,61.5431854724884,-0.6766204833984375,-0.17864990234375,0.0556488037109375
1773062990265750528,61.553221702575684,-0.8336029052734375,-0.152618408203125,0.1006927490234375
1773062990275786752,61.563257694244385,-0.89801025390625,-0.0651702880859375,0.1825714111328125
1773062990285823488,61.5732946395874,-0.8618316650390625,-0.0394287109375,0.2118988037109375
1773062990295859456,61.5833306312561,-0.7545623779296875,-0.0038299560546875,0.117095947265625
1773062990305895680,61.593366622924805,-0.632049560546875,0.017059326171875,-0.022613525390625
1773062990315931648,61.603402614593506,-0.542999267578125,-0.009918212890625,0.0585784912109375
1773062990325967616,61.61343860626221,-0.6110992431640625,-0.0493927001953125,0.08892822265625
1773062990336003584,61.62347459793091,-0.76336669921875,-0.0955047607421875,0.0263671875
1773062990346040576,61.633511543273926,-0.844268798828125,-0.1431121826171875,0.0967254638671875
1773062990356076544,61.64354753494263,-0.86181640625,-0.1375885009765625,0.1411285400390625
1773062990366112512,61.65358352661133,-0.8502197265625,-0.073760986328125,0.08831787109375
1773062990376148480,61.66361951828003,-0.8061676025390625,0.0235137939453125,0.121429443359375
1773062990386184448,61.67365550994873,-0.78680419921875,0.0369415283203125,0.3468017578125
1773062990396221696,61.68369269371033,-0.9236602783203125,-0.0368499755859375,0.2645721435546875
1773062990406257664,61.69372868537903,-1.04595947265625,-0.0293731689453125,0.024871826171875
1773062990416293632,61.70376467704773,-0.957427978515625,0.0628509521484375,0.0770416259765625
1773062990426329600,61.71380066871643,-0.8023223876953125,0.1097412109375,0.0700225830078125
1773062990436365568,61.72383666038513,-0.6319732666015625,0.1027374267578125,0.04693603515625
1773062990446402560,61.73387360572815,-0.496978759765625,0.0409088134765625,0.0110015869140625
1773062990456438528,61.74390959739685,-0.4359130859375,-0.0599517822265625,0.1114349365234375
1773062990466474496,61.75394558906555,-0.4908599853515625,-0.20147705078125,0.5344390869140625
1773062990476510464,61.76398158073425,-0.8057708740234375,-0.323211669921875,0.7049407958984375
1773062990486546432,61.774017572402954,-1.249298095703125,-0.1302947998046875,0.3799591064453125
1773062990496582400,61.784053564071655,-1.39208984375,0.26605224609375,0.2027740478515625
1773062990506619392,61.79409050941467,-1.1707305908203125,0.3245086669921875,-0.054229736328125
1773062990516655360,61.804126501083374,-0.7664031982421875,0.2117462158203125,-0.2172088623046875
1773062990526691328,61.814162492752075,-0.4000396728515625,0.1223602294921875,-0.037078857421875
1773062990536727552,61.824198484420776,-0.2863311767578125,-0.036834716796875,0.200164794921875
1773062990546763520,61.83423447608948,-0.487823486328125,-0.2485198974609375,0.2534942626953125
1773062990556800512,61.844271659851074,-0.887603759765625,-0.3600311279296875,0.1945343017578125
1773062990566836480,61.854307651519775,-1.1830291748046875,-0.282135009765625,0.365997314453125
1773062990576872704,61.86434364318848,-1.2159576416015625,-0.05499267578125,0.4571990966796875
1773062990586908672,61.87437963485718,-1.0498199462890625,0.1432952880859375,0.33294677734375
1773062990596944640,61.88441562652588,-0.8505706787109375,0.172760009765625,0.145843505859375
1773062990606981632,61.8944525718689,-0.7200775146484375,0.1120758056640625,0.0009307861328125
1773062990617017600,61.9044885635376,-0.671966552734375,-0.002410888671875,0.014373779296875
1773062990627053568,61.9145245552063,-0.7024383544921875,-0.14044189453125,0.2363433837890625
1773062990637089536,61.924560546875,-0.820953369140625,-0.2196044921875,0.3721771240234375
1773062990647125504,61.9345965385437,-0.91351318359375,-0.1685333251953125,0.6736602783203125
1773062990657161472,61.9446325302124,-1.015472412109375,-0.02301025390625,0.8045654296875
1773062990667198464,61.95466947555542,-1.1631317138671875,0.09423828125,0.2521514892578125
1773062990677234432,61.96470546722412,-1.1046295166015625,0.1058197021484375,-0.22479248046875
1773062990687270656,61.9747416973114,-0.836029052734375,0.0384979248046875,-0.2028961181640625
1773062990697306624,61.9847776889801,-0.587921142578125,-0.10052490234375,0.1236572265625
1773062990707342592,61.994813680648804,-0.51287841796875,-0.2528533935546875,0.5682220458984375
1773062990717379584,62.00485062599182,-0.749908447265625,-0.3145599365234375,0.6495819091796875
1773062990727415552,62.01488661766052,-1.1194610595703125,-0.196624755859375,0.5788116455078125
1773062990737451520,62.024922609329224,-1.332916259765625,0.0596771240234375,0.4706878662109375
1773062990747487488,62.034958600997925,-1.2654876708984375,0.216461181640625,0.292266845703125
1773062990757523456,62.044994592666626,-1.0205841064453125,0.1027679443359375,0.0598297119140625
1773062990767560448,62.055031538009644,-0.7808990478515625,-0.1544647216796875,-0.0369873046875
1773062990777596416,62.065067529678345,-0.6379547119140625,-0.310333251953125,0.18682861328125
1773062990787632384,62.075103521347046,-0.709228515625,-0.258148193359375,0.3944854736328125
1773062990797668352,62.08513951301575,-0.923828125,-0.141815185546875,0.625701904296875
1773062990807704576,62.09517550468445,-1.157470703125,-0.12115478515625,0.4892425537109375
1773062990817740544,62.10521149635315,-1.180267333984375,-0.081817626953125,0.3726806640625
1773062990827777280,62.11524844169617,-1.0072479248046875,-0.0088043212890625,0.4636688232421875
1773062990837813504,62.12528443336487,-0.9239959716796875,-0.0188446044921875,0.280975341796875
1773062990847849472,62.13532042503357,-0.9118499755859375,-0.0663299560546875,0.0825042724609375
1773062990857885440,62.14535641670227,-0.8473968505859375,-0.128326416015625,0.129547119140625
1773062990867921408,62.15539240837097,-0.76605224609375,-0.1549835205078125,0.2760009765625
1773062990877958656,62.16542959213257,-0.7487945556640625,-0.1626739501953125,0.5452423095703125
1773062990887994624,62.17546558380127,-0.8856964111328125,-0.216217041015625,0.5147857666015625
1773062990898030592,62.18550157546997,-1.0441741943359375,-0.1937713623046875,0.38037109375
1773062990908066560,62.19553756713867,-1.0553436279296875,-0.0548858642578125,0.44921875
1773062990918102528,62.20557355880737,-0.9875030517578125,0.03717041015625,0.3877410888671875
1773062990928138496,62.215609550476074,-0.8902435302734375,-0.0411376953125,0.28582763671875
1773062990938175488,62.22564649581909,-0.807220458984375,-0.188629150390625,0.173675537109375
1773062990948211456,62.23568248748779,-0.7743682861328125,-0.2417755126953125,0.233734130859375
1773062990958247424,62.245718479156494,-0.8558349609375,-0.217193603515625,0.2875213623046875
1773062990968283392,62.255754470825195,-0.987457275390625,-0.2228851318359375,0.2925567626953125
1773062990978319360,62.2657904624939,-1.0333251953125,-0.2193145751953125,0.3735504150390625
1773062990988356352,62.275827407836914,-0.9788818359375,-0.1542816162109375,0.4059906005859375
1773062990998392320,62.285863399505615,-0.891754150390625,-0.1299896240234375,0.3674163818359375
1773062991008428288,62.295899391174316,-0.853515625,-0.1608123779296875,0.3695831298828125
1773062991018464512,62.3059356212616,-0.904876708984375,-0.170684814453125,0.328948974609375
1773062991028500480,62.3159716129303,-0.970947265625,-0.181182861328125,0.293975830078125
1773062991038536448,62.326007604599,-0.9840850830078125,-0.17437744140625,0.3065185546875
1773062991048573440,62.33604454994202,-0.958282470703125,-0.159088134765625,0.2404632568359375
1773062991058609408,62.34608054161072,-0.93231201171875,-0.2053070068359375,0.148284912109375
1773062991068645376,62.35611653327942,-0.941314697265625,-0.27398681640625,0.0704498291015625
1773062991078681344,62.36615252494812,-0.97540283203125,-0.2899322509765625,0.04736328125
1773062991088717568,62.37618851661682,-0.984466552734375,-0.3165740966796875,0.281402587890625
1773062991098754304,62.38622546195984,-1.0089874267578125,-0.36376953125,0.5160369873046875
1773062991108790272,62.39626145362854,-1.07818603515625,-0.3294830322265625,0.3837738037109375
1773062991118826496,62.40629744529724,-1.09295654296875,-0.1724700927734375,0.280853271484375
1773062991128862464,62.41633343696594,-1.0716552734375,-0.0730743408203125,0.185882568359375
1773062991138898432,62.426369428634644,-1.0647735595703125,-0.09716796875,0.1069488525390625
1773062991148935680,62.43640661239624,-1.053131103515625,-0.1345672607421875,0.1616668701171875
1773062991158971648,62.44644260406494,-1.0330657958984375,-0.14471435546875,0.24578857421875
1773062991169007616,62.45647859573364,-1.013336181640625,-0.215576171875,0.318756103515625
1773062991179043584,62.466514587402344,-1.014434814453125,-0.2910919189453125,0.356475830078125
1773062991189079552,62.476550579071045,-1.0432281494140625,-0.2781219482421875,0.344085693359375
1773062991199115520,62.486586570739746,-1.0712432861328125,-0.2196197509765625,0.3249359130859375
1773062991209152512,62.496623516082764,-1.098388671875,-0.1613311767578125,0.2062530517578125
1773062991219188480,62.506659507751465,-1.096282958984375,-0.121734619140625,0.173187255859375
1773062991229224448,62.516695499420166,-1.0804595947265625,-0.105194091796875,0.200958251953125
1773062991239260416,62.52673149108887,-1.0727691650390625,-0.144989013671875,0.1946563720703125
1773062991249296384,62.53676748275757,-1.0575408935546875,-0.2384490966796875,0.232635498046875
1773062991259333376,62.546804428100586,-1.0676422119140625,-0.2978668212890625,0.2332000732421875
1773062991269369344,62.55684041976929,-1.0845489501953125,-0.3032989501953125,0.2750091552734375
1773062991279405312,62.56687641143799,-1.101776123046875,-0.2380523681640625,0.2847137451171875
1773062991289441280,62.57691240310669,-1.12957763671875,-0.133392333984375,0.2630462646484375
1773062991299477248,62.58694839477539,-1.1650543212890625,-0.084564208984375,0.1138458251953125
1773062991309514496,62.59698557853699,-1.1546630859375,-0.0920257568359375,0.0334930419921875
1773062991319550464,62.60702157020569,-1.1121978759765625,-0.1349945068359375,0.0459442138671875
1773062991329586432,62.61705756187439,-1.0795440673828125,-0.2016754150390625,0.1508331298828125
1773062991339622400,62.62709355354309,-1.0778350830078125,-0.250823974609375,0.3147735595703125
1773062991349658368,62.63712954521179,-1.108001708984375,-0.2510833740234375,0.34234619140625
1773062991359694592,62.64716553688049,-1.11456298828125,-0.214813232421875,0.301055908203125
1773062991369731328,62.65720248222351,-1.0853118896484375,-0.1770477294921875,0.291717529296875
1773062991379767296,62.66723847389221,-1.061981201171875,-0.1943206787109375,0.33099365234375
1773062991389803520,62.67727446556091,-1.10675048828125,-0.1832122802734375,0.165283203125
1773062991399839488,62.687310457229614,-1.1493988037109375,-0.1399078369140625,0.1357574462890625
1773062991409875456,62.697346448898315,-1.164520263671875,-0.1203155517578125,0.2248382568359375
1773062991419912448,62.70738339424133,-1.1705780029296875,-0.1176910400390625,0.29833984375
1773062991429948416,62.717419385910034,-1.1708526611328125,-0.1493377685546875,0.28643798828125
1773062991439984640,62.727455615997314,-1.1715545654296875,-0.2196197509765625,0.23406982421875
1773062991450020608,62.737491607666016,-1.1807403564453125,-0.2779693603515625,0.22320556640625
1773062991460056576,62.74752759933472,-1.2043609619140625,-0.231201171875,0.1927337646484375
1773062991470092544,62.75756359100342,-1.209869384765625,-0.110504150390625,0.2812042236328125
1773062991480129536,62.767600536346436,-1.204833984375,-0.0389862060546875,0.4693756103515625
1773062991490165504,62.77763652801514,-1.2198333740234375,-0.052154541015625,0.6766510009765625
1773062991500201472,62.78767251968384,-1.276763916015625,-0.1297760009765625,0.6676788330078125
1773062991510237440,62.79770851135254,-1.3492584228515625,-0.209381103515625,0.3545379638671875
1773062991520273408,62.80774450302124,-1.381103515625,-0.164642333984375,0.0326080322265625
1773062991530310400,62.81778144836426,-1.313751220703125,-0.08404541015625,0.121368408203125
1773062991540346368,62.82781744003296,-1.2518310546875,-0.0636444091796875,0.4510650634765625
1773062991550382336,62.83785343170166,-1.2965087890625,-0.1342315673828125,0.6607666015625
1773062991560418304,62.84788942337036,-1.38983154296875,-0.260528564453125,0.6573486328125
1773062991570454272,62.85792541503906,-1.4319305419921875,-0.1898956298828125,0.642974853515625
1773062991580491520,62.86796259880066,-1.4216156005859375,0.0403594970703125,0.68768310546875
1773062991590527488,62.87799859046936,-1.3983612060546875,0.1190338134765625,0.5371246337890625
1773062991600563456,62.88803458213806,-1.3553619384765625,-0.002410888671875,0.1699066162109375
1773062991610599424,62.89807057380676,-1.254364013671875,-0.1422271728515625,0.0109710693359375
1773062991620635392,62.908106565475464,-1.176605224609375,-0.176666259765625,0.164093017578125
1773062991630671616,62.918142557144165,-1.2049102783203125,-0.16241455078125,0.4148406982421875
1773062991640708352,62.92817950248718,-1.2983551025390625,-0.1508026123046875,0.61761474609375
1773062991650744320,62.938215494155884,-1.36083984375,-0.0965576171875,0.6775054931640625
1773062991660780544,62.948251485824585,-1.3586578369140625,0.021697998046875,0.6495208740234375
1773062991670816512,62.958287477493286,-1.2989349365234375,0.060760498046875,0.5939788818359375
1773062991680852480,62.96832346916199,-1.233489990234375,-0.0491790771484375,0.3548126220703125
1773062991690889472,62.978360414505005,-1.1562042236328125,-0.1410064697265625,0.16986083984375
1773062991700925440,62.988396406173706,-1.0938262939453125,-0.1437835693359375,0.25091552734375
1773062991710961408,62.99843239784241,-1.1301422119140625,-0.15081787109375,0.3079376220703125
1773062991720997376,63.00846838951111,-1.2208099365234375,-0.108123779296875,0.41229248046875
1773062991731033600,63.01850461959839,-1.2660064697265625,0.071533203125,0.6427459716796875
1773062991741069568,63.02854061126709,-1.2423248291015625,0.121551513671875,0.6562347412109375
1773062991751106560,63.03857755661011,-1.1389007568359375,-0.010467529296875,0.560028076171875
1773062991761142528,63.04861354827881,-1.0362701416015625,-0.1030731201171875,0.44866943359375
1773062991771178496,63.05864953994751,-1.0410308837890625,-0.106201171875,0.0899658203125
1773062991781214464,63.06868553161621,-1.0888214111328125,-0.0399017333984375,-0.1186981201171875
1773062991791250432,63.07872152328491,-1.126495361328125,-0.0704193115234375,-0.07159423828125
1773062991801287424,63.08875846862793,-1.1676788330078125,-0.0725250244140625,0.1134796142578125
1773062991811323392,63.09879446029663,-1.1707000732421875,-0.0521087646484375,0.38323974609375
1773062991821359360,63.10883045196533,-1.1474456787109375,-0.11407470703125,0.51092529296875
1773062991831394816,63.118865966796875,-1.1099395751953125,-0.0850067138671875,0.6587066650390625
1773062991841431040,63.128902196884155,-1.1438140869140625,-0.024139404296875,0.4947052001953125
1773062991851467008,63.138938188552856,-1.1637115478515625,-0.0191802978515625,0.311614990234375
1773062991861504000,63.148975133895874,-1.1059722900390625,-0.0307159423828125,0.1978302001953125
1773062991871539968,63.159011125564575,-1.038116455078125,-0.0809478759765625,-0.041229248046875
1773062991881575936,63.169047117233276,-0.9517974853515625,-0.12066650390625,0.0996551513671875
1773062991891612160,63.17908310890198,-0.97515869140625,-0.1383514404296875,0.14691162109375
1773062991901648128,63.18911910057068,-1.1179656982421875,-0.120452880859375,-0.02569580078125
1773062991911684864,63.199156045913696,-1.1878662109375,-0.044342041015625,0.085296630859375
1773062991921721088,63.2091920375824,-1.1364593505859375,0.051483154296875,0.2391510009765625
1773062991931757056,63.2192280292511,-1.01495361328125,0.1151885986328125,0.35748291015625
1773062991941793024,63.2292640209198,-0.924072265625,0.0211639404296875,0.362335205078125
1773062991951828992,63.2393000125885,-0.9165802001953125,-0.1876678466796875,0.1616058349609375
1773062991961866240,63.2493371963501,-0.9114227294921875,-0.2802581787109375,0.0494232177734375
1773062991971902208,63.2593731880188,-0.868927001953125,-0.1837005615234375,0.115966796875
1773062991981938176,63.2694091796875,-0.8407745361328125,0.0260467529296875,0.1921234130859375
1773062991991974144,63.2794451713562,-0.883148193359375,0.203704833984375,-0.0168914794921875
1773062992002010112,63.2894811630249,-0.8815765380859375,0.239532470703125,-0.060943603515625
1773062992012046080,63.2995171546936,-0.844482421875,0.096466064453125,-0.119659423828125
1773062992022083072,63.30955410003662,-0.7742156982421875,-0.0203857421875,-0.0484161376953125
1773062992032119040,63.31959009170532,-0.6963043212890625,-0.09417724609375,0.1356964111328125
1773062992042155008,63.32962608337402,-0.6799468994140625,-0.1303558349609375,0.275543212890625
1773062992052190976,63.339662075042725,-0.713226318359375,-0.047454833984375,0.469940185546875
1773062992062226944,63.349698066711426,-0.8216400146484375,0.0802459716796875,0.2138214111328125
1773062992072263936,63.35973501205444,-0.875030517578125,0.09649658203125,-0.274658203125
1773062992082299904,63.369771003723145,-0.7727203369140625,0.0158233642578125,-0.32867431640625
1773062992092335872,63.379806995391846,-0.70428466796875,0.0171966552734375,-0.1909332275390625
1773062992102371840,63.38984298706055,-0.7312164306640625,0.1883392333984375,-0.07427978515625
1773062992112407808,63.39987897872925,-0.7292633056640625,0.274810791015625,0.064788818359375
1773062992122445056,63.409916162490845,-0.6800994873046875,0.0911407470703125,-0.061767578125
1773062992132481024,63.419952154159546,-0.5656585693359375,-0.051849365234375,-0.0850830078125
1773062992142516992,63.42998814582825,-0.492279052734375,-0.03399658203125,0.1287078857421875
1773062992152552960,63.44002413749695,-0.622314453125,0.0260162353515625,0.092987060546875
1773062992162589184,63.45006012916565,-0.8320465087890625,0.0569915771484375,0.0958709716796875
1773062992172625152,63.46009612083435,-1.0200958251953125,0.0169525146484375,0.1773529052734375
1773062992182661888,63.47013306617737,-1.14947509765625,0.0904541015625,-0.0122528076171875
1773062992192698112,63.48016905784607,-0.9785919189453125,0.349517822265625,-0.0474395751953125
1773062992202734080,63.49020504951477,-0.6141357421875,0.3951568603515625,0.0397796630859375
1773062992212770048,63.50024104118347,-0.3811187744140625,0.214385986328125,-0.1060333251953125
1773062992222806016,63.51027703285217,-0.2826385498046875,0.091766357421875,-0.2044525146484375
1773062992232843008,63.52031397819519,-0.28460693359375,0.0177154541015625,-0.1052703857421875
1773062992242878976,63.53034996986389,-0.40191650390625,-0.02130126953125,0.0608673095703125
1773062992252915200,63.54038619995117,-0.570831298828125,-0.0238800048828125,0.1327972412109375
1773062992262951168,63.55042219161987,-0.720123291015625,-0.0499725341796875,0.06427001953125
1773062992272987136,63.560458183288574,-0.789794921875,-0.0733795166015625,0.0304718017578125
1773062992283023104,63.570494174957275,-0.764495849609375,-0.0740814208984375,0.132049560546875
1773062992293060096,63.58053112030029,-0.7071533203125,-0.09600830078125,0.212738037109375
1773062992303096064,63.590567111968994,-0.659454345703125,-0.145965576171875,0.2328948974609375
1773062992313132032,63.600603103637695,-0.648193359375,-0.1863555908203125,0.1659393310546875
1773062992323168000,63.6106390953064,-0.661865234375,-0.18768310546875,0.047393798828125
1773062992333203968,63.6206750869751,-0.6571502685546875,-0.1276092529296875,0.0918426513671875
1773062992343240960,63.630712032318115,-0.6732177734375,-0.0471954345703125,0.1940155029296875
1773062992353276928,63.640748023986816,-0.7305450439453125,0.0178680419921875,0.053192138671875
1773062992363312896,63.65078401565552,-0.7072906494140625,0.042205810546875,-0.153076171875
1773062992373348864,63.66082000732422,-0.614349365234375,0.0494384765625,-0.2457122802734375
1773062992383384832,63.67085599899292,-0.5933837890625,0.080230712890625,-0.142547607421875
1773062992393421056,63.68089199066162,-0.747222900390625,0.0369110107421875,-0.0399169921875
1773062992403458048,63.69092917442322,-0.9848785400390625,-0.0653076171875,-0.0327911376953125
1773062992413494016,63.70096516609192,-1.0937957763671875,-0.049468994140625,0.0266876220703125
1773062992423529984,63.71100115776062,-0.9969024658203125,0.0557861328125,0.1047515869140625
1773062992433566208,63.72103714942932,-0.790924072265625,0.0854949951171875,0.2574615478515625
1773062992443602176,63.73107314109802,-0.7165985107421875,-0.0003204345703125,0.4440460205078125
1773062992453638912,63.74111008644104,-0.90667724609375,-0.0484619140625,0.3191070556640625
1773062992463675136,63.75114607810974,-1.087738037109375,0.0330352783203125,0.1545257568359375
1773062992473711104,63.76118206977844,-1.0496673583984375,0.0398406982421875,0.151702880859375
1773062992483747072,63.771218061447144,-0.9267730712890625,0.006561279296875,0.076690673828125
1773062992493783040,63.781254053115845,-0.8249359130859375,0.107513427734375,-0.0379180908203125
1773062992503820032,63.79129099845886,-0.7434234619140625,0.17578125,0.0030059814453125
1773062992513856000,63.80132699012756,-0.702484130859375,0.029693603515625,0.28021240234375
1773062992523891968,63.811362981796265,-0.7880401611328125,-0.2218017578125,0.43408203125
1773062992533927936,63.821398973464966,-0.9748992919921875,-0.283233642578125,0.234466552734375
1773062992543964160,63.831435203552246,-1.0311279296875,-0.13946533203125,0.1150054931640625
1773062992554000128,63.84147119522095,-0.9233551025390625,-0.0307464599609375,-0.01458740234375
1773062992564037120,63.851508140563965,-0.759521484375,0.0700225830078125,-0.045196533203125
1773062992574073088,63.861544132232666,-0.6442108154296875,0.14447021484375,0.215179443359375
1773062992584109056,63.87158012390137,-0.7470703125,0.0383758544921875,0.2483673095703125
1773062992594145024,63.88161611557007,-1.01055908203125,-0.1392669677734375,-0.1134796142578125
1773062992604180992,63.89165210723877,-1.0352325439453125,-0.15185546875,0.0903167724609375
1773062992614217984,63.90168905258179,-0.8646087646484375,-0.1810150146484375,0.2854461669921875
1773062992624253952,63.91172504425049,-0.7039947509765625,-0.2314605712890625,0.1649322509765625
1773062992634289920,63.92176103591919,-0.5904541015625,-0.1009063720703125,0.1224212646484375
1773062992644325888,63.93179702758789,-0.5807647705078125,0.07342529296875,0.16143798828125
1773062992654361856,63.94183301925659,-0.6811676025390625,0.080810546875,0.1547698974609375
1773062992664399104,63.95187020301819,-0.8212890625,0.0493011474609375,0.2109375
1773062992674435072,63.96190619468689,-0.8893280029296875,0.064788818359375,0.478790283203125
1773062992684471040,63.97194218635559,-0.89483642578125,-0.001556396484375,0.57220458984375
1773062992694507008,63.98197817802429,-0.8494873046875,-0.084930419921875,0.495147705078125
1773062992704543232,63.99201416969299,-0.780181884765625,-0.1038360595703125,0.1802520751953125
1773062992714579200,64.0020501613617,-0.689117431640625,-0.1186981201171875,-0.1169891357421875
1773062992724615936,64.01208710670471,-0.61962890625,-0.1151580810546875,-0.1004486083984375
1773062992734652160,64.02212309837341,-0.6523590087890625,-0.0506744384765625,0.043701171875
1773062992744688128,64.03215909004211,-0.774200439453125,-0.036468505859375,0.233795166015625
1773062992754724096,64.04219508171082,-0.9328460693359375,-0.122528076171875,0.344818115234375
1773062992764760064,64.05223107337952,-1.0451812744140625,-0.1195220947265625,0.3798675537109375
1773062992774797056,64.06226801872253,-1.0391845703125,-0.0102386474609375,0.4019775390625
1773062992784833024,64.07230401039124,-0.9670562744140625,0.0058746337890625,0.3155670166015625
1773062992794868992,64.08234000205994,-0.891143798828125,-0.0794830322265625,0.1892547607421875
1773062992804904960,64.09237599372864,-0.8396453857421875,-0.1118011474609375,0.1002960205078125
1773062992814940928,64.10241198539734,-0.8310699462890625,-0.1607666015625,-0.0274200439453125
1773062992824978944,64.11244988441467,-0.846466064453125,-0.228759765625,0.01556396484375
1773062992835014912,64.12248587608337,-0.9144287109375,-0.1793212890625,0.174285888671875
1773062992845050880,64.13252186775208,-1.0174560546875,-0.1150970458984375,0.271392822265625
1773062992855086848,64.14255785942078,-1.082977294921875,-0.10498046875,0.3494873046875
1773062992865122816,64.15259385108948,-1.0749969482421875,-0.115020751953125,0.2956085205078125
1773062992875158784,64.16262984275818,-0.9977874755859375,-0.0781097412109375,0.2248382568359375
1773062992885195776,64.1726667881012,-0.9450836181640625,-0.0132904052734375,0.1461029052734375
1773062992895231744,64.1827027797699,-0.974945068359375,-0.0067901611328125,0.02001953125
1773062992905267712,64.1927387714386,-1.0239715576171875,-0.0770111083984375,0.0186767578125
1773062992915303680,64.2027747631073,-1.054595947265625,-0.180633544921875,0.1061553955078125
1773062992925339648,64.212810754776,-1.0458831787109375,-0.2997589111328125,0.2718048095703125
1773062992935376896,64.2228479385376,-1.0268402099609375,-0.35809326171875,0.3721466064453125
1773062992945412864,64.2328839302063,-1.02496337890625,-0.25347900390625,0.372833251953125
1773062992955448832,64.242919921875,-1.087493896484375,-0.0439453125,0.2443389892578125
1773062992965484800,64.2529559135437,-1.1827850341796875,0.1419677734375,0.0380401611328125
1773062992975520768,64.2629919052124,-1.2134552001953125,0.1639862060546875,-0.10369873046875
1773062992985557760,64.27302885055542,-1.1486968994140625,-0.0314178466796875,-0.1516571044921875
1773062992995593728,64.28306484222412,-1.043121337890625,-0.270416259765625,0.0190582275390625
1773062993005629696,64.29310083389282,-1.025146484375,-0.3874969482421875,0.1880950927734375
1773062993015665664,64.30313682556152,-1.0893402099609375,-0.3234405517578125,0.3581695556640625
1773062993025701888,64.31317281723022,-1.185943603515625,-0.11407470703125,0.3905029296875
1773062993035737856,64.32320880889893,-1.2397308349609375,0.0555572509765625,0.3168792724609375
1773062993045774592,64.33324575424194,-1.2049713134765625,0.0586700439453125,0.1718292236328125
1773062993055810816,64.34328174591064,-1.113525390625,-0.026153564453125,-0.0546112060546875
1773062993065846784,64.35331773757935,-1.000732421875,-0.1074981689453125,-0.0426788330078125
1773062993075882752,64.36335372924805,-0.982666015625,-0.1454010009765625,0.05035400390625
1773062993085918720,64.37338972091675,-1.079986572265625,-0.14166259765625,0.1435546875
1773062993095955968,64.38342690467834,-1.1742095947265625,-0.0858001708984375,0.3632659912109375
1773062993105991936,64.39346289634705,-1.208526611328125,0.05047607421875,0.486846923828125
1773062993116027904,64.40349888801575,-1.1755218505859375,0.1094970703125,0.4983062744140625
1773062993126063872,64.41353487968445,-1.143951416015625,0.0317840576171875,0.3846282958984375
1773062993136099840,64.42357087135315,-1.1710662841796875,-0.0655975341796875,0.076446533203125
1773062993146136832,64.43360781669617,-1.1968231201171875,-0.1302032470703125,-0.2569122314453125
1773062993156172800,64.44364380836487,-1.1516571044921875,-0.08282470703125,-0.326446533203125
1773062993166208768,64.45367980003357,-1.0578765869140625,-0.038970947265625,-0.0961761474609375
1773062993176244736,64.46371579170227,-1.0633392333984375,-0.0165252685546875,0.0861053466796875
1773062993186280704,64.47375178337097,-1.1779937744140625,-0.032684326171875,0.1753082275390625
1773062993196316672,64.48378777503967,-1.3011627197265625,-0.0908050537109375,0.332977294921875
1773062993206353664,64.49382472038269,-1.37274169921875,-0.1065521240234375,0.3369598388671875
1773062993216389888,64.50386095046997,-1.3823089599609375,-0.118804931640625,0.053466796875
1773062993226425856,64.51389694213867,-1.319549560546875,-0.121063232421875,-0.317718505859375
1773062993236461824,64.52393293380737,-1.1636810302734375,-0.1031646728515625,-0.4285125732421875
1773062993246497792,64.53396892547607,-1.0145721435546875,-0.0107269287109375,-0.28875732421875
1773062993256534784,64.54400587081909,-0.983917236328125,0.0658111572265625,-0.09930419921875
1773062993266570752,64.5540418624878,-1.0745086669921875,0.00653076171875,0.041900634765625
1773062993276606720,64.5640778541565,-1.2266693115234375,-0.0328369140625,0.0755767822265625
1773062993286642688,64.5741138458252,-1.330841064453125,-0.0227813720703125,0.105010986328125
1773062993296678656,64.5841498374939,-1.35455322265625,0.01055908203125,0.242889404296875
1773062993306714880,64.5941858291626,-1.3488922119140625,0.0278472900390625,0.1374053955078125
1773062993316751616,64.60422277450562,-1.2589263916015625,0.0099334716796875,-0.0500335693359375
1773062993326787584,64.61425876617432,-1.1048126220703125,0.0564422607421875,-0.1592254638671875
1773062993336823808,64.62429475784302,-0.976104736328125,0.08447265625,-0.1034088134765625
1773062993346859776,64.63433074951172,-0.9862518310546875,0.0203857421875,-0.0049896240234375
1773062993356895744,64.64436674118042,-1.1072540283203125,-0.020050048828125,0.1956329345703125
1773062993366932992,64.65440392494202,-1.2341156005859375,0.019195556640625,0.3812255859375
1773062993376968960,64.66443991661072,-1.2851715087890625,0.06304931640625,0.493804931640625
1773062993387004928,64.67447590827942,-1.2839813232421875,0.07391357421875,0.332275390625
1773062993397040896,64.68451189994812,-1.2309417724609375,0.0706634521484375,0.0397796630859375
1773062993407076864,64.69454789161682,-1.1302490234375,0.0885009765625,-0.1751861572265625
1773062993417113856,64.70458483695984,-1.0232391357421875,0.1282501220703125,-0.224639892578125
1773062993427149824,64.71462082862854,-0.9737701416015625,0.13226318359375,-0.06170654296875
1773062993437185792,64.72465682029724,-1.0525054931640625,0.0504302978515625,0.0745086669921875
1773062993447221760,64.73469281196594,-1.1735382080078125,-0.0023651123046875,0.33905029296875
1773062993457257728,64.74472880363464,-1.2685089111328125,0.04913330078125,0.6240081787109375
1773062993467293696,64.75476479530334,-1.31634521484375,0.0783843994140625,0.748443603515625
1773062993477330688,64.76480174064636,-1.3463287353515625,0.0407257080078125,0.540008544921875
1773062993487366656,64.77483773231506,-1.3144378662109375,0.073760986328125,0.229278564453125
1773062993497402624,64.78487372398376,-1.2075042724609375,0.13702392578125,-0.0268402099609375
1773062993507438848,64.79490995407104,-1.0631561279296875,0.1596527099609375,-0.0064239501953125
1773062993517474816,64.80494594573975,-1.0057220458984375,0.1837310791015625,0.2429351806640625
1773062993527511808,64.81498289108276,-1.10906982421875,0.127960205078125,0.41021728515625
1773062993537547776,64.82501888275146,-1.27020263671875,0.0298614501953125,0.5735626220703125
1773062993547583744,64.83505487442017,-1.392364501953125,0.0147705078125,0.801361083984375
1773062993557619712,64.84509086608887,-1.4620513916015625,0.026611328125,0.877838134765625
1773062993567655680,64.85512685775757,-1.48260498046875,-0.0107879638671875,0.64227294921875
1773062993577692672,64.86516380310059,-1.41754150390625,-0.0473480224609375,0.35247802734375
1773062993587728640,64.87519979476929,-1.314056396484375,-0.009613037109375,-0.004638671875
1773062993597764608,64.88523578643799,-1.1901092529296875,0.0506439208984375,-0.207275390625
1773062993607800832,64.89527177810669,-1.08660888671875,0.08148193359375,-0.0276947021484375
1773062993617836800,64.90530776977539,-1.0999908447265625,0.07806396484375,0.2690277099609375
1773062993627872768,64.91534376144409,-1.1786956787109375,-0.0529022216796875,0.598052978515625
1773062993637910016,64.92538094520569,-1.3028106689453125,-0.119110107421875,0.7803955078125
1773062993647945984,64.93541693687439,-1.426910400390625,-0.0536956787109375,0.81689453125
1773062993657981952,64.94545292854309,-1.4571075439453125,-0.0063018798828125,0.6365966796875
1773062993668017920,64.95548892021179,-1.373504638671875,0.0010986328125,0.2486724853515625
1773062993678053888,64.9655249118805,-1.2189178466796875,0.0238494873046875,-0.1668853759765625
1773062993688090880,64.97556185722351,-1.012298583984375,0.0335845947265625,-0.19671630859375
1773062993698126848,64.98559784889221,-0.8800506591796875,-0.044647216796875,0.12432861328125
1773062993708162816,64.99563384056091,-0.9382171630859375,-0.1413726806640625,0.4283599853515625
1773062993718198784,65.00566983222961,-1.1110687255859375,-0.1494140625,0.56243896484375
1773062993728234752,65.01570582389832,-1.25592041015625,-0.0739898681640625,0.594207763671875
1773062993738271744,65.02574276924133,-1.2845306396484375,0.0396728515625,0.487945556640625
1773062993748307712,65.03577876091003,-1.1608734130859375,0.124267578125,0.4062347412109375
1773062993758343680,65.04581475257874,-0.99755859375,0.028564453125,0.3578338623046875
1773062993768379648,65.05585074424744,-0.9040069580078125,-0.104522705078125,0.386749267578125
1773062993778415616,65.06588673591614,-0.933319091796875,-0.079254150390625,0.377349853515625
1773062993788451584,65.07592272758484,-1.0257568359375,-0.07220458984375,0.2908172607421875
1773062993798488832,65.08595991134644,-1.0756378173828125,-0.08843994140625,0.29351806640625
1773062993808524800,65.09599590301514,-1.0945892333984375,-0.02178955078125,0.2411651611328125
1773062993818560768,65.10603189468384,-1.1049652099609375,-0.0165557861328125,0.1693572998046875
1773062993828597248,65.1160683631897,-1.104156494140625,-0.0194854736328125,0.3106231689453125
1773062993838633216,65.1261043548584,-1.1082611083984375,0.0685577392578125,0.4021148681640625
1773062993848670464,65.13614153862,-1.1226043701171875,0.022247314453125,0.0947265625
1773062993858706432,65.1461775302887,-1.072509765625,-0.1503143310546875,-0.237335205078125
1773062993868742400,65.1562135219574,-0.97503662109375,-0.2564849853515625,-0.342010498046875
1773062993878778368,65.1662495136261,-0.8965606689453125,-0.2719573974609375,-0.3053436279296875
1773062993888814336,65.1762855052948,-0.8754425048828125,-0.27862548828125,-0.1793670654296875
1773062993898851328,65.18632245063782,-0.9237518310546875,-0.28717041015625,-0.0084686279296875
1773062993908887296,65.19635844230652,-0.97943115234375,-0.1490631103515625,0.33441162109375
1773062993918923264,65.20639443397522,-1.0666046142578125,0.1304779052734375,0.3746185302734375
1773062993928959488,65.21643042564392,-1.10235595703125,0.2426605224609375,0.15740966796875
1773062993938995456,65.22646641731262,-1.01300048828125,0.075531005859375,-0.05718994140625
1773062993949031424,65.23650240898132,-0.8752593994140625,-0.1183929443359375,-0.1775360107421875
1773062993959068416,65.24653935432434,-0.76336669921875,-0.1814727783203125,-0.1241302490234375
1773062993969104384,65.25657534599304,-0.7247161865234375,-0.18438720703125,-0.02301025390625
1773062993979140608,65.26661157608032,-0.7597503662109375,-0.1636505126953125,0.0494537353515625
1773062993989176576,65.27664756774902,-0.8566741943359375,-0.0316009521484375,0.043182373046875
1773062993999212544,65.28668355941772,-0.947662353515625,0.0670928955078125,0.06500244140625
1773062994009249536,65.29672050476074,-0.9740142822265625,0.052093505859375,0.1256256103515625
1773062994019285504,65.30675649642944,-0.9364013671875,-0.002532958984375,0.0497589111328125
1773062994029321472,65.31679248809814,-0.8426971435546875,-0.0826263427734375,0.0499420166015625
1773062994039357440,65.32682847976685,-0.7960052490234375,-0.1853179931640625,-0.0305328369140625
1773062994049393408,65.33686447143555,-0.8213348388671875,-0.2151641845703125,-0.185943603515625
1773062994059429376,65.34690046310425,-0.853424072265625,-0.0991668701171875,-0.1860198974609375
1773062994069466368,65.35693740844727,-0.8623199462890625,0.0356903076171875,-0.1531982421875
1773062994079502336,65.36697340011597,-0.813812255859375,0.0644683837890625,-0.0984954833984375
1773062994089538304,65.37700939178467,-0.746124267578125,-0.00091552734375,-0.0301971435546875
1773062994099574272,65.38704538345337,-0.7426300048828125,-0.1278228759765625,0.020477294921875
1773062994109610240,65.39708137512207,-0.8245849609375,-0.2371368408203125,0.0162811279296875
1773062994119647488,65.40711855888367,-0.939361572265625,-0.1809539794921875,-0.0212860107421875
1773062994129683456,65.41715455055237,-0.9607391357421875,0.00628662109375,0.06561279296875
1773062994139719424,65.42719054222107,-0.8600006103515625,0.046783447265625,0.3641510009765625
1773062994149755392,65.43722653388977,-0.840850830078125,-0.077972412109375,0.2359161376953125
1773062994159791360,65.44726252555847,-0.9102630615234375,-0.0557403564453125,-0.2738494873046875
1773062994169828352,65.45729947090149,-0.8747100830078125,0.0550689697265625,-0.376220703125
1773062994179864320,65.46733546257019,-0.7531890869140625,0.104949951171875,-0.12384033203125
1773062994189900288,65.47737145423889,-0.69097900390625,-0.0363311767578125,0.1224365234375
1773062994199936512,65.48740744590759,-0.8126068115234375,-0.2693023681640625,0.1773529052734375
1773062994209972480,65.4974434375763,-1.0797271728515625,-0.2796630859375,0.1594085693359375
1773062994220008448,65.507479429245,-1.2953948974609375,-0.0841217041015625,0.274627685546875
1773062994230045440,65.51751637458801,-1.3571014404296875,0.0777740478515625,0.3006439208984375
1773062994240081408,65.52755236625671,-1.250030517578125,0.1909637451171875,-0.0300445556640625
1773062994250117376,65.53758835792542,-0.96099853515625,0.2079620361328125,-0.3027496337890625
1773062994260153344,65.54762434959412,-0.671234130859375,-0.0040435791015625,-0.344970703125
1773062994270189568,65.5576605796814,-0.576904296875,-0.186981201171875,-0.1116485595703125
1773062994280226560,65.56769752502441,-0.765350341796875,-0.14959716796875,0.076934814453125
1773062994290262528,65.57773351669312,-1.0537261962890625,0.1075439453125,0.1918792724609375
1773062994300298496,65.58776950836182,-1.2340850830078125,0.2020263671875,0.2583160400390625
1773062994310334464,65.59780550003052,-1.2527923583984375,0.21240234375,0.04010009765625
1773062994320370432,65.60784149169922,-0.9971923828125,0.2808990478515625,-0.04132080078125
1773062994330406400,65.61787748336792,-0.714324951171875,0.1523895263671875,-0.0625457763671875
1773062994340443392,65.62791442871094,-0.574920654296875,0.0005340576171875,-0.1632537841796875
1773062994350479360,65.63795042037964,-0.5041046142578125,-0.0621795654296875,-0.078521728515625
1773062994360515328,65.64798641204834,-0.59393310546875,-0.0841827392578125,-0.084320068359375
1773062994370551296,65.65802240371704,-0.72076416015625,-0.03167724609375,-0.1272430419921875
1773062994380587264,65.66805839538574,-0.7016448974609375,0.00091552734375,-0.104888916015625
1773062994390624512,65.67809557914734,-0.5902252197265625,-0.017120361328125,-0.07086181640625
1773062994400660480,65.68813157081604,-0.5186004638671875,-0.0678253173828125,-0.0122528076171875
1773062994410696448,65.69816756248474,-0.5277557373046875,-0.1763458251953125,0.1352996826171875
1773062994420732416,65.70820355415344,-0.6015777587890625,-0.2527008056640625,0.2747650146484375
1773062994430768384,65.71823954582214,-0.720733642578125,-0.18988037109375,0.3404998779296875
1773062994440805376,65.72827649116516,-0.83343505859375,-0.0435943603515625,0.43353271484375
1773062994450841344,65.73831248283386,-0.905487060546875,0.055938720703125,0.5015869140625
1773062994460877312,65.74834847450256,-0.9145965576171875,0.1235198974609375,0.3951416015625
1773062994470913536,65.75838446617126,-0.844879150390625,0.152191162109375,0.16619873046875
1773062994480949504,65.76842045783997,-0.731536865234375,0.1265106201171875,-0.1182861328125
1773062994490985472,65.77845644950867,-0.6040496826171875,0.1199951171875,-0.2489776611328125
1773062994501022464,65.78849339485168,-0.516265869140625,0.0997314453125,-0.251953125
1773062994511058432,65.79852938652039,-0.526611328125,-0.00164794921875,-0.2169189453125
1773062994521094400,65.80856537818909,-0.6856536865234375,-0.08099365234375,-0.1103515625
1773062994531130368,65.81860136985779,-0.980743408203125,-0.02783203125,0.0757598876953125
1773062994541166336,65.82863736152649,-1.267822265625,0.0635833740234375,0.2646942138671875
1773062994551203584,65.83867454528809,-1.357177734375,0.1460113525390625,0.4423980712890625
1773062994561239552,65.84871053695679,-1.2736968994140625,0.2426910400390625,0.3549652099609375
1773062994571275520,65.85874652862549,-1.12396240234375,0.36151123046875,0.199462890625
1773062994581311488,65.86878252029419,-1.0470123291015625,0.39013671875,0.0753631591796875
1773062994591347456,65.87881851196289,-1.05938720703125,0.2996673583984375,0.02484130859375
1773062994601383424,65.88885450363159,-1.1414031982421875,0.1416778564453125,0.0039520263671875
1773062994611420416,65.89889144897461,-1.22021484375,0.0084075927734375,-0.0397186279296875
1773062994621456384,65.90892744064331,-1.2111053466796875,-0.0634307861328125,0.0245819091796875
1773062994631492352,65.91896343231201,-1.198211669921875,-0.0662841796875,0.0229644775390625
1773062994641528320,65.92899942398071,-1.20123291015625,0.0476837158203125,-0.0503997802734375
1773062994651564288,65.93903541564941,-1.203857421875,0.1456756591796875,-0.0224151611328125
1773062994661601280,65.94907236099243,-1.219818115234375,0.2131805419921875,0.05853271484375
1773062994671637248,65.95910835266113,-1.1561431884765625,0.293304443359375,0.1660308837890625
1773062994681673216,65.96914434432983,-1.0098419189453125,0.2497100830078125,0.20379638671875
1773062994691709440,65.97918057441711,-0.8849945068359375,0.1479644775390625,0.2324676513671875
1773062994701745408,65.98921656608582,-0.9022369384765625,0.1063690185546875,0.21142578125
1773062994711781376,65.99925255775452,-1.0273590087890625,0.1005096435546875,0.1621551513671875
1773062994721818368,66.00928950309753,-1.0780029296875,0.1187744140625,0.1641845703125
1773062994731854336,66.01932549476624,-0.9892425537109375,0.1175689697265625,0.2056121826171875
1773062994741890304,66.02936148643494,-0.8632049560546875,0.1132354736328125,0.209381103515625
1773062994751926528,66.03939747810364,-0.795684814453125,0.13897705078125,0.1925201416015625
1773062994761962496,66.04943346977234,-0.8070068359375,0.1632537841796875,0.18902587890625
1773062994771999232,66.05947041511536,-0.8666839599609375,0.19512939453125,0.2023773193359375
1773062994782035456,66.06950640678406,-0.886749267578125,0.2066192626953125,0.25335693359375
1773062994792071424,66.07954239845276,-0.8551788330078125,0.162200927734375,0.2895355224609375
1773062994802107392,66.08957839012146,-0.831146240234375,0.07373046875,0.280731201171875
1773062994812143360,66.09961438179016,-0.84332275390625,0.0059814453125,0.26373291015625
1773062994822180608,66.10965156555176,-0.8841094970703125,0.0344390869140625,0.2504730224609375
1773062994832214784,66.1196858882904,-0.9086761474609375,0.1420135498046875,0.212921142578125
1773062994842251008,66.12972211837769,-0.9014892578125,0.2309722900390625,0.1109466552734375
1773062994852286976,66.13975811004639,-0.8661346435546875,0.248931884765625,0.0665130615234375
1773062994862322944,66.14979410171509,-0.847015380859375,0.1785430908203125,0.09814453125
1773062994872358912,66.15983009338379,-0.88372802734375,0.0754852294921875,0.1543426513671875
1773062994882395904,66.1698670387268,-0.960662841796875,0.04779052734375,0.23638916015625
1773062994892431872,66.17990303039551,-1.044677734375,0.1146392822265625,0.2636871337890625
1773062994902467840,66.18993902206421,-1.081695556640625,0.2358856201171875,0.21075439453125
1773062994912504064,66.19997501373291,-1.03167724609375,0.3074188232421875,0.140655517578125
1773062994922540032,66.21001100540161,-0.9417266845703125,0.3017120361328125,0.130859375
1773062994932576768,66.22004795074463,-0.8949737548828125,0.243560791015625,0.1862335205078125
1773062994942612992,66.23008394241333,-0.940460205078125,0.16632080078125,0.2212066650390625
1773062994952648960,66.24011993408203,-1.0391998291015625,0.1243438720703125,0.280059814453125
1773062994962684928,66.25015592575073,-1.129150390625,0.144500732421875,0.35198974609375
1773062994972720896,66.26019191741943,-1.1849822998046875,0.2346954345703125,0.34405517578125
1773062994982758144,66.27022910118103,-1.1757659912109375,0.2901153564453125,0.2530059814453125
1773062994992794112,66.28026509284973,-1.087554931640625,0.2767181396484375,0.15997314453125
1773062995002830080,66.29030108451843,-0.9589996337890625,0.2299652099609375,0.1559600830078125
1773062995012866048,66.30033707618713,-0.8876800537109375,0.138885498046875,0.1849212646484375
1773062995022902016,66.31037306785583,-0.9173583984375,0.0668487548828125,0.232269287109375
1773062995032937984,66.32040905952454,-0.964691162109375,0.095123291015625,0.500732421875
1773062995042974976,66.33044600486755,-0.8964080810546875,0.18316650390625,1.056640625
1773062995053010944,66.34048199653625,-0.889312744140625,-0.046051025390625,0.86785888671875
1773062995063046912,66.35051798820496,-0.8432159423828125,-0.0730438232421875,0.365875244140625
1773062995073082880,66.36055397987366,-0.7737274169921875,0.3483734130859375,0.1829376220703125
1773062995083118848,66.37058997154236,-0.7855377197265625,0.388214111328125,0.3453369140625
1773062995093155840,66.38062691688538,-0.9416351318359375,0.31170654296875,0.410247802734375
1773062995103191808,66.39066290855408,-1.0383758544921875,0.1801910400390625,0.47882080078125
1773062995113227776,66.40069890022278,-1.0653839111328125,-0.0297393798828125,0.1860504150390625
1773062995123263744,66.41073489189148,-0.9370880126953125,0.03509521484375,0.2283782958984375
1773062995133299712,66.42077088356018,-0.8228759765625,0.169097900390625,0.2858734130859375
1773062995143335936,66.43080711364746,-0.7895965576171875,0.2129058837890625,0.2643280029296875
1773062995153372928,66.44084405899048,-0.809173583984375,0.1729583740234375,0.142425537109375
1773062995163408896,66.45088005065918,-0.845001220703125,0.075836181640625,0.0838470458984375
1773062995173444864,66.46091604232788,-0.9003753662109375,0.0253753662109375,0.0949554443359375
1773062995183481088,66.47095203399658,-0.9379119873046875,0.0746612548828125,0.2289276123046875
1773062995193517056,66.48098802566528,-0.9678497314453125,0.1603851318359375,0.297027587890625
1773062995203553792,66.4910249710083,-0.9689483642578125,0.2149810791015625,0.231170654296875
1773062995213590016,66.501060962677,-0.9317779541015625,0.1777191162109375,0.0946807861328125
1773062995223625984,66.5110969543457,-0.887542724609375,0.116546630859375,0.0616912841796875
1773062995233661952,66.5211329460144,-0.8945770263671875,0.0830078125,0.151153564453125
1773062995243697920,66.5311689376831,-0.946685791015625,0.0717010498046875,0.2808074951171875
1773062995253735168,66.5412061214447,-0.9948883056640625,0.0753173828125,0.3023681640625
1773062995263771136,66.5512421131134,-0.9896087646484375,0.1214599609375,0.221221923828125
1773062995273807104,66.5612781047821,-0.9436492919921875,0.16766357421875,0.1381988525390625
1773062995283843072,66.5713140964508,-0.92523193359375,0.2069549560546875,0.1700897216796875
1773062995293879040,66.5813500881195,-0.967376708984375,0.23773193359375,0.2956695556640625
1773062995303915008,66.59138607978821,-1.0631256103515625,0.2148284912109375,0.303192138671875
1773062995313952000,66.60142302513123,-1.117767333984375,0.15557861328125,0.1741943359375
1773062995323987968,66.61145901679993,-1.042694091796875,0.11767578125,0.165740966796875
1773062995334023936,66.62149500846863,-0.9000701904296875,0.2003021240234375,0.5489959716796875
1773062995344059904,66.63153100013733,-0.8760528564453125,0.403594970703125,0.4924774169921875
1773062995354095872,66.64156699180603,-0.923980712890625,0.2755279541015625,0.4588470458984375
1773062995364132864,66.65160393714905,-1.11163330078125,0.1186676025390625,0.2689361572265625
1773062995374168832,66.66163992881775,-1.1807708740234375,0.1529693603515625,0.36993408203125
1773062995384204800,66.67167592048645,-1.080291748046875,0.2373504638671875,0.4561309814453125
1773062995394240768,66.68171191215515,-0.7671051025390625,0.3645477294921875,1.31024169921875
1773062995404276736,66.69174790382385,-0.6635284423828125,0.580230712890625,0.41571044921875
1773062995414312960,66.70178389549255,-0.9963836669921875,-0.6862335205078125,-1.6089019775390625
1773062995424349952,66.71182107925415,-0.708526611328125,-0.3497467041015625,0.6859130859375
1773062995434385920,66.72185707092285,-0.8258514404296875,1.200653076171875,2.1531829833984375
1773062995444421888,66.73189306259155,-1.3448333740234375,0.6223602294921875,0.4869537353515625
1773062995454458112,66.74192905426025,-1.401824951171875,-0.567474365234375,-1.55889892578125
1773062995464494080,66.75196504592896,-0.7909698486328125,-0.3195953369140625,-0.9383392333984375
1773062995474530816,66.76200199127197,-0.3744659423828125,0.252593994140625,1.0195465087890625
1773062995484567040,66.77203798294067,-0.73345947265625,0.75689697265625,1.9978790283203125
1773062995494603008,66.78207397460938,-1.2972869873046875,0.4940948486328125,0.588470458984375
1773062995504638976,66.79210996627808,-1.331329345703125,-0.25738525390625,-1.01904296875
1773062995514674944,66.80214595794678,-0.8025970458984375,-0.2338409423828125,-0.6629638671875
1773062995524710912,66.81218194961548,-0.41607666015625,0.1474456787109375,0.7921295166015625
1773062995534747904,66.8222188949585,-0.6781463623046875,0.52606201171875,1.7473907470703125
1773062995544783872,66.8322548866272,-1.298095703125,0.5267486572265625,0.8376007080078125
1773062995554820096,66.84229111671448,-1.510498046875,-0.097259521484375,-0.675933837890625
1773062995564856064,66.85232710838318,-1.029083251953125,-0.3994140625,-1.0199737548828125
1773062995574892032,66.86236310005188,-0.3928375244140625,-0.1444854736328125,0.0399017333984375
1773062995584929024,66.8724000453949,-0.2411346435546875,0.3294830322265625,1.4271697998046875
1773062995594964992,66.8824360370636,-0.6818695068359375,0.622894287109375,1.1681365966796875
1773062995605000960,66.8924720287323,-1.3212432861328125,-0.089813232421875,-0.2911376953125
1773062995615036928,66.902508020401,-1.443084716796875,-0.188690185546875,-0.2239990234375
1773062995625072896,66.9125440120697,-0.9839935302734375,0.31146240234375,0.37701416015625
1773062995635109888,66.92258095741272,-0.6009521484375,0.315093994140625,0.68170166015625
1773062995645145856,66.93261694908142,-0.5750732421875,0.2007598876953125,0.5670013427734375
1773062995655181824,66.94265294075012,-0.8093719482421875,0.06964111328125,0.1457061767578125
1773062995665217792,66.95268893241882,-1.009918212890625,-0.0039825439453125,0.147125244140625
1773062995675253760,66.96272492408752,-1.0235595703125,0.0483551025390625,0.35687255859375
1773062995685289984,66.97276091575623,-0.864959716796875,0.1563873291015625,0.5943603515625
1773062995695326976,66.98279809951782,-0.783782958984375,0.1228790283203125,0.397979736328125
1773062995705362944,66.99283409118652,-0.856292724609375,-0.05438232421875,0.1883544921875
1773062995715398912,67.00287008285522,-0.865264892578125,0.2354888916015625,0.3885345458984375
1773062995725435136,67.01290607452393,-0.768096923828125,0.2537841796875,0.37408447265625
1773062995735471104,67.02294206619263,-0.705780029296875,0.00091552734375,0.298492431640625
1773062995745507840,67.03297901153564,-0.7581024169921875,0.00897216796875,0.2609710693359375
1773062995755544064,67.04301500320435,-0.8765869140625,0.02197265625,0.372344970703125
1773062995765580032,67.05305099487305,-0.995574951171875,0.1230010986328125,0.4940338134765625
1773062995775616000,67.06308698654175,-0.96240234375,0.165069580078125,0.481048583984375
1773062995785651968,67.07312297821045,-0.825958251953125,0.0196685791015625,0.2231903076171875
1773062995795687936,67.08315896987915,-0.68841552734375,-0.0257568359375,0.0725250244140625
1773062995805724928,67.09319591522217,-0.5907745361328125,0.0062255859375,0.1686859130859375
1773062995815760896,67.10323190689087,-0.58612060546875,0.0315399169921875,0.4282379150390625
1773062995825796864,67.11326789855957,-0.712982177734375,-0.011077880859375,0.6013336181640625
1773062995835833088,67.12330412864685,-0.9185333251953125,0.0461883544921875,0.5752105712890625
1773062995845869056,67.13334012031555,-1.0294342041015625,0.1587066650390625,0.4622039794921875
1773062995855906048,67.14337706565857,-0.9707183837890625,0.14764404296875,0.309478759765625
1773062995865942016,67.15341305732727,-0.8088226318359375,0.0770263671875,0.2819671630859375
1773062995875977984,67.16344904899597,-0.6735076904296875,0.005828857421875,0.3400421142578125
1773062995886013952,67.17348504066467,-0.625732421875,0.00018310546875,0.468505859375
1773062995896049920,67.18352103233337,-0.661285400390625,-0.02850341796875,0.5123443603515625
1773062995906086912,67.19355797767639,-0.74652099609375,-0.042236328125,0.3983612060546875
1773062995916122880,67.20359396934509,-0.8136444091796875,-0.0322418212890625,0.3944854736328125
1773062995926159104,67.21363019943237,-0.8536376953125,0.0333099365234375,0.43560791015625
1773062995936195072,67.22366619110107,-0.8656463623046875,0.0953521728515625,0.5951995849609375
1773062995946231040,67.23370218276978,-0.89501953125,0.0787506103515625,0.63079833984375
1773062995956267008,67.24373817443848,-0.9250335693359375,0.04205322265625,0.54449462890625
1773062995966304000,67.2537751197815,-0.8680419921875,0.0442657470703125,0.59991455078125
1773062995976339968,67.2638111114502,-0.7779388427734375,0.018280029296875,0.677032470703125
1773062995986375936,67.2738471031189,-0.73687744140625,0.0844879150390625,0.856201171875
1773062995996412160,67.2838830947876,-0.76214599609375,0.0296478271484375,0.9473724365234375
1773062996006448128,67.2939190864563,-0.952606201171875,0.0028533935546875,0.719512939453125
1773062996016484864,67.30395603179932,-1.11651611328125,0.0703582763671875,0.5014801025390625
1773062996026521088,67.31399202346802,-1.1243133544921875,-0.00701904296875,0.2544708251953125
1773062996036557056,67.32402801513672,-1.050567626953125,-0.18896484375,-0.0555877685546875
1773062996046593024,67.33406400680542,-0.9464263916015625,-0.230743408203125,0.2247314453125
1773062996056628992,67.34409999847412,-0.8654632568359375,0.0632476806640625,0.8294219970703125
1773062996066664960,67.35413599014282,-0.73846435546875,0.3830413818359375,1.1416168212890625
1773062996076702208,67.36417317390442,-0.574737548828125,-0.062591552734375,0.93194580078125
1773062996086738176,67.37420916557312,-0.7138671875,-0.50445556640625,0.488861083984375
1773062996096774144,67.38424515724182,-0.939697265625,-0.024169921875,1.094268798828125
1773062996106810112,67.39428114891052,-1.1390533447265625,0.557708740234375,1.4834136962890625
1773062996116846080,67.40431714057922,-1.2657318115234375,0.3927001953125,0.644805908203125
1773062996126883072,67.41435408592224,-1.069793701171875,-0.25567626953125,-0.4218597412109375
1773062996136919040,67.42439007759094,-0.7010955810546875,-0.5191192626953125,-0.4931793212890625
1773062996146955008,67.43442606925964,-0.39678955078125,-0.45867919921875,0.4302520751953125
1773062996156990976,67.44446206092834,-0.438262939453125,-0.2022857666015625,1.1834716796875
1773062996167026944,67.45449805259705,-0.67547607421875,0.2347259521484375,1.7325286865234375
1773062996177063936,67.46453499794006,-0.8903045654296875,0.0742034912109375,0.7001495361328125
1773062996187099904,67.47457098960876,-1.0216217041015625,-0.1144561767578125,0.0330047607421875
1773062996197135872,67.48460698127747,-0.900848388671875,0.30224609375,0.6319580078125
1773062996207171840,67.49464297294617,-0.76611328125,0.182373046875,1.4096221923828125
1773062996217208064,67.50467920303345,-1.1832122802734375,-0.309661865234375,0.9567718505859375
1773062996227244032,67.51471519470215,-1.649444580078125,-0.3293609619140625,0.7503662109375
1773062996237281024,67.52475214004517,-1.5545501708984375,0.08428955078125,1.3730621337890625
1773062996247316992,67.53478813171387,-1.1432037353515625,0.239349365234375,0.9859619140625
1773062996257352960,67.54482412338257,-0.775634765625,-0.058868408203125,-0.0141754150390625
1773062996267389184,67.55486011505127,-0.41595458984375,0.090911865234375,0.9523468017578125
1773062996277425152,67.56489610671997,-0.3045196533203125,-0.0027313232421875,0.6725616455078125
1773062996287461888,67.57493305206299,-0.566558837890625,-0.4079742431640625,-0.1637725830078125
1773062996297498112,67.58496904373169,-0.8964080810546875,-0.1085968017578125,0.779632568359375
1773062996307534080,67.59500503540039,-1.124114990234375,-0.039581298828125,0.52880859375
1773062996317570048,67.60504102706909,-1.124267578125,-0.1162872314453125,0.5918426513671875
1773062996327606016,67.6150770187378,-0.9768218994140625,0.1311492919921875,1.000091552734375
1773062996337641984,67.6251130104065,-0.785400390625,0.2116241455078125,0.849212646484375
1773062996347679232,67.63515019416809,-0.6443634033203125,0.005096435546875,0.6756591796875
1773062996357715200,67.64518618583679,-0.6208648681640625,-0.0816497802734375,0.585113525390625
1773062996367751168,67.6552221775055,-0.6634063720703125,-0.0694427490234375,0.558837890625
1773062996377787136,67.6652581691742,-0.72393798828125,-0.046783447265625,0.6215057373046875
1773062996387823104,67.6752941608429,-0.7177581787109375,0.02191162109375,0.7344512939453125
1773062996397860096,67.68533110618591,-0.6177520751953125,0.1127777099609375,0.801788330078125
1773062996407896064,67.69536709785461,-0.531341552734375,0.0537261962890625,0.60467529296875
1773062996417932032,67.70540308952332,-0.5355682373046875,-0.1239166259765625,0.3599090576171875
1773062996427968000,67.71543908119202,-0.6190338134765625,-0.152587890625,0.45513916015625
1773062996438003968,67.72547507286072,-0.736602783203125,0.0083770751953125,0.724273681640625
1773062996448039936,67.73551106452942,-0.8508758544921875,0.0967559814453125,0.8775787353515625
1773062996458076928,67.74554800987244,-0.9486236572265625,0.0174713134765625,0.875091552734375
1773062996468112896,67.75558400154114,-1.017364501953125,-0.0758514404296875,0.7078094482421875
1773062996478148864,67.76561999320984,-1.00177001953125,-0.0948486328125,0.5375213623046875
1773062996488184832,67.77565598487854,-0.8898773193359375,-0.0617828369140625,0.4968109130859375
1773062996498220800,67.78569197654724,-0.7263031005859375,-0.0045166015625,0.6424560546875
1773062996508258048,67.79572916030884,-0.6047210693359375,0.045074462890625,0.7063446044921875
1773062996518294016,67.80576515197754,-0.59906005859375,0.021575927734375,0.6677703857421875
1773062996528329984,67.81580114364624,-0.705596923828125,-0.052276611328125,0.5799407958984375
1773062996538365952,67.82583713531494,-0.80029296875,-0.07647705078125,0.5105743408203125
1773062996548402176,67.83587312698364,-0.7889556884765625,-0.0130767822265625,0.5293731689453125
1773062996558438144,67.84590911865234,-0.6957855224609375,0.0970611572265625,0.655303955078125
1773062996568475136,67.85594606399536,-0.612213134765625,0.1186676025390625,0.725341796875
1773062996578511104,67.86598205566406,-0.604888916015625,0.0357818603515625,0.70281982421875
1773062996588547072,67.87601804733276,-0.63604736328125,-0.008575439453125,0.75750732421875
1773062996598583040,67.88605403900146,-0.6631011962890625,0.0035247802734375,0.8124847412109375
1773062996608619008,67.89609003067017,-0.6600189208984375,-0.008941650390625,0.7252960205078125
1773062996618656000,67.90612697601318,-0.631561279296875,-0.0421600341796875,0.5875244140625
1773062996628691968,67.91616296768188,-0.582611083984375,-0.0551300048828125,0.5594482421875
1773062996638728192,67.92619919776917,-0.547210693359375,-0.0318145751953125,0.5407257080078125
1773062996648764160,67.93623518943787,-0.536529541015625,0.034271240234375,0.672454833984375
1773062996658800128,67.94627118110657,-0.48797607421875,0.131805419921875,0.88360595703125
1773062996668837120,67.95630812644958,-0.44073486328125,0.126922607421875,0.7166595458984375
1773062996678873088,67.96634411811829,-0.3875732421875,0.0577239990234375,0.547088623046875
1773062996688909056,67.97638010978699,-0.3327178955078125,0.081268310546875,0.614044189453125
1773062996698945024,67.98641610145569,-0.3230438232421875,0.10357666015625,0.669342041015625
1773062996708980992,67.99645209312439,-0.3475799560546875,0.117889404296875,0.760589599609375
1773062996719016960,68.00648808479309,-0.3947906494140625,0.17919921875,0.86383056640625
1773062996729053952,68.01652503013611,-0.4366455078125,0.176605224609375,0.8707122802734375
1773062996739089920,68.02656102180481,-0.4381256103515625,0.1198577880859375,0.8091583251953125
1773062996749125888,68.03659701347351,-0.4018402099609375,0.11358642578125,0.7928619384765625
1773062996759161856,68.04663300514221,-0.35748291015625,0.1409759521484375,0.836456298828125
1773062996769197824,68.05666899681091,-0.31109619140625,0.15771484375,0.8676605224609375
1773062996779235072,68.06670618057251,-0.295623779296875,0.17474365234375,0.8802947998046875
1773062996789271040,68.07674217224121,-0.3162841796875,0.22003173828125,0.9265594482421875
1773062996799307008,68.08677816390991,-0.3648223876953125,0.289947509765625,0.9744873046875
1773062996809342976,68.09681415557861,-0.423583984375,0.334320068359375,1.0161590576171875
1773062996819379200,68.10685014724731,-0.4867706298828125,0.3416595458984375,1.08123779296875
1773062996829415168,68.11688613891602,-0.544647216796875,0.30670166015625,1.150390625
1773062996839451904,68.12692308425903,-0.5802001953125,0.2518463134765625,1.2294769287109375
1773062996849488128,68.13695907592773,-0.586273193359375,0.210235595703125,1.3397216796875
1773062996859524096,68.14699506759644,-0.58758544921875,0.1393890380859375,1.40521240234375
1773062996869560064,68.15703105926514,-0.620819091796875,0.0411834716796875,1.4056549072265625
1773062996879596032,68.16706705093384,-0.6768798828125,-0.0405731201171875,1.375274658203125
1773062996889633280,68.17710423469543,-0.7266082763671875,-0.0944671630859375,1.2932891845703125
1773062996899669248,68.18714022636414,-0.741912841796875,-0.1313018798828125,1.1848907470703125
1773062996909705216,68.19717621803284,-0.7222137451171875,-0.172210693359375,1.0523223876953125
1773062996919741184,68.20721220970154,-0.690338134765625,-0.2249755859375,0.8813629150390625
1773062996929777152,68.21724820137024,-0.672119140625,-0.277099609375,0.7154998779296875
1773062996939813120,68.22728419303894,-0.6847381591796875,-0.333770751953125,0.575408935546875
1773062996949850112,68.23732113838196,-0.722076416015625,-0.407470703125,0.4637451171875
1773062996959886080,68.24735713005066,-0.7871551513671875,-0.4724273681640625,0.3845367431640625
1773062996969922048,68.25739312171936,-0.8649444580078125,-0.5361785888671875,0.302490234375
1773062996979958016,68.26742911338806,-0.9201812744140625,-0.5764923095703125,0.2759246826171875
1773062996989993984,68.27746510505676,-0.93731689453125,-0.563385009765625,0.269134521484375
1773062997000030976,68.28750205039978,-0.9223175048828125,-0.5259552001953125,0.247039794921875
1773062997010066944,68.29753804206848,-0.891998291015625,-0.46710205078125,0.2444305419921875
1773062997020102912,68.30757403373718,-0.8709869384765625,-0.3929595947265625,0.233795166015625
1773062997030138880,68.31761002540588,-0.8512420654296875,-0.3609161376953125,0.138397216796875
1773062997040174848,68.32764601707458,-0.85662841796875,-0.390350341796875,0.0088043212890625
1773062997050211072,68.33768200874329,-0.8409423828125,-0.4141845703125,-0.085601806640625
1773062997060248064,68.34771919250488,-0.79583740234375,-0.4082489013671875,-0.176116943359375
1773062997070284032,68.35775518417358,-0.755950927734375,-0.3809356689453125,-0.2841796875
1773062997080320000,68.36779117584229,-0.72515869140625,-0.34759521484375,-0.4237060546875
1773062997090356224,68.37782716751099,-0.6932525634765625,-0.312774658203125,-0.545196533203125
1773062997100392192,68.38786315917969,-0.6517181396484375,-0.2638092041015625,-0.5950469970703125
1773062997110428928,68.3979001045227,-0.6111907958984375,-0.22015380859375,-0.6247100830078125
1773062997120465152,68.4079360961914,-0.5938568115234375,-0.208282470703125,-0.6201629638671875
1773062997130501120,68.41797208786011,-0.5850830078125,-0.2503204345703125,-0.6031036376953125
1773062997140537088,68.42800807952881,-0.568359375,-0.319366455078125,-0.6431427001953125
1773062997150573056,68.43804407119751,-0.5170440673828125,-0.354034423828125,-0.707611083984375
1773062997160609024,68.44808006286621,-0.4355010986328125,-0.3291473388671875,-0.793792724609375
1773062997170646272,68.45811724662781,-0.340301513671875,-0.2667236328125,-0.8879241943359375
1773062997180682240,68.46815323829651,-0.2567596435546875,-0.201904296875,-0.97265625
1773062997190718208,68.47818922996521,-0.1933441162109375,-0.1675567626953125,-1.0216827392578125
1773062997200754176,68.48822522163391,-0.1571044921875,-0.192108154296875,-1.0374755859375
1773062997210790144,68.49826121330261,-0.1479949951171875,-0.279327392578125,-1.0169525146484375
1773062997220827136,68.50829815864563,-0.1542205810546875,-0.4051055908203125,-0.9638824462890625
1773062997230863104,68.51833415031433,-0.15924072265625,-0.523651123046875,-0.8639984130859375
1773062997240899072,68.52837014198303,-0.1463470458984375,-0.60491943359375,-0.8108062744140625
1773062997250935040,68.53840613365173,-0.0933380126953125,-0.6045074462890625,-0.8506011962890625
1773062997260971008,68.54844212532043,0.0025787353515625,-0.509857177734375,-0.942230224609375
1773062997271006976,68.55847811698914,0.1067352294921875,-0.3651580810546875,-1.0604095458984375
1773062997281043968,68.56851506233215,0.197662353515625,-0.229400634765625,-1.15325927734375
1773062997291079936,68.57855105400085,0.256805419921875,-0.1655731201171875,-1.238525390625
1773062997301115904,68.58858704566956,0.28436279296875,-0.185943603515625,-1.2777252197265625
1773062997311151872,68.59862303733826,0.273529052734375,-0.2630767822265625,-1.2448577880859375
1773062997321188096,68.60865902900696,0.2249298095703125,-0.3559722900390625,-1.1764984130859375
1773062997331225088,68.61869621276855,0.159759521484375,-0.4178924560546875,-1.1027069091796875
1773062997341261056,68.62873220443726,0.0998687744140625,-0.4247894287109375,-1.084442138671875
1773062997351297024,68.63876819610596,0.06341552734375,-0.3631744384765625,-1.0925445556640625
1773062997361333248,68.64880418777466,0.0551910400390625,-0.256011962890625,-1.1095733642578125
1773062997371369216,68.65884017944336,0.0653076171875,-0.1483154296875,-1.14453125
1773062997381405952,68.66887712478638,0.0784912109375,-0.071685791015625,-1.1930084228515625
1773062997391442176,68.67891311645508,0.0807342529296875,-0.055999755859375,-1.210052490234375
1773062997401478144,68.68894910812378,0.059661865234375,-0.09991455078125,-1.196746826171875
1773062997411514112,68.69898509979248,0.013916015625,-0.1663360595703125,-1.143585205078125
1773062997421550080,68.70902109146118,-0.044219970703125,-0.2291412353515625,-1.0695648193359375
1773062997431586048,68.71905708312988,-0.1105804443359375,-0.27423095703125,-1.02264404296875
1773062997441623040,68.7290940284729,-0.166961669921875,-0.2797698974609375,-1.0171356201171875
1773062997451659008,68.7391300201416,-0.1898651123046875,-0.23443603515625,-1.03338623046875
1773062997461694976,68.7491660118103,-0.1741790771484375,-0.1656494140625,-1.0719451904296875
1773062997471731200,68.75920224189758,-0.133087158203125,-0.10467529296875,-1.094573974609375
1773062997481767168,68.76923823356628,-0.0872344970703125,-0.0800323486328125,-1.09820556640625
1773062997491804160,68.7792751789093,-0.0631561279296875,-0.113555908203125,-1.1154327392578125
1773062997501840128,68.789311170578,-0.0643768310546875,-0.1729888916015625,-1.1302337646484375
1773062997511876096,68.7993471622467,-0.0708770751953125,-0.226318359375,-1.1215972900390625
1773062997521912064,68.8093831539154,-0.05230712890625,-0.2726898193359375,-1.0947265625
1773062997531948032,68.8194191455841,0.022796630859375,-0.33099365234375,-1.053741455078125
1773062997541984000,68.82945513725281,0.0635986328125,-0.379241943359375,-1.0429840087890625
1773062997552020992,68.83949208259583,0.0320892333984375,-0.37451171875,-1.08154296875
1773062997562056960,68.84952807426453,-0.029327392578125,-0.32989501953125,-1.1161651611328125
1773062997572092928,68.85956406593323,-0.0865020751953125,-0.2747039794921875,-1.142547607421875
1773062997582128896,68.86960005760193,-0.1071929931640625,-0.2250823974609375,-1.161956787109375
1773062997592165120,68.87963604927063,-0.1103668212890625,-0.1744232177734375,-1.16571044921875
1773062997602202112,68.88967323303223,-0.0971221923828125,-0.1397857666015625,-1.1472930908203125
1773062997612238080,68.89970922470093,-0.0633697509765625,-0.1657257080078125,-1.0970916748046875
1773062997622274048,68.90974521636963,-0.026031494140625,-0.26116943359375,-1.0308837890625
1773062997632310272,68.91978120803833,-0.023590087890625,-0.3550872802734375,-0.9534149169921875
1773062997642346240,68.92981719970703,-0.04827880859375,-0.4030914306640625,-0.9286651611328125
1773062997652382208,68.93985319137573,-0.05242919921875,-0.4055328369140625,-0.9251861572265625
1773062997662419200,68.94989013671875,-0.0242462158203125,-0.38525390625,-0.9124603271484375
1773062997672455168,68.95992612838745,0.0067901611328125,-0.36444091796875,-0.8790130615234375
1773062997682491136,68.96996212005615,-0.0001373291015625,-0.363739013671875,-0.8355712890625
1773062997692527104,68.97999811172485,-0.033203125,-0.39007568359375,-0.8253173828125
1773062997702563072,68.99003410339355,-0.044464111328125,-0.439056396484375,-0.8212127685546875
1773062997712600064,69.00007104873657,-0.0261993408203125,-0.467071533203125,-0.833587646484375
1773062997722636032,69.01010704040527,0.018798828125,-0.4528656005859375,-0.871551513671875
1773062997732672000,69.02014303207397,0.0673675537109375,-0.4078521728515625,-0.872222900390625
1773062997742707968,69.03017902374268,0.0937957763671875,-0.3498382568359375,-0.8593292236328125
1773062997752743936,69.04021501541138,0.1032257080078125,-0.3086395263671875,-0.8678131103515625
1773062997762780160,69.05025124549866,0.1168365478515625,-0.2978668212890625,-0.8642578125
1773062997772817152,69.06028819084167,0.1365509033203125,-0.2965087890625,-0.84906005859375
1773062997782853120,69.07032418251038,0.1498565673828125,-0.2771453857421875,-0.8340911865234375
1773062997792889088,69.08036017417908,0.160369873046875,-0.250244140625,-0.8153076171875
1773062997802925056,69.09039616584778,0.165283203125,-0.22802734375,-0.7972412109375
1773062997812961024,69.10043215751648,0.1705474853515625,-0.19720458984375,-0.8015594482421875
1773062997822998016,69.1104691028595,0.2124176025390625,-0.1460113525390625,-0.804534912109375
1773062997833034752,69.12050580978394,0.2212982177734375,-0.08734130859375,-0.8501129150390625
1773062997843070720,69.13054180145264,0.1711273193359375,-0.0229949951171875,-0.9546051025390625
1773062997853106688,69.14057779312134,0.1295166015625,0.0079498291015625,-1.075836181640625
1773062997863142656,69.15061378479004,0.1153106689453125,-0.0052032470703125,-1.1814117431640625
1773062997873178624,69.16064977645874,0.1160125732421875,-0.04327392578125,-1.2465362548828125
1773062997883215616,69.17068672180176,0.1002960205078125,-0.070404052734375,-1.24810791015625
1773062997893251840,69.18072295188904,0.036224365234375,-0.0707855224609375,-1.20367431640625
1773062997903287808,69.19075894355774,-0.025299072265625,-0.05645751953125,-1.1605072021484375
1773062997913323776,69.20079493522644,-0.035400390625,-0.0275421142578125,-1.10528564453125
1773062997923359744,69.21083092689514,-0.0053558349609375,-0.0303497314453125,-1.0284576416015625
1773062997933396736,69.22086787223816,0.0176544189453125,-0.0546112060546875,-0.9971923828125
1773062997943432704,69.23090386390686,0.0140533447265625,-0.103424072265625,-1.0291900634765625
1773062997953468672,69.24093985557556,-0.01104736328125,-0.1655426025390625,-1.1169281005859375
1773062997963504896,69.25097584724426,-0.0330047607421875,-0.192138671875,-1.229400634765625
1773062997973540864,69.26101183891296,-0.04803466796875,-0.1776123046875,-1.3206024169921875
1773062997983576832,69.27104783058167,-0.04833984375,-0.1165008544921875,-1.3448028564453125
1773062997993613824,69.28108477592468,-0.025665283203125,-0.0183563232421875,-1.2921142578125
1773062998003649792,69.29112076759338,0.011993408203125,0.0674285888671875,-1.185791015625
1773062998013685760,69.30115675926208,0.0485382080078125,0.0759429931640625,-1.0449371337890625
1773062998023721728,69.31119275093079,0.0518798828125,-0.0086669921875,-0.9119873046875
1773062998033757696,69.32122874259949,0.031585693359375,-0.1181640625,-0.85284423828125
1773062998043794944,69.33126592636108,0.0182952880859375,-0.169036865234375,-0.8794708251953125
1773062998053830912,69.34130191802979,0.024505615234375,-0.14312744140625,-0.9337921142578125
1773062998063866880,69.35133790969849,0.0492095947265625,-0.0699920654296875,-0.989501953125
1773062998073902848,69.36137390136719,0.0592041015625,-0.036285400390625,-1.0312957763671875
1773062998083938816,69.37140989303589,0.0800018310546875,-0.038604736328125,-1.0550537109375
1773062998093974784,69.38144588470459,0.0813446044921875,-0.02423095703125,-1.096038818359375
1773062998104011776,69.39148283004761,0.0634918212890625,0.01727294921875,-1.1268768310546875
1773062998114047744,69.40151882171631,0.0558319091796875,0.05322265625,-1.12310791015625
1773062998124083712,69.41155481338501,0.037322998046875,0.0513763427734375,-1.104156494140625
1773062998134119680,69.42159080505371,0.0151824951171875,0.035064697265625,-1.07470703125
1773062998144155648,69.43162679672241,0.0221099853515625,0.03131103515625,-1.0532989501953125
1773062998154192640,69.44166374206543,0.046234130859375,0.0207977294921875,-1.0569610595703125
1773062998164228608,69.45169973373413,0.05841064453125,0.02484130859375,-1.0675506591796875
1773062998174264576,69.46173572540283,0.046539306640625,0.03656005859375,-1.06243896484375
1773062998184300544,69.47177171707153,0.0254058837890625,0.0169830322265625,-1.047698974609375
1773062998194336768,69.48180794715881,0.0042266845703125,-0.0244903564453125,-1.016937255859375
1773062998204372992,69.49184393882751,-0.0189666748046875,-0.0601654052734375,-0.983428955078125
1773062998214409728,69.50188088417053,-0.034942626953125,-0.0706634521484375,-0.955474853515625
1773062998224445696,69.51191687583923,-0.0377197265625,-0.066864013671875,-0.93817138671875
1773062998234481920,69.52195286750793,-0.034637451171875,-0.0753631591796875,-0.9308013916015625
1773062998244517888,69.53198885917664,-0.03912353515625,-0.081573486328125,-0.9101409912109375
1773062998254553856,69.54202485084534,-0.0553436279296875,-0.089813232421875,-0.8979034423828125
1773062998264590848,69.55206179618835,-0.0601348876953125,-0.1070098876953125,-0.895843505859375
1773062998274626816,69.56209778785706,-0.053192138671875,-0.133087158203125,-0.9015960693359375
1773062998284662784,69.57213377952576,-0.052337646484375,-0.1590576171875,-0.9019012451171875
1773062998294698752,69.58216977119446,-0.0483856201171875,-0.16583251953125,-0.900390625
1773062998304734720,69.59220576286316,-0.042999267578125,-0.1591644287109375,-0.90533447265625
1773062998314770688,69.60224175453186,-0.0539703369140625,-0.16851806640625,-0.9164581298828125
1773062998324807936,69.61227893829346,-0.072967529296875,-0.1958160400390625,-0.9153900146484375
1773062998334843904,69.62231492996216,-0.08831787109375,-0.192352294921875,-0.894134521484375
1773062998344879872,69.63235092163086,-0.1144256591796875,-0.1939239501953125,-0.90106201171875
1773062998354915840,69.64238691329956,-0.124359130859375,-0.20465087890625,-0.920379638671875
1773062998364951808,69.65242290496826,-0.105987548828125,-0.19354248046875,-0.933074951171875
1773062998374988800,69.66245985031128,-0.0850982666015625,-0.1776580810546875,-0.9576873779296875
1773062998385024768,69.67249584197998,-0.0694580078125,-0.1607818603515625,-0.975341796875
1773062998395060736,69.68253183364868,-0.061004638671875,-0.1503448486328125,-0.9708709716796875
1773062998405096704,69.69256782531738,-0.062103271484375,-0.1638946533203125,-0.960968017578125
1773062998415132672,69.70260381698608,-0.0659637451171875,-0.1936492919921875,-0.9549713134765625
1773062998425168640,69.71263980865479,-0.058135986328125,-0.20294189453125,-0.96514892578125
1773062998435205632,69.7226767539978,-0.0358123779296875,-0.1769256591796875,-0.987518310546875
1773062998445241600,69.7327127456665,-0.0078887939453125,-0.14202880859375,-1.0129852294921875
1773062998455277568,69.7427487373352,0.0147247314453125,-0.1152191162109375,-1.032501220703125
1773062998465313792,69.7527847290039,0.0260009765625,-0.1142730712890625,-1.0435333251953125
1773062998475349760,69.76282072067261,0.03057861328125,-0.1329803466796875,-1.04071044921875
1773062998485386752,69.7728579044342,0.0293731689453125,-0.1396331787109375,-1.031890869140625
1773062998495422720,69.7828938961029,0.0252227783203125,-0.135711669921875,-1.02783203125
1773062998505458944,69.7929298877716,0.0301971435546875,-0.124267578125,-1.0326995849609375
1773062998515494912,69.80296587944031,0.0548553466796875,-0.09814453125,-1.03955078125
1773062998525530880,69.81300187110901,0.082305908203125,-0.071502685546875,-1.0575714111328125
1773062998535566848,69.82303786277771,0.0943450927734375,-0.057586669921875,-1.0583038330078125
1773062998545603840,69.83307480812073,0.084747314453125,-0.07049560546875,-1.0507354736328125
1773062998555639808,69.84311079978943,0.0720062255859375,-0.099151611328125,-1.0467681884765625
1773062998565675776,69.85314679145813,0.074798583984375,-0.1114349365234375,-1.047088623046875
1773062998575711744,69.86318278312683,0.087982177734375,-0.104339599609375,-1.0429229736328125
1773062998585747712,69.87321877479553,0.0933380126953125,-0.0967559814453125,-1.045806884765625
1773062998595784704,69.88325572013855,0.0898590087890625,-0.0920257568359375,-1.04107666015625
1773062998605820928,69.89329195022583,0.0832366943359375,-0.092437744140625,-1.0286712646484375
1773062998615856896,69.90332794189453,0.0758209228515625,-0.104156494140625,-1.0213775634765625
1773062998625892864,69.91336393356323,0.0801849365234375,-0.1059112548828125,-1.0207061767578125
1773062998635928832,69.92339992523193,0.0914306640625,-0.08349609375,-1.01861572265625
1773062998645964800,69.93343591690063,0.092559814453125,-0.067657470703125,-1.0170135498046875
1773062998656001792,69.94347286224365,0.0846099853515625,-0.0722198486328125,-1.0067596435546875
1773062998666037760,69.95350885391235,0.0714569091796875,-0.091644287109375,-0.9823760986328125
1773062998676073728,69.96354484558105,0.058807373046875,-0.116363525390625,-0.965576171875
1773062998686109696,69.97358083724976,0.0518798828125,-0.1278228759765625,-0.95166015625
1773062998696145664,69.98361682891846,0.048492431640625,-0.1257171630859375,-0.9454193115234375
1773062998706182656,69.99365377426147,0.0513763427734375,-0.1069488525390625,-0.956024169921875
1773062998716218624,70.00368976593018,0.061737060546875,-0.0811614990234375,-0.969024658203125
1773062998726254592,70.01372575759888,0.0677642822265625,-0.070831298828125,-0.9704742431640625
1773062998736290816,70.02376174926758,0.062530517578125,-0.0791473388671875,-0.959320068359375
1773062998746326784,70.03379774093628,0.05487060546875,-0.0911407470703125,-0.9528045654296875
1773062998756362752,70.04383373260498,0.0572357177734375,-0.0865936279296875,-0.9561309814453125
1773062998766399744,70.05387091636658,0.063446044921875,-0.0743408203125,-0.97210693359375
1773062998776435968,70.06390690803528,0.0647125244140625,-0.064727783203125,-0.97930908203125
1773062998786471936,70.07394289970398,0.0637054443359375,-0.0684967041015625,-0.9849853515625
1773062998796507904,70.08397889137268,0.063323974609375,-0.076385498046875,-0.9834136962890625
1773062998806543872,70.09401488304138,0.0650177001953125,-0.085357666015625,-0.9689178466796875
1773062998816580864,70.1040518283844,0.0666351318359375,-0.09381103515625,-0.9676361083984375
1773062998826616832,70.1140878200531,0.068328857421875,-0.0850067138671875,-0.9763336181640625
1773062998836653056,70.12412405014038,0.06591796875,-0.071807861328125,-0.9864654541015625
1773062998846689024,70.13416004180908,0.0662078857421875,-0.06591796875,-0.9926300048828125
1773062998856724992,70.14419603347778,0.0668792724609375,-0.06903076171875,-0.9925384521484375
1773062998866760960,70.15423202514648,0.0621490478515625,-0.082244873046875,-0.9968109130859375
1773062998876797952,70.1642689704895,0.06597900390625,-0.083221435546875,-0.99957275390625
1773062998886833920,70.1743049621582,0.0705413818359375,-0.080413818359375,-1.0045623779296875
1773062998896869888,70.1843409538269,0.0674285888671875,-0.0815582275390625,-1.0120697021484375
1773062998906905856,70.1943769454956,0.067535400390625,-0.080902099609375,-1.01446533203125
1773062998916941824,70.2044129371643,0.0606231689453125,-0.093475341796875,-1.00439453125
1773062998926978816,70.21444988250732,0.0541229248046875,-0.11279296875,-0.9990081787109375
1773062998937014784,70.22448587417603,0.06378173828125,-0.1062774658203125,-1.004364013671875
1773062998947050752,70.23452186584473,0.0730743408203125,-0.0801544189453125,-1.01190185546875
1773062998957086720,70.24455785751343,0.0753021240234375,-0.0621337890625,-1.0232696533203125
1773062998967122688,70.25459384918213,0.0777587890625,-0.054779052734375,-1.0226287841796875
1773062998977158912,70.26463007926941,0.0725250244140625,-0.0626068115234375,-1.0118865966796875
1773062998987195904,70.27466702461243,0.0617828369140625,-0.0821990966796875,-0.9986724853515625
1773062998997231872,70.28470301628113,0.051788330078125,-0.1015625,-0.9920501708984375
1773062999007267840,70.29473900794983,0.0518341064453125,-0.1054840087890625,-0.9975738525390625
1773062999017304064,70.30477499961853,0.061981201171875,-0.0848846435546875,-1.00506591796875
1773062999027340032,70.31481099128723,0.0653533935546875,-0.0659637451171875,-1.00604248046875
1773062999037376768,70.32484793663025,0.0652313232421875,-0.06396484375,-1.00225830078125
1773062999047412992,70.33488392829895,0.0656890869140625,-0.0712890625,-0.9945831298828125
1773062999057448960,70.34491991996765,0.062835693359375,-0.067474365234375,-0.9904327392578125
1773062999067484928,70.35495591163635,0.0594635009765625,-0.065643310546875,-0.994842529296875
1773062999077520896,70.36499190330505,0.0602874755859375,-0.0709686279296875,-0.9915008544921875
1773062999087556864,70.37502789497375,0.057281494140625,-0.084259033203125,-0.9856719970703125
1773062999097594112,70.38506507873535,0.05657958984375,-0.0932159423828125,-0.9888763427734375
1773062999107630080,70.39510107040405,0.05908203125,-0.0872039794921875,-0.9879913330078125
1773062999117666048,70.40513706207275,0.056243896484375,-0.0804443359375,-0.9825439453125
1773062999127702016,70.41517305374146,0.0570526123046875,-0.076080322265625,-0.9804840087890625
1773062999137737984,70.42520904541016,0.06536865234375,-0.0713043212890625,-0.98162841796875
1773062999147774976,70.43524599075317,0.0723724365234375,-0.067779541015625,-0.98748779296875
1773062999157810944,70.44528198242188,0.0746612548828125,-0.0601654052734375,-0.987091064453125
1773062999167846912,70.45531797409058,0.062835693359375,-0.0644683837890625,-0.9813995361328125
1773062999177882880,70.46535396575928,0.0524749755859375,-0.0866546630859375,-0.975982666015625
1773062999187918848,70.47538995742798,0.056640625,-0.098785400390625,-0.9798431396484375
1773062999197954816,70.48542594909668,0.069061279296875,-0.0867156982421875,-0.986785888671875
1773062999207991808,70.4954628944397,0.0807342529296875,-0.0569000244140625,-0.9933929443359375
1773062999218027776,70.5054988861084,0.0837860107421875,-0.03387451171875,-1.006195068359375
1773062999228063744,70.5155348777771,0.072967529296875,-0.0361785888671875,-0.99993896484375
1773062999238099712,70.5255708694458,0.0619659423828125,-0.0594329833984375,-0.98333740234375
1773062999248135680,70.5356068611145,0.056884765625,-0.093170166015625,-0.9767608642578125
1773062999258172928,70.5456440448761,0.0540313720703125,-0.116943359375,-0.9807586669921875
1773062999268208896,70.5556800365448,0.0615234375,-0.1045379638671875,-0.9994964599609375
1773062999278244864,70.5657160282135,0.0784759521484375,-0.0631866455078125,-1.0238189697265625
1773062999288281088,70.5757520198822,0.0904388427734375,-0.0316314697265625,-1.031829833984375
1773062999298317056,70.5857880115509,0.086151123046875,-0.0324859619140625,-1.016143798828125
1773062999308353792,70.59582495689392,0.070404052734375,-0.0592803955078125,-0.9924468994140625
1773062999318390016,70.60586094856262,0.0561676025390625,-0.0915069580078125,-0.9706878662109375
1773062999328425984,70.61589694023132,0.05126953125,-0.10772705078125,-0.973785400390625
1773062999338461952,70.62593293190002,0.0553741455078125,-0.09661865234375,-0.988677978515625
1773062999348497920,70.63596892356873,0.0614013671875,-0.0785064697265625,-0.99871826171875
1773062999358533888,70.64600491523743,0.0693511962890625,-0.0790863037109375,-1.0008087158203125
1773062999368570880,70.65604186058044,0.0659332275390625,-0.0908050537109375,-0.99029541015625
1773062999378606848,70.66607785224915,0.0582122802734375,-0.089996337890625,-0.9842529296875
1773062999388642816,70.67611384391785,0.061370849609375,-0.0731048583984375,-0.984619140625
1773062999398679040,70.68615007400513,0.0653076171875,-0.06439208984375,-0.98785400390625
1773062999408715008,70.69618606567383,0.0566864013671875,-0.07427978515625,-0.98516845703125
1773062999418752000,70.70622301101685,0.05194091796875,-0.0882720947265625,-0.995513916015625
1773062999428787968,70.71625900268555,0.058013916015625,-0.0872802734375,-1.0021209716796875
1773062999438823936,70.72629499435425,0.059906005859375,-0.087249755859375,-0.9991302490234375
1773062999448859904,70.73633098602295,0.061248779296875,-0.0865631103515625,-0.997833251953125
1773062999458895872,70.74636697769165,0.067047119140625,-0.0756988525390625,-0.9987945556640625
1773062999468931840,70.75640296936035,0.0634765625,-0.0605316162109375,-0.9999237060546875
1773062999478968832,70.76643991470337,0.0510101318359375,-0.0559539794921875,-0.9883880615234375
1773062999489004800,70.77647590637207,0.0445404052734375,-0.072113037109375,-0.9743499755859375
1773062999499040768,70.78651189804077,0.056060791015625,-0.0733184814453125,-0.9761199951171875
1773062999509076736,70.79654788970947,0.06146240234375,-0.0562896728515625,-0.9703521728515625
1773062999519112704,70.80658388137817,0.0632171630859375,-0.054656982421875,-0.8838958740234375
1773062999529149952,70.81662106513977,0.1031036376953125,-0.1480865478515625,-0.8921661376953125
1773062999539185920,70.82665705680847,0.0645599365234375,-0.2362823486328125,-1.0282440185546875
1773062999549221888,70.83669304847717,-0.0217742919921875,-0.021575927734375,-0.95751953125
1773062999559258112,70.84672904014587,-0.0494537353515625,-0.0660400390625,-1.083648681640625
1773062999569294080,70.85676503181458,0.131591796875,-0.0571441650390625,-1.02862548828125
1773062999579330048,70.86680102348328,0.210479736328125,-0.04522705078125,-1.0618133544921875
1773062999589367040,70.8768379688263,0.1473236083984375,-0.0176544189453125,-1.0955963134765625
1773062999599403008,70.886873960495,0.1366729736328125,0.1255645751953125,-1.0766143798828125
1773062999609438976,70.8969099521637,0.0831298828125,0.149200439453125,-1.006744384765625
1773062999619474944,70.9069459438324,0.015838623046875,0.0273590087890625,-1.0171661376953125
1773062999629510912,70.9169819355011,-0.0094146728515625,-0.15020751953125,-0.9944000244140625
1773062999639547904,70.92701888084412,0.0434722900390625,-0.214691162109375,-0.9931488037109375
1773062999649583872,70.93705487251282,0.08709716796875,-0.18658447265625,-1.000152587890625
1773062999659619840,70.94709086418152,0.0654754638671875,-0.1425628662109375,-1.007293701171875
1773062999669655808,70.95712685585022,0.03448486328125,-0.098968505859375,-1.0016632080078125
1773062999679691776,70.96716284751892,0.0318756103515625,-0.0863189697265625,-0.97979736328125
1773062999689729024,70.97720003128052,0.0477142333984375,-0.1190948486328125,-0.956817626953125
1773062999699764992,70.98723602294922,0.056365966796875,-0.1563262939453125,-0.9386138916015625
1773062999709800960,70.99727201461792,0.0477294921875,-0.159393310546875,-0.9353485107421875
1773062999719836928,71.00730800628662,0.041290283203125,-0.1289520263671875,-0.94970703125
1773062999729872896,71.01734399795532,0.0431365966796875,-0.08251953125,-0.975494384765625
1773062999739908864,71.02737998962402,0.050811767578125,-0.0415191650390625,-0.9919281005859375
1773062999749945856,71.03741693496704,0.056427001953125,-0.0213623046875,-0.9988861083984375
1773062999759981824,71.04745292663574,0.0581817626953125,-0.0225372314453125,-0.992340087890625
1773062999770017792,71.05748891830444,0.055206298828125,-0.0312652587890625,-0.9727783203125
1773062999780053760,71.06752490997314,0.04705810546875,-0.049285888671875,-0.9607391357421875
1773062999790089728,71.07756090164185,0.0267791748046875,-0.0627899169921875,-0.9659881591796875
1773062999800126720,71.08759784698486,0.026885986328125,-0.040863037109375,-0.9689178466796875
1773062999810162944,71.09763407707214,0.0565948486328125,-0.0398101806640625,-0.9666595458984375
1773062999820198912,71.10767006874084,0.0731658935546875,-0.0725860595703125,-0.9649505615234375
1773062999830234880,71.11770606040955,0.068572998046875,-0.08831787109375,-0.9795074462890625
1773062999840270080,71.12774109840393,0.064788818359375,-0.07269287109375,-0.989105224609375
1773062999850306048,71.13777709007263,0.06719970703125,-0.0565185546875,-0.990875244140625
1773062999860343040,71.14781403541565,0.074951171875,-0.0445709228515625,-0.9898681640625
1773062999870379008,71.15785002708435,0.075469970703125,-0.0451507568359375,-0.97943115234375
1773062999880414976,71.16788601875305,0.06195068359375,-0.0801239013671875,-0.9698333740234375
1773062999890450944,71.17792201042175,0.0519561767578125,-0.116973876953125,-0.98046875
1773062999900486912,71.18795800209045,0.057891845703125,-0.123138427734375,-0.9919891357421875
1773062999910524160,71.19799518585205,0.0694580078125,-0.0996856689453125,-1.0151214599609375
1773062999920560128,71.20803117752075,0.079742431640625,-0.080108642578125,-1.021728515625
1773062999930596096,71.21806716918945,0.07806396484375,-0.0881805419921875,-1.0168914794921875
1773062999940632064,71.22810316085815,0.0710906982421875,-0.10589599609375,-1.0111846923828125
1773062999950668032,71.23813915252686,0.07061767578125,-0.1163787841796875,-0.9965057373046875
1773062999960705024,71.24817609786987,0.0730743408203125,-0.1208038330078125,-0.9868927001953125
1773062999970740992,71.25821208953857,0.069549560546875,-0.120147705078125,-0.990081787109375
1773062999980776960,71.26824808120728,0.064727783203125,-0.11431884765625,-0.9923858642578125
1773062999990812928,71.27828407287598,0.0655517578125,-0.1104888916015625,-0.9922027587890625
1773063000000848896,71.28832006454468,0.0680084228515625,-0.111419677734375,-0.9984893798828125
1773063000010885120,71.29835605621338,0.0691680908203125,-0.1095428466796875,-1.0059967041015625
1773063000020921856,71.3083930015564,0.0705718994140625,-0.10418701171875,-1.000701904296875
1773063000030957824,71.3184289932251,0.0748291015625,-0.104217529296875,-0.9947967529296875
1773063000040994048,71.3284649848938,0.0802154541015625,-0.1035003662109375,-0.9889068603515625
1773063000051030016,71.3385009765625,0.078765869140625,-0.117340087890625,-0.976409912109375
1773063000061065984,71.3485369682312,0.068023681640625,-0.140869140625,-0.9763641357421875
1773063000071102976,71.3585741519928,0.0653228759765625,-0.151458740234375,-0.986480712890625
1773063000081139200,71.3686101436615,0.07366943359375,-0.1335601806640625,-0.9998016357421875
1773063000091175168,71.3786461353302,0.0817108154296875,-0.1074066162109375,-1.010223388671875
1773063000101211136,71.3886821269989,0.082763671875,-0.1013031005859375,-1.013458251953125
1773063000111247104,71.3987181186676,0.0813140869140625,-0.1135711669921875,-1.0126190185546875
1773063000121283072,71.4087541103363,0.083038330078125,-0.1205596923828125,-1.014556884765625
1773063000131320064,71.41879105567932,0.08367919921875,-0.1135406494140625,-1.012481689453125
1773063000141356032,71.42882704734802,0.0848846435546875,-0.1014556884765625,-1.009429931640625
1773063000151392000,71.43886303901672,0.08599853515625,-0.097625732421875,-1.000885009765625
1773063000161427968,71.44889903068542,0.085418701171875,-0.1109771728515625,-0.998077392578125
1773063000171463936,71.45893502235413,0.0791778564453125,-0.130035400390625,-1.0115509033203125
1773063000181500928,71.46897196769714,0.077392578125,-0.124481201171875,-1.0208740234375
1773063000191537152,71.47900819778442,0.0854034423828125,-0.09796142578125,-1.02593994140625
1773063000201573120,71.48904418945312,0.08404541015625,-0.0952606201171875,-1.0234222412109375
1773063000211609088,71.49908018112183,0.0714874267578125,-0.113250732421875,-1.004913330078125
1773063000221645056,71.50911617279053,0.0597076416015625,-0.1404266357421875,-0.962127685546875
1773063000231682048,71.51915311813354,0.0446929931640625,-0.18463134765625,-0.9264373779296875
1773063000241718016,71.52918910980225,0.0406646728515625,-0.209197998046875,-0.9261016845703125
1773063000251753984,71.53922510147095,0.0667572021484375,-0.16943359375,-0.9530029296875
1773063000261789952,71.54926109313965,0.0936279296875,-0.1011962890625,-1.0020294189453125
1773063000271825920,71.55929708480835,0.0915985107421875,-0.0643157958984375,-1.0293121337890625
1773063000281862144,71.56933307647705,0.0793914794921875,-0.070648193359375,-1.028961181640625
1773063000291898880,71.57937002182007,0.0806121826171875,-0.097991943359375,-1.0020599365234375
1773063000301934848,71.58940601348877,0.075897216796875,-0.1353912353515625,-0.975189208984375
1773063000311971072,71.59944200515747,0.05609130859375,-0.1604766845703125,-0.9542083740234375
1773063000322007040,71.60947799682617,0.043121337890625,-0.1636810302734375,-0.94775390625
1773063000332043008,71.61951398849487,0.03961181640625,-0.1553955078125,-0.944610595703125
1773063000342080000,71.62955117225647,0.04779052734375,-0.149932861328125,-0.95831298828125
1773063000352116224,71.63958716392517,0.0668182373046875,-0.1465606689453125,-0.9622955322265625
1773063000362152192,71.64962315559387,0.08709716796875,-0.1364593505859375,-0.95733642578125
1773063000372188160,71.65965914726257,0.0982513427734375,-0.11279296875,-0.9603271484375
1773063000382224128,71.66969513893127,0.08563232421875,-0.1007537841796875,-0.9666595458984375
1773063000392260096,71.67973113059998,0.06390380859375,-0.1136474609375,-0.9686279296875
1773063000402297088,71.689768075943,0.0711212158203125,-0.126373291015625,-0.9859466552734375
1773063000412333056,71.6998040676117,0.07958984375,-0.1243896484375,-0.980224609375
1773063000422369024,71.7098400592804,0.0752410888671875,-0.1262969970703125,-0.978607177734375
1773063000432404992,71.7198760509491,0.0611114501953125,-0.1410980224609375,-0.962890625
1773063000442440960,71.7299120426178,0.0564727783203125,-0.1593170166015625,-0.947662353515625
1773063000452477952,71.73994898796082,0.058563232421875,-0.1751861572265625,-0.9506072998046875
1773063000462513920,71.74998497962952,0.0520782470703125,-0.1700439453125,-0.9772186279296875
1773063000472549888,71.76002097129822,0.03887939453125,-0.144073486328125,-1.0084075927734375
1773063000482586112,71.7700572013855,0.0243377685546875,-0.1216888427734375,-1.0170745849609375
1773063000492622080,71.7800931930542,0.021148681640625,-0.109954833984375,-0.9951324462890625
1773063000502659072,71.79013013839722,0.0281219482421875,-0.1134033203125,-0.97430419921875
1773063000512695040,71.80016613006592,0.035400390625,-0.139434814453125,-0.9653472900390625
1773063000522731008,71.81020212173462,0.0403594970703125,-0.1775054931640625,-0.947052001953125
1773063000532766976,71.82023811340332,0.0455780029296875,-0.2032318115234375,-0.9337615966796875
1773063000542802944,71.83027410507202,0.05377197265625,-0.21624755859375,-0.943328857421875
1773063000552839936,71.84031105041504,0.06072998046875,-0.2150115966796875,-0.95849609375
1773063000562875904,71.85034704208374,0.056182861328125,-0.21148681640625,-0.969635009765625
1773063000572911872,71.86038303375244,0.048004150390625,-0.1947479248046875,-0.9839630126953125
1773063000582948096,71.87041902542114,0.04705810546875,-0.16827392578125,-0.9868316650390625
1773063000592984064,71.88045501708984,0.04449462890625,-0.152618408203125,-0.98309326171875
1773063000603020032,71.89049100875854,0.032562255859375,-0.158905029296875,-0.978271484375
1773063000613057024,71.90052819252014,0.018829345703125,-0.1819305419921875,-0.972412109375
1773063000623093248,71.91056418418884,0.018218994140625,-0.200347900390625,-0.957550048828125
1773063000633129216,71.92060017585754,0.03857421875,-0.1977081298828125,-0.96917724609375
1773063000643165184,71.93063616752625,0.0553131103515625,-0.1851043701171875,-0.983428955078125
1773063000653201152,71.94067215919495,0.0565338134765625,-0.16552734375,-0.9930877685546875
1773063000663238144,71.95070910453796,0.05462646484375,-0.140716552734375,-0.9990081787109375
1773063000673274112,71.96074509620667,0.0509490966796875,-0.1305389404296875,-0.9992218017578125
1773063000683310080,71.97078108787537,0.042633056640625,-0.1449737548828125,-0.9958648681640625
1773063000693346048,71.98081707954407,0.030853271484375,-0.1566619873046875,-0.9780426025390625
1773063000703382016,71.99085307121277,0.0198211669921875,-0.1135406494140625,-0.909820556640625
1773063000713419008,72.00089001655579,0.0592498779296875,-0.2172698974609375,-1.053924560546875
1773063000723454976,72.01092600822449,0.04498291015625,-0.2165069580078125,-0.95330810546875
1773063000733490944,72.02096199989319,0.008270263671875,-0.277069091796875,-1.023834228515625
1773063000743526912,72.03099799156189,0.0676727294921875,-0.3173980712890625,-1.0217742919921875
