time,seconds_elapsed,x,y,z
1773062296285319424,0.006702423095703125,0.222625732421875,0.144195556640625,-0.9167327880859375
1773062296295356160,0.016739368438720703,0.2206573486328125,0.199676513671875,-0.945709228515625
1773062296305394432,0.02677750587463379,0.2104034423828125,0.2404022216796875,-0.972442626953125
1773062296315431424,0.03681445121765137,0.189178466796875,0.248016357421875,-0.9962615966796875
1773062296325469184,0.04685235023498535,0.1758880615234375,0.2460174560546875,-0.9814910888671875
1773062296335506432,0.05688953399658203,0.17730712890625,0.238861083984375,-0.95111083984375
1773062296345544448,0.06692743301391602,0.1823272705078125,0.2282867431640625,-0.9291229248046875
1773062296355581184,0.0769643783569336,0.1914520263671875,0.2213287353515625,-0.922882080078125
1773062296365619456,0.08700251579284668,0.202880859375,0.2163848876953125,-0.9310760498046875
1773062296375656448,0.09703946113586426,0.2083587646484375,0.2098236083984375,-0.9377593994140625
1773062296385694208,0.10707736015319824,0.2078094482421875,0.199737548828125,-0.942413330078125
1773062296395731200,0.11711430549621582,0.2032012939453125,0.18682861328125,-0.9359130859375
1773062296405769472,0.1271524429321289,0.193572998046875,0.184356689453125,-0.9283447265625
1773062296415806208,0.13718938827514648,0.1870574951171875,0.1959228515625,-0.926788330078125
1773062296425844480,0.14722752571105957,0.1898956298828125,0.216888427734375,-0.9385986328125
1773062296435881472,0.15726447105407715,0.19976806640625,0.232330322265625,-0.962127685546875
1773062296445919232,0.16730237007141113,0.2041778564453125,0.2418060302734375,-0.972808837890625
1773062296455956224,0.1773393154144287,0.20147705078125,0.24169921875,-0.9713592529296875
1773062296465994240,0.1873774528503418,0.194427490234375,0.2244415283203125,-0.9669647216796875
1773062296476031232,0.19741439819335938,0.1854248046875,0.2002410888671875,-0.948516845703125
1773062296486069504,0.20745253562927246,0.1773223876953125,0.1827392578125,-0.9418792724609375
1773062296496106496,0.21748948097229004,0.1766510009765625,0.179656982421875,-0.93682861328125
1773062296506144256,0.22752737998962402,0.18414306640625,0.1903839111328125,-0.93707275390625
1773062296516181248,0.2375643253326416,0.1974945068359375,0.2079315185546875,-0.949981689453125
1773062296526219264,0.2476024627685547,0.2091522216796875,0.2250213623046875,-0.9643402099609375
1773062296536256256,0.25763940811157227,0.20208740234375,0.2238616943359375,-0.9729461669921875
1773062296546294272,0.26767730712890625,0.19305419921875,0.2136688232421875,-0.9717864990234375
1773062296556331520,0.27771449089050293,0.1873779296875,0.2030029296875,-0.9609832763671875
1773062296566369280,0.2877523899078369,0.1877899169921875,0.1965179443359375,-0.9608154296875
1773062296576406272,0.2977893352508545,0.186309814453125,0.196136474609375,-0.9598236083984375
1773062296586444288,0.3078274726867676,0.182891845703125,0.1996612548828125,-0.9603118896484375
1773062296596481280,0.31786441802978516,0.179412841796875,0.2068328857421875,-0.95849609375
1773062296606519296,0.32790231704711914,0.1744537353515625,0.2119903564453125,-0.9628753662109375
1773062296616556288,0.3379395008087158,0.178314208984375,0.2181396484375,-0.9558258056640625
1773062296626594304,0.3479773998260498,0.1861419677734375,0.220184326171875,-0.9589996337890625
1773062296636631296,0.3580143451690674,0.193572998046875,0.2178192138671875,-0.9637451171875
1773062296646669312,0.36805248260498047,0.197021484375,0.2115020751953125,-0.9676361083984375
1773062296656706304,0.37808942794799805,0.19342041015625,0.20062255859375,-0.9669189453125
1773062296666744320,0.38812732696533203,0.188323974609375,0.19525146484375,-0.9488372802734375
1773062296676781312,0.3981645107269287,0.1826934814453125,0.19677734375,-0.9417572021484375
1773062296686819328,0.4082024097442627,0.177978515625,0.20062255859375,-0.9364471435546875
1773062296696857088,0.4182403087615967,0.173675537109375,0.2074432373046875,-0.939453125
1773062296706894336,0.42827749252319336,0.1736907958984375,0.2179718017578125,-0.946014404296875
1773062296716932352,0.43831539154052734,0.1806488037109375,0.2271881103515625,-0.9506072998046875
1773062296726969344,0.4483523368835449,0.188873291015625,0.23193359375,-0.9589996337890625
1773062296737006336,0.4583895206451416,0.1920623779296875,0.229827880859375,-0.9608306884765625
1773062296747043328,0.4684264659881592,0.1872406005859375,0.224273681640625,-0.9516448974609375
1773062296757081344,0.47846436500549316,0.1777191162109375,0.2180633544921875,-0.9419708251953125
1773062296767118336,0.48850154876708984,0.1705322265625,0.2117462158203125,-0.9430694580078125
1773062296777156352,0.49853944778442383,0.1722869873046875,0.2118988037109375,-0.945953369140625
1773062296787193344,0.5085763931274414,0.17816162109375,0.220977783203125,-0.9363250732421875
1773062296797231360,0.5186145305633545,0.1851959228515625,0.2275543212890625,-0.9306488037109375
1773062296807268352,0.5286514759063721,0.188232421875,0.2244110107421875,-0.93084716796875
1773062296817306368,0.538689374923706,0.1839447021484375,0.2200775146484375,-0.9212646484375
1773062296827343360,0.5487265586853027,0.176025390625,0.21441650390625,-0.9106292724609375
1773062296837381376,0.5587644577026367,0.1716461181640625,0.210723876953125,-0.8961944580078125
1773062296847418368,0.5688014030456543,0.1746673583984375,0.2089385986328125,-0.8823699951171875
1773062296857456384,0.5788395404815674,0.181915283203125,0.20947265625,-0.868072509765625
1773062296867493376,0.588876485824585,0.1854400634765625,0.21148681640625,-0.85186767578125
1773062296877531392,0.598914384841919,0.178192138671875,0.2161102294921875,-0.8352813720703125
1773062296887568384,0.6089515686035156,0.1706390380859375,0.222320556640625,-0.809661865234375
1773062296897606400,0.6189894676208496,0.1663818359375,0.2264404296875,-0.777923583984375
1773062296907643392,0.6290264129638672,0.1616058349609375,0.2313079833984375,-0.739013671875
1773062296917681408,0.6390645503997803,0.15643310546875,0.2373504638671875,-0.688232421875
1773062296927718400,0.6491014957427979,0.1564483642578125,0.2422027587890625,-0.635345458984375
1773062296937756416,0.6591393947601318,0.160797119140625,0.239471435546875,-0.588714599609375
1773062296947793408,0.6691765785217285,0.1651458740234375,0.2186279296875,-0.529998779296875
1773062296957831424,0.6792144775390625,0.162017822265625,0.181854248046875,-0.4763641357421875
1773062296967868416,0.6892514228820801,0.1492156982421875,0.13922119140625,-0.433197021484375
1773062296977906432,0.6992895603179932,0.142059326171875,0.1039276123046875,-0.362548828125
1773062296987943424,0.7093265056610107,0.13568115234375,0.0711517333984375,-0.3066253662109375
1773062296997981184,0.7193644046783447,0.1240081787109375,0.0374755859375,-0.270477294921875
1773062297008018176,0.7294013500213623,0.10845947265625,0.008209228515625,-0.231353759765625
1773062297018056448,0.7394394874572754,0.08447265625,-0.0132293701171875,-0.18829345703125
1773062297028093440,0.749476432800293,0.0540313720703125,-0.0304412841796875,-0.1453399658203125
1773062297038131456,0.759514570236206,0.0185546875,-0.0413818359375,-0.1027679443359375
1773062297048168448,0.7695515155792236,-0.023406982421875,-0.052276611328125,-0.0572509765625
1773062297058206208,0.7795894145965576,-0.0660247802734375,-0.0627288818359375,0.0091400146484375
1773062297068243200,0.7896263599395752,-0.1071624755859375,-0.0810394287109375,0.0684051513671875
1773062297078281472,0.7996644973754883,-0.147735595703125,-0.10284423828125,0.1039581298828125
1773062297088318464,0.8097014427185059,-0.192535400390625,-0.135986328125,0.1240386962890625
1773062297098356480,0.819739580154419,-0.26324462890625,-0.19805908203125,0.123870849609375
1773062297108393472,0.8297765254974365,-0.3697509765625,-0.28167724609375,0.11517333984375
1773062297118431232,0.8398144245147705,-0.507659912109375,-0.3612060546875,0.0849609375
1773062297128468224,0.8498513698577881,-0.6566925048828125,-0.44818115234375,0.0242919921875
1773062297138506496,0.8598895072937012,-0.8278656005859375,-0.581268310546875,-0.0839996337890625
1773062297148543232,0.8699264526367188,-1.0316162109375,-0.770599365234375,-0.213836669921875
1773062297158581248,0.8799643516540527,-1.2247772216796875,-0.9683837890625,-0.3767547607421875
1773062297168619520,0.8900024890899658,-1.3836212158203125,-1.11309814453125,-0.5301971435546875
1773062297178656256,0.9000394344329834,-1.4757232666015625,-1.18206787109375,-0.572509765625
1773062297188694528,0.9100775718688965,-1.5306854248046875,-1.1375885009765625,-0.565673828125
1773062297198731520,0.9201145172119141,-1.5795745849609375,-0.9930877685546875,-0.530517578125
1773062297208769280,0.930152416229248,-1.6455078125,-0.8663177490234375,-0.4759521484375
1773062297218806272,0.9401893615722656,-1.755126953125,-0.829132080078125,-0.4508514404296875
1773062297228844288,0.9502274990081787,-1.8802490234375,-0.8656463623046875,-0.4308624267578125
1773062297238881280,0.9602644443511963,-1.9611968994140625,-0.9221038818359375,-0.4268951416015625
1773062297248919552,0.9703025817871094,-1.9963531494140625,-0.9925689697265625,-0.4506683349609375
1773062297258956544,0.980339527130127,-1.9791107177734375,-1.06817626953125,-0.5995330810546875
1773062297268994304,0.9903774261474609,-1.9251861572265625,-1.097015380859375,-0.8231201171875
1773062297279031296,1.0004143714904785,-1.8673553466796875,-0.9220733642578125,-1.6501922607421875
1773062297289069312,1.0104525089263916,-1.6165771484375,-0.1712799072265625,-2.690338134765625
1773062297299106304,1.0204894542694092,-1.5461273193359375,0.7089996337890625,-2.3679046630859375
1773062297309144320,1.0305273532867432,-1.8952789306640625,0.1790313720703125,-0.08038330078125
1773062297319181568,1.0405645370483398,-1.747833251953125,-2.025360107421875,1.5404052734375
1773062297329219328,1.0506024360656738,-1.313720703125,-3.994354248046875,1.22430419921875
1773062297339256320,1.0606393814086914,-0.816070556640625,-4.0346832275390625,1.650665283203125
1773062297349294336,1.0706775188446045,-0.7242279052734375,-2.8910064697265625,1.84979248046875
1773062297359331328,1.080714464187622,-0.6769561767578125,-1.8585968017578125,0.999755859375
1773062297369369344,1.090752363204956,-0.49737548828125,-1.360565185546875,0.2340240478515625
1773062297379406336,1.1007895469665527,-0.28680419921875,-1.10980224609375,-0.3200225830078125
1773062297389444352,1.1108274459838867,-0.193603515625,-0.93194580078125,-0.7432403564453125
1773062297399481344,1.1208643913269043,-0.575836181640625,-0.81591796875,-0.9181976318359375
1773062297409519360,1.1309025287628174,-1.2044830322265625,-0.791046142578125,-0.5358734130859375
1773062297419556352,1.140939474105835,-1.243743896484375,-0.75604248046875,0.190521240234375
1773062297429594368,1.150977373123169,-0.8316802978515625,-0.7168121337890625,0.1466827392578125
1773062297439631360,1.1610145568847656,-0.4871826171875,-0.848175048828125,-0.03948974609375
1773062297449669376,1.1710524559020996,-0.540679931640625,-1.148101806640625,-0.1826324462890625
1773062297459706368,1.1810894012451172,-0.9319305419921875,-1.4402923583984375,-0.3802947998046875
1773062297469744384,1.1911275386810303,-1.12060546875,-1.5739288330078125,-0.3224945068359375
1773062297479781376,1.2011644840240479,-0.9226226806640625,-1.549285888671875,-0.2260284423828125
1773062297489819392,1.2112023830413818,-0.71099853515625,-1.4984893798828125,-0.1500701904296875
1773062297499856384,1.2212395668029785,-0.6717529296875,-1.487884521484375,-0.2462310791015625
1773062297509894400,1.2312774658203125,-0.7373046875,-1.49822998046875,-0.4339447021484375
1773062297519931392,1.24131441116333,-0.8149261474609375,-1.53118896484375,-0.48370361328125
1773062297529969408,1.2513525485992432,-0.8715362548828125,-1.559844970703125,-0.483184814453125
1773062297540006400,1.2613894939422607,-0.862274169921875,-1.5550384521484375,-0.50506591796875
1773062297550044416,1.2714273929595947,-0.731536865234375,-1.4994964599609375,-0.5939788818359375
1773062297560081408,1.2814645767211914,-0.5071868896484375,-1.3179779052734375,-0.5867767333984375
1773062297570119424,1.2915024757385254,-0.4698028564453125,-1.143310546875,-0.6858978271484375
1773062297580156416,1.301539421081543,-0.4483184814453125,-1.00128173828125,-0.7321929931640625
1773062297590194432,1.311577558517456,-0.382415771484375,-0.84014892578125,-0.6056365966796875
1773062297600232448,1.32161545753479,-0.284332275390625,-0.7362060546875,-0.4790802001953125
1773062297610269184,1.3316524028778076,-0.167236328125,-0.70648193359375,-0.4628143310546875
1773062297620307456,1.3416905403137207,-0.0851287841796875,-0.68023681640625,-0.48236083984375
1773062297630344448,1.3517274856567383,-0.0522613525390625,-0.6070556640625,-0.567626953125
1773062297640382208,1.3617653846740723,-0.063690185546875,-0.45001220703125,-0.6569976806640625
1773062297650419456,1.371802568435669,-0.116668701171875,-0.27838134765625,-0.6961212158203125
1773062297660457472,1.381840467453003,-0.180023193359375,-0.2047271728515625,-0.7594451904296875
1773062297670494208,1.3918774127960205,-0.234771728515625,-0.1448822021484375,-0.6860504150390625
1773062297680532480,1.4019155502319336,-0.2596588134765625,-0.1027984619140625,-0.5965423583984375
1773062297690569472,1.4119524955749512,-0.2488250732421875,-0.0969085693359375,-0.5112762451171875
1773062297700607232,1.4219903945922852,-0.2422943115234375,-0.106658935546875,-0.3972015380859375
1773062297710644480,1.4320275783538818,-0.23785400390625,-0.097320556640625,-0.31744384765625
1773062297720682496,1.4420654773712158,-0.232940673828125,-0.050201416015625,-0.3184814453125
1773062297730719232,1.4521024227142334,-0.253570556640625,-0.0037841796875,-0.3808135986328125
1773062297740758272,1.4621412754058838,-0.304168701171875,-0.0200653076171875,-0.470184326171875
1773062297750795008,1.4721782207489014,-0.3292083740234375,-0.067291259765625,-0.5545501708984375
1773062297760833024,1.4822161197662354,-0.3273773193359375,-0.0999908447265625,-0.58416748046875
1773062297770870016,1.492253065109253,-0.360076904296875,0.015655517578125,-0.7338409423828125
1773062297780908032,1.502291202545166,-0.5064239501953125,0.22021484375,-0.7076263427734375
1773062297790945024,1.5123281478881836,-0.5821990966796875,-0.10968017578125,-0.6526031494140625
1773062297800983296,1.5223662853240967,-0.7376556396484375,-0.2706451416015625,-0.44952392578125
1773062297811020032,1.5324032306671143,-0.6131591796875,-0.297515869140625,-0.189239501953125
1773062297821058048,1.5424411296844482,-0.348480224609375,-0.42596435546875,0.002899169921875
1773062297831095040,1.5524780750274658,-0.2469635009765625,-0.8134002685546875,-0.2441864013671875
1773062297841133056,1.562516212463379,-0.18310546875,-1.277862548828125,-0.3282318115234375
1773062297851170048,1.5725531578063965,-0.090972900390625,-1.555633544921875,-0.00543212890625
1773062297861208064,1.5825910568237305,-0.1320648193359375,-1.57568359375,-0.50946044921875
1773062297871245056,1.5926282405853271,-0.24554443359375,-0.988555908203125,-1.0145111083984375
1773062297881283072,1.6026661396026611,-0.3923797607421875,-0.186004638671875,-1.034912109375
1773062297891320064,1.6127030849456787,-0.4058380126953125,0.5413970947265625,-0.8665313720703125
1773062297901358080,1.6227412223815918,-0.236419677734375,0.9357757568359375,-1.2628173828125
1773062297911395072,1.6327781677246094,0.087127685546875,0.863128662109375,-1.9221954345703125
1773062297921433088,1.6428160667419434,0.1204833984375,0.558837890625,-1.7014923095703125
1773062297931470080,1.65285325050354,0.1281890869140625,0.3161468505859375,-1.1947479248046875
1773062297941508096,1.662891149520874,0.2496490478515625,-0.0485382080078125,-0.7965850830078125
1773062297951545088,1.6729280948638916,0.4658660888671875,-0.487762451171875,-0.417755126953125
1773062297961583104,1.6829662322998047,0.6701202392578125,-0.8735198974609375,-0.397216796875
1773062297971620096,1.6930031776428223,0.699371337890625,-1.142364501953125,-0.59942626953125
1773062297981657856,1.7030410766601562,0.54425048828125,-1.2134552001953125,-0.7692718505859375
1773062297991695104,1.713078260421753,0.40814208984375,-1.00799560546875,-0.7538604736328125
1773062298001733120,1.723116159439087,0.3869476318359375,-0.610382080078125,-0.73675537109375
1773062298011770112,1.7331531047821045,0.41510009765625,-0.1976318359375,-0.76812744140625
1773062298021808128,1.7431912422180176,0.45526123046875,0.1085968017578125,-0.8219146728515625
1773062298031845120,1.7532281875610352,0.46246337890625,0.2040863037109375,-0.934814453125
1773062298041882880,1.7632660865783691,0.428924560546875,0.119049072265625,-1.0277099609375
1773062298051920128,1.7733032703399658,0.363525390625,-0.0174713134765625,-1.01348876953125
1773062298061958144,1.7833411693572998,0.2973785400390625,-0.103057861328125,-0.899383544921875
1773062298071995136,1.7933781147003174,0.2657012939453125,-0.1207733154296875,-0.8138275146484375
1773062298082033152,1.8034162521362305,0.238189697265625,-0.0581817626953125,-0.7667083740234375
1773062298092070144,1.813453197479248,0.1795654296875,0.0530853271484375,-0.838836669921875
1773062298102107904,1.823491096496582,0.1276092529296875,0.1596527099609375,-0.8863677978515625
1773062298112145152,1.8335282802581787,0.045684814453125,0.205596923828125,-0.9478302001953125
1773062298122183168,1.8435661792755127,-0.0677642822265625,0.1370086669921875,-1.02734375
1773062298132219904,1.8536031246185303,-0.1277313232421875,-0.026824951171875,-1.041534423828125
1773062298142258176,1.8636412620544434,-0.145965576171875,-0.1945037841796875,-0.9970245361328125
1773062298152295168,1.873678207397461,-0.1469879150390625,-0.3050994873046875,-0.96807861328125
1773062298162332928,1.883716106414795,-0.10894775390625,-0.325286865234375,-0.9933624267578125
1773062298172371200,1.893754243850708,-0.019073486328125,-0.2406005859375,-1.0429534912109375
1773062298182408192,1.9037911891937256,0.0753021240234375,-0.09295654296875,-1.0936279296875
1773062298192445952,1.9138290882110596,0.13751220703125,0.04486083984375,-1.142578125
1773062298202483200,1.9238662719726562,0.151702880859375,0.124298095703125,-1.2006378173828125
1773062298212520960,1.9339041709899902,0.1245269775390625,0.137725830078125,-1.2225189208984375
1773062298222557952,1.9439411163330078,0.0662841796875,0.0797271728515625,-1.21295166015625
1773062298232596224,1.953979253768921,0.0163116455078125,-0.05621337890625,-1.1324615478515625
1773062298242633216,1.9640161991119385,0.0051727294921875,-0.2850494384765625,-1.083831787109375
1773062298252670976,1.9740540981292725,0.0406036376953125,-0.59234619140625,-1.18609619140625
1773062298262708224,1.9840912818908691,0.1190643310546875,-0.793701171875,-1.1670684814453125
1773062298272745984,1.9941291809082031,0.19146728515625,-0.8318023681640625,-0.916015625
1773062298282782976,2.0041661262512207,0.2362213134765625,-0.8094024658203125,-0.8298187255859375
1773062298292821248,2.014204263687134,0.2589263916015625,-0.6288604736328125,-0.8071441650390625
1773062298302858240,2.0242412090301514,0.2068023681640625,-0.2891082763671875,-0.7493896484375
1773062298312896000,2.0342791080474854,0.082122802734375,-0.0803070068359375,-0.88372802734375
1773062298322933248,2.044316291809082,0.0552978515625,0.042633056640625,-1.027862548828125
1773062298332971008,2.054354190826416,0.030548095703125,0.14813232421875,-1.00958251953125
1773062298343008000,2.0643911361694336,-0.006103515625,0.110015869140625,-0.9710235595703125
1773062298353046272,2.0744292736053467,0.045501708984375,-0.090362548828125,-0.9608917236328125
1773062298363083008,2.0844662189483643,0.1029510498046875,-0.3831024169921875,-0.90838623046875
1773062298373121024,2.0945041179656982,0.14715576171875,-0.7257080078125,-0.8181915283203125
1773062298383158016,2.104541063308716,0.2235565185546875,-1.018310546875,-0.7319488525390625
1773062298393196032,2.114579200744629,0.29608154296875,-1.0820159912109375,-0.7342681884765625
1773062298403233024,2.1246161460876465,0.28912353515625,-0.729827880859375,-0.67572021484375
1773062298413271296,2.1346542835235596,0.214263916015625,-0.1849212646484375,-0.7065582275390625
1773062298423308032,2.144691228866577,0.14599609375,0.25323486328125,-0.8875732421875
1773062298433346048,2.154729127883911,0.0709075927734375,0.411468505859375,-1.1113128662109375
1773062298443383040,2.1647660732269287,-0.0059356689453125,0.311309814453125,-1.1481475830078125
1773062298453421056,2.174804210662842,-0.0622711181640625,0.0577239990234375,-1.0960235595703125
1773062298463458048,2.1848411560058594,-0.023956298828125,-0.1777801513671875,-1.0702362060546875
1773062298473496064,2.1948790550231934,0.0508270263671875,-0.2196044921875,-1.170806884765625
1773062298483533056,2.20491623878479,0.057403564453125,-0.055450439453125,-1.1251068115234375
1773062298493571072,2.214954137802124,0.069915771484375,0.1486663818359375,-0.9761962890625
1773062298503608064,2.2249910831451416,0.11474609375,0.119781494140625,-0.8510284423828125
1773062298513646080,2.2350292205810547,0.1412353515625,-0.1873321533203125,-0.839080810546875
1773062298523683072,2.2450661659240723,0.196441650390625,-0.5916290283203125,-0.8100433349609375
1773062298533721088,2.2551040649414062,0.285430908203125,-0.943206787109375,-0.8436279296875
1773062298543758080,2.265141248703003,0.3338470458984375,-1.0565643310546875,-0.86639404296875
1773062298553796096,2.275179147720337,0.2913970947265625,-0.9576568603515625,-0.93377685546875
1773062298563833088,2.2852160930633545,0.2548370361328125,-0.7384033203125,-0.94744873046875
1773062298573871104,2.2952542304992676,0.186798095703125,-0.481536865234375,-0.7976837158203125
1773062298583908096,2.305291175842285,0.1176605224609375,-0.22967529296875,-0.66412353515625
1773062298593945856,2.315329074859619,0.0498199462890625,-0.08978271484375,-0.7012176513671875
1773062298603983104,2.325366258621216,-0.0378570556640625,-0.101531982421875,-0.940093994140625
1773062298614021120,2.33540415763855,-0.1138916015625,-0.250823974609375,-1.216705322265625
1773062298624058112,2.3454411029815674,-0.09539794921875,-0.419830322265625,-1.2857513427734375
1773062298634096128,2.3554792404174805,0.008636474609375,-0.53533935546875,-1.1729736328125
1773062298644133120,2.365516185760498,0.1360931396484375,-0.514556884765625,-0.9197845458984375
1773062298654170880,2.375554084777832,0.2217864990234375,-0.36688232421875,-0.8248443603515625
1773062298664208128,2.3855912685394287,0.211883544921875,-0.287628173828125,-1.006439208984375
1773062298674246144,2.3956291675567627,0.1781768798828125,-0.2922210693359375,-1.080291748046875
1773062298684283136,2.4056661128997803,0.153839111328125,-0.2974090576171875,-0.9741973876953125
1773062298694321152,2.4157042503356934,0.1332550048828125,-0.3634185791015625,-1.0054779052734375
1773062298704358144,2.425741195678711,0.243316650390625,-0.416717529296875,-0.9802093505859375
1773062298714395904,2.435779094696045,0.392791748046875,-0.39459228515625,-0.82501220703125
1773062298724434176,2.445817232131958,0.4299163818359375,-0.375762939453125,-0.7770538330078125
1773062298734471168,2.4558541774749756,0.3473052978515625,-0.3664093017578125,-0.8488311767578125
1773062298744509952,2.465893030166626,0.25177001953125,-0.3789215087890625,-0.901885986328125
1773062298754546944,2.4759299755096436,0.2214813232421875,-0.4306640625,-0.941009521484375
1773062298764584704,2.4859678745269775,0.2308349609375,-0.4999847412109375,-1.0200042724609375
1773062298774621696,2.496004819869995,0.26263427734375,-0.562591552734375,-1.035186767578125
1773062298784659968,2.506042957305908,0.248687744140625,-0.551513671875,-0.96136474609375
1773062298794696704,2.516079902648926,0.23785400390625,-0.5182952880859375,-0.93634033203125
1773062298804734976,2.526118040084839,0.263153076171875,-0.5033721923828125,-0.9571685791015625
1773062298814771968,2.5361549854278564,0.34259033203125,-0.4394378662109375,-0.950927734375
1773062298824809728,2.5461928844451904,0.43109130859375,-0.3884429931640625,-1.019439697265625
1773062298834846720,2.556229829788208,0.48406982421875,-0.3590240478515625,-1.0149383544921875
1773062298844884992,2.566267967224121,0.440826416015625,-0.3478851318359375,-1.020599365234375
1773062298854921728,2.5763049125671387,0.3809051513671875,-0.3559417724609375,-1.0500030517578125
1773062298864959744,2.5863428115844727,0.3805999755859375,-0.368438720703125,-1.0972137451171875
1773062298874996992,2.5963799953460693,0.4065399169921875,-0.3755950927734375,-1.0613250732421875
1773062298885034752,2.6064178943634033,0.4440460205078125,-0.347015380859375,-1.0126495361328125
1773062298895071744,2.616454839706421,0.4584503173828125,-0.2980499267578125,-1.038787841796875
1773062298905109760,2.626492977142334,0.4792327880859375,-0.23358154296875,-0.96990966796875
1773062298915146752,2.6365299224853516,0.492401123046875,-0.17974853515625,-1.078399658203125
1773062298925184768,2.6465678215026855,0.4850616455078125,-0.1862640380859375,-1.2148895263671875
1773062298935222016,2.6566050052642822,0.4763641357421875,-0.2153778076171875,-1.02886962890625
1773062298945259776,2.666642904281616,0.4278717041015625,-0.259674072265625,-0.9084014892578125
1773062298955296768,2.676679849624634,0.4370269775390625,-0.2527923583984375,-0.8096466064453125
1773062298965334784,2.686717987060547,0.508697509765625,-0.177978515625,-0.7888641357421875
1773062298975371776,2.6967549324035645,0.5265350341796875,-0.0968475341796875,-1.03839111328125
1773062298985409792,2.7067928314208984,0.5537872314453125,-0.03961181640625,-1.1114654541015625
1773062298995447040,2.716830015182495,0.50360107421875,-0.1295166015625,-0.9758453369140625
1773062299005484800,2.726867914199829,0.3948516845703125,-0.2731475830078125,-0.86480712890625
1773062299015521792,2.7369048595428467,0.3652191162109375,-0.377166748046875,-0.80035400390625
1773062299025559808,2.7469429969787598,0.3770294189453125,-0.415374755859375,-0.80615234375
1773062299035596800,2.7569799423217773,0.425048828125,-0.3350372314453125,-0.7723846435546875
1773062299045634816,2.7670178413391113,0.4557342529296875,-0.215728759765625,-0.8623199462890625
1773062299055671808,2.777055025100708,0.481475830078125,-0.1292724609375,-0.8815155029296875
1773062299065709824,2.787092924118042,0.532745361328125,-0.135650634765625,-0.781494140625
1773062299075746816,2.7971298694610596,0.5643768310546875,-0.2421875,-0.6771697998046875
1773062299085784832,2.8071680068969727,0.5467071533203125,-0.3456878662109375,-0.6817626953125
1773062299095821824,2.8172049522399902,0.4871673583984375,-0.3714599609375,-0.7434844970703125
1773062299105859840,2.827242851257324,0.420318603515625,-0.332244873046875,-0.7728729248046875
1773062299115896832,2.837280035018921,0.38714599609375,-0.28643798828125,-0.8598480224609375
1773062299125934848,2.847317934036255,0.4470367431640625,-0.2138214111328125,-0.791290283203125
1773062299135971840,2.8573548793792725,0.5279388427734375,-0.1931304931640625,-0.655670166015625
1773062299146009856,2.8673930168151855,0.594635009765625,-0.234466552734375,-0.618927001953125
1773062299156046848,2.877429962158203,0.635833740234375,-0.2498931884765625,-0.68414306640625
1773062299166084864,2.887467861175537,0.5683746337890625,-0.2762451171875,-0.7899169921875
1773062299176121600,2.8975048065185547,0.41827392578125,-0.3148956298828125,-0.8430328369140625
1773062299186159872,2.9075429439544678,0.34759521484375,-0.329132080078125,-0.74981689453125
1773062299196196864,2.9175798892974854,0.3742523193359375,-0.3364105224609375,-0.72857666015625
1773062299206234880,2.9276180267333984,0.4781341552734375,-0.2642822265625,-0.6818084716796875
1773062299216271872,2.937654972076416,0.5885467529296875,-0.189453125,-0.6124267578125
1773062299226309888,2.94769287109375,0.584014892578125,-0.216064453125,-0.625885009765625
1773062299236346624,2.9577298164367676,0.5133056640625,-0.2595062255859375,-0.61865234375
1773062299246384896,2.9677679538726807,0.478424072265625,-0.2916717529296875,-0.60443115234375
1773062299256421888,2.9778048992156982,0.447265625,-0.3262176513671875,-0.613433837890625
1773062299266459904,2.9878430366516113,0.454315185546875,-0.27593994140625,-0.569244384765625
1773062299276496896,2.997879981994629,0.4801788330078125,-0.2163848876953125,-0.55389404296875
1773062299286534912,3.007917881011963,0.500091552734375,-0.2290496826171875,-0.5580596923828125
1773062299296571648,3.0179548263549805,0.486572265625,-0.28118896484375,-0.625091552734375
1773062299306609920,3.0279929637908936,0.444366455078125,-0.3054656982421875,-0.7011260986328125
1773062299316646912,3.038029909133911,0.4462890625,-0.21112060546875,-0.5642242431640625
1773062299326684672,3.048067808151245,0.508697509765625,-0.162750244140625,-0.4808197021484375
1773062299336721920,3.058104991912842,0.5619964599609375,-0.2129364013671875,-0.545501708984375
1773062299346759680,3.068142890930176,0.5749053955078125,-0.249908447265625,-0.5101165771484375
1773062299356796672,3.0781798362731934,0.4930419921875,-0.291961669921875,-0.5720672607421875
1773062299366834944,3.0882179737091064,0.3963165283203125,-0.352325439453125,-0.7381134033203125
1773062299376871936,3.098254919052124,0.3412933349609375,-0.31036376953125,-0.71636962890625
1773062299386909696,3.108292818069458,0.380279541015625,-0.178863525390625,-0.5578460693359375
1773062299396946944,3.1183300018310547,0.4919281005859375,-0.1358489990234375,-0.60382080078125
1773062299406984704,3.1283679008483887,0.6071929931640625,-0.123199462890625,-0.6172943115234375
1773062299417022976,3.1384060382843018,0.6620635986328125,-0.1031646728515625,-0.5787506103515625
1773062299427059968,3.1484429836273193,0.607391357421875,-0.0990142822265625,-0.5409393310546875
1773062299437096960,3.158479928970337,0.5305938720703125,-0.1535491943359375,-0.579620361328125
1773062299447134720,3.168517827987671,0.4197998046875,-0.282928466796875,-0.6925201416015625
1773062299457172992,3.178555965423584,0.3103790283203125,-0.317657470703125,-0.6983489990234375
1773062299467209728,3.1885929107666016,0.26861572265625,-0.2550811767578125,-0.703399658203125
1773062299477247744,3.1986308097839355,0.3535919189453125,-0.14788818359375,-0.719635009765625
1773062299487284992,3.2086679935455322,0.4903106689453125,0.046142578125,-0.581207275390625
1773062299497322752,3.218705892562866,0.6688385009765625,0.1679534912109375,-0.4565887451171875
1773062299507359744,3.228742837905884,0.7838897705078125,0.087249755859375,-0.5599365234375
1773062299517397760,3.238780975341797,0.701690673828125,-0.0678558349609375,-0.711669921875
1773062299527434752,3.2488179206848145,0.4997711181640625,-0.21234130859375,-0.75244140625
1773062299537472768,3.2588558197021484,0.316162109375,-0.2999725341796875,-0.7339630126953125
1773062299547510016,3.268893003463745,0.2525177001953125,-0.24603271484375,-0.7084197998046875
1773062299557547776,3.278930902481079,0.315673828125,-0.1063690185546875,-0.646820068359375
1773062299567584768,3.2889678478240967,0.4376068115234375,0.097381591796875,-0.4407806396484375
1773062299577622784,3.2990059852600098,0.5885467529296875,0.187347412109375,-0.4239501953125
1773062299587659776,3.3090429306030273,0.65850830078125,0.09735107421875,-0.5709991455078125
1773062299597697792,3.3190808296203613,0.546600341796875,-0.0731048583984375,-0.81121826171875
1773062299607735040,3.329118013381958,0.325897216796875,-0.2451934814453125,-0.86431884765625
1773062299617772800,3.339155912399292,0.1303863525390625,-0.2852630615234375,-0.7847137451171875
1773062299627809792,3.3491928577423096,0.0799407958984375,-0.1455535888671875,-0.657958984375
1773062299637847808,3.3592309951782227,0.22802734375,0.0612335205078125,-0.4044342041015625
1773062299647884800,3.3692679405212402,0.40936279296875,0.1891937255859375,-0.43463134765625
1773062299657922816,3.379305839538574,0.4717864990234375,0.04180908203125,-0.9517974853515625
1773062299667959808,3.389343023300171,0.2936553955078125,-0.2331085205078125,-1.219329833984375
1773062299677997824,3.399380922317505,0.0041351318359375,-0.3812103271484375,-1.1137237548828125
1773062299688034816,3.4094178676605225,-0.2247467041015625,-0.4714508056640625,-1.157989501953125
1773062299698072832,3.4194560050964355,-0.286651611328125,-0.3853759765625,-1.0605316162109375
1773062299708109824,3.429492950439453,-0.1672210693359375,-0.064117431640625,-0.65692138671875
1773062299718147840,3.439530849456787,0.0117034912109375,0.2554779052734375,-0.236328125
1773062299728184832,3.449568033218384,0.1762542724609375,0.3857879638671875,-0.25921630859375
1773062299738222848,3.4596059322357178,0.26812744140625,0.0954742431640625,-0.8938751220703125
1773062299748260096,3.4696431159973145,0.0200347900390625,-0.55792236328125,-1.7750244140625
1773062299758298112,3.4796812534332275,-0.520538330078125,-0.9994354248046875,-1.69512939453125
1773062299768335104,3.489718198776245,-0.912078857421875,-1.10162353515625,-1.2953033447265625
1773062299778373120,3.499756097793579,-0.997467041015625,-0.918670654296875,-1.2118988037109375
1773062299788410112,3.509793281555176,-0.7482757568359375,-0.2434234619140625,-0.687530517578125
1773062299798448128,3.5198311805725098,-0.414093017578125,0.35369873046875,-0.276214599609375
1773062299808485120,3.5298681259155273,-0.0126495361328125,0.542938232421875,-0.188629150390625
1773062299818523136,3.5399062633514404,0.2291259765625,0.2586517333984375,-0.915618896484375
1773062299828560128,3.549943208694458,-0.061309814453125,-0.5309295654296875,-1.93682861328125
1773062299838597888,3.559981107711792,-0.8488311767578125,-1.2086639404296875,-1.7350616455078125
1773062299848635136,3.5700182914733887,-1.3618316650390625,-1.4355010986328125,-1.2166595458984375
1773062299858673152,3.5800561904907227,-1.2345733642578125,-1.2532196044921875,-0.8811187744140625
1773062299868710144,3.5900931358337402,-0.8408966064453125,-0.4695281982421875,-0.4259185791015625
1773062299878748160,3.6001312732696533,-0.524169921875,0.31866455078125,-0.0426025390625
1773062299888785152,3.610168218612671,-0.2575836181640625,0.6185302734375,-0.224212646484375
1773062299898822912,3.620206117630005,-0.2010345458984375,0.1494598388671875,-1.23406982421875
1773062299908859904,3.6302430629730225,-0.588714599609375,-0.5228424072265625,-1.5514373779296875
1773062299918898176,3.6402812004089355,-1.2132110595703125,-0.8724822998046875,-1.3027801513671875
1773062299928935168,3.650318145751953,-1.3842926025390625,-1.0213470458984375,-0.6719970703125
1773062299938973184,3.660356283187866,-1.0837249755859375,-0.9005126953125,-0.3402252197265625
1773062299949010176,3.670393228530884,-0.6690521240234375,-0.5185546875,-0.324066162109375
1773062299959047936,3.6804311275482178,-0.3304901123046875,-0.1085662841796875,-0.371307373046875
1773062299969084928,3.6904680728912354,-0.27264404296875,0.15350341796875,-0.63714599609375
1773062299979123200,3.7005062103271484,-0.5142364501953125,0.08917236328125,-0.9094390869140625
1773062299989159936,3.710543155670166,-0.9470367431640625,-0.1673431396484375,-0.9891815185546875
1773062299999197952,3.7205810546875,-1.2936859130859375,-0.370330810546875,-0.806976318359375
1773062300009235200,3.7306182384490967,-1.357391357421875,-0.5518798828125,-0.5144805908203125
1773062300019272960,3.7406561374664307,-1.1666412353515625,-0.6390228271484375,-0.48248291015625
1773062300029309952,3.7506930828094482,-0.8456268310546875,-0.5647735595703125,-0.530975341796875
1773062300039348224,3.7607312202453613,-0.5997161865234375,-0.320465087890625,-0.4125213623046875
1773062300049384960,3.770768165588379,-0.6025238037109375,-0.063934326171875,-0.318115234375
1773062300059422976,3.780806064605713,-0.79205322265625,-0.0577239990234375,-0.508392333984375
1773062300069460224,3.7908432483673096,-1.0439910888671875,-0.3520660400390625,-0.8451690673828125
1773062300079497984,3.8008811473846436,-1.19873046875,-0.5854949951171875,-0.776031494140625
1773062300089534976,3.810918092727661,-1.2322845458984375,-0.57733154296875,-0.412200927734375
1773062300099573248,3.820956230163574,-1.13623046875,-0.498626708984375,-0.2151641845703125
1773062300109609984,3.830993175506592,-0.9878387451171875,-0.448516845703125,-0.344573974609375
1773062300119648000,3.841031074523926,-0.8637237548828125,-0.3820648193359375,-0.529449462890625
1773062300129685248,3.8510682582855225,-0.844818115234375,-0.3225250244140625,-0.5779571533203125
1773062300139723008,3.8611061573028564,-0.944366455078125,-0.3162384033203125,-0.52740478515625
1773062300149760000,3.871143102645874,-1.0528106689453125,-0.3903045654296875,-0.53814697265625
1773062300159798272,3.881181240081787,-1.07257080078125,-0.4543914794921875,-0.4403076171875
1773062300169835008,3.8912181854248047,-1.061859130859375,-0.4338836669921875,-0.268463134765625
1773062300179873024,3.9012560844421387,-1.0364837646484375,-0.3834991455078125,-0.199859619140625
1773062300189910272,3.9112932682037354,-0.975494384765625,-0.3866729736328125,-0.27508544921875
1773062300199948032,3.9213311672210693,-0.940826416015625,-0.4594879150390625,-0.3710479736328125
1773062300209985024,3.931368112564087,-0.9837646484375,-0.5376434326171875,-0.450927734375
1773062300220023040,3.94140625,-1.0419769287109375,-0.572174072265625,-0.47064208984375
1773062300230060032,3.9514431953430176,-1.0471649169921875,-0.52398681640625,-0.4362640380859375
1773062300240098048,3.9614810943603516,-1.0075836181640625,-0.4056549072265625,-0.43841552734375
1773062300250135296,3.9715182781219482,-0.9428253173828125,-0.3231201171875,-0.518798828125
1773062300260173056,3.9815561771392822,-0.88592529296875,-0.3310089111328125,-0.638336181640625
1773062300270210048,3.9915931224823,-0.8582611083984375,-0.3813934326171875,-0.6393890380859375
1773062300280248064,4.001631259918213,-0.8683319091796875,-0.438262939453125,-0.55792236328125
1773062300290285056,4.0116682052612305,-0.861724853515625,-0.514434814453125,-0.499542236328125
1773062300300323072,4.0217061042785645,-0.8466796875,-0.5928192138671875,-0.4697113037109375
1773062300310360320,4.031743288040161,-0.85009765625,-0.623260498046875,-0.4152679443359375
1773062300320398080,4.041781187057495,-0.8608551025390625,-0.5893402099609375,-0.344024658203125
1773062300330435072,4.051818132400513,-0.860748291015625,-0.52178955078125,-0.28125
1773062300340473088,4.061856269836426,-0.8567047119140625,-0.4534759521484375,-0.2617950439453125
1773062300350510080,4.071893215179443,-0.8598480224609375,-0.4177703857421875,-0.282562255859375
1773062300360548096,4.081931114196777,-0.8707733154296875,-0.41748046875,-0.3159027099609375
1773062300370585088,4.091968059539795,-0.862518310546875,-0.44091796875,-0.350830078125
1773062300380623104,4.102006196975708,-0.819305419921875,-0.4680328369140625,-0.37969970703125
1773062300390661120,4.112044095993042,-0.786590576171875,-0.4716339111328125,-0.360992431640625
1773062300400698112,4.122081279754639,-0.800140380859375,-0.4474334716796875,-0.3053741455078125
1773062300410735104,4.132118225097656,-0.82940673828125,-0.42132568359375,-0.2660675048828125
1773062300420773120,4.14215612411499,-0.8692626953125,-0.40631103515625,-0.2572174072265625
1773062300430811136,4.152194261550903,-0.905517578125,-0.3965606689453125,-0.27001953125
1773062300440848128,4.162231206893921,-0.919891357421875,-0.3818511962890625,-0.28350830078125
1773062300450885888,4.172269105911255,-0.925323486328125,-0.3620758056640625,-0.2814483642578125
1773062300460923136,4.182306289672852,-0.9239654541015625,-0.352325439453125,-0.29669189453125
1773062300470961152,4.1923441886901855,-0.917694091796875,-0.362823486328125,-0.3302001953125
1773062300480998144,4.202381134033203,-0.87774658203125,-0.4024658203125,-0.3446502685546875
1773062300491036160,4.212419271469116,-0.830535888671875,-0.436920166015625,-0.2805023193359375
1773062300501073152,4.222456216812134,-0.7916717529296875,-0.4346466064453125,-0.1578369140625
1773062300511110912,4.232494115829468,-0.7798004150390625,-0.421295166015625,-0.1118927001953125
1773062300521147904,4.242531061172485,-0.80450439453125,-0.4115447998046875,-0.1491241455078125
1773062300531186176,4.252569198608398,-0.8607635498046875,-0.3627166748046875,-0.201507568359375
1773062300541223168,4.262606143951416,-0.917388916015625,-0.2724609375,-0.1658935546875
1773062300551261184,4.272644281387329,-0.95159912109375,-0.2439727783203125,-0.2084503173828125
1773062300561298176,4.282681226730347,-0.91925048828125,-0.3156890869140625,-0.293670654296875
1773062300571335936,4.292719125747681,-0.87103271484375,-0.3986968994140625,-0.307769775390625
1773062300581372928,4.302756071090698,-0.8526611328125,-0.457366943359375,-0.29266357421875
1773062300591411200,4.312794208526611,-0.835113525390625,-0.4720306396484375,-0.199127197265625
1773062300601447936,4.322831153869629,-0.8401031494140625,-0.4619140625,-0.169677734375
1773062300611486208,4.332869291305542,-0.841339111328125,-0.4400787353515625,-0.325103759765625
1773062300621523200,4.34290623664856,-0.9157867431640625,-0.3809814453125,-0.395416259765625
1773062300631560960,4.3529441356658936,-1.05206298828125,-0.296173095703125,-0.366851806640625
1773062300641597952,4.362981081008911,-1.1312713623046875,-0.2231903076171875,-0.3190155029296875
1773062300651636224,4.373019218444824,-1.108306884765625,-0.174560546875,-0.29461669921875
1773062300661672960,4.383056163787842,-1.0133819580078125,-0.160797119140625,-0.2705841064453125
1773062300671710976,4.393094062805176,-0.9086151123046875,-0.1837158203125,-0.26348876953125
1773062300681748224,4.4031312465667725,-0.8460693359375,-0.209564208984375,-0.289520263671875
1773062300691785984,4.4131691455841064,-0.845489501953125,-0.175384521484375,-0.2693939208984375
1773062300701822976,4.423206090927124,-0.8890228271484375,-0.090850830078125,-0.2486724853515625
1773062300711861248,4.433244228363037,-0.906768798828125,-0.03466796875,-0.25030517578125
1773062300721897984,4.443281173706055,-0.8665618896484375,-0.0335540771484375,-0.1541748046875
1773062300731936000,4.453319072723389,-0.8588104248046875,-0.081695556640625,0.004180908203125
1773062300741972992,4.463356018066406,-0.9157562255859375,-0.160858154296875,0.0545806884765625
1773062300752010752,4.47339391708374,-0.9399566650390625,-0.235748291015625,0.005859375
1773062300762047744,4.483430862426758,-0.913818359375,-0.2732696533203125,-0.1432342529296875
1773062300772086016,4.493468999862671,-0.86932373046875,-0.2368316650390625,-0.2822265625
1773062300782122752,4.5035059452056885,-0.858245849609375,-0.14727783203125,-0.32586669921875
1773062300792160768,4.5135438442230225,-0.867950439453125,-0.0834197998046875,-0.3436431884765625
1773062300802198016,4.523581027984619,-0.8804168701171875,-0.0858917236328125,-0.370391845703125
1773062300812235776,4.533618927001953,-0.8891143798828125,-0.14178466796875,-0.349578857421875
1773062300822272768,4.543655872344971,-0.8775787353515625,-0.2206268310546875,-0.2959747314453125
1773062300832311040,4.553694009780884,-0.874603271484375,-0.270782470703125,-0.225982666015625
1773062300842347776,4.563730955123901,-0.9096832275390625,-0.275482177734375,-0.12738037109375
1773062300852385792,4.573768854141235,-0.9744873046875,-0.272216796875,-0.1023101806640625
1773062300862423040,4.583806037902832,-1.0250396728515625,-0.2665557861328125,-0.159759521484375
1773062300872460800,4.593843936920166,-1.0361785888671875,-0.2144622802734375,-0.23016357421875
1773062300882497792,4.603880882263184,-1.0019989013671875,-0.1541748046875,-0.324981689453125
1773062300892535808,4.613919019699097,-0.91619873046875,-0.1103363037109375,-0.4148406982421875
1773062300902572800,4.623955965042114,-0.85089111328125,-0.0464630126953125,-0.375946044921875
1773062300912610816,4.633993864059448,-0.8565521240234375,-0.0048828125,-0.301483154296875
1773062300922647808,4.644030809402466,-0.8883209228515625,-0.0103759765625,-0.2291107177734375
1773062300932685824,4.654068946838379,-0.916046142578125,-0.039154052734375,-0.1678009033203125
1773062300942722816,4.6641058921813965,-0.9542083740234375,-0.134368896484375,-0.18560791015625
1773062300952760832,4.67414402961731,-0.9645538330078125,-0.28778076171875,-0.2716827392578125
1773062300962797824,4.684180974960327,-0.95172119140625,-0.3775482177734375,-0.27734375
1773062300972835840,4.694218873977661,-0.9512176513671875,-0.349945068359375,-0.19158935546875
1773062300982872832,4.704255819320679,-0.98370361328125,-0.307525634765625,-0.303985595703125
1773062300992910848,4.714293956756592,-1.0224761962890625,-0.2775115966796875,-0.4694366455078125
1773062301002947840,4.724330902099609,-1.0475921630859375,-0.189971923828125,-0.380767822265625
1773062301012985856,4.7343690395355225,-1.079254150390625,-0.093963623046875,-0.18621826171875
1773062301023022848,4.74440598487854,-1.0791168212890625,-0.122802734375,-0.1927490234375
1773062301033060864,4.754443883895874,-1.04034423828125,-0.277496337890625,-0.38128662109375
1773062301043097856,4.764480829238892,-1.0589141845703125,-0.4566802978515625,-0.5558319091796875
1773062301053135872,4.774518966674805,-1.115234375,-0.526153564453125,-0.54522705078125
1773062301063172864,4.784555912017822,-1.1548004150390625,-0.467010498046875,-0.3252716064453125
1773062301073210624,4.794593811035156,-1.14739990234375,-0.38824462890625,-0.21240234375
1773062301083247872,4.804630994796753,-1.0746917724609375,-0.332275390625,-0.230712890625
1773062301093285888,4.814668893814087,-1.0146636962890625,-0.32354736328125,-0.363128662109375
1773062301103322624,4.8247058391571045,-1.002899169921875,-0.3876190185546875,-0.60150146484375
1773062301113360896,4.834743976593018,-1.0323944091796875,-0.42950439453125,-0.6443023681640625
1773062301123397888,4.844780921936035,-1.08380126953125,-0.4267730712890625,-0.5517730712890625
1773062301133435648,4.854818820953369,-1.093353271484375,-0.416046142578125,-0.477996826171875
1773062301143472896,4.864856004714966,-1.0567169189453125,-0.4338226318359375,-0.482818603515625
1773062301153510912,4.8748939037323,-1.0132293701171875,-0.458099365234375,-0.5001373291015625
1773062301163547648,4.884930849075317,-1.00262451171875,-0.4889068603515625,-0.4990386962890625
1773062301173585920,4.8949689865112305,-0.9826202392578125,-0.5190582275390625,-0.53936767578125
1773062301183622912,4.905005931854248,-0.964385986328125,-0.515411376953125,-0.5820159912109375
1773062301193660672,4.915043830871582,-0.98480224609375,-0.5054473876953125,-0.6082000732421875
1773062301203697920,4.925081014633179,-1.037567138671875,-0.5096282958984375,-0.6173248291015625
1773062301213735936,4.935118913650513,-1.0652618408203125,-0.478607177734375,-0.4778594970703125
1773062301223772672,4.94515585899353,-1.0328826904296875,-0.42529296875,-0.381988525390625
1773062301233810944,4.955193996429443,-0.96258544921875,-0.446044921875,-0.52960205078125
1773062301243847936,4.965230941772461,-0.890045166015625,-0.48834228515625,-0.7039794921875
1773062301253885696,4.975268840789795,-0.8733367919921875,-0.493621826171875,-0.698822021484375
1773062301263922944,4.985306024551392,-0.91302490234375,-0.5079498291015625,-0.65618896484375
1773062301273960704,4.995343923568726,-0.9571990966796875,-0.511260986328125,-0.6740570068359375
1773062301283997696,5.005380868911743,-0.938995361328125,-0.527679443359375,-0.7127685546875
1773062301294035968,5.015419006347656,-0.860107421875,-0.569854736328125,-0.6717529296875
1773062301304072960,5.025455951690674,-0.799041748046875,-0.6053466796875,-0.644134521484375
1773062301314110720,5.035493850708008,-0.775299072265625,-0.6223602294921875,-0.6715240478515625
1773062301324147968,5.0455310344696045,-0.783599853515625,-0.5793609619140625,-0.6901092529296875
1773062301334185728,5.0555689334869385,-0.8200836181640625,-0.5165252685546875,-0.7584991455078125
1773062301344222720,5.065605878829956,-0.8043670654296875,-0.4979095458984375,-0.88153076171875
1773062301354260992,5.075644016265869,-0.7730255126953125,-0.490936279296875,-0.847259521484375
1773062301364297984,5.085680961608887,-0.7562255859375,-0.559112548828125,-0.834716796875
1773062301374335744,5.095718860626221,-0.717010498046875,-0.6056365966796875,-0.7803802490234375
1773062301384372736,5.105755805969238,-0.6750030517578125,-0.604278564453125,-0.731719970703125
1773062301394410752,5.115793943405151,-0.6348114013671875,-0.5916595458984375,-0.83453369140625
1773062301404447744,5.125830888748169,-0.6147613525390625,-0.506927490234375,-0.817108154296875
1773062301414486016,5.135869026184082,-0.608245849609375,-0.4820098876953125,-0.8302459716796875
1773062301424522752,5.1459059715271,-0.57598876953125,-0.51776123046875,-0.93402099609375
1773062301434560768,5.155943870544434,-0.5368804931640625,-0.5117034912109375,-0.8813629150390625
1773062301444599040,5.165982007980347,-0.495330810546875,-0.508026123046875,-0.867462158203125
1773062301454635776,5.176018953323364,-0.46258544921875,-0.5023651123046875,-0.8683013916015625
1773062301464673792,5.186056852340698,-0.4343109130859375,-0.4793548583984375,-0.8173980712890625
1773062301474711040,5.196094036102295,-0.3849334716796875,-0.486083984375,-0.8502349853515625
1773062301484748800,5.206131935119629,-0.33319091796875,-0.4707183837890625,-0.8292236328125
1773062301494785792,5.2161688804626465,-0.3234710693359375,-0.452301025390625,-0.8465118408203125
1773062301504823808,5.22620701789856,-0.3360443115234375,-0.4660186767578125,-0.954376220703125
1773062301514860800,5.236243963241577,-0.31231689453125,-0.4567718505859375,-0.957977294921875
1773062301524898816,5.246281862258911,-0.2616424560546875,-0.415252685546875,-0.8980560302734375
1773062301534935808,5.256318807601929,-0.2179718017578125,-0.4122467041015625,-0.886932373046875
1773062301544973824,5.266356945037842,-0.158050537109375,-0.357147216796875,-0.750579833984375
1773062301555010816,5.276393890380859,-0.0604400634765625,-0.295074462890625,-0.69366455078125
1773062301565048832,5.2864320278167725,0.0184173583984375,-0.3751678466796875,-0.8922882080078125
1773062301575085824,5.29646897315979,0.040618896484375,-0.4335479736328125,-0.832916259765625
1773062301585123840,5.306506872177124,0.0449371337890625,-0.40386962890625,-0.6856231689453125
1773062301595160832,5.316543817520142,0.075225830078125,-0.377777099609375,-0.7584686279296875
1773062301605198848,5.326581954956055,0.1063385009765625,-0.3693695068359375,-0.9466094970703125
1773062301615235840,5.336618900299072,0.0942840576171875,-0.3286895751953125,-0.8877410888671875
1773062301625273856,5.346657037734985,0.087554931640625,-0.2691802978515625,-0.8331146240234375
1773062301635310848,5.356693983078003,0.1253204345703125,-0.2115936279296875,-0.802703857421875
1773062301645348864,5.366731882095337,0.1956634521484375,-0.22900390625,-0.7751922607421875
1773062301655385856,5.3767688274383545,0.247222900390625,-0.3025360107421875,-0.774078369140625
1773062301665423872,5.386806964874268,0.2711029052734375,-0.3165130615234375,-0.6511383056640625
1773062301675460864,5.396843910217285,0.3032989501953125,-0.2628173828125,-0.5995635986328125
1773062301685498624,5.406881809234619,0.347320556640625,-0.1878204345703125,-0.6772003173828125
1773062301695535872,5.416918992996216,0.3973846435546875,-0.0885162353515625,-0.7391510009765625
1773062301705573888,5.42695689201355,0.3963470458984375,-0.076629638671875,-0.9009246826171875
1773062301715610624,5.436993837356567,0.361419677734375,-0.0998687744140625,-0.8682708740234375
1773062301725648896,5.4470319747924805,0.3269195556640625,-0.088165283203125,-0.686004638671875
1773062301735685888,5.457068920135498,0.3328704833984375,-0.0968475341796875,-0.553192138671875
1773062301745724160,5.46710729598999,0.465179443359375,-0.122039794921875,-0.4232635498046875
1773062301755761152,5.477144241333008,0.592437744140625,-0.1465606689453125,-0.42022705078125
1773062301765799168,5.487182378768921,0.6465911865234375,-0.1207427978515625,-0.5797882080078125
1773062301775836160,5.4972193241119385,0.579132080078125,-0.08734130859375,-0.7075042724609375
1773062301785874176,5.5072572231292725,0.495697021484375,-0.020477294921875,-0.5496826171875
1773062301795911424,5.517294406890869,0.4662628173828125,-0.0245819091796875,-0.663665771484375
1773062301805949184,5.527332305908203,0.4757080078125,-0.069854736328125,-0.5925750732421875
1773062301815986176,5.537369251251221,0.5306396484375,-0.0406646728515625,-0.4206695556640625
1773062301826024192,5.547407388687134,0.5513916015625,-0.008148193359375,-0.4688873291015625
1773062301836061184,5.557444334030151,0.6016693115234375,0.0849151611328125,-0.355743408203125
1773062301846099200,5.567482233047485,0.6958770751953125,0.1523895263671875,-0.346099853515625
1773062301856136448,5.577519416809082,0.709228515625,0.0953521728515625,-0.461334228515625
1773062301866174208,5.587557315826416,0.6977081298828125,0.0473175048828125,-0.3507080078125
1773062301876211200,5.597594261169434,0.661224365234375,-0.0401153564453125,-0.37933349609375
1773062301886249216,5.607632398605347,0.612762451171875,-0.1291351318359375,-0.5242919921875
1773062301896286208,5.617669343948364,0.573638916015625,-0.03143310546875,-0.39984130859375
1773062301906324224,5.627707242965698,0.6101531982421875,0.0751495361328125,-0.3157806396484375
1773062301916361216,5.637744426727295,0.6836090087890625,0.072296142578125,-0.353668212890625
1773062301926399232,5.647782325744629,0.7628326416015625,0.049407958984375,-0.2944183349609375
1773062301936436224,5.6578192710876465,0.79217529296875,-0.0015869140625,-0.2432708740234375
1773062301946474240,5.66785740852356,0.7531890869140625,-0.0234375,-0.2357025146484375
1773062301956511232,5.677894353866577,0.7044525146484375,-0.0035400390625,-0.2253875732421875
1773062301966549248,5.687932252883911,0.7120208740234375,0.0469512939453125,-0.2492828369140625
1773062301976586240,5.697969436645508,0.740631103515625,0.1261749267578125,-0.2397003173828125
1773062301986624256,5.708007335662842,0.83380126953125,0.167236328125,-0.216827392578125
1773062301996661248,5.718044281005859,0.9085845947265625,0.138031005859375,-0.240264892578125
1773062302006699264,5.7280824184417725,0.9200439453125,0.10455322265625,-0.2230072021484375
1773062302016736256,5.73811936378479,0.891845703125,0.0765380859375,-0.1828155517578125
1773062302026774272,5.748157262802124,0.8743896484375,0.0934906005859375,-0.201171875
1773062302036811264,5.758194446563721,0.894134521484375,0.1431121826171875,-0.180267333984375
1773062302046849280,5.768232345581055,0.97552490234375,0.1750030517578125,-0.097991943359375
1773062302056886272,5.778269290924072,1.0543975830078125,0.163116455078125,-0.0325927734375
1773062302066924288,5.788307428359985,1.1163787841796875,0.136322021484375,0.014617919921875
1773062302076961280,5.798344373703003,1.1015167236328125,0.071533203125,-0.060302734375
1773062302086999296,5.808382272720337,1.023529052734375,0.0418701171875,-0.12384033203125
1773062302097036288,5.818419456481934,0.9538421630859375,0.0724639892578125,-0.1258697509765625
1773062302107074304,5.828457355499268,0.9688568115234375,0.114288330078125,-0.07354736328125
1773062302117111296,5.838494300842285,1.05450439453125,0.1127471923828125,-0.0042724609375
1773062302127149312,5.848532438278198,1.12188720703125,0.0513763427734375,0.00390625
1773062302137186304,5.858569383621216,1.1132659912109375,0.0138092041015625,0.0122222900390625
1773062302147224064,5.86860728263855,1.075469970703125,0.0420989990234375,-0.006317138671875
1773062302157261056,5.878644227981567,1.0639190673828125,0.09149169921875,-0.0201263427734375
1773062302167299328,5.8886823654174805,1.0507354736328125,0.141448974609375,-0.051666259765625
1773062302177336320,5.898719310760498,1.0572357177734375,0.149932861328125,-0.00372314453125
1773062302187374336,5.908757448196411,1.073883056640625,0.1018524169921875,-0.0001983642578125
1773062302197411328,5.918794393539429,1.0426177978515625,0.073333740234375,0.0047149658203125
1773062302207449088,5.928832292556763,0.9975738525390625,0.077728271484375,0.0005340576171875
1773062302217486080,5.93886923789978,0.975921630859375,0.0854034423828125,0.009124755859375
1773062302227524352,5.948907375335693,0.965484619140625,0.0660552978515625,-0.020904541015625
1773062302237561344,5.958944320678711,0.9621734619140625,0.067047119140625,-0.0039825439453125
1773062302247599360,5.968982458114624,0.94573974609375,0.0742340087890625,0.00823974609375
1773062302257636352,5.979019403457642,0.9393463134765625,0.0775604248046875,0.0093231201171875
1773062302267674112,5.989057302474976,0.950775146484375,0.082000732421875,0.0141754150390625
1773062302277711104,5.999094247817993,0.9744415283203125,0.089202880859375,0.0415802001953125
1773062302287749376,6.009132385253906,0.9900665283203125,0.0628204345703125,0.0341796875
1773062302297786112,6.019169330596924,0.956390380859375,0.025054931640625,-0.0052642822265625
1773062302307824128,6.029207229614258,0.89434814453125,0.042694091796875,-0.029937744140625
1773062302317861376,6.0392444133758545,0.86492919921875,0.0807647705078125,-0.0137939453125
1773062302327899136,6.0492823123931885,0.8854217529296875,0.080230712890625,-0.009857177734375
1773062302337936128,6.059319257736206,0.9297943115234375,0.0641021728515625,0.0101776123046875
1773062302347974400,6.069357395172119,0.9610137939453125,0.071685791015625,0.007598876953125
1773062302358011136,6.079394340515137,0.977752685546875,0.0989837646484375,0.0099334716796875
1773062302368049152,6.089432239532471,0.977783203125,0.0938873291015625,0.0034637451171875
1773062302378086400,6.099469423294067,0.9635772705078125,0.0679931640625,0.00592041015625
1773062302388124160,6.109507322311401,0.960784912109375,0.061279296875,0.0408172607421875
1773062302398161152,6.119544267654419,0.9652862548828125,0.051361083984375,0.023590087890625
1773062302408199424,6.129582405090332,0.9653167724609375,0.057952880859375,0.00567626953125
1773062302418236160,6.13961935043335,0.96697998046875,0.0746002197265625,-0.0057830810546875
1773062302428274176,6.149657249450684,0.9826507568359375,0.08416748046875,-0.0133819580078125
1773062302438311424,6.15969443321228,1.0102081298828125,0.0859222412109375,0.023895263671875
1773062302448349184,6.169732332229614,1.02752685546875,0.074554443359375,0.044158935546875
1773062302458387200,6.179770231246948,1.045013427734375,0.0676116943359375,0.067657470703125
1773062302468424448,6.189807415008545,1.0410919189453125,0.0562591552734375,0.0649871826171875
1773062302478461184,6.1998443603515625,1.0105438232421875,0.044769287109375,0.0233612060546875
1773062302488499200,6.2098822593688965,0.9853668212890625,0.062774658203125,0.0119171142578125
1773062302498537216,6.21992039680481,0.98309326171875,0.076324462890625,0.0023651123046875
1773062302508574208,6.229957342147827,0.99334716796875,0.0718841552734375,0.00128173828125
1773062302518611200,6.239994287490845,1.0011138916015625,0.0723876953125,0.023406982421875
1773062302528649216,6.250032424926758,1.00140380859375,0.068511962890625,0.0316162109375
1773062302538687232,6.260070323944092,0.9981231689453125,0.0621490478515625,0.0349884033203125
1773062302548724224,6.270107269287109,0.9892120361328125,0.0575408935546875,0.039459228515625
1773062302558762240,6.2801454067230225,0.987518310546875,0.05828857421875,0.0413970947265625
1773062302568799232,6.29018235206604,0.977813720703125,0.0594329833984375,0.0501556396484375
1773062302578837248,6.300220251083374,0.965972900390625,0.0595550537109375,0.0593719482421875
1773062302588874240,6.310257434844971,0.964752197265625,0.0553741455078125,0.0617523193359375
1773062302598912256,6.320295333862305,0.9678955078125,0.0567626953125,0.0720672607421875
1773062302608949248,6.330332279205322,0.9759368896484375,0.05743408203125,0.05621337890625
1773062302618987264,6.340370416641235,0.9784393310546875,0.0590972900390625,0.017120361328125
1773062302629024256,6.350407361984253,0.9541015625,0.060577392578125,-0.0045318603515625
1773062302639062272,6.360445261001587,0.93035888671875,0.0730438232421875,0.0294189453125
1773062302649099264,6.370482444763184,0.92901611328125,0.058319091796875,0.0189971923828125
1773062302659137280,6.380520343780518,0.93048095703125,0.053436279296875,0.0340728759765625
1773062302669174272,6.390557289123535,0.9286346435546875,0.063201904296875,0.0601959228515625
1773062302679212288,6.400595426559448,0.9347991943359375,0.0670166015625,0.0283660888671875
1773062302689249280,6.410632371902466,0.9473419189453125,0.0676116943359375,-0.0163726806640625
1773062302699287296,6.4206702709198,0.939361572265625,0.0709228515625,0.003387451171875
1773062302709324288,6.4307074546813965,0.9321441650390625,0.0551605224609375,-0.0194091796875
1773062302719362304,6.4407453536987305,0.939910888671875,0.0515594482421875,-0.053985595703125
1773062302729399296,6.450782299041748,0.94580078125,0.0758514404296875,-0.0098114013671875
1773062302739437312,6.460820436477661,0.9466094970703125,0.06280517578125,-0.0367279052734375
1773062302749473792,6.4708569049835205,0.9507598876953125,0.0385284423828125,-0.086090087890625
1773062302759511808,6.4808948040008545,0.9395599365234375,0.031341552734375,-0.0801239013671875
1773062302769548544,6.490931749343872,0.9256134033203125,0.0064697265625,-0.1020050048828125
1773062302779586816,6.500969886779785,0.91552734375,0.001434326171875,-0.12835693359375
1773062302789623808,6.511006832122803,0.9249267578125,0.0095062255859375,-0.1011505126953125
1773062302799661568,6.521044731140137,0.9474029541015625,-0.0068511962890625,-0.1319732666015625
1773062302809698816,6.531081914901733,0.939727783203125,-0.037322998046875,-0.1760101318359375
1773062302819736832,6.541119813919067,0.899505615234375,-0.0537261962890625,-0.2109222412109375
1773062302829773568,6.551156759262085,0.8486328125,-0.023895263671875,-0.273345947265625
1773062302839811840,6.561194896697998,0.84814453125,0.04931640625,-0.1759796142578125
1773062302849848832,6.571231842041016,0.8997802734375,0.042694091796875,-0.194000244140625
1773062302859886592,6.58126974105835,0.93560791015625,0.0144195556640625,-0.2585906982421875
1773062302869923840,6.591306924819946,0.93634033203125,0.00732421875,-0.24212646484375
1773062302879961856,6.60134482383728,0.8989410400390625,-0.0135345458984375,-0.2783660888671875
1773062302889998592,6.611381769180298,0.8454132080078125,-0.010772705078125,-0.376373291015625
1773062302900036864,6.621419906616211,0.8359222412109375,0.0116119384765625,-0.319427490234375
1773062302910073856,6.6314568519592285,0.840850830078125,-0.0401458740234375,-0.3635711669921875
1773062302920111616,6.6414947509765625,0.8173370361328125,-0.1048736572265625,-0.437835693359375
1773062302930148864,6.651531934738159,0.7944183349609375,-0.0733184814453125,-0.33660888671875
1773062302940186624,6.661569833755493,0.80255126953125,-0.03472900390625,-0.347747802734375
1773062302950223616,6.671606779098511,0.820037841796875,-0.0266265869140625,-0.46435546875
1773062302960261888,6.681644916534424,0.85260009765625,0.023040771484375,-0.37744140625
1773062302970298880,6.691681861877441,0.84967041015625,-0.017486572265625,-0.3842010498046875
1773062302980336640,6.701719760894775,0.7972412109375,-0.0734100341796875,-0.4576263427734375
1773062302990373888,6.711756944656372,0.7489776611328125,-0.0708770751953125,-0.4504547119140625
1773062303000411648,6.721794843673706,0.7230377197265625,-0.082183837890625,-0.4889984130859375
1773062303010448640,6.731831789016724,0.70751953125,-0.11248779296875,-0.492218017578125
1773062303020486912,6.741869926452637,0.7055206298828125,-0.14764404296875,-0.5052032470703125
1773062303030523904,6.751906871795654,0.6790771484375,-0.1542205810546875,-0.5544586181640625
1773062303040561664,6.761944770812988,0.6871795654296875,-0.0791168212890625,-0.488189697265625
1773062303050598912,6.771981954574585,0.7297210693359375,-0.0770111083984375,-0.5185546875
1773062303060636672,6.782019853591919,0.706573486328125,-0.152374267578125,-0.5489959716796875
1773062303070673664,6.7920567989349365,0.6385345458984375,-0.1751861572265625,-0.560455322265625
1773062303080711936,6.80209493637085,0.5895843505859375,-0.1856536865234375,-0.6546478271484375
1773062303090748672,6.812131881713867,0.5410003662109375,-0.176300048828125,-0.6829071044921875
1773062303100786688,6.822169780731201,0.5176849365234375,-0.1367340087890625,-0.68927001953125
1773062303110823680,6.832206726074219,0.55682373046875,-0.1455230712890625,-0.6930694580078125
1773062303120861696,6.842244863510132,0.575164794921875,-0.192108154296875,-0.738922119140625
1773062303130898688,6.852281808853149,0.5340728759765625,-0.2063446044921875,-0.7421417236328125
1773062303140936960,6.8623199462890625,0.515380859375,-0.2151336669921875,-0.6664581298828125
1773062303150973696,6.87235689163208,0.511688232421875,-0.1991729736328125,-0.6385040283203125
1773062303161011712,6.882394790649414,0.5219268798828125,-0.1984710693359375,-0.670379638671875
1773062303171048704,6.892431735992432,0.5261383056640625,-0.2230377197265625,-0.6583099365234375
1773062303181086720,6.902469873428345,0.457550048828125,-0.2321929931640625,-0.7343292236328125
1773062303191123712,6.912506818771362,0.37567138671875,-0.2633056640625,-0.7870025634765625
1773062303201161984,6.922544956207275,0.3492584228515625,-0.3077239990234375,-0.8631134033203125
1773062303211198720,6.932581901550293,0.290283203125,-0.33868408203125,-0.9014129638671875
1773062303221236736,6.942619800567627,0.255950927734375,-0.314910888671875,-0.7826080322265625
1773062303231273728,6.9526567459106445,0.27984619140625,-0.2412567138671875,-0.5349273681640625
1773062303241311744,6.962694883346558,0.3667449951171875,-0.2902069091796875,-0.7635650634765625
1773062303251348736,6.972731828689575,0.3358154296875,-0.441741943359375,-0.93408203125
1773062303261386752,6.982769727706909,0.2342071533203125,-0.4823150634765625,-0.9236907958984375
1773062303271423744,6.992806911468506,0.1097869873046875,-0.4915771484375,-0.9276123046875
1773062303281461760,7.00284481048584,0.0441436767578125,-0.3445587158203125,-0.6503448486328125
1773062303291498752,7.012881755828857,0.0832366943359375,-0.1968841552734375,-0.559539794921875
1773062303301536768,7.0229198932647705,0.204681396484375,-0.311798095703125,-0.9210205078125
1773062303311573760,7.032956838607788,0.189117431640625,-0.459442138671875,-1.1088409423828125
1773062303321611520,7.042994737625122,-0.0104522705078125,-0.5158233642578125,-1.1676177978515625
1773062303331648768,7.053031921386719,-0.1634979248046875,-0.4182891845703125,-0.80975341796875
1773062303341686784,7.063069820404053,-0.152435302734375,-0.2762451171875,-0.6230010986328125
1773062303351723776,7.07310676574707,-0.0288543701171875,-0.3585968017578125,-0.8922119140625
1773062303361761792,7.083144903182983,0.0391387939453125,-0.5531158447265625,-1.1798248291015625
1773062303371798784,7.093181848526001,-0.134033203125,-0.5529022216796875,-0.9975738525390625
1773062303381836544,7.103219747543335,-0.2761077880859375,-0.41998291015625,-0.6268310546875
1773062303391873792,7.113256931304932,-0.2532958984375,-0.35992431640625,-0.6387786865234375
1773062303401911808,7.123294830322266,-0.1344146728515625,-0.40435791015625,-0.969268798828125
1773062303411948800,7.133331775665283,-0.0850677490234375,-0.422607421875,-1.069122314453125
1773062303421986816,7.143369913101196,-0.2050933837890625,-0.3658599853515625,-0.894134521484375
1773062303432023808,7.153406858444214,-0.3671417236328125,-0.4302520751953125,-0.96185302734375
1773062303442061568,7.163444757461548,-0.4460296630859375,-0.5461273193359375,-0.944671630859375
1773062303452098816,7.1734819412231445,-0.4625701904296875,-0.6057586669921875,-0.8529815673828125
1773062303462136832,7.1835198402404785,-0.427032470703125,-0.672454833984375,-0.9384002685546875
1773062303472173568,7.193556785583496,-0.37774658203125,-0.669586181640625,-0.914581298828125
1773062303482211840,7.203594923019409,-0.38507080078125,-0.5713958740234375,-0.8721466064453125
1773062303492248832,7.213631868362427,-0.4001007080078125,-0.4011383056640625,-0.79974365234375
1773062303502286592,7.223669767379761,-0.415374755859375,-0.281585693359375,-0.7943878173828125
1773062303512323840,7.233706951141357,-0.4232635498046875,-0.3712005615234375,-0.9833984375
1773062303522361856,7.243744850158691,-0.5000457763671875,-0.5627288818359375,-1.002166748046875
1773062303532398592,7.253781795501709,-0.6074371337890625,-0.681396484375,-0.798980712890625
1773062303542436864,7.263819932937622,-0.61004638671875,-0.7205047607421875,-0.6943817138671875
1773062303552473856,7.27385687828064,-0.5384674072265625,-0.7128448486328125,-0.7560882568359375
1773062303562511616,7.283894777297974,-0.4969940185546875,-0.624420166015625,-0.968963623046875
1773062303572548608,7.293931722640991,-0.5205230712890625,-0.36810302734375,-0.9020233154296875
1773062303582586880,7.303969860076904,-0.5686798095703125,-0.106292724609375,-0.690155029296875
1773062303592623616,7.314006805419922,-0.5675506591796875,-0.1397705078125,-0.863983154296875
1773062303602661888,7.324044942855835,-0.578887939453125,-0.414154052734375,-0.98974609375
1773062303612698880,7.3340818881988525,-0.6934661865234375,-0.6809844970703125,-0.9235687255859375
1773062303622736640,7.3441197872161865,-0.7491455078125,-0.914459228515625,-0.8053436279296875
1773062303632773632,7.354156732559204,-0.74139404296875,-0.938262939453125,-0.6316680908203125
1773062303642811648,7.364194869995117,-0.6944580078125,-0.696075439453125,-0.5842437744140625
1773062303652848640,7.374231815338135,-0.5787506103515625,-0.3289031982421875,-0.5809173583984375
1773062303662886912,7.384269952774048,-0.4877471923828125,-0.081268310546875,-0.61932373046875
1773062303672923904,7.394306898117065,-0.451995849609375,-0.1226654052734375,-0.8761138916015625
1773062303682961664,7.404344797134399,-0.5537109375,-0.35577392578125,-0.984588623046875
1773062303692998656,7.414381742477417,-0.7943267822265625,-0.5916290283203125,-0.813079833984375
1773062303703036672,7.42441987991333,-0.89764404296875,-0.744842529296875,-0.625213623046875
1773062303713073664,7.434456825256348,-0.801422119140625,-0.7724456787109375,-0.561553955078125
1773062303723111680,7.444494724273682,-0.647369384765625,-0.671905517578125,-0.69195556640625
1773062303733148928,7.454531908035278,-0.578094482421875,-0.4322052001953125,-0.7205657958984375
1773062303743186688,7.464569807052612,-0.6326904296875,-0.2317657470703125,-0.66485595703125
1773062303753224192,7.474607229232788,-0.711883544921875,-0.1988983154296875,-0.7178955078125
1773062303763261952,7.484645128250122,-0.74566650390625,-0.310821533203125,-0.7382049560546875
1773062303773299200,7.494682312011719,-0.7554168701171875,-0.4708709716796875,-0.6264495849609375
1773062303783337216,7.504720211029053,-0.7474517822265625,-0.5697174072265625,-0.502655029296875
1773062303793373952,7.51475715637207,-0.6867523193359375,-0.58612060546875,-0.5243377685546875
1773062303803412224,7.524795293807983,-0.63189697265625,-0.5489044189453125,-0.6336669921875
1773062303813449216,7.534832239151001,-0.6898040771484375,-0.4588165283203125,-0.730987548828125
1773062303823486976,7.544870138168335,-0.81402587890625,-0.34375,-0.7021942138671875
1773062303833524224,7.554907321929932,-0.905364990234375,-0.2416534423828125,-0.6042022705078125
1773062303843562240,7.564945220947266,-0.8932037353515625,-0.2294158935546875,-0.5894775390625
1773062303853598976,7.574982166290283,-0.7936553955078125,-0.3043212890625,-0.579071044921875
1773062303863637248,7.585020303726196,-0.7175140380859375,-0.4323883056640625,-0.55767822265625
1773062303873674240,7.595057249069214,-0.7088775634765625,-0.5382843017578125,-0.55126953125
1773062303883712000,7.605095148086548,-0.7707366943359375,-0.5554656982421875,-0.569976806640625
1773062303893749248,7.6151323318481445,-0.869354248046875,-0.4901580810546875,-0.55609130859375
1773062303903787264,7.6251702308654785,-0.94140625,-0.3530731201171875,-0.5007781982421875
1773062303913824000,7.635207176208496,-0.9408721923828125,-0.2359771728515625,-0.517059326171875
1773062303923862272,7.645245313644409,-0.8644256591796875,-0.2114105224609375,-0.57342529296875
1773062303933899264,7.655282258987427,-0.8267364501953125,-0.2596893310546875,-0.591278076171875
1773062303943937024,7.665320158004761,-0.8730010986328125,-0.3790435791015625,-0.6134796142578125
1773062303953974016,7.675357103347778,-0.9454345703125,-0.4761962890625,-0.55694580078125
1773062303964012032,7.685395240783691,-0.9887847900390625,-0.4736785888671875,-0.4575958251953125
1773062303974049024,7.695432186126709,-0.9448699951171875,-0.3883514404296875,-0.43475341796875
1773062303984087296,7.705470323562622,-0.831512451171875,-0.296051025390625,-0.4863433837890625
1773062303994125056,7.715508222579956,-0.7619781494140625,-0.276214599609375,-0.5719757080078125
1773062304004162048,7.725545167922974,-0.8255767822265625,-0.3130645751953125,-0.59326171875
1773062304014199040,7.735582113265991,-0.9669952392578125,-0.3876495361328125,-0.5689239501953125
1773062304024237056,7.745620250701904,-1.034088134765625,-0.4202423095703125,-0.4984588623046875
1773062304034274048,7.755657196044922,-0.98602294921875,-0.3810272216796875,-0.471038818359375
1773062304044312320,7.765695333480835,-0.863525390625,-0.3414154052734375,-0.533966064453125
1773062304054349312,7.7757322788238525,-0.782562255859375,-0.346466064453125,-0.59637451171875
1773062304064387072,7.7857701778411865,-0.821990966796875,-0.400177001953125,-0.65087890625
1773062304074424064,7.795807123184204,-0.9348602294921875,-0.4458770751953125,-0.6274871826171875
1773062304084462080,7.805845260620117,-1.0026092529296875,-0.43389892578125,-0.5298309326171875
1773062304094499072,7.815882205963135,-0.97662353515625,-0.4027099609375,-0.508331298828125
1773062304104537088,7.825920104980469,-0.8863372802734375,-0.3668212890625,-0.547332763671875
1773062304114575104,7.835958242416382,-0.787933349609375,-0.3573150634765625,-0.58819580078125
1773062304124612096,7.845995187759399,-0.7569122314453125,-0.4055633544921875,-0.65594482421875
1773062304134649088,7.856032133102417,-0.8164520263671875,-0.4747314453125,-0.6309814453125
1773062304144687104,7.86607027053833,-0.899444580078125,-0.5252532958984375,-0.5672454833984375
1773062304154725120,7.876108169555664,-0.926055908203125,-0.5334014892578125,-0.560546875
1773062304164762112,7.886145114898682,-0.8820037841796875,-0.4960784912109375,-0.5740966796875
1773062304174800128,7.896183252334595,-0.831939697265625,-0.4654388427734375,-0.6700897216796875
1773062304184837120,7.906220197677612,-0.8542327880859375,-0.48187255859375,-0.7681121826171875
1773062304194874880,7.916258096694946,-0.913543701171875,-0.4943695068359375,-0.74835205078125
1773062304204912128,7.926295280456543,-0.9428253173828125,-0.47210693359375,-0.629180908203125
1773062304214950144,7.936333179473877,-0.919586181640625,-0.4095611572265625,-0.5601654052734375
1773062304224987136,7.9463701248168945,-0.864105224609375,-0.383941650390625,-0.5593414306640625
1773062304235025152,7.956408262252808,-0.8104248046875,-0.4620819091796875,-0.6253204345703125
1773062304245062144,7.966445207595825,-0.8031005859375,-0.573089599609375,-0.67449951171875
1773062304255099904,7.976483106613159,-0.8400421142578125,-0.6143646240234375,-0.6912689208984375
1773062304265137152,7.986520290374756,-0.878631591796875,-0.5789337158203125,-0.701141357421875
1773062304275175168,7.99655818939209,-0.8988494873046875,-0.5260772705078125,-0.7125701904296875
1773062304285212160,8.006595134735107,-0.915557861328125,-0.48583984375,-0.7455596923828125
1773062304295250176,8.01663327217102,-0.9208831787109375,-0.497314453125,-0.781005859375
1773062304305287168,8.026670217514038,-0.9077301025390625,-0.4853057861328125,-0.7044525146484375
1773062304315324928,8.036708116531372,-0.8828277587890625,-0.41717529296875,-0.600677490234375
1773062304325362176,8.046745300292969,-0.835723876953125,-0.44500732421875,-0.6715850830078125
1773062304335400192,8.056783199310303,-0.7961273193359375,-0.5633392333984375,-0.836517333984375
1773062304345436928,8.06682014465332,-0.7935943603515625,-0.613922119140625,-0.80523681640625
1773062304355475200,8.076858282089233,-0.803497314453125,-0.6170501708984375,-0.70770263671875
1773062304365512192,8.086895227432251,-0.8124847412109375,-0.59844970703125,-0.7004547119140625
1773062304375549952,8.096933126449585,-0.79541015625,-0.562347412109375,-0.7245941162109375
1773062304385587200,8.106970310211182,-0.750152587890625,-0.53021240234375,-0.7294769287109375
1773062304395625216,8.117008209228516,-0.7051544189453125,-0.512542724609375,-0.7311553955078125
1773062304405661952,8.127045154571533,-0.6626739501953125,-0.515167236328125,-0.7337799072265625
1773062304415700224,8.137083292007446,-0.651275634765625,-0.5375518798828125,-0.7863311767578125
1773062304425737216,8.147120237350464,-0.6643524169921875,-0.5725860595703125,-0.867279052734375
1773062304435774976,8.157158136367798,-0.66845703125,-0.576171875,-0.885894775390625
1773062304445812224,8.167195320129395,-0.64288330078125,-0.5587615966796875,-0.82244873046875
1773062304455850240,8.177233219146729,-0.6037750244140625,-0.5630340576171875,-0.8602447509765625
1773062304465886976,8.187270164489746,-0.5615081787109375,-0.5370941162109375,-0.8386688232421875
1773062304475925248,8.19730830192566,-0.5101470947265625,-0.53265380859375,-0.7533721923828125
1773062304485962240,8.207345247268677,-0.444610595703125,-0.5236358642578125,-0.7351531982421875
1773062304496000000,8.21738314628601,-0.410003662109375,-0.5225982666015625,-0.7786712646484375
1773062304506037248,8.227420330047607,-0.408966064453125,-0.555267333984375,-0.8897247314453125
1773062304516075008,8.237458229064941,-0.419952392578125,-0.551055908203125,-0.889801025390625
1773062304526112000,8.247495174407959,-0.4079437255859375,-0.5750274658203125,-0.9409027099609375
1773062304536150272,8.257533311843872,-0.3505859375,-0.5947723388671875,-0.97467041015625
1773062304546187264,8.26757025718689,-0.3048095703125,-0.512420654296875,-0.8448486328125
1773062304556225024,8.277608156204224,-0.2700347900390625,-0.4505767822265625,-0.8018035888671875
1773062304566262016,8.287645101547241,-0.2272491455078125,-0.4440460205078125,-0.863983154296875
1773062304576300032,8.297683238983154,-0.1926116943359375,-0.4354095458984375,-0.876617431640625
1773062304586337024,8.307720184326172,-0.1670989990234375,-0.40032958984375,-0.8253936767578125
1773062304596375296,8.317758321762085,-0.1423797607421875,-0.4070892333984375,-0.812286376953125
1773062304606412288,8.327795267105103,-0.08782958984375,-0.4756927490234375,-0.86688232421875
1773062304616450048,8.337833166122437,-0.005279541015625,-0.49969482421875,-0.8275909423828125
1773062304626487040,8.347870111465454,0.062255859375,-0.50506591796875,-0.8574371337890625
1773062304636525056,8.357908248901367,0.0939483642578125,-0.4747161865234375,-0.8729095458984375
1773062304646562048,8.367945194244385,0.064422607421875,-0.45745849609375,-0.8924560546875
1773062304656600320,8.377983331680298,0.0173797607421875,-0.3911285400390625,-0.8621673583984375
1773062304666637056,8.388020277023315,0.0155792236328125,-0.310089111328125,-0.7846527099609375
1773062304676675072,8.39805817604065,0.0603790283203125,-0.2729949951171875,-0.802947998046875
1773062304686712064,8.408095121383667,0.1387481689453125,-0.2558746337890625,-0.822784423828125
1773062304696750080,8.41813325881958,0.2173004150390625,-0.2920989990234375,-0.8497314453125
1773062304706787072,8.428170204162598,0.2443695068359375,-0.34619140625,-0.828460693359375
1773062304716825088,8.438208103179932,0.242584228515625,-0.3382415771484375,-0.7577056884765625
1773062304726862080,8.448245286941528,0.2755279541015625,-0.3205413818359375,-0.6905364990234375
1773062304736900096,8.458283185958862,0.311737060546875,-0.334197998046875,-0.7937774658203125
1773062304746937600,8.468320608139038,0.298614501953125,-0.3253631591796875,-0.8419342041015625
1773062304756975616,8.478358745574951,0.2716827392578125,-0.2577667236328125,-0.791046142578125
1773062304767012608,8.488395690917969,0.2812957763671875,-0.2386322021484375,-0.8417510986328125
1773062304777050368,8.498433589935303,0.326873779296875,-0.2584686279296875,-0.7877349853515625
1773062304787087616,8.5084707736969,0.3802642822265625,-0.2115936279296875,-0.630828857421875
1773062304797125632,8.518508672714233,0.4306793212890625,-0.1738433837890625,-0.5489349365234375
1773062304807162624,8.528545618057251,0.4886932373046875,-0.241546630859375,-0.6643524169921875
1773062304817200640,8.538583755493164,0.4970245361328125,-0.3206939697265625,-0.7311248779296875
1773062304827237632,8.548620700836182,0.4663543701171875,-0.28955078125,-0.700897216796875
1773062304837275392,8.558658599853516,0.438079833984375,-0.1902008056640625,-0.7254180908203125
1773062304847312640,8.568695783615112,0.4529571533203125,-0.0767669677734375,-0.6647796630859375
1773062304857350656,8.578733682632446,0.487762451171875,-0.020172119140625,-0.697357177734375
1773062304867387648,8.588770627975464,0.5196075439453125,0.023406982421875,-0.6034088134765625
1773062304877425664,8.598808765411377,0.5727691650390625,0.02630615234375,-0.4790191650390625
1773062304887462656,8.608845710754395,0.63641357421875,-0.091644287109375,-0.5564422607421875
1773062304897500416,8.618883609771729,0.637542724609375,-0.206146240234375,-0.545806884765625
1773062304907537408,8.628920555114746,0.5994873046875,-0.217803955078125,-0.3593292236328125
1773062304917575680,8.63895869255066,0.5959930419921875,-0.2138824462890625,-0.3504791259765625
1773062304927612416,8.648995637893677,0.6058807373046875,-0.1331787109375,-0.417572021484375
1773062304937650688,8.65903377532959,0.6377716064453125,0.0144805908203125,-0.4356689453125
1773062304947687680,8.669070720672607,0.674713134765625,0.080474853515625,-0.5499267578125
1773062304957725440,8.679108619689941,0.67327880859375,0.075927734375,-0.6457366943359375
1773062304967762432,8.689145565032959,0.63372802734375,0.0675201416015625,-0.5038604736328125
1773062304977800704,8.699183702468872,0.6359405517578125,0.000640869140625,-0.3443450927734375
1773062304987837440,8.70922064781189,0.63873291015625,-0.093597412109375,-0.280975341796875
1773062304997875712,8.719258785247803,0.670745849609375,-0.1146087646484375,-0.1504058837890625
1773062305007912704,8.72929573059082,0.7480926513671875,-0.0880279541015625,-0.0801544189453125
1773062305017950464,8.739333629608154,0.8076324462890625,-0.0682220458984375,-0.2619171142578125
1773062305027987456,8.749370574951172,0.806549072265625,0.017974853515625,-0.4047088623046875
1773062305038025728,8.759408712387085,0.8076324462890625,0.141204833984375,-0.3765869140625
1773062305048062464,8.769445657730103,0.7751922607421875,0.1819610595703125,-0.424346923828125
1773062305058100480,8.779483556747437,0.726226806640625,0.209075927734375,-0.3299407958984375
1773062305068137728,8.789520740509033,0.79833984375,0.1694488525390625,-0.222442626953125
1773062305078175488,8.799558639526367,0.894500732421875,0.0491485595703125,-0.1804656982421875
1773062305088212480,8.809595584869385,0.93035888671875,-0.0811004638671875,-0.1567535400390625
1773062305098250752,8.819633722305298,0.8947601318359375,-0.1459197998046875,-0.1911773681640625
1773062305108287488,8.829670667648315,0.8485565185546875,-0.07208251953125,-0.1827239990234375
1773062305118325504,8.83970856666565,0.858001708984375,0.0340728759765625,-0.2522125244140625
1773062305128362752,8.849745750427246,0.888397216796875,0.0988006591796875,-0.32952880859375
1773062305138400512,8.85978364944458,0.9071807861328125,0.1491241455078125,-0.2996826171875
1773062305148437504,8.869820594787598,0.9409942626953125,0.165435791015625,-0.2356414794921875
1773062305158475520,8.87985873222351,0.9829559326171875,0.163787841796875,-0.103057861328125
1773062305168512512,8.889895677566528,1.0352935791015625,0.10577392578125,-0.0322265625
1773062305178550528,8.899933576583862,1.0492706298828125,0.0579376220703125,-0.0337371826171875
1773062305188587776,8.909970760345459,1.0373687744140625,0.0510406494140625,-0.0466766357421875
1773062305198625536,8.920008659362793,1.0288848876953125,0.05950927734375,-0.1550750732421875
1773062305208662528,8.93004560470581,0.978546142578125,0.1263580322265625,-0.1703948974609375
1773062305218700544,8.940083742141724,0.9761505126953125,0.2059326171875,-0.1150054931640625
1773062305228737536,8.950120687484741,1.0487213134765625,0.20941162109375,-0.072509765625
1773062305238775552,8.960158586502075,1.0934600830078125,0.1502227783203125,-0.038604736328125
1773062305248812800,8.970195770263672,1.08331298828125,0.0744476318359375,-0.052734375
1773062305258850560,8.980233669281006,1.040313720703125,0.0842437744140625,-0.0296173095703125
1773062305268887552,8.990270614624023,1.035491943359375,0.1342926025390625,-0.0145416259765625
1773062305278925568,9.000308752059937,1.0698394775390625,0.1290740966796875,-0.08709716796875
1773062305288962560,9.010345697402954,1.051422119140625,0.10333251953125,-0.123077392578125
1773062305299000576,9.020383596420288,1.006500244140625,0.0894622802734375,-0.0936431884765625
1773062305309037568,9.030420780181885,0.9720916748046875,0.0503692626953125,-0.082855224609375
1773062305319075584,9.040458679199219,0.933685302734375,0.0296630859375,-0.081024169921875
1773062305329112576,9.050495624542236,0.92694091796875,0.05999755859375,-0.026702880859375
1773062305339150592,9.06053376197815,0.987213134765625,0.099365234375,-0.0376129150390625
1773062305349187584,9.070570707321167,1.0254058837890625,0.148651123046875,-0.09136962890625
1773062305359225600,9.080608606338501,1.0046844482421875,0.207611083984375,-0.038665771484375
1773062305369262592,9.090645790100098,1.00042724609375,0.1992034912109375,0.0241546630859375
1773062305379300608,9.100683689117432,0.9992828369140625,0.11297607421875,0.02288818359375
1773062305389337600,9.11072063446045,0.9646148681640625,0.0340576171875,0.000823974609375
1773062305399375616,9.120758771896362,0.9315032958984375,0.0225067138671875,-0.0022430419921875
1773062305409412608,9.13079571723938,0.9189605712890625,0.0705413818359375,-0.025054931640625
1773062305419450624,9.140833616256714,0.9304962158203125,0.13275146484375,-0.0525665283203125
1773062305429487360,9.150870561599731,0.9581298828125,0.16552734375,-0.03814697265625
1773062305439525632,9.160908699035645,0.9866943359375,0.15521240234375,-0.0390625
1773062305449562624,9.170945644378662,0.9884796142578125,0.1171722412109375,-0.0348358154296875
1773062305459600640,9.180983781814575,0.956329345703125,0.090362548828125,-0.013946533203125
1773062305469637632,9.191020727157593,0.9576568603515625,0.0794525146484375,-0.0003204345703125
1773062305479675648,9.201058626174927,0.9753570556640625,0.0698699951171875,0.0034942626953125
1773062305489712384,9.211095571517944,0.97564697265625,0.0694580078125,0.0050201416015625
1773062305499750656,9.221133708953857,0.9626007080078125,0.0811920166015625,-0.0075836181640625
1773062305509787648,9.231170654296875,0.949859619140625,0.1071929931640625,-0.0070037841796875
1773062305519825664,9.241208791732788,0.9558868408203125,0.1276702880859375,0.0106201171875
1773062305529862656,9.251245737075806,0.9888763427734375,0.11773681640625,0.011993408203125
1773062305539900416,9.26128363609314,1.0088348388671875,0.08349609375,0.0001678466796875
1773062305549937408,9.271320581436157,0.990509033203125,0.0661163330078125,0.0090179443359375
1773062305559975680,9.28135871887207,0.9721221923828125,0.0808868408203125,0.0164031982421875
1773062305570012672,9.291395664215088,0.98773193359375,0.09759521484375,0.035400390625
1773062305580050432,9.301433563232422,1.00860595703125,0.1053009033203125,0.0375823974609375
1773062305590087680,9.311470746994019,1.0133056640625,0.1058807373046875,0.032562255859375
1773062305600125440,9.321508646011353,0.998626708984375,0.10369873046875,0.01220703125
1773062305610162432,9.33154559135437,0.9664306640625,0.110626220703125,-0.0021820068359375
1773062305620200704,9.341583728790283,0.954193115234375,0.122039794921875,0.0150604248046875
1773062305630237696,9.3516206741333,0.9891204833984375,0.12115478515625,0.0398712158203125
1773062305640275456,9.361658573150635,1.024627685546875,0.1044769287109375,0.027130126953125
1773062305650312704,9.371695756912231,1.019683837890625,0.0908050537109375,0.0150146484375
1773062305660350464,9.381733655929565,0.9886016845703125,0.09124755859375,0.0270843505859375
1773062305670387456,9.391770601272583,0.970123291015625,0.083282470703125,-0.0118408203125
1773062305680425728,9.401808738708496,0.965301513671875,0.091949462890625,-0.0135650634765625
1773062305690462464,9.411845684051514,0.9779205322265625,0.10638427734375,-0.0011444091796875
1773062305700500480,9.421883583068848,1.0017547607421875,0.11346435546875,4.57763671875e-05
1773062305710537728,9.431920766830444,1.014190673828125,0.109832763671875,0.012603759765625
1773062305720575488,9.441958665847778,1.010406494140625,0.0905914306640625,0.0030670166015625
1773062305730612480,9.451995611190796,0.98974609375,0.080047607421875,-0.0100860595703125
1773062305740650752,9.462033748626709,0.9711151123046875,0.09326171875,-0.0067596435546875
1773062305750687488,9.472070455551147,0.9665679931640625,0.107147216796875,-0.01373291015625
1773062305760725248,9.482108354568481,0.980010986328125,0.1117706298828125,-0.002288818359375
1773062305770762496,9.492145538330078,1.006500244140625,0.1078948974609375,0.0219573974609375
1773062305780800256,9.502183437347412,1.0244903564453125,0.0946044921875,0.0036773681640625
1773062305790837248,9.51222038269043,1.0122833251953125,0.0897369384765625,-0.0081634521484375
1773062305800875520,9.522258520126343,0.9827423095703125,0.092193603515625,-0.00787353515625
1773062305810912256,9.53229546546936,0.9647369384765625,0.08221435546875,-0.0233917236328125
1773062305820950272,9.542333364486694,0.96539306640625,0.0683441162109375,-0.0206298828125
1773062305830987520,9.552370548248291,0.9791259765625,0.0705413818359375,-0.0021514892578125
1773062305841025280,9.562408447265625,0.999359130859375,0.0885467529296875,0.0135040283203125
1773062305851062272,9.572445392608643,1.0167999267578125,0.1092529296875,0.0250091552734375
1773062305861100544,9.582483530044556,1.0213775634765625,0.112030029296875,0.0147705078125
1773062305871137280,9.592520475387573,1.009033203125,0.1006011962890625,-0.0050811767578125
1773062305881175296,9.602558374404907,0.9857025146484375,0.093780517578125,0.004180908203125
1773062305891212544,9.612595558166504,0.98004150390625,0.089630126953125,0.01373291015625
1773062305901250304,9.622633457183838,0.9898223876953125,0.084930419921875,0.0120849609375
1773062305911287296,9.632670402526855,0.998565673828125,0.085052490234375,0.0197296142578125
1773062305921325568,9.642708539962769,1.001800537109375,0.0914459228515625,0.0155181884765625
1773062305931362304,9.652745485305786,1.0001220703125,0.0983734130859375,0.0262298583984375
1773062305941400320,9.66278338432312,0.995758056640625,0.0970306396484375,0.0219573974609375
1773062305951437568,9.672820568084717,0.986785888671875,0.08673095703125,0.0150909423828125
1773062305961475328,9.68285846710205,0.9822845458984375,0.0779876708984375,0.027740478515625
1773062305971512320,9.692895412445068,0.984039306640625,0.06768798828125,0.0387115478515625
1773062305981550336,9.702933549880981,0.9833984375,0.0712127685546875,0.0372314453125
1773062305991587328,9.712970495223999,0.981597900390625,0.0869140625,0.0474090576171875
1773062306001625344,9.723008394241333,0.9848785400390625,0.099212646484375,0.050262451171875
1773062306011662592,9.73304557800293,0.9843292236328125,0.1037750244140625,0.0540771484375
1773062306021700352,9.743083477020264,0.9850616455078125,0.098388671875,0.0569305419921875
1773062306031737344,9.753120422363281,0.9853057861328125,0.1013336181640625,0.0632781982421875
1773062306041775360,9.763158559799194,0.9842376708984375,0.103179931640625,0.059051513671875
1773062306051812352,9.773195505142212,0.9805908203125,0.0990142822265625,0.0467987060546875
1773062306061850368,9.783233404159546,0.9691925048828125,0.094146728515625,0.040863037109375
1773062306071887360,9.793270349502563,0.955535888671875,0.0964813232421875,0.0445098876953125
1773062306081925376,9.803308486938477,0.9583892822265625,0.09686279296875,0.018951416015625
1773062306091962368,9.813345432281494,0.9554901123046875,0.0899505615234375,0.0112152099609375
1773062306102000384,9.823383569717407,0.9629974365234375,0.0829925537109375,0.0157928466796875
1773062306112037376,9.833420515060425,0.9629058837890625,0.0811614990234375,0.0176544189453125
1773062306122075392,9.843458414077759,0.963348388671875,0.0811767578125,-0.00091552734375
1773062306132112384,9.853495359420776,0.95513916015625,0.0806732177734375,-0.030914306640625
1773062306142150400,9.86353349685669,0.93994140625,0.091278076171875,-0.0066070556640625
1773062306152187392,9.873570442199707,0.947845458984375,0.0891876220703125,-0.0182952880859375
1773062306162225408,9.88360857963562,0.9727630615234375,0.088958740234375,-0.0354156494140625
1773062306172262400,9.893645524978638,0.992523193359375,0.0896453857421875,-0.0021820068359375
1773062306182300416,9.903683423995972,1.0003662109375,0.0710601806640625,-0.0032196044921875
1773062306192337152,9.91372036933899,0.983612060546875,0.05010986328125,-0.048248291015625
1773062306202375424,9.923758506774902,0.9539794921875,0.0469970703125,-0.051849365234375
1773062306212412416,9.93379545211792,0.948944091796875,0.0475921630859375,-0.0685882568359375
1773062306222450176,9.943833351135254,0.954010009765625,0.04864501953125,-0.118621826171875
1773062306232487424,9.95387053489685,0.96282958984375,0.0618438720703125,-0.1178436279296875
1773062306242525440,9.963908433914185,0.9627685546875,0.0726470947265625,-0.1212310791015625
1773062306252562176,9.973945379257202,0.9594879150390625,0.07708740234375,-0.1451873779296875
1773062306262600448,9.983983516693115,0.9662322998046875,0.084228515625,-0.128173828125
1773062306272637440,9.994020462036133,0.9796295166015625,0.0751800537109375,-0.1008148193359375
1773062306282675200,10.004058361053467,0.9850616455078125,0.0479888916015625,-0.1421966552734375
1773062306292712448,10.014095544815063,0.9443206787109375,0.02630615234375,-0.194854736328125
1773062306302750464,10.024133443832397,0.9023590087890625,0.033843994140625,-0.2074737548828125
1773062306312787200,10.034170389175415,0.880462646484375,0.0350799560546875,-0.2845458984375
1773062306322825472,10.044208526611328,0.8727874755859375,0.0505523681640625,-0.2384033203125
1773062306332862464,10.054245471954346,0.9064483642578125,0.0674591064453125,-0.1576080322265625
1773062306342900224,10.06428337097168,0.94049072265625,0.0550079345703125,-0.2041015625
1773062306352937472,10.074320554733276,0.9485015869140625,0.02288818359375,-0.2683563232421875
1773062306362975232,10.08435845375061,0.8908538818359375,-0.000244140625,-0.307098388671875
1773062306373012224,10.094395399093628,0.8286590576171875,0.014617919921875,-0.2970428466796875
1773062306383050496,10.104433536529541,0.8111572265625,0.0186004638671875,-0.307098388671875
1773062306393087488,10.114470481872559,0.8277740478515625,-0.0050048828125,-0.293365478515625
1773062306403125248,10.124508380889893,0.8464202880859375,-0.035736083984375,-0.318115234375
1773062306413162496,10.13454556465149,0.8284912109375,-0.05487060546875,-0.38653564453125
1773062306423200256,10.144583463668823,0.774566650390625,-0.0591278076171875,-0.46734619140625
1773062306433237248,10.15462040901184,0.721588134765625,-0.0281524658203125,-0.470062255859375
1773062306443275520,10.164658546447754,0.7183074951171875,0.001129150390625,-0.4107513427734375
1773062306453312512,10.174695491790771,0.739715576171875,-0.005828857421875,-0.4327239990234375
1773062306463350272,10.184733390808105,0.75946044921875,-0.0022735595703125,-0.413116455078125
1773062306473387520,10.194770574569702,0.7816925048828125,0.007965087890625,-0.3538818359375
1773062306483425280,10.204808473587036,0.7810821533203125,-0.0188140869140625,-0.440521240234375
1773062306493462272,10.214845418930054,0.7176513671875,-0.036163330078125,-0.4592437744140625
1773062306503500544,10.224883556365967,0.6618499755859375,-0.0617218017578125,-0.53179931640625
1773062306513537280,10.234920501708984,0.6047210693359375,-0.1297607421875,-0.6139373779296875
1773062306523575296,10.244958400726318,0.562744140625,-0.14947509765625,-0.5595855712890625
1773062306533612288,10.254995346069336,0.54510498046875,-0.171051025390625,-0.5902557373046875
1773062306543650304,10.265033483505249,0.540252685546875,-0.1334075927734375,-0.498443603515625
1773062306553687296,10.275070428848267,0.6113739013671875,-0.0029754638671875,-0.36981201171875
1773062306563725568,10.28510856628418,0.7000274658203125,0.0045166015625,-0.521759033203125
1773062306573762304,10.295145511627197,0.6887359619140625,-0.1094970703125,-0.7587890625
1773062306583800320,10.305183410644531,0.5364532470703125,-0.2146759033203125,-0.782684326171875
1773062306593837312,10.315220355987549,0.387420654296875,-0.28070068359375,-0.6614227294921875
1773062306603875328,10.325258493423462,0.317901611328125,-0.324066162109375,-0.5594329833984375
1773062306613912320,10.33529543876648,0.328765869140625,-0.333282470703125,-0.61199951171875
1773062306623950592,10.345333576202393,0.3840789794921875,-0.2597808837890625,-0.64984130859375
1773062306633987328,10.35537052154541,0.48077392578125,-0.1036529541015625,-0.6074066162109375
1773062306644025344,10.365408420562744,0.5177001953125,-0.043426513671875,-0.5980682373046875
1773062306654062336,10.375445365905762,0.4792327880859375,-0.0410308837890625,-0.68951416015625
1773062306664100352,10.385483503341675,0.3813629150390625,-0.1868896484375,-0.9006195068359375
1773062306674137344,10.395520448684692,0.241424560546875,-0.372406005859375,-0.8723907470703125
1773062306684175360,10.405558347702026,0.1365203857421875,-0.457183837890625,-0.7529449462890625
1773062306694212352,10.415595531463623,0.089630126953125,-0.48760986328125,-0.7200775146484375
1773062306704250368,10.425633430480957,0.11822509765625,-0.405364990234375,-0.7165069580078125
1773062306714287360,10.435670375823975,0.1837921142578125,-0.2158966064453125,-0.6483612060546875
1773062306724325376,10.445708513259888,0.2906951904296875,-0.0645904541015625,-0.73651123046875
1773062306734362368,10.455745458602905,0.34906005859375,-0.1587066650390625,-1.056549072265625
1773062306744400384,10.46578335762024,0.20513916015625,-0.42279052734375,-1.1377105712890625
1773062306754436352,10.47581934928894,-0.0424957275390625,-0.609405517578125,-0.9777679443359375
1773062306764474368,10.485857486724854,-0.21112060546875,-0.7644500732421875,-0.9841461181640625
1773062306774511360,10.495894432067871,-0.270782470703125,-0.912689208984375,-1.049560546875
1773062306784549120,10.505932331085205,-0.2486114501953125,-0.761627197265625,-1.0042572021484375
1773062306794586368,10.515969514846802,-0.124725341796875,-0.2228240966796875,-0.6604766845703125
1773062306804624384,10.526007413864136,0.0743255615234375,0.2266082763671875,-0.3638763427734375
1773062306814661376,10.536044359207153,0.36334228515625,0.2937774658203125,-0.583892822265625
1773062306824699392,10.546082496643066,0.56597900390625,-0.0662841796875,-1.2099456787109375
1773062306834736384,10.556119441986084,0.2730255126953125,-0.4849853515625,-1.2925262451171875
1773062306844774144,10.566157341003418,-0.271270751953125,-0.723541259765625,-1.066864013671875
1773062306854811392,10.576194524765015,-0.650726318359375,-0.844512939453125,-0.6863555908203125
1773062306864849408,10.586232423782349,-0.7082977294921875,-0.848358154296875,-0.6797943115234375
1773062306874886400,10.596269369125366,-0.5596160888671875,-0.6684417724609375,-0.811279296875
1773062306884924416,10.60630750656128,-0.2927093505859375,-0.3232574462890625,-0.85687255859375
1773062306894961408,10.616344451904297,-0.0963592529296875,-0.064910888671875,-0.8343963623046875
1773062306904999168,10.62638235092163,-0.0367431640625,-0.13934326171875,-1.0355987548828125
1773062306915036416,10.636419534683228,-0.1916656494140625,-0.4828643798828125,-1.279876708984375
1773062306925074432,10.646457433700562,-0.493438720703125,-0.6903839111328125,-1.0010986328125
1773062306935111168,10.656494379043579,-0.6408843994140625,-0.6842193603515625,-0.552764892578125
1773062306945149440,10.666532516479492,-0.563507080078125,-0.7007598876953125,-0.639739990234375
1773062306955186432,10.67656946182251,-0.3944549560546875,-0.6985321044921875,-0.9610748291015625
1773062306965224192,10.686607360839844,-0.3478851318359375,-0.5251617431640625,-1.072235107421875
1773062306975261184,10.696644306182861,-0.4579620361328125,-0.33514404296875,-0.920135498046875
1773062306985299456,10.706682443618774,-0.60748291015625,-0.2440338134765625,-0.7986907958984375
1773062306995336192,10.716719388961792,-0.6677703857421875,-0.24517822265625,-0.8033447265625
1773062307005374464,10.726757526397705,-0.6199493408203125,-0.4088592529296875,-0.921966552734375
1773062307015411456,10.736794471740723,-0.5372467041015625,-0.57275390625,-0.881072998046875
1773062307025449216,10.746832370758057,-0.514739990234375,-0.6236114501953125,-0.6807708740234375
1773062307035486208,10.756869316101074,-0.5537261962890625,-0.5933380126953125,-0.565582275390625
1773062307045524480,10.766907453536987,-0.610809326171875,-0.48150634765625,-0.639617919921875
1773062307055561216,10.776944398880005,-0.6341552734375,-0.342742919921875,-0.75787353515625
1773062307065599488,10.786982536315918,-0.6856689453125,-0.3249359130859375,-0.899871826171875
1773062307075636480,10.797019481658936,-0.7965087890625,-0.4525146484375,-0.9671478271484375
1773062307085674240,10.80705738067627,-0.90399169921875,-0.57958984375,-0.9319610595703125
1773062307095711232,10.817094326019287,-0.941162109375,-0.566558837890625,-0.725860595703125
1773062307105749248,10.8271324634552,-0.875946044921875,-0.4033966064453125,-0.56939697265625
1773062307115786240,10.837169408798218,-0.698150634765625,-0.2283172607421875,-0.581451416015625
1773062307125824256,10.847207307815552,-0.5202484130859375,-0.188446044921875,-0.6957550048828125
1773062307135861504,10.857244491577148,-0.511474609375,-0.303436279296875,-0.837188720703125
1773062307145899264,10.867282390594482,-0.7388763427734375,-0.50091552734375,-0.825439453125
1773062307155936256,10.8773193359375,-1.0216827392578125,-0.6385345458984375,-0.64111328125
1773062307165974272,10.887357473373413,-1.124542236328125,-0.672943115234375,-0.5418243408203125
1773062307176011264,10.89739441871643,-1.0214385986328125,-0.618896484375,-0.5625762939453125
1773062307186049280,10.907432317733765,-0.871307373046875,-0.4059600830078125,-0.595611572265625
1773062307196086528,10.917469501495361,-0.7833709716796875,-0.107391357421875,-0.5531768798828125
1773062307206124288,10.927507400512695,-0.7412567138671875,0.0458984375,-0.5994110107421875
1773062307216161280,10.937544345855713,-0.7386932373046875,-0.0678558349609375,-0.7547149658203125
1773062307226199296,10.947582483291626,-0.823699951171875,-0.3211822509765625,-0.814544677734375
1773062307236236288,10.957619428634644,-0.9606475830078125,-0.56182861328125,-0.648651123046875
1773062307246274304,10.967657327651978,-1.0606689453125,-0.672027587890625,-0.4893035888671875
1773062307256311296,10.977694511413574,-1.022857666015625,-0.5844879150390625,-0.448974609375
1773062307266349312,10.987732410430908,-0.8936614990234375,-0.4202728271484375,-0.53460693359375
1773062307276386304,10.997769355773926,-0.81878662109375,-0.257476806640625,-0.613983154296875
1773062307286424320,11.007807493209839,-0.8383636474609375,-0.1271209716796875,-0.54669189453125
1773062307296461312,11.017844438552856,-0.877899169921875,-0.1462860107421875,-0.5326690673828125
1773062307306499328,11.02788233757019,-0.8864898681640625,-0.273529052734375,-0.5839080810546875
1773062307316536320,11.037919521331787,-0.8883056640625,-0.35736083984375,-0.5379180908203125
1773062307326574336,11.047957420349121,-0.89727783203125,-0.4116363525390625,-0.527313232421875
1773062307336611328,11.057994365692139,-0.897125244140625,-0.4383392333984375,-0.5130767822265625
1773062307346649344,11.068032503128052,-0.8946075439453125,-0.38458251953125,-0.470855712890625
1773062307356686336,11.07806944847107,-0.8896942138671875,-0.3328704833984375,-0.4886627197265625
1773062307366724352,11.088107347488403,-0.87591552734375,-0.315521240234375,-0.5196685791015625
1773062307376761344,11.09814453125,-0.8687896728515625,-0.2833404541015625,-0.4951934814453125
1773062307386799360,11.108182430267334,-0.8568878173828125,-0.269866943359375,-0.496673583984375
1773062307396836352,11.118219375610352,-0.8550872802734375,-0.2526397705078125,-0.5069580078125
1773062307406874368,11.128257513046265,-0.8828277587890625,-0.2658538818359375,-0.5201568603515625
1773062307416911360,11.138294458389282,-0.9101104736328125,-0.3227081298828125,-0.51898193359375
1773062307426949376,11.148332357406616,-0.9253692626953125,-0.33380126953125,-0.4443206787109375
1773062307436986368,11.158369541168213,-0.9197540283203125,-0.312744140625,-0.3928375244140625
1773062307447024384,11.168407440185547,-0.890472412109375,-0.2729034423828125,-0.394500732421875
1773062307457061376,11.178444385528564,-0.8391571044921875,-0.2425079345703125,-0.39581298828125
1773062307467099392,11.188482522964478,-0.8227996826171875,-0.261871337890625,-0.411407470703125
1773062307477136384,11.198519468307495,-0.8873748779296875,-0.3318939208984375,-0.4685516357421875
1773062307487174400,11.208557367324829,-0.9732818603515625,-0.3615570068359375,-0.457550048828125
1773062307497211136,11.218594312667847,-1.0435028076171875,-0.3282012939453125,-0.3788909912109375
1773062307507249408,11.22863245010376,-1.046661376953125,-0.2764739990234375,-0.380523681640625
1773062307517286400,11.238669395446777,-0.97174072265625,-0.2142181396484375,-0.41937255859375
1773062307527324416,11.24870753288269,-0.9002227783203125,-0.18438720703125,-0.44842529296875
1773062307537361408,11.258744478225708,-0.9027099609375,-0.197906494140625,-0.44659423828125
1773062307547399168,11.268782377243042,-0.9481353759765625,-0.23162841796875,-0.3979949951171875
1773062307557436160,11.27881932258606,-0.9700164794921875,-0.2908782958984375,-0.3477935791015625
1773062307567474432,11.288857460021973,-0.9677734375,-0.3440093994140625,-0.354248046875
1773062307577511424,11.29889440536499,-0.95458984375,-0.3304290771484375,-0.3594818115234375
1773062307587549184,11.308932304382324,-0.9379119873046875,-0.279388427734375,-0.3989410400390625
1773062307597586432,11.318969488143921,-0.9136810302734375,-0.232025146484375,-0.4503631591796875
1773062307607624192,11.329007387161255,-0.9125518798828125,-0.2283935546875,-0.491943359375
1773062307617661184,11.339044332504272,-0.9452667236328125,-0.258880615234375,-0.4794769287109375
1773062307627699456,11.349082469940186,-0.9681854248046875,-0.28765869140625,-0.415069580078125
1773062307637736448,11.359119415283203,-0.9650115966796875,-0.293212890625,-0.3731689453125
1773062307647774208,11.369157314300537,-0.945037841796875,-0.26947021484375,-0.35882568359375
1773062307657811456,11.379194498062134,-0.923675537109375,-0.2460784912109375,-0.3862762451171875
1773062307667849216,11.389232397079468,-0.9199371337890625,-0.2836151123046875,-0.484344482421875
1773062307677886208,11.399269342422485,-0.9259185791015625,-0.34344482421875,-0.514556884765625
1773062307687924480,11.409307479858398,-0.9489898681640625,-0.3401947021484375,-0.42724609375
1773062307697961216,11.419344425201416,-0.9412384033203125,-0.2941131591796875,-0.3838043212890625
1773062307707999232,11.42938232421875,-0.905487060546875,-0.2252197265625,-0.3820037841796875
1773062307718036480,11.439419507980347,-0.9068603515625,-0.196563720703125,-0.4317169189453125
1773062307728074240,11.44945740699768,-0.949493408203125,-0.2309112548828125,-0.4466400146484375
1773062307738111232,11.459494352340698,-0.99237060546875,-0.3070220947265625,-0.429656982421875
1773062307748149760,11.46953296661377,-0.990386962890625,-0.3827056884765625,-0.4457855224609375
1773062307758186752,11.479569911956787,-0.9499664306640625,-0.37994384765625,-0.4769287109375
1773062307768224768,11.489607810974121,-0.94488525390625,-0.301177978515625,-0.471832275390625
1773062307778262016,11.499644994735718,-0.9860382080078125,-0.241790771484375,-0.4864501953125
1773062307788299776,11.509682893753052,-1.013580322265625,-0.2296905517578125,-0.5087127685546875
1773062307798336768,11.51971983909607,-1.008087158203125,-0.2777862548828125,-0.462677001953125
1773062307808374784,11.529757976531982,-0.9749908447265625,-0.377960205078125,-0.433441162109375
1773062307818411776,11.539794921875,-0.9196319580078125,-0.44427490234375,-0.4053955078125
1773062307828449792,11.549832820892334,-0.885467529296875,-0.43115234375,-0.433746337890625
1773062307838486784,11.55987000465393,-0.885894775390625,-0.356658935546875,-0.5001373291015625
1773062307848524800,11.569907903671265,-0.92755126953125,-0.29974365234375,-0.55157470703125
1773062307858561792,11.579944849014282,-0.97930908203125,-0.3098907470703125,-0.599395751953125
1773062307868599808,11.589982986450195,-1.009063720703125,-0.369720458984375,-0.595245361328125
1773062307878636800,11.600019931793213,-1.0061187744140625,-0.453643798828125,-0.5608062744140625
1773062307888674816,11.610057830810547,-0.9559783935546875,-0.4664154052734375,-0.47283935546875
1773062307898711808,11.620095014572144,-0.87939453125,-0.4264984130859375,-0.450469970703125
1773062307908749824,11.630132913589478,-0.8236846923828125,-0.4050445556640625,-0.579742431640625
1773062307918786816,11.640169858932495,-0.8522186279296875,-0.401123046875,-0.6752777099609375
1773062307928824832,11.650207996368408,-0.954986572265625,-0.4239044189453125,-0.6955413818359375
1773062307938861824,11.660244941711426,-1.0177459716796875,-0.4647064208984375,-0.689453125
1773062307948899840,11.67028284072876,-0.9881744384765625,-0.460906982421875,-0.615020751953125
1773062307958936832,11.680320024490356,-0.913665771484375,-0.4287872314453125,-0.5444183349609375
1773062307968974848,11.69035792350769,-0.8370513916015625,-0.4428558349609375,-0.57476806640625
1773062307979011840,11.700394868850708,-0.8080902099609375,-0.457763671875,-0.6316680908203125
1773062307989049856,11.710433006286621,-0.8388671875,-0.4763641357421875,-0.6654510498046875
1773062307999086848,11.720469951629639,-0.876953125,-0.4897918701171875,-0.6569366455078125
1773062308009124864,11.730507850646973,-0.8886871337890625,-0.4661712646484375,-0.5961151123046875
1773062308019161856,11.74054503440857,-0.8594970703125,-0.4464111328125,-0.623321533203125
1773062308029199872,11.750582933425903,-0.7920684814453125,-0.4593505859375,-0.715240478515625
1773062308039236864,11.760619878768921,-0.7506256103515625,-0.509674072265625,-0.7754058837890625
1773062308049274880,11.770658016204834,-0.7600860595703125,-0.543853759765625,-0.7445831298828125
1773062308059311872,11.780694961547852,-0.76708984375,-0.5358428955078125,-0.70782470703125
1773062308069349888,11.790732860565186,-0.73077392578125,-0.514739990234375,-0.6799163818359375
1773062308079386624,11.800769805908203,-0.72698974609375,-0.5146942138671875,-0.7134857177734375
1773062308089424896,11.810807943344116,-0.7659149169921875,-0.560150146484375,-0.7896881103515625
1773062308099461888,11.820844888687134,-0.77899169921875,-0.5674285888671875,-0.7788238525390625
1773062308109499904,11.830883026123047,-0.7104949951171875,-0.5098876953125,-0.7250213623046875
1773062308119536896,11.840919971466064,-0.6113739013671875,-0.4964447021484375,-0.8122100830078125
1773062308129574656,11.850957870483398,-0.525604248046875,-0.5127410888671875,-0.8670654296875
1773062308139611648,11.860994815826416,-0.51263427734375,-0.483184814453125,-0.7654876708984375
1773062308149649920,11.871032953262329,-0.560211181640625,-0.50115966796875,-0.7806549072265625
1773062308159686912,11.881069898605347,-0.5845947265625,-0.50860595703125,-0.824859619140625
1773062308169724928,11.89110803604126,-0.55126953125,-0.458892822265625,-0.724456787109375
1773062308179761920,11.901144981384277,-0.4954071044921875,-0.5024871826171875,-0.84271240234375
1773062308189799680,11.911182880401611,-0.4267425537109375,-0.5424346923828125,-0.9107818603515625
1773062308199836672,11.921219825744629,-0.37884521484375,-0.5525360107421875,-0.8709716796875
1773062308209874944,11.931257963180542,-0.3718414306640625,-0.5782318115234375,-0.92022705078125
1773062308219911936,11.94129490852356,-0.3814544677734375,-0.5647735595703125,-0.911834716796875
1773062308229949696,11.951332807540894,-0.3776397705078125,-0.53125,-0.854156494140625
1773062308239986944,11.96136999130249,-0.340301513671875,-0.4742889404296875,-0.808990478515625
1773062308250024704,11.971407890319824,-0.2776336669921875,-0.41424560546875,-0.727935791015625
1773062308260061696,11.981444835662842,-0.2109527587890625,-0.43621826171875,-0.7418975830078125
1773062308270099968,11.991482973098755,-0.1417388916015625,-0.5082244873046875,-0.852874755859375
1773062308280136704,12.001519918441772,-0.09326171875,-0.5466461181640625,-0.8761444091796875
1773062308290174720,12.011557817459106,-0.06585693359375,-0.5483856201171875,-0.8913116455078125
1773062308300211968,12.021595001220703,-0.0797271728515625,-0.52386474609375,-0.93963623046875
1773062308310249728,12.031632900238037,-0.1255645751953125,-0.426116943359375,-0.881591796875
1773062308320286720,12.041669845581055,-0.1280517578125,-0.3502655029296875,-0.8375091552734375
1773062308330324992,12.051707983016968,-0.078521728515625,-0.3767547607421875,-0.912506103515625
1773062308340361728,12.061744928359985,-0.0036163330078125,-0.3927764892578125,-0.807342529296875
1773062308350399744,12.07178282737732,0.0797119140625,-0.4041900634765625,-0.79229736328125
1773062308360436992,12.081820011138916,0.147796630859375,-0.4098052978515625,-0.821868896484375
1773062308370474752,12.09185791015625,0.16326904296875,-0.40423583984375,-0.8140106201171875
1773062308380511744,12.101894855499268,0.1432037353515625,-0.3929290771484375,-0.736114501953125
1773062308390550016,12.11193299293518,0.1292572021484375,-0.4137725830078125,-0.7763824462890625
1773062308400586752,12.121969938278198,0.148529052734375,-0.4212493896484375,-0.85601806640625
1773062308410624768,12.132007837295532,0.18310546875,-0.391357421875,-0.974700927734375
1773062308420662016,12.142045021057129,0.208099365234375,-0.3323822021484375,-0.9944915771484375
1773062308430699776,12.152082920074463,0.181793212890625,-0.280548095703125,-0.9935455322265625
1773062308440736768,12.16211986541748,0.145599365234375,-0.1691131591796875,-0.7924346923828125
1773062308450774784,12.172158002853394,0.1801910400390625,-0.12567138671875,-0.6367034912109375
1773062308460811776,12.182194948196411,0.29864501953125,-0.2207794189453125,-0.5257720947265625
1773062308470849792,12.192232847213745,0.443206787109375,-0.3465576171875,-0.5345306396484375
1773062308480887040,12.202270030975342,0.51287841796875,-0.467010498046875,-0.7026519775390625
1773062308490924800,12.212307929992676,0.469268798828125,-0.5316009521484375,-0.8930511474609375
1773062308500961792,12.222344875335693,0.38311767578125,-0.3750152587890625,-0.7846527099609375
1773062308510999808,12.232383012771606,0.3530426025390625,-0.1177520751953125,-0.6304931640625
1773062308521036800,12.242419958114624,0.3795318603515625,-0.0464630126953125,-0.7784881591796875
1773062308531074816,12.252457857131958,0.412322998046875,-0.113739013671875,-0.9804534912109375
1773062308541112064,12.262495040893555,0.448089599609375,-0.1325531005859375,-0.6435394287109375
1773062308551149824,12.272532939910889,0.5125579833984375,-0.2150421142578125,-0.4586944580078125
1773062308561186816,12.282569885253906,0.5608062744140625,-0.3270416259765625,-0.5162200927734375
1773062308571224832,12.29260802268982,0.5972442626953125,-0.337371826171875,-0.512237548828125
1773062308581261824,12.302644968032837,0.595794677734375,-0.2365570068359375,-0.6138916015625
1773062308591299840,12.312682867050171,0.5845947265625,-0.042022705078125,-0.6030731201171875
1773062308601336832,12.322719812393188,0.6111297607421875,0.070556640625,-0.635528564453125
1773062308611374848,12.332757949829102,0.65411376953125,0.0307769775390625,-0.7869873046875
1773062308621411840,12.34279489517212,0.6541900634765625,-0.06396484375,-0.6706695556640625
1773062308631449856,12.352833032608032,0.642486572265625,-0.1256561279296875,-0.3827362060546875
1773062308641486848,12.36286997795105,0.65447998046875,-0.1712188720703125,-0.303436279296875
1773062308651524864,12.372907876968384,0.7034454345703125,-0.15325927734375,-0.27978515625
1773062308661561600,12.382944822311401,0.7581634521484375,-0.07928466796875,-0.3452606201171875
1773062308671599872,12.392982959747314,0.784088134765625,-0.0182952880859375,-0.4676361083984375
1773062308681636864,12.403019905090332,0.7582550048828125,-0.0011138916015625,-0.568817138671875
1773062308691674624,12.413057804107666,0.69610595703125,0.0467529296875,-0.49908447265625
1773062308701711872,12.423094987869263,0.672943115234375,0.0826416015625,-0.3450469970703125
1773062308711749888,12.433132886886597,0.730499267578125,0.0340118408203125,-0.3216094970703125
1773062308721786624,12.443169832229614,0.805908203125,-0.0386199951171875,-0.3702545166015625
1773062308731824896,12.453207969665527,0.8264617919921875,-0.0790863037109375,-0.383270263671875
1773062308741861888,12.463244915008545,0.7964630126953125,-0.0176544189453125,-0.3167266845703125
1773062308751900928,12.473284006118774,0.791107177734375,0.073822021484375,-0.2144622802734375
1773062308761937920,12.483320951461792,0.8268890380859375,0.0785369873046875,-0.2718963623046875
1773062308771975680,12.493358850479126,0.8424072265625,0.0432891845703125,-0.33233642578125
1773062308782012928,12.503396034240723,0.8113861083984375,0.0185394287109375,-0.31103515625
1773062308792050944,12.513433933258057,0.786529541015625,0.00823974609375,-0.21234130859375
1773062308802087680,12.523470878601074,0.7862701416015625,-0.006744384765625,-0.20098876953125
1773062308812125952,12.533509016036987,0.808135986328125,0.0171356201171875,-0.19793701171875
1773062308822162944,12.543545961380005,0.85906982421875,0.072174072265625,-0.1081085205078125
1773062308832200704,12.553583860397339,0.9113311767578125,0.0899810791015625,-0.1912384033203125
1773062308842237696,12.563620805740356,0.9143218994140625,0.1155853271484375,-0.258758544921875
1773062308852275968,12.57365894317627,0.9142608642578125,0.133544921875,-0.24072265625
1773062308862312704,12.583695888519287,0.913543701171875,0.10528564453125,-0.2277374267578125
1773062308872350976,12.5937340259552,0.8973388671875,0.071319580078125,-0.153839111328125
1773062308882387968,12.603770971298218,0.904022216796875,0.0391387939453125,-0.13427734375
1773062308892425728,12.613808870315552,0.9223480224609375,0.0097503662109375,-0.1248779296875
1773062308902462720,12.62384581565857,0.9234619140625,0.028656005859375,-0.10455322265625
1773062308912500736,12.633883953094482,0.947418212890625,0.08837890625,-0.077484130859375
1773062308922537728,12.6439208984375,0.9773406982421875,0.148773193359375,-0.067047119140625
1773062308932576000,12.653959035873413,1.0179443359375,0.1927337646484375,-0.0803070068359375
1773062308942612992,12.66399598121643,1.0573883056640625,0.2094879150390625,-0.033935546875
1773062308952650752,12.674033880233765,1.06842041015625,0.1877899169921875,-0.0021209716796875
1773062308962687744,12.684070825576782,1.053955078125,0.13775634765625,0.0178070068359375
1773062308972725760,12.694108963012695,1.0165557861328125,0.0876922607421875,0.0013580322265625
1773062308982762752,12.704145908355713,0.9781036376953125,0.069915771484375,0.026123046875
1773062308992800768,12.714183807373047,0.9786529541015625,0.078338623046875,0.022186279296875
1773062309002838016,12.724220991134644,1.0014801025390625,0.11651611328125,0.00311279296875
1773062309012875776,12.734258890151978,1.0161895751953125,0.1743621826171875,0.00738525390625
1773062309022912768,12.744295835494995,1.0328369140625,0.2118988037109375,0.03411865234375
1773062309032950784,12.754333972930908,1.0487213134765625,0.1802978515625,0.057861328125
1773062309042987776,12.764370918273926,1.029083251953125,0.1061248779296875,0.0364990234375
1773062309053025792,12.77440881729126,0.9725189208984375,0.0483245849609375,0.0547027587890625
1773062309063062784,12.784446001052856,0.92767333984375,0.05718994140625,0.0438995361328125
1773062309073100800,12.79448390007019,0.9151611328125,0.1189422607421875,0.083343505859375
1773062309083137792,12.804520845413208,0.968597412109375,0.16259765625,0.099517822265625
1773062309093175808,12.814558982849121,1.0197601318359375,0.1712646484375,0.0461273193359375
1773062309103212800,12.824595928192139,1.0184783935546875,0.1805267333984375,0.060455322265625
1773062309113250816,12.834633827209473,0.99786376953125,0.1666412353515625,0.0838165283203125
1773062309123287808,12.84467101097107,0.9610748291015625,0.1180267333984375,0.0847015380859375
1773062309133325824,12.854708909988403,0.9146728515625,0.0671844482421875,0.0763702392578125
1773062309143362816,12.864745855331421,0.898406982421875,0.0632781982421875,0.079681396484375
1773062309153400832,12.874783992767334,0.928619384765625,0.1098785400390625,0.1048431396484375
1773062309163437824,12.884820938110352,0.9726715087890625,0.1524810791015625,0.0888824462890625
1773062309173475840,12.894858837127686,0.9929962158203125,0.1718292236328125,0.0619049072265625
1773062309183512832,12.904896020889282,0.9886932373046875,0.1783447265625,0.0863037109375
1773062309193550848,12.914933919906616,0.9838104248046875,0.155364990234375,0.08966064453125
1773062309203587840,12.924970865249634,0.9739227294921875,0.1260833740234375,0.0913543701171875
1773062309213625856,12.935009002685547,0.969451904296875,0.102020263671875,0.1302642822265625
1773062309223662848,12.945045948028564,0.97991943359375,0.0872344970703125,0.113372802734375
1773062309233700864,12.955083847045898,0.9850616455078125,0.092376708984375,0.0958404541015625
1773062309243737856,12.965121030807495,0.9716033935546875,0.098907470703125,0.1102294921875
1773062309253775872,12.975158929824829,0.9532470703125,0.10443115234375,0.057708740234375
1773062309263812864,12.985195875167847,0.94415283203125,0.123382568359375,0.0848541259765625
1773062309273850880,12.99523401260376,0.9784088134765625,0.1277008056640625,0.1206512451171875
1773062309283887872,13.005270957946777,1.0162200927734375,0.119659423828125,0.1156768798828125
1773062309293925888,13.015308856964111,1.0333709716796875,0.127288818359375,0.138763427734375
1773062309303962880,13.025346040725708,1.040130615234375,0.1389923095703125,0.13323974609375
1773062309314000896,13.035383939743042,1.0261688232421875,0.134918212890625,0.1201629638671875
1773062309324037888,13.04542088508606,1.0010986328125,0.1171112060546875,0.117401123046875
1773062309334075904,13.055459022521973,0.98162841796875,0.0918121337890625,0.074981689453125
1773062309344112896,13.06549596786499,0.964599609375,0.09075927734375,0.065826416015625
1773062309354150656,13.075533866882324,0.9647979736328125,0.1177215576171875,0.09881591796875
1773062309364187648,13.085570812225342,0.98577880859375,0.1319427490234375,0.0942840576171875
1773062309374225920,13.095608949661255,0.99908447265625,0.131011962890625,0.1083221435546875
1773062309384262912,13.105645895004272,1.0066986083984375,0.12432861328125,0.1131134033203125
1773062309394300928,13.115684032440186,1.0114593505859375,0.1188201904296875,0.0993804931640625
1773062309404337920,13.125720977783203,0.995025634765625,0.1123199462890625,0.093353271484375
1773062309414375680,13.135758876800537,0.9691619873046875,0.1141510009765625,0.0843505859375
1773062309424412672,13.145795822143555,0.970428466796875,0.1180877685546875,0.0866851806640625
1773062309434450944,13.155833959579468,0.988525390625,0.1121826171875,0.0865936279296875
1773062309444487936,13.165870904922485,0.99713134765625,0.111907958984375,0.0628509521484375
1773062309454525696,13.17590880393982,0.9867401123046875,0.126129150390625,0.0896759033203125
1773062309464562944,13.185945987701416,0.9843902587890625,0.13287353515625,0.0984954833984375
1773062309474600704,13.19598388671875,0.975982666015625,0.1239013671875,0.076416015625
1773062309484637696,13.206020832061768,0.9527587890625,0.1151275634765625,0.0802459716796875
1773062309494675968,13.21605896949768,0.9419403076171875,0.117889404296875,0.08209228515625
1773062309504712704,13.226095914840698,0.94879150390625,0.1251220703125,0.0773162841796875
1773062309514750720,13.236133813858032,0.96417236328125,0.1272735595703125,0.061492919921875
1773062309524787968,13.246170997619629,0.9656524658203125,0.1349639892578125,0.0586395263671875
1773062309534825728,13.256208896636963,0.963653564453125,0.147857666015625,0.0750732421875
1773062309544862720,13.26624584197998,0.966644287109375,0.149444580078125,0.0885772705078125
1773062309554900992,13.276283979415894,0.9737548828125,0.1338348388671875,0.0901947021484375
1773062309564937728,13.286320924758911,0.9739227294921875,0.1118621826171875,0.0832977294921875
1773062309574975744,13.296358823776245,0.9597320556640625,0.1063995361328125,0.083099365234375
1773062309585012992,13.306396007537842,0.950439453125,0.111724853515625,0.079010009765625
1773062309595050752,13.316433906555176,0.9537200927734375,0.119903564453125,0.057708740234375
1773062309605087744,13.326470851898193,0.959991455078125,0.13165283203125,0.0674285888671875
1773062309615126016,13.336508989334106,0.9800262451171875,0.14031982421875,0.0956878662109375
1773062309625162752,13.346545934677124,1.008941650390625,0.1374053955078125,0.0920562744140625
1773062309635200768,13.356583833694458,1.017730712890625,0.1325225830078125,0.0962066650390625
1773062309645238016,13.366621017456055,1.004547119140625,0.1280059814453125,0.083526611328125
1773062309655275776,13.376658916473389,0.978668212890625,0.124359130859375,0.0700531005859375
1773062309665312768,13.386695861816406,0.9609222412109375,0.127197265625,0.07879638671875
1773062309675350784,13.39673399925232,0.9714202880859375,0.1230010986328125,0.08514404296875
1773062309685387776,13.406770944595337,0.9941864013671875,0.120361328125,0.0835723876953125
1773062309695425792,13.416808843612671,1.00994873046875,0.12725830078125,0.0774078369140625
1773062309705463040,13.426846027374268,1.00750732421875,0.140716552734375,0.088043212890625
1773062309715500800,13.436883926391602,1.005615234375,0.1386871337890625,0.0831451416015625
1773062309725537792,13.44692087173462,0.9975128173828125,0.1217041015625,0.0833892822265625
1773062309735575808,13.456959009170532,0.9855804443359375,0.1038818359375,0.093170166015625
1773062309745612800,13.46699595451355,0.97796630859375,0.0953826904296875,0.0793914794921875
1773062309755649536,13.477032661437988,0.97998046875,0.0999755859375,0.0885009765625
1773062309765686528,13.487069606781006,0.9874267578125,0.1097869873046875,0.1039276123046875
1773062309775724544,13.497107744216919,0.999908447265625,0.115142822265625,0.098480224609375
1773062309785761536,13.507144689559937,1.015045166015625,0.1132965087890625,0.103668212890625
1773062309795799552,13.51718258857727,1.017120361328125,0.1100311279296875,0.120086669921875
1773062309805836800,13.527219772338867,1.001434326171875,0.10418701171875,0.088653564453125
1773062309815874560,13.537257671356201,0.9754180908203125,0.1103363037109375,0.0802001953125
1773062309825911552,13.547294616699219,0.9616546630859375,0.130645751953125,0.0942840576171875
1773062309835949568,13.557332754135132,0.97283935546875,0.1381378173828125,0.0983428955078125
1773062309845986560,13.56736969947815,0.99896240234375,0.12835693359375,0.09344482421875
1773062309856024576,13.577407598495483,1.00982666015625,0.1116180419921875,0.094970703125
1773062309866061568,13.58744478225708,0.99969482421875,0.1005096435546875,0.099517822265625
1773062309876099584,13.597482681274414,0.9806060791015625,0.08685302734375,0.082244873046875
1773062309886136576,13.607519626617432,0.9651947021484375,0.082977294921875,0.064117431640625
1773062309896174592,13.617557764053345,0.96038818359375,0.087249755859375,0.052734375
1773062309906211584,13.627594709396362,0.9646759033203125,0.0926361083984375,0.0451202392578125
1773062309916249600,13.637632608413696,0.968170166015625,0.0993499755859375,0.04302978515625
1773062309926286336,13.647669553756714,0.9725799560546875,0.100311279296875,0.02777099609375
1773062309936324608,13.657707691192627,0.9746246337890625,0.0981292724609375,0.037628173828125
1773062309946361600,13.667744636535645,0.9738311767578125,0.08892822265625,0.044647216796875
1773062309956399616,13.677782773971558,0.9685516357421875,0.0790252685546875,0.0181732177734375
1773062309966436608,13.687819719314575,0.9547119140625,0.0770111083984375,0.0180511474609375
1773062309976474624,13.69785761833191,0.9436798095703125,0.0684814453125,-0.0238494873046875
1773062309986511360,13.707894563674927,0.91949462890625,0.0713043212890625,-0.071868896484375
1773062309996549632,13.71793270111084,0.90576171875,0.0941925048828125,-0.0466156005859375
1773062310006586624,13.727969646453857,0.9275665283203125,0.1070404052734375,-0.0729827880859375
1773062310016624640,13.73800778388977,0.95294189453125,0.1109771728515625,-0.0713043212890625
1773062310026661632,13.748044729232788,0.9714813232421875,0.101226806640625,-0.0475921630859375
1773062310036699648,13.758082628250122,0.9627685546875,0.0810699462890625,-0.0821685791015625
1773062310046736384,13.76811957359314,0.931793212890625,0.071258544921875,-0.0998992919921875
1773062310056774656,13.778157711029053,0.90826416015625,0.0699615478515625,-0.102264404296875
1773062310066811648,13.78819465637207,0.899322509765625,0.074737548828125,-0.106170654296875
1773062310076849408,13.798232555389404,0.8983001708984375,0.0735626220703125,-0.1500244140625
1773062310086886656,13.808269739151001,0.895782470703125,0.075775146484375,-0.1837310791015625
1773062310096924416,13.818307638168335,0.893768310546875,0.088897705078125,-0.1752777099609375
1773062310106961408,13.828344583511353,0.891448974609375,0.0810699462890625,-0.1625823974609375
1773062310116999680,13.838382720947266,0.881072998046875,0.0594940185546875,-0.1998443603515625
1773062310127036672,13.848419666290283,0.8726348876953125,0.05218505859375,-0.2449188232421875
1773062310137074432,13.858457565307617,0.865997314453125,0.06207275390625,-0.252899169921875
1773062310147111680,13.868494749069214,0.8556671142578125,0.0792236328125,-0.257568359375
1773062310157149440,13.878532648086548,0.8475189208984375,0.1024169921875,-0.248077392578125
1773062310167186432,13.888569593429565,0.8529510498046875,0.11358642578125,-0.2454376220703125
1773062310177224704,13.898607730865479,0.8694000244140625,0.1128082275390625,-0.2234039306640625
1773062310187261696,13.908644676208496,0.8825836181640625,0.0877532958984375,-0.221771240234375
1773062310197299456,13.91868257522583,0.868011474609375,0.0402984619140625,-0.320831298828125
1773062310207336704,13.928719758987427,0.80816650390625,0.0077667236328125,-0.381744384765625
1773062310217374464,13.93875765800476,0.748931884765625,0.007781982421875,-0.3841705322265625
1773062310227411456,13.948794603347778,0.7386474609375,0.029815673828125,-0.37994384765625
1773062310237449728,13.958832740783691,0.7622833251953125,0.0530853271484375,-0.3733367919921875
1773062310247486464,13.968869686126709,0.7926177978515625,0.0441741943359375,-0.402496337890625
1773062310257524480,13.978907585144043,0.7891387939453125,0.0269622802734375,-0.423797607421875
1773062310267561728,13.98894476890564,0.7755889892578125,0.0459442138671875,-0.3971405029296875
1773062310277598720,13.998981714248657,0.763885498046875,0.05084228515625,-0.4164276123046875
1773062310287636480,14.009019613265991,0.7284088134765625,-0.00518798828125,-0.4783172607421875
1773062310297674752,14.019057750701904,0.68487548828125,-0.0499114990234375,-0.4390716552734375
1773062310307711488,14.029094696044922,0.6728057861328125,-0.0623626708984375,-0.4312286376953125
1773062310317748480,14.03913164138794,0.6690673828125,-0.090850830078125,-0.5375518798828125
1773062310327786752,14.049169778823853,0.6413726806640625,-0.11175537109375,-0.5498504638671875
1773062310337824512,14.059207677841187,0.6170196533203125,-0.113616943359375,-0.5930328369140625
1773062310347861504,14.069244623184204,0.5807037353515625,-0.1418304443359375,-0.64862060546875
1773062310357898496,14.079281568527222,0.5507659912109375,-0.1202239990234375,-0.5963287353515625
1773062310367936512,14.089319705963135,0.5364532470703125,-0.0863800048828125,-0.550872802734375
1773062310377974528,14.099357604980469,0.5347442626953125,-0.0894012451171875,-0.5886688232421875
1773062310388011776,14.109394788742065,0.5557861328125,-0.09088134765625,-0.630218505859375
1773062310398048512,14.119431734085083,0.549163818359375,-0.1387176513671875,-0.7579193115234375
1773062310408086528,14.129469633102417,0.4769134521484375,-0.18304443359375,-0.8207550048828125
1773062310418123520,14.139506578445435,0.390838623046875,-0.1738128662109375,-0.7523040771484375
1773062310428161536,14.149544715881348,0.341339111328125,-0.2000885009765625,-0.7689208984375
1773062310438198528,14.159581661224365,0.32208251953125,-0.267242431640625,-0.7929840087890625
1773062310448236544,14.1696195602417,0.3201446533203125,-0.2464447021484375,-0.544189453125
1773062310458273536,14.179656744003296,0.35797119140625,-0.1699981689453125,-0.496337890625
1773062310468311552,14.18969464302063,0.388214111328125,-0.244476318359375,-0.8544464111328125
1773062310478348544,14.199731588363647,0.3349456787109375,-0.38653564453125,-1.06158447265625
1773062310488386560,14.20976972579956,0.199432373046875,-0.379638671875,-0.9575653076171875
1773062310498423552,14.219806671142578,0.0814361572265625,-0.3662261962890625,-0.792877197265625
1773062310508461568,14.229844570159912,0.0451812744140625,-0.38079833984375,-0.608367919921875
1773062310518498560,14.239881753921509,0.086456298828125,-0.3528289794921875,-0.586090087890625
1773062310528536576,14.249919652938843,0.177459716796875,-0.3397674560546875,-0.7056121826171875
1773062310538573568,14.25995659828186,0.2521820068359375,-0.3419952392578125,-0.878936767578125
1773062310548611584,14.269994735717773,0.181243896484375,-0.4343719482421875,-1.0590362548828125
1773062310558648576,14.280031681060791,-0.0167999267578125,-0.5384063720703125,-1.158050537109375
1773062310568686592,14.290069580078125,-0.186798095703125,-0.5614166259765625,-1.03375244140625
1773062310578723584,14.300106763839722,-0.24945068359375,-0.5144805908203125,-0.8411407470703125
1773062310588761600,14.310144662857056,-0.2248382568359375,-0.4482879638671875,-0.7910919189453125
1773062310598798592,14.320181608200073,-0.1089324951171875,-0.3146209716796875,-0.7996368408203125
1773062310608836608,14.330219745635986,0.0588836669921875,-0.089141845703125,-0.625762939453125
1773062310618873600,14.340256690979004,0.1882476806640625,-0.07965087890625,-0.8112640380859375
1773062310628911616,14.350294589996338,0.1085052490234375,-0.35009765625,-1.1350250244140625
1773062310638948608,14.360331773757935,-0.1768798828125,-0.552947998046875,-1.01214599609375
1773062310648986624,14.370369672775269,-0.4300384521484375,-0.71221923828125,-0.96533203125
1773062310659023616,14.380406618118286,-0.542938232421875,-0.851531982421875,-0.9427947998046875
1773062310669061632,14.3904447555542,-0.5455474853515625,-0.8029937744140625,-0.8892669677734375
1773062310679098624,14.400481700897217,-0.4085540771484375,-0.4884796142578125,-0.6808013916015625
1773062310689136384,14.41051959991455,-0.2186126708984375,-0.125244140625,-0.4486541748046875
1773062310699173632,14.420556783676147,-0.0611572265625,-0.0171051025390625,-0.53875732421875
1773062310709211648,14.430594682693481,0.02496337890625,-0.1573333740234375,-0.9258270263671875
1773062310719248640,14.440631628036499,-0.1370697021484375,-0.472625732421875,-1.12890625
1773062310729286656,14.450669765472412,-0.5042724609375,-0.749725341796875,-0.937408447265625
1773062310739323648,14.46070671081543,-0.8092193603515625,-0.9333648681640625,-0.92083740234375
1773062310749361408,14.470744609832764,-0.896484375,-0.9483642578125,-0.92791748046875
1773062310759398656,14.48078179359436,-0.830322265625,-0.6644439697265625,-0.7990570068359375
1773062310769436928,14.490819931030273,-0.67169189453125,-0.2938079833984375,-0.6715087890625
1773062310779473664,14.500856876373291,-0.498504638671875,-0.0842437744140625,-0.6995086669921875
1773062310789511680,14.510894775390625,-0.3538055419921875,-0.1181182861328125,-0.8203277587890625
1773062310799548672,14.520931720733643,-0.322479248046875,-0.334625244140625,-0.91522216796875
1773062310809586688,14.530969858169556,-0.4855499267578125,-0.55841064453125,-0.9626922607421875
1773062310819623680,14.541006803512573,-0.7792816162109375,-0.747833251953125,-0.8770904541015625
1773062310829661952,14.551044940948486,-1.0463714599609375,-0.8284912109375,-0.8205413818359375
1773062310839698688,14.561081886291504,-1.125579833984375,-0.6478729248046875,-0.62628173828125
1773062310849736704,14.571119785308838,-1.0150604248046875,-0.3625640869140625,-0.54669189453125
1773062310859773696,14.581156730651855,-0.7830963134765625,-0.1580047607421875,-0.5920867919921875
1773062310869811712,14.591194868087769,-0.5592803955078125,-0.068206787109375,-0.6354827880859375
1773062310879848704,14.601231813430786,-0.4929656982421875,-0.1918182373046875,-0.8202972412109375
1773062310889886976,14.6112699508667,-0.67877197265625,-0.448272705078125,-0.9035491943359375
1773062310899923712,14.621306896209717,-0.9954376220703125,-0.5954132080078125,-0.782012939453125
1773062310909961728,14.63134479522705,-1.189117431640625,-0.7046661376953125,-0.7083892822265625
1773062310919998720,14.641381740570068,-1.17333984375,-0.7028350830078125,-0.6416168212890625
1773062310930036736,14.651419878005981,-1.0209808349609375,-0.486907958984375,-0.578857421875
1773062310940073728,14.661456823348999,-0.7884063720703125,-0.22711181640625,-0.5460968017578125
1773062310950111744,14.671494722366333,-0.63116455078125,-0.0949554443359375,-0.558837890625
1773062310960148736,14.68153190612793,-0.61273193359375,-0.14068603515625,-0.7447357177734375
1773062310970186752,14.691569805145264,-0.7194366455078125,-0.29107666015625,-0.7768402099609375
1773062310980223744,14.701606750488281,-0.970703125,-0.448944091796875,-0.676300048828125
1773062310990261760,14.711644887924194,-1.135040283203125,-0.567535400390625,-0.6095428466796875
1773062311000298752,14.721681833267212,-1.089385986328125,-0.580291748046875,-0.54931640625
1773062311010336512,14.731719732284546,-0.928619384765625,-0.485015869140625,-0.5406036376953125
1773062311020373760,14.741756916046143,-0.7720947265625,-0.315155029296875,-0.5683746337890625
1773062311030411776,14.751794815063477,-0.6923065185546875,-0.1964569091796875,-0.5394744873046875
1773062311040448768,14.761831760406494,-0.700775146484375,-0.2062530517578125,-0.6051483154296875
1773062311050486784,14.771869897842407,-0.7770538330078125,-0.2747955322265625,-0.67041015625
1773062311060523776,14.781906843185425,-0.898956298828125,-0.3502044677734375,-0.574859619140625
1773062311070561536,14.791944742202759,-1.0076141357421875,-0.3723907470703125,-0.521209716796875
1773062311080598784,14.801981925964355,-0.9917755126953125,-0.3128814697265625,-0.51177978515625
1773062311090636800,14.81201982498169,-0.8843536376953125,-0.260589599609375,-0.5438690185546875
1773062311100673792,14.822056770324707,-0.8101348876953125,-0.2481842041015625,-0.606201171875
1773062311110711808,14.83209490776062,-0.8294219970703125,-0.268798828125,-0.53326416015625
1773062311120748800,14.842131853103638,-0.909271240234375,-0.3268585205078125,-0.4490509033203125
1773062311130786560,14.852169752120972,-0.957763671875,-0.3723602294921875,-0.39898681640625
1773062311140823808,14.862206935882568,-0.9422607421875,-0.381195068359375,-0.3831939697265625
1773062311150861824,14.872244834899902,-0.8990478515625,-0.3343353271484375,-0.4296722412109375
1773062311160898560,14.88228178024292,-0.8766937255859375,-0.2303924560546875,-0.474761962890625
1773062311170936832,14.892319917678833,-0.9059600830078125,-0.16693115234375,-0.496734619140625
1773062311180973824,14.90235686302185,-0.9726104736328125,-0.2001190185546875,-0.53900146484375
1773062311191011584,14.912394762039185,-1.0296478271484375,-0.27593994140625,-0.4920501708984375
1773062311201048832,14.922431945800781,-1.0590972900390625,-0.326568603515625,-0.4139404296875
1773062311211086848,14.932469844818115,-1.0420074462890625,-0.310272216796875,-0.3631744384765625
1773062311221123584,14.942506790161133,-0.9705657958984375,-0.240997314453125,-0.3716583251953125
1773062311231161856,14.952544927597046,-0.8919677734375,-0.1804656982421875,-0.4099884033203125
1773062311241198848,14.962581872940063,-0.8729248046875,-0.182220458984375,-0.4600372314453125
1773062311251236608,14.972619771957397,-0.9217529296875,-0.2351226806640625,-0.517242431640625
1773062311261273856,14.982656955718994,-0.98944091796875,-0.28125,-0.4748687744140625
1773062311271311872,14.992694854736328,-1.020416259765625,-0.2984619140625,-0.389923095703125
1773062311281348608,15.002731800079346,-0.9798126220703125,-0.268829345703125,-0.359619140625
1773062311291386880,15.012769937515259,-0.8985595703125,-0.203155517578125,-0.3952178955078125
1773062311301423872,15.022806882858276,-0.8629302978515625,-0.1721343994140625,-0.4361572265625
1773062311311461632,15.03284478187561,-0.8936004638671875,-0.2050323486328125,-0.4403076171875
1773062311321498624,15.042881727218628,-0.9530792236328125,-0.2696075439453125,-0.4250640869140625
1773062311331536896,15.052919864654541,-0.975921630859375,-0.3188323974609375,-0.3897705078125
1773062311341573632,15.062956809997559,-0.947265625,-0.30584716796875,-0.3686981201171875
1773062311351611904,15.072994947433472,-0.90191650390625,-0.236724853515625,-0.392120361328125
1773062311361648896,15.08303189277649,-0.8719329833984375,-0.1996307373046875,-0.4622344970703125
1773062311371686656,15.093069791793823,-0.892303466796875,-0.232666015625,-0.5491485595703125
1773062311381723648,15.10310673713684,-0.96759033203125,-0.2910919189453125,-0.5376129150390625
1773062311391761664,15.113144874572754,-1.03656005859375,-0.32177734375,-0.4156646728515625
1773062311401798656,15.123181819915771,-1.030548095703125,-0.3092803955078125,-0.3173370361328125
1773062311411836928,15.133219957351685,-0.9480438232421875,-0.248565673828125,-0.304229736328125
1773062311421873920,15.143256902694702,-0.8764190673828125,-0.1910247802734375,-0.3919219970703125
1773062311431911680,15.153294801712036,-0.8740692138671875,-0.2046661376953125,-0.544036865234375
1773062311441948672,15.163331747055054,-0.9348907470703125,-0.2814483642578125,-0.63055419921875
1773062311451986688,15.173369884490967,-1.0237884521484375,-0.3434295654296875,-0.56768798828125
1773062311462023680,15.183406829833984,-1.059661865234375,-0.3854522705078125,-0.459564208984375
1773062311472061696,15.193444728851318,-1.036163330078125,-0.40447998046875,-0.418182373046875
1773062311482098944,15.203481912612915,-0.9977264404296875,-0.3869476318359375,-0.4696044921875
1773062311492136704,15.213519811630249,-0.9453887939453125,-0.3400421142578125,-0.5398406982421875
1773062311502173696,15.223556756973267,-0.9063262939453125,-0.2384033203125,-0.526458740234375
1773062311512211712,15.23359489440918,-0.90155029296875,-0.148162841796875,-0.5146942138671875
1773062311522248704,15.243631839752197,-0.9037628173828125,-0.19482421875,-0.572418212890625
1773062311532286720,15.253669738769531,-0.9310455322265625,-0.3376007080078125,-0.5713043212890625
1773062311542323712,15.263706922531128,-1.0048980712890625,-0.43658447265625,-0.4866943359375
1773062311552361728,15.273744821548462,-1.0453948974609375,-0.44927978515625,-0.4121246337890625
1773062311562398720,15.28378176689148,-1.016357421875,-0.41436767578125,-0.4528350830078125
1773062311572436736,15.293819904327393,-0.951171875,-0.37335205078125,-0.52679443359375
1773062311582473728,15.30385684967041,-0.9322052001953125,-0.3635101318359375,-0.6091766357421875
1773062311592511744,15.313894748687744,-0.9606170654296875,-0.3914337158203125,-0.614471435546875
1773062311602548736,15.32393193244934,-0.9971923828125,-0.396270751953125,-0.52947998046875
1773062311612586752,15.333969831466675,-0.973846435546875,-0.3600006103515625,-0.4625091552734375
1773062311622623744,15.344006776809692,-0.9193878173828125,-0.36163330078125,-0.506591796875
1773062311632661760,15.354044914245605,-0.8872833251953125,-0.4072723388671875,-0.5911102294921875
1773062311642698752,15.364081859588623,-0.8824005126953125,-0.42279052734375,-0.56378173828125
1773062311652736768,15.374119758605957,-0.8879547119140625,-0.4043121337890625,-0.5251922607421875
1773062311662773760,15.384156942367554,-0.9096221923828125,-0.4140472412109375,-0.5584716796875
1773062311672811776,15.394194841384888,-0.933929443359375,-0.4469146728515625,-0.6038055419921875
1773062311682848768,15.404231786727905,-0.9793701171875,-0.480926513671875,-0.5820159912109375
1773062311692886784,15.414269924163818,-1.0065460205078125,-0.506195068359375,-0.5446319580078125
1773062311702923776,15.424306869506836,-0.95355224609375,-0.481292724609375,-0.52984619140625
1773062311712961792,15.43434476852417,-0.8513031005859375,-0.4228515625,-0.576416015625
1773062311722998784,15.444381952285767,-0.7845611572265625,-0.397613525390625,-0.66845703125
1773062311733036800,15.4544198513031,-0.8082733154296875,-0.404327392578125,-0.687042236328125
1773062311743073792,15.464456796646118,-0.856292724609375,-0.4275970458984375,-0.6377105712890625
1773062311753112832,15.474495887756348,-0.842926025390625,-0.4732513427734375,-0.6246337890625
1773062311763149824,15.484532833099365,-0.7851409912109375,-0.5112457275390625,-0.6617584228515625
1773062311773187584,15.4945707321167,-0.7502288818359375,-0.4968719482421875,-0.690673828125
1773062311783224832,15.504607915878296,-0.753662109375,-0.5038909912109375,-0.7422637939453125
1773062311793262848,15.51464581489563,-0.764862060546875,-0.5283355712890625,-0.7730712890625
1773062311803299584,15.524682760238647,-0.7651214599609375,-0.4971466064453125,-0.712005615234375
1773062311813337856,15.53472089767456,-0.736114501953125,-0.4757843017578125,-0.6934661865234375
1773062311823374848,15.544757843017578,-0.69073486328125,-0.49737548828125,-0.708282470703125
1773062311833412608,15.554795742034912,-0.6356658935546875,-0.5285186767578125,-0.730194091796875
1773062311843449856,15.564832925796509,-0.5832366943359375,-0.5477294921875,-0.735107421875
1773062311853487616,15.574870824813843,-0.55316162109375,-0.5532684326171875,-0.7330169677734375
1773062311863524608,15.58490777015686,-0.5497283935546875,-0.545989990234375,-0.7830352783203125
1773062311873562880,15.594945907592773,-0.550201416015625,-0.466339111328125,-0.7515106201171875
1773062311883599872,15.604982852935791,-0.5608062744140625,-0.371246337890625,-0.7004241943359375
1773062311893637632,15.615020751953125,-0.5228729248046875,-0.3779296875,-0.8425445556640625
1773062311903674880,15.625057935714722,-0.43585205078125,-0.4206085205078125,-0.959991455078125
1773062311913712640,15.635095834732056,-0.385406494140625,-0.47344970703125,-0.9242706298828125
1773062311923749632,15.645132780075073,-0.398590087890625,-0.5870513916015625,-0.8762054443359375
1773062311933787904,15.655170917510986,-0.4115447998046875,-0.657867431640625,-0.8480987548828125
1773062311943824896,15.665207862854004,-0.3989410400390625,-0.5865936279296875,-0.7579498291015625
1773062311953862656,15.675245761871338,-0.3553314208984375,-0.4701995849609375,-0.8295745849609375
1773062311963899904,15.685282945632935,-0.2857666015625,-0.3361358642578125,-0.931884765625
1773062311973937664,15.695320844650269,-0.225738525390625,-0.2713165283203125,-0.86883544921875
1773062311983974656,15.705357789993286,-0.2001495361328125,-0.3850250244140625,-0.960662841796875
1773062311994012928,15.7153959274292,-0.1739959716796875,-0.46856689453125,-0.904632568359375
1773062312004049664,15.725432872772217,-0.130218505859375,-0.5087738037109375,-0.7928314208984375
1773062312014087680,15.73547077178955,-0.07763671875,-0.542694091796875,-0.7801513671875
1773062312024124928,15.745507955551147,-0.057861328125,-0.56854248046875,-0.7995452880859375
1773062312034161920,15.755544900894165,-0.0598907470703125,-0.5740203857421875,-0.8727874755859375
1773062312044199680,15.765582799911499,-0.0666046142578125,-0.470916748046875,-0.8757171630859375
1773062312054237952,15.775620937347412,-0.0289154052734375,-0.3041229248046875,-0.806915283203125
1773062312064274688,15.78565788269043,0.06768798828125,-0.248504638671875,-0.81298828125
1773062312074311680,15.795694828033447,0.15374755859375,-0.3262939453125,-0.9676361083984375
1773062312084349696,15.805732727050781,0.1423797607421875,-0.34130859375,-0.9313812255859375
1773062312094386944,15.815769910812378,0.1249237060546875,-0.320892333984375,-0.7488861083984375
1773062312104424704,15.825807809829712,0.168914794921875,-0.3815460205078125,-0.8213043212890625
1773062312114461696,15.83584475517273,0.2122039794921875,-0.3857879638671875,-0.8666839599609375
1773062312124499712,15.845882892608643,0.2384185791015625,-0.2918548583984375,-0.7625885009765625
1773062312134536704,15.85591983795166,0.2480316162109375,-0.2230072021484375,-0.893798828125
1773062312144574720,15.865957736968994,0.2648468017578125,-0.1982421875,-0.9054107666015625
1773062312154611712,15.87599492073059,0.28790283203125,-0.2449798583984375,-0.866119384765625
1773062312164649728,15.886032819747925,0.3011016845703125,-0.2602386474609375,-0.8235321044921875
1773062312174686720,15.896069765090942,0.332183837890625,-0.2904205322265625,-0.7972412109375
1773062312184724736,15.906107902526855,0.323760986328125,-0.3852386474609375,-0.93109130859375
1773062312194761728,15.916144847869873,0.293548583984375,-0.33404541015625,-0.8025360107421875
1773062312204799744,15.926182746887207,0.3080291748046875,-0.2464599609375,-0.7091217041015625
1773062312214836736,15.936219930648804,0.3592987060546875,-0.2404327392578125,-0.8200836181640625
1773062312224874752,15.946257829666138,0.4032135009765625,-0.2680816650390625,-0.8229217529296875
1773062312234911744,15.956294775009155,0.4469451904296875,-0.2877197265625,-0.7591552734375
1773062312244949760,15.966332912445068,0.4483795166015625,-0.315887451171875,-0.861968994140625
1773062312254986752,15.976369857788086,0.4116058349609375,-0.256439208984375,-0.804840087890625
1773062312265024768,15.98640775680542,0.41632080078125,-0.144683837890625,-0.6143646240234375
1773062312275061760,15.996444940567017,0.443115234375,-0.10382080078125,-0.7025146484375
1773062312285099776,16.00648283958435,0.5066375732421875,-0.1202545166015625,-0.68951416015625
1773062312295136768,16.016519784927368,0.5950775146484375,-0.1784820556640625,-0.658905029296875
1773062312305174784,16.02655792236328,0.648162841796875,-0.1926727294921875,-0.5469818115234375
1773062312315211776,16.0365948677063,0.6452484130859375,-0.2509918212890625,-0.6000518798828125
1773062312325249792,16.046632766723633,0.6024627685546875,-0.266998291015625,-0.644287109375
1773062312335286784,16.05666995048523,0.5750732421875,-0.2034759521484375,-0.6191558837890625
1773062312345324800,16.066707849502563,0.5274810791015625,-0.1379852294921875,-0.6152801513671875
1773062312355361792,16.07674479484558,0.5582122802734375,-0.024444580078125,-0.5129241943359375
1773062312365399808,16.086782932281494,0.6531219482421875,0.0384368896484375,-0.498748779296875
1773062312375436800,16.09681987762451,0.7428741455078125,0.0196533203125,-0.5071258544921875
1773062312385474560,16.106857776641846,0.776580810546875,-0.0198211669921875,-0.4230804443359375
1773062312395511552,16.116894721984863,0.7543792724609375,-0.06097412109375,-0.40802001953125
1773062312405549824,16.126932859420776,0.726531982421875,-0.08447265625,-0.3610992431640625
1773062312415586816,16.136969804763794,0.7310638427734375,-0.0931549072265625,-0.36431884765625
1773062312425624832,16.147007942199707,0.7098541259765625,-0.1007232666015625,-0.4451904296875
1773062312435661824,16.157044887542725,0.6920623779296875,-0.0634307861328125,-0.3577728271484375
1773062312445699584,16.16708278656006,0.6829986572265625,-0.0107269287109375,-0.350341796875
1773062312455736576,16.177119731903076,0.6895904541015625,0.0513458251953125,-0.35736083984375
1773062312465774848,16.18715786933899,0.7458038330078125,0.1166534423828125,-0.3005218505859375
1773062312475811840,16.197194814682007,0.80712890625,0.127593994140625,-0.2720947265625
1773062312485849856,16.20723295211792,0.8390655517578125,0.0637054443359375,-0.305145263671875
1773062312495886848,16.217269897460938,0.8284149169921875,0.0045318603515625,-0.277862548828125
1773062312505924608,16.22730779647827,0.8009796142578125,-0.0188140869140625,-0.226470947265625
1773062312515961600,16.23734474182129,0.7857666015625,-0.0233001708984375,-0.2352142333984375
1773062312525999872,16.247382879257202,0.7792816162109375,0.00665283203125,-0.2166290283203125
1773062312536036608,16.25741982460022,0.80413818359375,0.0548095703125,-0.2032012939453125
1773062312546074624,16.267457723617554,0.8523406982421875,0.093231201171875,-0.2256011962890625
1773062312556111872,16.27749490737915,0.8869476318359375,0.1275787353515625,-0.188232421875
1773062312566149632,16.287532806396484,0.9126739501953125,0.1349029541015625,-0.18487548828125
1773062312576186624,16.297569751739502,0.91357421875,0.111572265625,-0.2283935546875
1773062312586224896,16.307607889175415,0.8963775634765625,0.09063720703125,-0.143218994140625
1773062312596261632,16.317644834518433,0.9049530029296875,0.0529022216796875,-0.123687744140625
1773062312606299648,16.327682733535767,0.925323486328125,0.0518341064453125,-0.1568603515625
1773062312616336896,16.337719917297363,0.94976806640625,0.1131439208984375,-0.0688629150390625
1773062312626374656,16.347757816314697,1.0052032470703125,0.1464996337890625,-0.05560302734375
1773062312636411648,16.357794761657715,1.0325164794921875,0.163726806640625,-0.09429931640625
1773062312646449920,16.367832899093628,1.02099609375,0.17578125,-0.0835418701171875
1773062312656486656,16.377869844436646,1.002044677734375,0.1740570068359375,-0.070037841796875
1773062312666524672,16.38790774345398,1.010040283203125,0.162017822265625,-0.070159912109375
1773062312676561920,16.397944927215576,1.02392578125,0.127777099609375,-0.0379791259765625
1773062312686599680,16.40798282623291,1.052734375,0.0645294189453125,-0.066070556640625
1773062312696636672,16.418019771575928,1.028228759765625,0.036468505859375,-0.0535736083984375
1773062312706674688,16.42805790901184,0.979461669921875,0.0686798095703125,-0.033294677734375
1773062312716711680,16.43809485435486,0.967926025390625,0.1484832763671875,-0.0515594482421875
1773062312726749696,16.448132753372192,0.9965972900390625,0.21771240234375,-0.018157958984375
1773062312736786944,16.45816993713379,1.052734375,0.21246337890625,-0.0001983642578125
1773062312746824704,16.468207836151123,1.0670623779296875,0.158477783203125,-0.0289154052734375
1773062312756861696,16.47824478149414,1.0095977783203125,0.1286163330078125,-0.04168701171875
1773062312766899712,16.488282680511475,0.952239990234375,0.1315765380859375,-0.0157318115234375
1773062312776936704,16.49831986427307,0.931488037109375,0.1290740966796875,-0.026275634765625
1773062312786974720,16.508357763290405,0.940704345703125,0.1234588623046875,-0.0068359375
1773062312797011712,16.518394708633423,0.9599609375,0.11016845703125,0.01324462890625
1773062312807049728,16.528432846069336,0.9639434814453125,0.0970611572265625,0.02435302734375
1773062312817086720,16.538469791412354,0.951446533203125,0.0974578857421875,0.024200439453125
1773062312827124480,16.548507690429688,0.93994140625,0.1118927001953125,0.01507568359375
1773062312837161728,16.558544874191284,0.9379119873046875,0.135101318359375,0.012176513671875
1773062312847199744,16.568582773208618,0.9510498046875,0.151397705078125,0.02349853515625
1773062312857236736,16.578619718551636,0.9546661376953125,0.1342926025390625,0.0420989990234375
1773062312867274752,16.58865785598755,0.9519500732421875,0.111083984375,0.03912353515625
1773062312877311744,16.598694801330566,0.9453887939453125,0.1101226806640625,0.0408935546875
1773062312887349504,16.6087327003479,0.95294189453125,0.12384033203125,0.062408447265625
1773062312897386752,16.618769884109497,0.9809417724609375,0.1225738525390625,0.0407257080078125
1773062312907424768,16.62880778312683,0.983856201171875,0.1024017333984375,0.0311737060546875
1773062312917461760,16.63884472846985,0.9535369873046875,0.08953857421875,0.0511016845703125
1773062312927499776,16.64888286590576,0.943695068359375,0.1069183349609375,0.0558929443359375
1773062312937536768,16.65891981124878,0.96270751953125,0.136962890625,0.064605712890625
1773062312947574528,16.668957710266113,1.0042877197265625,0.1483612060546875,0.08868408203125
1773062312957611776,16.67899489402771,1.0318145751953125,0.136383056640625,0.0831146240234375
1773062312967649792,16.689032793045044,1.021209716796875,0.1184539794921875,0.079132080078125
1773062312977686528,16.69906973838806,0.990875244140625,0.12353515625,0.0961151123046875
1773062312987724800,16.709107875823975,0.9851837158203125,0.138031005859375,0.0975341796875
1773062312997761792,16.719144821166992,1.00250244140625,0.1374053955078125,0.0907440185546875
1773062313007799552,16.729182720184326,1.00958251953125,0.122528076171875,0.083587646484375
1773062313017836800,16.739219903945923,0.994110107421875,0.10882568359375,0.085052490234375
1773062313027874816,16.749257802963257,0.9885711669921875,0.1063995361328125,0.084716796875
1773062313037911552,16.759294748306274,1.0043182373046875,0.106658935546875,0.081573486328125
1773062313047949824,16.769332885742188,1.0121917724609375,0.1082611083984375,0.0923919677734375
1773062313057986816,16.779369831085205,1.0103302001953125,0.1055755615234375,0.0821685791015625
1773062313068024576,16.78940773010254,1.0053253173828125,0.1124267578125,0.079376220703125
1773062313078061824,16.799444913864136,1.00518798828125,0.126708984375,0.08251953125
1773062313088099840,16.80948281288147,1.016265869140625,0.1268157958984375,0.0913238525390625
1773062313098136576,16.819519758224487,1.019073486328125,0.114410400390625,0.0723114013671875
1773062313108174848,16.8295578956604,1.006439208984375,0.1085357666015625,0.05828857421875
1773062313118211840,16.839594841003418,0.984832763671875,0.1122283935546875,0.0651702880859375
1773062313128249600,16.849632740020752,0.980804443359375,0.119598388671875,0.0520172119140625
1773062313138286592,16.85966968536377,0.9891510009765625,0.1276702880859375,0.0544891357421875
1773062313148324608,16.869707822799683,0.9977874755859375,0.1287078857421875,0.0577850341796875
1773062313158361600,16.8797447681427,1.0056915283203125,0.1226806640625,0.0542144775390625
1773062313168399872,16.889782905578613,0.99468994140625,0.1147918701171875,0.036956787109375
1773062313178436864,16.89981985092163,0.9717559814453125,0.1116790771484375,0.0113067626953125
1773062313188474624,16.909857749938965,0.9527587890625,0.1093597412109375,0.00286865234375
1773062313198511616,16.919894695281982,0.9496307373046875,0.102752685546875,0.014556884765625
1773062313208549632,16.929932832717896,0.9586639404296875,0.094879150390625,0.0323028564453125
1773062313218586624,16.939969778060913,0.964202880859375,0.0862579345703125,0.0488739013671875
1773062313228624896,16.950007915496826,0.968048095703125,0.09521484375,0.069122314453125
1773062313238661888,16.960044860839844,0.9795684814453125,0.1090087890625,0.071868896484375
1773062313248699648,16.970082759857178,0.9771270751953125,0.1121978759765625,0.04705810546875
1773062313258736640,16.980119705200195,0.96087646484375,0.1136016845703125,0.032501220703125
1773062313268774656,16.99015784263611,0.9472198486328125,0.1172943115234375,0.0290374755859375
1773062313278811648,17.000194787979126,0.9486846923828125,0.1035614013671875,0.0261993408203125
1773062313288849664,17.01023268699646,0.957305908203125,0.0883026123046875,0.0299224853515625
1773062313298886656,17.020269870758057,0.9634246826171875,0.0937347412109375,0.0487060546875
1773062313308924672,17.03030776977539,0.982269287109375,0.1037750244140625,0.0485076904296875
1773062313318961664,17.040344715118408,0.9969482421875,0.1121978759765625,0.050079345703125
1773062313328999680,17.05038285255432,1.0005645751953125,0.1171417236328125,0.044525146484375
1773062313339036672,17.06041979789734,0.995330810546875,0.1193695068359375,0.045806884765625
1773062313349074688,17.070457696914673,0.98553466796875,0.1114959716796875,0.030548095703125
1773062313359111680,17.08049488067627,0.966705322265625,0.104949951171875,0.0091552734375
1773062313369149696,17.090532779693604,0.958099365234375,0.106781005859375,0.0196380615234375
1773062313379186688,17.10056972503662,0.9831390380859375,0.1084442138671875,0.0316009521484375
1773062313389224704,17.110607862472534,1.020538330078125,0.1173248291015625,0.0404052734375
1773062313399261696,17.12064480781555,1.047149658203125,0.1268463134765625,0.054534912109375
1773062313409299712,17.130682706832886,1.0443878173828125,0.1225128173828125,0.05108642578125
1773062313419336704,17.140719890594482,1.0218353271484375,0.101531982421875,0.020782470703125
1773062313429374720,17.150757789611816,0.984588623046875,0.08154296875,0.0079498291015625
1773062313439411712,17.160794734954834,0.960296630859375,0.072357177734375,0.0142822265625
1773062313449448704,17.17083168029785,0.9715728759765625,0.0808868408203125,0.0203857421875
1773062313459486720,17.180869817733765,0.98797607421875,0.0919647216796875,0.0228424072265625
1773062313469524736,17.1909077167511,0.9994354248046875,0.105926513671875,0.0384063720703125
1773062313479561728,17.200944900512695,1.0190277099609375,0.1154022216796875,0.05645751953125
1773062313489598720,17.210981845855713,1.032135009765625,0.109588623046875,0.0573577880859375
1773062313499636736,17.221019744873047,1.0279693603515625,0.0997314453125,0.052276611328125
1773062313509673472,17.231056690216064,1.0075836181640625,0.0926055908203125,0.0472412109375
1773062313519711744,17.241094827651978,0.9855194091796875,0.09130859375,0.0441436767578125
1773062313529748736,17.251131772994995,0.976287841796875,0.1013641357421875,0.0388031005859375
1773062313539786752,17.261169910430908,0.9727783203125,0.101226806640625,0.0376739501953125
1773062313549823744,17.271206855773926,0.9844512939453125,0.0910797119140625,0.022064208984375
1773062313559861760,17.28124475479126,0.9898834228515625,0.0912322998046875,0.0263671875
1773062313569898496,17.291281700134277,0.9836273193359375,0.0968170166015625,0.0413970947265625
1773062313579936768,17.30131983757019,0.98480224609375,0.0934906005859375,0.0225830078125
1773062313589973760,17.311356782913208,0.9852447509765625,0.0885772705078125,0.0237274169921875
1773062313600011520,17.321394681930542,0.9742584228515625,0.085968017578125,0.027374267578125
1773062313610048768,17.33143186569214,0.9598541259765625,0.0819091796875,0.004058837890625
1773062313620086784,17.341469764709473,0.9503936767578125,0.0915374755859375,-0.0005340576171875
1773062313630123520,17.35150671005249,0.9569091796875,0.1044464111328125,-0.0056915283203125
1773062313640161792,17.361544847488403,0.971221923828125,0.10595703125,-0.0314178466796875
1773062313650198784,17.37158179283142,0.9736328125,0.10406494140625,-0.0243072509765625
1773062313660236544,17.381619691848755,0.9712677001953125,0.0986175537109375,-0.0303802490234375
1773062313670273792,17.39165687561035,0.9658203125,0.088653564453125,-0.033905029296875
1773062313680311552,17.401694774627686,0.96142578125,0.07366943359375,-0.0322113037109375
1773062313690348544,17.411731719970703,0.9641265869140625,0.06719970703125,-0.0363922119140625
1773062313700386816,17.421769857406616,0.967010498046875,0.064788818359375,-0.044342041015625
1773062313710423808,17.431806802749634,0.95074462890625,0.06951904296875,-0.0879058837890625
1773062313720461568,17.441844701766968,0.92352294921875,0.0977935791015625,-0.1206817626953125
1773062313730498816,17.451881885528564,0.908599853515625,0.128265380859375,-0.0993194580078125
1773062313740536576,17.4619197845459,0.9177703857421875,0.1115264892578125,-0.12872314453125
1773062313750573568,17.471956729888916,0.9286651611328125,0.0772247314453125,-0.1556243896484375
1773062313760610304,17.481993436813354,0.9281158447265625,0.0612640380859375,-0.134185791015625
1773062313770647296,17.492030382156372,0.925994873046875,0.04931640625,-0.176055908203125
1773062313780685312,17.502068519592285,0.90289306640625,0.059326171875,-0.2113037109375
1773062313790722304,17.512105464935303,0.889739990234375,0.0971527099609375,-0.2326507568359375
1773062313800760320,17.522143363952637,0.8934478759765625,0.1361541748046875,-0.228271484375
1773062313810797568,17.532180547714233,0.90362548828125,0.1395111083984375,-0.19146728515625
1773062313820835328,17.542218446731567,0.930694580078125,0.1115570068359375,-0.2144775390625
1773062313830872320,17.552255392074585,0.9365386962890625,0.0920867919921875,-0.2563018798828125
1773062313840910336,17.562293529510498,0.9170684814453125,0.099578857421875,-0.283294677734375
1773062313850947328,17.572330474853516,0.880706787109375,0.1110076904296875,-0.279998779296875
1773062313860985344,17.58236837387085,0.8583831787109375,0.1209564208984375,-0.280487060546875
1773062313871022336,17.592405557632446,0.8602752685546875,0.125579833984375,-0.28985595703125
1773062313881060352,17.60244345664978,0.8603973388671875,0.1163177490234375,-0.2882080078125
1773062313891097344,17.612480401992798,0.8488311767578125,0.095947265625,-0.3440399169921875
1773062313901135360,17.62251853942871,0.822296142578125,0.0848541259765625,-0.38580322265625
1773062313911172352,17.63255548477173,0.7988128662109375,0.09490966796875,-0.360260009765625
1773062313921210368,17.642593383789062,0.7924652099609375,0.100250244140625,-0.407867431640625
1773062313931247360,17.65263056755066,0.8001708984375,0.1062774658203125,-0.4080047607421875
1773062313941285376,17.662668466567993,0.8136444091796875,0.0913543701171875,-0.3558349609375
1773062313951322368,17.67270541191101,0.7955474853515625,0.0544281005859375,-0.397491455078125
1773062313961360384,17.682743549346924,0.7619171142578125,0.03887939453125,-0.466217041015625
1773062313971397376,17.69278049468994,0.7388916015625,0.075531005859375,-0.442626953125
1773062313981435392,17.702818393707275,0.7334747314453125,0.089141845703125,-0.4200897216796875
1773062313991472384,17.712855577468872,0.7128143310546875,0.0359954833984375,-0.4691162109375
1773062314001510400,17.722893476486206,0.67974853515625,-0.0177459716796875,-0.4812164306640625
1773062314011547392,17.732930421829224,0.653533935546875,-0.0414581298828125,-0.4817352294921875
1773062314021585408,17.742968559265137,0.64312744140625,-0.0577392578125,-0.5354766845703125
1773062314031622400,17.753005504608154,0.6133270263671875,-0.079376220703125,-0.5362091064453125
1773062314041660416,17.76304340362549,0.5991058349609375,-0.0836334228515625,-0.533111572265625
1773062314051697152,17.773080348968506,0.5792236328125,-0.115447998046875,-0.6234588623046875
1773062314061735424,17.78311848640442,0.5543060302734375,-0.1119537353515625,-0.6102447509765625
1773062314071772416,17.793155431747437,0.549591064453125,-0.0903472900390625,-0.6332855224609375
1773062314081810432,17.80319356918335,0.525054931640625,-0.115478515625,-0.734100341796875
1773062314091847424,17.813230514526367,0.4813079833984375,-0.097808837890625,-0.7103271484375
1773062314101885440,17.8232684135437,0.464202880859375,-0.0807037353515625,-0.60919189453125
1773062314111922176,17.83330535888672,0.455596923828125,-0.1466827392578125,-0.7813720703125
1773062314121960448,17.843343496322632,0.423797607421875,-0.172760009765625,-0.8399810791015625
1773062314131997440,17.85338044166565,0.4273223876953125,-0.13726806640625,-0.7015838623046875
1773062314142035456,17.863418579101562,0.431182861328125,-0.1328887939453125,-0.648895263671875
1773062314152072448,17.87345552444458,0.438079833984375,-0.1099853515625,-0.5172271728515625
1773062314162110208,17.883493423461914,0.471405029296875,-0.09454345703125,-0.5419464111328125
1773062314172147200,17.89353036880493,0.466796875,-0.1554107666015625,-0.780059814453125
1773062314182185472,17.903568506240845,0.353668212890625,-0.2551422119140625,-1.0099029541015625
1773062314192222464,17.913605451583862,0.209381103515625,-0.341766357421875,-1.0505828857421875
1773062314202260224,17.923643350601196,0.10052490234375,-0.44073486328125,-1.0214691162109375
1773062314212297472,17.933680534362793,0.017791748046875,-0.4212493896484375,-0.89166259765625
1773062314222335232,17.943718433380127,0.0518341064453125,-0.191192626953125,-0.511932373046875
1773062314232372224,17.953755378723145,0.2296600341796875,-0.02362060546875,-0.1978912353515625
1773062314242410496,17.963793516159058,0.442657470703125,-0.047607421875,-0.3783111572265625
1773062314252447488,17.973830461502075,0.541259765625,-0.17669677734375,-0.777435302734375
1773062314262485248,17.98386836051941,0.357666015625,-0.4316558837890625,-1.2154541015625
1773062314272522496,17.993905544281006,-0.075408935546875,-0.735382080078125,-1.496246337890625
1773062314282560256,18.00394344329834,-0.4413604736328125,-0.84588623046875,-1.1538543701171875
1773062314292597248,18.013980388641357,-0.5394134521484375,-0.729522705078125,-0.7093048095703125
1773062314302635520,18.02401852607727,-0.3780517578125,-0.50592041015625,-0.57135009765625
1773062314312672256,18.034055471420288,-0.0832977294921875,-0.1248931884765625,-0.4456939697265625
1773062314322710272,18.044093370437622,0.234771728515625,0.2436065673828125,-0.341949462890625
1773062314332747520,18.05413055419922,0.53680419921875,0.2076416015625,-0.7251739501953125
1773062314342785280,18.064168453216553,0.48858642578125,-0.283935546875,-1.4801025390625
1773062314352822272,18.07420539855957,-0.0937957763671875,-0.7604522705078125,-1.5887908935546875
1773062314362860544,18.084243535995483,-0.7009124755859375,-0.9832611083984375,-1.1384124755859375
1773062314372897280,18.0942804813385,-0.9062347412109375,-1.0518341064453125,-0.695526123046875
1773062314382935296,18.104318380355835,-0.7676544189453125,-0.93829345703125,-0.7029571533203125
1773062314392972544,18.11435556411743,-0.4403228759765625,-0.506134033203125,-0.776702880859375
1773062314403010304,18.124393463134766,-0.142333984375,-0.034393310546875,-0.6783447265625
1773062314413047296,18.134430408477783,0.0313262939453125,0.122406005859375,-0.759063720703125
1773062314423085568,18.144468545913696,0.036346435546875,-0.073394775390625,-0.971466064453125
1773062314433122304,18.154505491256714,-0.17559814453125,-0.421417236328125,-1.09661865234375
1773062314443160320,18.164543390274048,-0.4669189453125,-0.711273193359375,-0.9273834228515625
1773062314453197568,18.174580574035645,-0.6263275146484375,-0.9017333984375,-0.7131195068359375
1773062314463235328,18.18461847305298,-0.6746063232421875,-0.9871673583984375,-0.7989501953125
1773062314473272320,18.194655418395996,-0.6697845458984375,-0.8082122802734375,-0.83233642578125
1773062314483310336,18.20469355583191,-0.659881591796875,-0.499755859375,-0.8087921142578125
1773062314493347328,18.214730501174927,-0.624603271484375,-0.292388916015625,-0.819122314453125
1773062314503385344,18.22476840019226,-0.6098785400390625,-0.2797393798828125,-0.817596435546875
1773062314513422336,18.23480534553528,-0.5690155029296875,-0.41461181640625,-0.8200225830078125
1773062314523460352,18.24484348297119,-0.512420654296875,-0.5279693603515625,-0.7657928466796875
1773062314533497344,18.25488042831421,-0.4950408935546875,-0.60577392578125,-0.689788818359375
1773062314543535360,18.264918565750122,-0.5985260009765625,-0.6261138916015625,-0.7347259521484375
1773062314553572352,18.27495551109314,-0.7321014404296875,-0.5677642822265625,-0.820098876953125
1773062314563610368,18.284993410110474,-0.8215179443359375,-0.494903564453125,-0.874359130859375
1773062314573647360,18.29503035545349,-0.876068115234375,-0.4502410888671875,-0.8112335205078125
1773062314583685376,18.305068492889404,-0.916412353515625,-0.4430999755859375,-0.6863861083984375
1773062314593722368,18.315105438232422,-0.86187744140625,-0.4685516357421875,-0.60626220703125
1773062314603760384,18.325143575668335,-0.7465057373046875,-0.479339599609375,-0.5803070068359375
1773062314613797376,18.335180521011353,-0.691802978515625,-0.469970703125,-0.6355438232421875
1773062314623835392,18.345218420028687,-0.6996917724609375,-0.4246978759765625,-0.6929779052734375
1773062314633872384,18.355255365371704,-0.740234375,-0.3096923828125,-0.670166015625
1773062314643910400,18.365293502807617,-0.8116607666015625,-0.3442230224609375,-0.7650909423828125
1773062314653947392,18.375330448150635,-0.9145660400390625,-0.581085205078125,-0.957275390625
1773062314663985152,18.38536834716797,-1.0025482177734375,-0.6629486083984375,-0.7369232177734375
1773062314674022400,18.395405530929565,-1.0349884033203125,-0.5617523193359375,-0.381011962890625
1773062314684060416,18.4054434299469,-0.9864349365234375,-0.460052490234375,-0.38104248046875
1773062314694097408,18.415480375289917,-0.8477935791015625,-0.3311004638671875,-0.5688323974609375
1773062314704135424,18.42551851272583,-0.722686767578125,-0.2000274658203125,-0.589508056640625
1773062314714172416,18.435555458068848,-0.7185821533203125,-0.191741943359375,-0.621063232421875
1773062314724210176,18.44559335708618,-0.808807373046875,-0.3398895263671875,-0.7401123046875
1773062314734247424,18.45563054084778,-0.9028167724609375,-0.5167999267578125,-0.7187957763671875
1773062314744285440,18.465668439865112,-0.965789794921875,-0.603240966796875,-0.51873779296875
1773062314754322176,18.47570538520813,-0.9503326416015625,-0.5969085693359375,-0.4661102294921875
1773062314764359424,18.485742568969727,-0.848876953125,-0.474578857421875,-0.4669342041015625
1773062314774397440,18.49578046798706,-0.7837677001953125,-0.3155517578125,-0.5013427734375
1773062314784435456,18.505818605422974,-0.769012451171875,-0.2115936279296875,-0.59197998046875
1773062314794472448,18.51585555076599,-0.78607177734375,-0.2159423828125,-0.625946044921875
1773062314804510464,18.525893449783325,-0.8434600830078125,-0.3382110595703125,-0.6772308349609375
1773062314814547456,18.535930633544922,-0.88226318359375,-0.45697021484375,-0.6268463134765625
1773062314824584448,18.54596757888794,-0.8802032470703125,-0.5139007568359375,-0.4754791259765625
1773062314834622464,18.556005477905273,-0.86529541015625,-0.48565673828125,-0.4010162353515625
1773062314844659456,18.56604266166687,-0.8262176513671875,-0.3824920654296875,-0.4122772216796875
1773062314854697472,18.576080560684204,-0.801971435546875,-0.324920654296875,-0.504241943359375
1773062314864734464,18.58611750602722,-0.8203125,-0.3022613525390625,-0.5863189697265625
1773062314874772480,18.596155643463135,-0.8577880859375,-0.2692413330078125,-0.498443603515625
1773062314884809472,18.606192588806152,-0.8974609375,-0.281524658203125,-0.4605865478515625
1773062314894847488,18.616230487823486,-0.8944244384765625,-0.3387298583984375,-0.5403289794921875
1773062314904884224,18.626267433166504,-0.8770904541015625,-0.3873291015625,-0.5318603515625
1773062314914922496,18.636305570602417,-0.9202880859375,-0.4130401611328125,-0.4984283447265625
1773062314924959488,18.646342515945435,-0.9627838134765625,-0.3946990966796875,-0.45172119140625
1773062314934997504,18.656380653381348,-0.9691619873046875,-0.3724212646484375,-0.4232025146484375
1773062314945034496,18.666417598724365,-0.9520111083984375,-0.3374176025390625,-0.421295166015625
1773062314955072512,18.6764554977417,-0.94134521484375,-0.3003997802734375,-0.4361419677734375
1773062314965109248,18.686492443084717,-0.943023681640625,-0.308685302734375,-0.492340087890625
1773062314975147520,18.69653058052063,-0.937957763671875,-0.344757080078125,-0.5277099609375
1773062314985184512,18.706567525863647,-0.9326629638671875,-0.3608856201171875,-0.513702392578125
1773062314995222528,18.71660566329956,-0.9342041015625,-0.3656005859375,-0.49188232421875
1773062315005259520,18.726642608642578,-0.9376678466796875,-0.3603668212890625,-0.500885009765625
1773062315015297536,18.736680507659912,-0.9372100830078125,-0.3289031982421875,-0.4747772216796875
1773062315025334272,18.74671745300293,-0.9401702880859375,-0.3037567138671875,-0.471923828125
1773062315035372544,18.756755590438843,-0.9232635498046875,-0.2900238037109375,-0.47247314453125
1773062315045409536,18.76679253578186,-0.88232421875,-0.33270263671875,-0.4959716796875
1773062315055447296,18.776830434799194,-0.8422088623046875,-0.411285400390625,-0.54241943359375
1773062315065484544,18.78686761856079,-0.82147216796875,-0.4560699462890625,-0.525482177734375
1773062315075522304,18.796905517578125,-0.82696533203125,-0.4623565673828125,-0.533233642578125
1773062315085559296,18.806942462921143,-0.855255126953125,-0.4228057861328125,-0.5428619384765625
1773062315095597568,18.816980600357056,-0.905731201171875,-0.3724365234375,-0.5316925048828125
1773062315105634560,18.827017545700073,-0.947509765625,-0.3544464111328125,-0.537139892578125
1773062315115672320,18.837055444717407,-0.9447174072265625,-0.3429107666015625,-0.490142822265625
1773062315125709568,18.847092628479004,-0.908477783203125,-0.3297882080078125,-0.460540771484375
1773062315135747328,18.857130527496338,-0.848846435546875,-0.3013153076171875,-0.4832000732421875
1773062315145784320,18.867167472839355,-0.85113525390625,-0.3281097412109375,-0.551055908203125
1773062315155822592,18.87720561027527,-0.923583984375,-0.434051513671875,-0.6578826904296875
1773062315165859584,18.887242555618286,-0.9849090576171875,-0.495452880859375,-0.6450653076171875
1773062315175897344,18.89728045463562,-0.9959564208984375,-0.504119873046875,-0.547760009765625
1773062315185934592,18.907317638397217,-0.953094482421875,-0.524444580078125,-0.533935546875
1773062315195972352,18.91735553741455,-0.8873443603515625,-0.511322021484375,-0.5407867431640625
1773062315206009344,18.92739248275757,-0.86468505859375,-0.440155029296875,-0.542266845703125
1773062315216047616,18.93743062019348,-0.9014892578125,-0.3851318359375,-0.5709228515625
1773062315226084352,18.9474675655365,-0.963897705078125,-0.3463592529296875,-0.60943603515625
1773062315236122368,18.957505464553833,-0.994476318359375,-0.353424072265625,-0.58380126953125
1773062315246159616,18.96754264831543,-1.002716064453125,-0.446502685546875,-0.57379150390625
1773062315256197376,18.977580547332764,-0.9884796142578125,-0.53070068359375,-0.5775604248046875
1773062315266234368,18.98761749267578,-0.9253387451171875,-0.57525634765625,-0.576019287109375
1773062315276272640,18.997655630111694,-0.8430633544921875,-0.62213134765625,-0.6679840087890625
1773062315286309376,19.007692575454712,-0.812042236328125,-0.585662841796875,-0.71630859375
1773062315296347392,19.017730474472046,-0.8929901123046875,-0.483551025390625,-0.6341094970703125
1773062315306384640,19.027767658233643,-1.008209228515625,-0.442596435546875,-0.6492462158203125
1773062315316422400,19.037805557250977,-1.012847900390625,-0.44537353515625,-0.6223602294921875
1773062315326459392,19.047842502593994,-0.94244384765625,-0.520416259765625,-0.578643798828125
1773062315336497664,19.057880640029907,-0.834747314453125,-0.6206207275390625,-0.6486358642578125
1773062315346534400,19.067917585372925,-0.73077392578125,-0.658233642578125,-0.6394805908203125
1773062315356572416,19.07795548439026,-0.73876953125,-0.65435791015625,-0.6714935302734375
1773062315366609408,19.087992429733276,-0.8108673095703125,-0.5986175537109375,-0.6741943359375
1773062315376647424,19.09803056716919,-0.8905181884765625,-0.5447235107421875,-0.6498260498046875
1773062315386684416,19.108067512512207,-0.91400146484375,-0.5410919189453125,-0.6841888427734375
1773062315396722432,19.11810564994812,-0.8546295166015625,-0.55914306640625,-0.714111328125
1773062315406759424,19.128142595291138,-0.7351531982421875,-0.6038665771484375,-0.7207183837890625
1773062315416797440,19.13818049430847,-0.6463623046875,-0.6384735107421875,-0.75347900390625
1773062315426834432,19.14821743965149,-0.6064300537109375,-0.6246337890625,-0.7865142822265625
1773062315436872448,19.158255577087402,-0.6269073486328125,-0.580780029296875,-0.7335052490234375
1773062315446909440,19.16829252243042,-0.67578125,-0.60418701171875,-0.7840728759765625
1773062315456947456,19.178330659866333,-0.69476318359375,-0.638092041015625,-0.881866455078125
1773062315466984448,19.18836760520935,-0.6580810546875,-0.602508544921875,-0.79833984375
1773062315477022464,19.198405504226685,-0.6104888916015625,-0.5621490478515625,-0.7775726318359375
1773062315487059456,19.208442449569702,-0.5187835693359375,-0.5396575927734375,-0.749298095703125
1773062315497097472,19.218480587005615,-0.4330291748046875,-0.57598876953125,-0.8086090087890625
1773062315507134464,19.228517532348633,-0.3729248046875,-0.6159515380859375,-0.8903045654296875
1773062315517172224,19.238555431365967,-0.3480987548828125,-0.5969696044921875,-0.868560791015625
1773062315527209472,19.248592615127563,-0.3841094970703125,-0.538726806640625,-0.8400421142578125
1773062315537247488,19.258630514144897,-0.43353271484375,-0.5111236572265625,-0.851898193359375
1773062315547284480,19.268667459487915,-0.4270172119140625,-0.54803466796875,-0.9606170654296875
1773062315557322496,19.278705596923828,-0.3702545166015625,-0.528961181640625,-0.9060821533203125
1773062315567359488,19.288742542266846,-0.2899932861328125,-0.4879608154296875,-0.8108978271484375
1773062315577397248,19.29878044128418,-0.2166900634765625,-0.5527801513671875,-0.9114532470703125
1773062315587434496,19.308817625045776,-0.1710662841796875,-0.5990753173828125,-0.94232177734375
1773062315597472512,19.31885552406311,-0.1780548095703125,-0.555816650390625,-0.7791595458984375
1773062315607509248,19.328892469406128,-0.2016143798828125,-0.57073974609375,-0.7975006103515625
1773062315617547520,19.33893060684204,-0.199371337890625,-0.5557098388671875,-0.8458404541015625
1773062315627584512,19.34896755218506,-0.152923583984375,-0.4992828369140625,-0.85028076171875
1773062315637622272,19.359005451202393,-0.08099365234375,-0.4058074951171875,-0.889007568359375
1773062315647659520,19.36904263496399,0.00762939453125,-0.331085205078125,-0.8167724609375
1773062315657697536,19.379080533981323,0.091766357421875,-0.3921356201171875,-0.9380340576171875
1773062315667734272,19.38911747932434,0.126312255859375,-0.409454345703125,-0.9474945068359375
1773062315677772544,19.399155616760254,0.0930938720703125,-0.4066619873046875,-0.8566436767578125
1773062315687809536,19.40919256210327,0.0545501708984375,-0.42449951171875,-0.8242340087890625
1773062315697847296,19.419230461120605,0.0558624267578125,-0.4217681884765625,-0.74102783203125
1773062315707884544,19.429267644882202,0.1129608154296875,-0.433807373046875,-0.7758331298828125
1773062315717922560,19.439305543899536,0.154632568359375,-0.379302978515625,-0.798431396484375
1773062315727959296,19.449342489242554,0.2155609130859375,-0.2749176025390625,-0.6109161376953125
1773062315737997568,19.459380626678467,0.33526611328125,-0.329071044921875,-0.77423095703125
1773062315748034560,19.469417572021484,0.387420654296875,-0.418701171875,-0.9800872802734375
1773062315758073088,19.479456186294556,0.3256072998046875,-0.3699493408203125,-0.7815093994140625
1773062315768110336,19.489493370056152,0.260986328125,-0.30731201171875,-0.6372833251953125
1773062315778148096,19.499531269073486,0.2468109130859375,-0.334503173828125,-0.8071441650390625
1773062315788185088,19.509568214416504,0.2761077880859375,-0.310821533203125,-0.8172760009765625
1773062315798223360,19.519606351852417,0.3158111572265625,-0.17413330078125,-0.6475677490234375
1773062315808260096,19.529643297195435,0.376129150390625,-0.0450592041015625,-0.5431976318359375
1773062315818298112,19.53968119621277,0.4774627685546875,-0.0628204345703125,-0.592132568359375
1773062315828335360,19.549718379974365,0.5596466064453125,-0.210113525390625,-0.7303009033203125
1773062315838373120,19.5597562789917,0.5519866943359375,-0.3383941650390625,-0.7615814208984375
1773062315848410112,19.569793224334717,0.467620849609375,-0.40728759765625,-0.785308837890625
1773062315858448384,19.57983136177063,0.37646484375,-0.3687286376953125,-0.730255126953125
1773062315868485120,19.589868307113647,0.3309326171875,-0.194793701171875,-0.48211669921875
1773062315878523136,19.59990620613098,0.40216064453125,-0.0021209716796875,-0.507080078125
1773062315888560384,19.609943389892578,0.5315704345703125,0.0844879150390625,-0.4498138427734375
1773062315898598144,19.619981288909912,0.67822265625,0.053192138671875,-0.47357177734375
1773062315908635136,19.63001823425293,0.743988037109375,-0.0304107666015625,-0.3463897705078125
1773062315918673152,19.640056371688843,0.76519775390625,-0.143951416015625,-0.3338470458984375
1773062315928710144,19.65009331703186,0.7242279052734375,-0.2186431884765625,-0.531707763671875
1773062315938748160,19.660131216049194,0.63201904296875,-0.2001800537109375,-0.6281890869140625
1773062315948785408,19.67016839981079,0.5641326904296875,-0.111328125,-0.50677490234375
1773062315958823168,19.680206298828125,0.5528411865234375,-0.03009033203125,-0.427703857421875
1773062315968860160,19.690243244171143,0.5873565673828125,0.0540008544921875,-0.365753173828125
1773062315978897152,19.70028018951416,0.701690673828125,0.1346435546875,-0.332977294921875
1773062315988935168,19.710318326950073,0.7989349365234375,0.127899169921875,-0.3492584228515625
1773062315998972160,19.72035527229309,0.8135223388671875,0.08502197265625,-0.296417236328125
1773062316009010432,19.730393409729004,0.7767333984375,0.0278472900390625,-0.3033447265625
1773062316019047168,19.74043035507202,0.725616455078125,-0.0305633544921875,-0.324005126953125
1773062316029085184,19.750468254089355,0.692108154296875,-0.0442047119140625,-0.3266754150390625
1773062316039122176,19.760505199432373,0.680572509765625,-0.0088348388671875,-0.2724151611328125
1773062316049160192,19.770543336868286,0.710357666015625,0.0261688232421875,-0.2161865234375
1773062316059197184,19.780580282211304,0.749237060546875,0.0679473876953125,-0.1750946044921875
1773062316069235200,19.790618181228638,0.804229736328125,0.1378021240234375,-0.0836181640625
1773062316079272192,19.800655364990234,0.8816680908203125,0.16253662109375,-0.057708740234375
1773062316089310208,19.81069326400757,0.9152984619140625,0.1096649169921875,-0.15985107421875
1773062316099347200,19.820730209350586,0.8741455078125,0.0687408447265625,-0.202056884765625
1773062316109385216,19.8307683467865,0.810089111328125,0.061981201171875,-0.1547088623046875
1773062316119422208,19.840805292129517,0.763336181640625,0.0262908935546875,-0.1458892822265625
1773062316129460224,19.85084319114685,0.7457275390625,-0.022247314453125,-0.1429290771484375
1773062316139497216,19.860880374908447,0.765350341796875,-0.02484130859375,-0.0496673583984375
1773062316149535232,19.87091827392578,0.81201171875,0.0264434814453125,0.032135009765625
1773062316159572224,19.8809552192688,0.86737060546875,0.121368408203125,0.035858154296875
1773062316169610240,19.890993356704712,0.938690185546875,0.2212677001953125,0.0814361572265625
1773062316179647232,19.90103030204773,1.0302276611328125,0.2733306884765625,0.06573486328125
1773062316189684992,19.911068201065063,1.0718841552734375,0.2835235595703125,0.08685302734375
1773062316199722240,19.92110538482666,1.0885467529296875,0.241729736328125,0.1396026611328125
1773062316209760256,19.931143283843994,1.0648193359375,0.137908935546875,0.11181640625
1773062316219797248,19.94118022918701,0.98785400390625,0.0531005859375,0.1189422607421875
1773062316229835264,19.951218366622925,0.9362945556640625,0.0315704345703125,0.155487060546875
1773062316239872256,19.961255311965942,0.9371795654296875,0.06610107421875,0.1615753173828125
1773062316249910016,19.971293210983276,0.9676971435546875,0.1373748779296875,0.16314697265625
1773062316259947264,19.981330394744873,1.016357421875,0.1910400390625,0.179046630859375
1773062316269985280,19.991368293762207,1.06964111328125,0.218414306640625,0.1899566650390625
1773062316280022272,20.001405239105225,1.083160400390625,0.2200469970703125,0.187774658203125
1773062316290060288,20.011443376541138,1.06365966796875,0.1932373046875,0.22088623046875
1773062316300097280,20.021480321884155,1.0301666259765625,0.155181884765625,0.1984100341796875
1773062316310135040,20.03151822090149,0.9869537353515625,0.137115478515625,0.1660919189453125
1773062316320172288,20.041555404663086,0.9605560302734375,0.1367340087890625,0.1947479248046875
1773062316330210304,20.05159330368042,0.9808197021484375,0.1356353759765625,0.187957763671875
1773062316340247040,20.061630249023438,1.0004119873046875,0.1447601318359375,0.200775146484375
1773062316350285312,20.07166838645935,1.0032806396484375,0.1615142822265625,0.1888275146484375
1773062316360322304,20.081705331802368,0.987274169921875,0.1949462890625,0.2043304443359375
1773062316370360064,20.091743230819702,0.9774169921875,0.209136962890625,0.2247467041015625
1773062316380397312,20.1017804145813,0.9646759033203125,0.2050628662109375,0.1994476318359375
1773062316390435328,20.111818313598633,0.945831298828125,0.202056884765625,0.212188720703125
1773062316400472064,20.12185525894165,0.968414306640625,0.198028564453125,0.2080535888671875
1773062316410510336,20.131893396377563,0.9987335205078125,0.1868743896484375,0.2053985595703125
1773062316420547328,20.14193034172058,1.003662109375,0.1634521484375,0.20025634765625
1773062316430585088,20.151968240737915,0.9808502197265625,0.1336669921875,0.1552276611328125
1773062316440622080,20.162005186080933,0.9366912841796875,0.126708984375,0.1267852783203125
1773062316450660352,20.172043323516846,0.907440185546875,0.123291015625,0.143585205078125
1773062316460697088,20.182080268859863,0.9206695556640625,0.1021575927734375,0.127777099609375
1773062316470735360,20.192118406295776,0.9346923828125,0.0973968505859375,0.113922119140625
1773062316480772352,20.202155351638794,0.935943603515625,0.1340179443359375,0.1388397216796875
1773062316490810112,20.212193250656128,0.9682769775390625,0.1838531494140625,0.188690185546875
1773062316500847104,20.222230195999146,1.0081787109375,0.1841888427734375,0.1866912841796875
1773062316510885120,20.23226833343506,1.0044403076171875,0.155914306640625,0.157928466796875
1773062316520922112,20.242305278778076,0.972625732421875,0.1408843994140625,0.1560821533203125
1773062316530960384,20.25234341621399,0.9404449462890625,0.1327667236328125,0.151336669921875
1773062316540997376,20.262380361557007,0.9258270263671875,0.1277618408203125,0.130462646484375
1773062316551035136,20.27241826057434,0.9239959716796875,0.1221923828125,0.1260528564453125
1773062316561072128,20.28245520591736,0.9435272216796875,0.124847412109375,0.132843017578125
1773062316571110144,20.29249334335327,0.9724273681640625,0.14556884765625,0.148162841796875
1773062316581147136,20.30253028869629,0.9962158203125,0.1702423095703125,0.1647186279296875
1773062316591185152,20.312568187713623,1.0038299560546875,0.1717376708984375,0.1466827392578125
1773062316601222400,20.32260537147522,0.9902191162109375,0.1578521728515625,0.1430816650390625
1773062316611260160,20.332643270492554,0.969024658203125,0.14459228515625,0.144989013671875
1773062316621297152,20.34268021583557,0.9589691162109375,0.136810302734375,0.1308135986328125
1773062316631335168,20.352718353271484,0.953399658203125,0.14239501953125,0.14312744140625
1773062316641372160,20.362755298614502,0.965179443359375,0.148101806640625,0.1402130126953125
1773062316651410176,20.372793197631836,0.9838714599609375,0.1414947509765625,0.1337738037109375
1773062316661447168,20.382830381393433,1.00018310546875,0.13421630859375,0.1435394287109375
1773062316671485184,20.392868280410767,1.0052642822265625,0.128204345703125,0.14862060546875
1773062316681522176,20.402905225753784,1.001129150390625,0.1245574951171875,0.1273956298828125
1773062316691560192,20.412943363189697,0.9921875,0.1324615478515625,0.1123504638671875
1773062316701597184,20.422980308532715,0.9791717529296875,0.15106201171875,0.119110107421875
1773062316711635200,20.43301820755005,0.983306884765625,0.16485595703125,0.1260833740234375
1773062316721672192,20.443055391311646,0.9963531494140625,0.1675872802734375,0.1123199462890625
1773062316731710208,20.45309329032898,1.002716064453125,0.1732635498046875,0.1298980712890625
1773062316741747200,20.463130235671997,1.01556396484375,0.1810760498046875,0.1609954833984375
1773062316751785216,20.47316837310791,1.0183563232421875,0.170196533203125,0.129669189453125
1773062316761822208,20.483205318450928,0.9910125732421875,0.1509857177734375,0.11248779296875
1773062316771860224,20.49324321746826,0.96075439453125,0.141265869140625,0.11651611328125
1773062316781896960,20.50328016281128,0.9531097412109375,0.1405029296875,0.119720458984375
1773062316791935232,20.513318300247192,0.971435546875,0.1444091796875,0.1231842041015625
1773062316801972224,20.52335524559021,0.99285888671875,0.15399169921875,0.130218505859375
1773062316812009984,20.533393144607544,1.000518798828125,0.16827392578125,0.152801513671875
1773062316822047232,20.54343032836914,1.0023040771484375,0.1766510009765625,0.142242431640625
1773062316832085248,20.553468227386475,0.984039306640625,0.169158935546875,0.1286773681640625
1773062316842121984,20.563505172729492,0.95391845703125,0.161163330078125,0.14324951171875
1773062316852160256,20.573543310165405,0.943115234375,0.1543426513671875,0.139984130859375
1773062316862197248,20.583580255508423,0.95220947265625,0.14801025390625,0.1490478515625
1773062316872235008,20.593618154525757,0.958038330078125,0.1515350341796875,0.1779937744140625
1773062316882272000,20.603655099868774,0.9694366455078125,0.153076171875,0.1608123779296875
1773062316892310016,20.613693237304688,0.9707183837890625,0.1562042236328125,0.1630706787109375
1773062316902347008,20.623730182647705,0.964385986328125,0.1633148193359375,0.1669921875
1773062316912384000,20.633767127990723,0.9558258056640625,0.1626739501953125,0.1517181396484375
1773062316922422272,20.643805265426636,0.9548492431640625,0.1651458740234375,0.1421966552734375
1773062316932459008,20.653842210769653,0.9598236083984375,0.1660308837890625,0.145111083984375
1773062316942497024,20.663880109786987,0.9647979736328125,0.1588897705078125,0.108978271484375
1773062316952534272,20.673917293548584,0.952667236328125,0.1556243896484375,0.0914764404296875
1773062316962572032,20.683955192565918,0.9356536865234375,0.162200927734375,0.1048431396484375
1773062316972609024,20.693992137908936,0.9395599365234375,0.172088623046875,0.104766845703125
1773062316982647296,20.70403027534485,0.955963134765625,0.1811981201171875,0.1169281005859375
1773062316992684032,20.714067220687866,0.976898193359375,0.1776580810546875,0.1203765869140625
1773062317002722048,20.7241051197052,0.9913482666015625,0.1611328125,0.098114013671875
1773062317012759296,20.734142303466797,0.9853973388671875,0.140838623046875,0.0756072998046875
1773062317022797056,20.74418020248413,0.96563720703125,0.1282958984375,0.05194091796875
1773062317032834048,20.75421714782715,0.94683837890625,0.136016845703125,0.0420989990234375
1773062317042872064,20.76425528526306,0.9482879638671875,0.1512908935546875,0.020050048828125
1773062317052909056,20.77429223060608,0.9519195556640625,0.1644439697265625,0.0191192626953125
1773062317062947072,20.784330129623413,0.9640960693359375,0.165924072265625,0.02557373046875
1773062317072984320,20.79436731338501,0.9742279052734375,0.1513671875,-0.00048828125
1773062317083022080,20.804405212402344,0.9767303466796875,0.1497955322265625,-0.007110595703125
1773062317093059072,20.81444215774536,0.9820404052734375,0.148651123046875,-0.003265380859375
1773062317103097088,20.824480295181274,0.972076416015625,0.1534271240234375,-0.0253143310546875
1773062317113134080,20.834517240524292,0.9709014892578125,0.1616668701171875,-0.0283050537109375
1773062317123172096,20.844555139541626,0.984710693359375,0.1410369873046875,-0.0142059326171875
1773062317133209344,20.854592323303223,0.9813079833984375,0.1127166748046875,-0.039794921875
1773062317143247104,20.864630222320557,0.9562835693359375,0.083740234375,-0.100250244140625
1773062317153284096,20.874667167663574,0.9139862060546875,0.0731048583984375,-0.1350860595703125
1773062317163322112,20.884705305099487,0.8656463623046875,0.0726470947265625,-0.166839599609375
1773062317173359104,20.894742250442505,0.8549041748046875,0.095916748046875,-0.155364990234375
1773062317183397120,20.90478014945984,0.9028472900390625,0.1199798583984375,-0.1324005126953125
1773062317193434112,20.914817333221436,0.9631805419921875,0.1188201904296875,-0.1456451416015625
1773062317203472128,20.92485523223877,0.9896697998046875,0.121612548828125,-0.162200927734375
1773062317213509120,20.934892177581787,0.984100341796875,0.139617919921875,-0.1407928466796875
1773062317223547136,20.9449303150177,0.9648284912109375,0.1390838623046875,-0.157073974609375
1773062317233584128,20.954967260360718,0.9260101318359375,0.120452880859375,-0.209014892578125
1773062317243622144,20.96500515937805,0.8915557861328125,0.0992431640625,-0.20916748046875
1773062317253659136,20.97504210472107,0.8806915283203125,0.0771026611328125,-0.2082672119140625
1773062317263697152,20.985080242156982,0.8955841064453125,0.069305419921875,-0.1985321044921875
1773062317273734144,20.9951171875,0.9125823974609375,0.067962646484375,-0.1752166748046875
1773062317283772160,21.005155324935913,0.9201202392578125,0.07012939453125,-0.1947174072265625
1773062317293809152,21.01519227027893,0.909576416015625,0.0799102783203125,-0.18927001953125
1773062317303847168,21.025230169296265,0.887237548828125,0.0806732177734375,-0.237152099609375
1773062317313883904,21.035267114639282,0.84967041015625,0.0531005859375,-0.3314056396484375
1773062317323922176,21.045305252075195,0.811767578125,0.03082275390625,-0.3430023193359375
1773062317333959168,21.055342197418213,0.7984161376953125,0.03277587890625,-0.3632354736328125
1773062317343996928,21.065380096435547,0.808349609375,0.064788818359375,-0.3288726806640625
1773062317354034176,21.075417280197144,0.853302001953125,0.0983734130859375,-0.2676849365234375
1773062317364072192,21.085455179214478,0.896087646484375,0.0819091796875,-0.2692108154296875
1773062317374108928,21.095492124557495,0.906951904296875,0.0219879150390625,-0.3766937255859375
1773062317384147200,21.105530261993408,0.8648529052734375,-0.06524658203125,-0.4991607666015625
1773062317394184192,21.115567207336426,0.785186767578125,-0.130126953125,-0.5446929931640625
1773062317404221952,21.12560510635376,0.7097930908203125,-0.148162841796875,-0.5448455810546875
1773062317414259200,21.135642290115356,0.683013916015625,-0.0684814453125,-0.393463134765625
1773062317424297216,21.14568018913269,0.766448974609375,0.0540618896484375,-0.2871246337890625
1773062317434333952,21.155717134475708,0.8725128173828125,0.090576171875,-0.3531341552734375
1773062317444372224,21.16575527191162,0.91595458984375,0.05328369140625,-0.4992828369140625
1773062317454409216,21.17579221725464,0.8483123779296875,0.00506591796875,-0.519561767578125
1773062317464446976,21.185830116271973,0.74407958984375,-0.06494140625,-0.6020355224609375
1773062317474484224,21.19586730003357,0.640838623046875,-0.16363525390625,-0.6983642578125
1773062317484521984,21.205905199050903,0.5779571533203125,-0.1982421875,-0.6468048095703125
1773062317494558976,21.21594214439392,0.582244873046875,-0.1109161376953125,-0.4544830322265625
1773062317504597248,21.225980281829834,0.6769256591796875,-0.0312957763671875,-0.398651123046875
1773062317514634240,21.23601722717285,0.761016845703125,-0.0116119384765625,-0.4802093505859375
1773062317524672000,21.246055126190186,0.768341064453125,-0.0410308837890625,-0.6361083984375
1773062317534709248,21.256092309951782,0.65667724609375,-0.1298980712890625,-0.7292633056640625
1773062317544747008,21.266130208969116,0.526641845703125,-0.2178955078125,-0.762420654296875
1773062317554784000,21.276167154312134,0.4409027099609375,-0.3117523193359375,-0.787689208984375
1773062317564822272,21.286205291748047,0.3890380859375,-0.3348541259765625,-0.7318115234375
1773062317574859264,21.296242237091064,0.4120025634765625,-0.1688995361328125,-0.429840087890625
1773062317584897024,21.3062801361084,0.515960693359375,-0.0326690673828125,-0.241180419921875
1773062317594934272,21.316317319869995,0.62060546875,-0.00799560546875,-0.3941192626953125
1773062317604972032,21.32635521888733,0.671173095703125,-0.0572357177734375,-0.6535491943359375
1773062317615009024,21.336392164230347,0.5590972900390625,-0.2676239013671875,-1.0583343505859375
1773062317625047296,21.34643030166626,0.3018951416015625,-0.4525146484375,-1.0865936279296875
1773062317635084032,21.356467247009277,0.1390228271484375,-0.4904632568359375,-0.8367462158203125
1773062317645122048,21.36650514602661,0.085296630859375,-0.4739837646484375,-0.71319580078125
1773062317655159296,21.376542329788208,0.149017333984375,-0.2696075439453125,-0.5035247802734375
1773062317665197056,21.386580228805542,0.337799072265625,0.0491943359375,-0.243743896484375
1773062317675234048,21.39661717414856,0.5735626220703125,0.087249755859375,-0.5084991455078125
1773062317685272320,21.406655311584473,0.61492919921875,-0.1699981689453125,-0.993621826171875
1773062317695309056,21.41669225692749,0.3819122314453125,-0.3885498046875,-1.047821044921875
1773062317705347072,21.426730155944824,0.09039306640625,-0.5465545654296875,-0.89471435546875
1773062317715384064,21.436767101287842,-0.088836669921875,-0.7152252197265625,-0.949371337890625
1773062317725422080,21.446805238723755,-0.160888671875,-0.7300262451171875,-1.010528564453125
1773062317735459072,21.456842184066772,-0.1265716552734375,-0.390472412109375,-0.6995849609375
1773062317745497344,21.466880321502686,0.011474609375,0.0132904052734375,-0.344024658203125
1773062317755534080,21.476917266845703,0.2447662353515625,0.14544677734375,-0.3778228759765625
1773062317765571840,21.486954927444458,0.4698486328125,-0.047149658203125,-0.8358917236328125
1773062317775608832,21.496991872787476,0.408782958984375,-0.4121856689453125,-1.38946533203125
1773062317785646848,21.50703001022339,-0.007232666015625,-0.775115966796875,-1.54998779296875
1773062317795683840,21.517066955566406,-0.473968505859375,-0.9104461669921875,-1.1035003662109375
1773062317805721856,21.52710485458374,-0.6624298095703125,-0.7655792236328125,-0.684661865234375
1773062317815758848,21.537142038345337,-0.5565948486328125,-0.4810638427734375,-0.39825439453125
1773062317825796864,21.54717993736267,-0.3010711669921875,-0.2244720458984375,-0.27301025390625
1773062317835833856,21.55721688270569,0.026580810546875,-0.13653564453125,-0.5251007080078125
1773062317845870848,21.567254066467285,0.2994232177734375,-0.2264404296875,-0.920318603515625
1773062317855908864,21.57729196548462,0.2342681884765625,-0.3938140869140625,-1.101776123046875
1773062317865945856,21.587328910827637,-0.12115478515625,-0.6133270263671875,-1.1759796142578125
1773062317875983872,21.59736704826355,-0.553619384765625,-0.8640594482421875,-1.1656646728515625
1773062317886020864,21.607403993606567,-0.83929443359375,-0.925506591796875,-1.0290679931640625
1773062317896058880,21.6174418926239,-0.8585662841796875,-0.805908203125,-0.87939453125
1773062317906095872,21.627479076385498,-0.6102447509765625,-0.5912017822265625,-0.850555419921875
1773062317916133888,21.637516975402832,-0.32586669921875,-0.2498931884765625,-0.7408905029296875
1773062317926170880,21.64755392074585,-0.1111602783203125,0.0331573486328125,-0.631439208984375
1773062317936208896,21.657592058181763,0.0059356689453125,-0.0120086669921875,-0.7237396240234375
1773062317946245888,21.66762900352478,-0.03289794921875,-0.2894744873046875,-1.0052032470703125
1773062317956283904,21.677666902542114,-0.2479248046875,-0.570709228515625,-1.049591064453125
1773062317966320640,21.687703847885132,-0.58953857421875,-0.86981201171875,-0.93780517578125
1773062317976358912,21.697741985321045,-0.90411376953125,-1.112701416015625,-0.9580535888671875
1773062317986395904,21.707778930664062,-0.9780731201171875,-1.0409698486328125,-0.7794647216796875
1773062317996433920,21.717817068099976,-0.812713623046875,-0.6303558349609375,-0.540283203125
1773062318006470912,21.727854013442993,-0.5732574462890625,-0.1278228759765625,-0.394805908203125
1773062318016508928,21.737891912460327,-0.383331298828125,0.137420654296875,-0.43133544921875
1773062318026545664,21.747928857803345,-0.2652587890625,-0.0600433349609375,-0.880950927734375
1773062318036583936,21.757966995239258,-0.33917236328125,-0.4740447998046875,-1.237823486328125
1773062318046620928,21.768003940582275,-0.65673828125,-0.794219970703125,-1.086578369140625
1773062318056658944,21.77804207801819,-0.932281494140625,-0.97332763671875,-0.7791290283203125
1773062318066695936,21.788079023361206,-1.0363311767578125,-0.9853057861328125,-0.6726837158203125
1773062318076733952,21.79811692237854,-0.947967529296875,-0.670806884765625,-0.5897979736328125
1773062318086770688,21.808153867721558,-0.7580108642578125,-0.2193450927734375,-0.4418487548828125
1773062318096808960,21.81819200515747,-0.6481475830078125,-0.05633544921875,-0.5799407958984375
1773062318106845952,21.82822895050049,-0.61181640625,-0.2319488525390625,-0.997711181640625
1773062318116883712,21.838266849517822,-0.639373779296875,-0.466644287109375,-1.0587158203125
1773062318126920960,21.84830403327942,-0.7652130126953125,-0.57391357421875,-0.7168121337890625
1773062318136958720,21.858341932296753,-0.8598175048828125,-0.6010589599609375,-0.5338897705078125
1773062318146995712,21.86837887763977,-0.840576171875,-0.64923095703125,-0.5661468505859375
1773062318157033984,21.878417015075684,-0.8199462890625,-0.659820556640625,-0.729888916015625
1773062318167070976,21.8884539604187,-0.8483734130859375,-0.573822021484375,-0.6746063232421875
1773062318177108736,21.898491859436035,-0.8841094970703125,-0.4725494384765625,-0.5573883056640625
1773062318187145984,21.908529043197632,-0.8852996826171875,-0.3899078369140625,-0.5416717529296875
1773062318197183744,21.918566942214966,-0.8233184814453125,-0.312286376953125,-0.6430816650390625
1773062318207220736,21.928603887557983,-0.7448883056640625,-0.2374267578125,-0.7379302978515625
1773062318217259008,21.938642024993896,-0.7397308349609375,-0.26385498046875,-0.8078155517578125
1773062318227296000,21.948678970336914,-0.8083038330078125,-0.408905029296875,-0.7950592041015625
1773062318237333760,21.958716869354248,-0.8831939697265625,-0.506744384765625,-0.6283721923828125
1773062318247371008,21.968754053115845,-0.8919677734375,-0.5540924072265625,-0.42547607421875
1773062318257408768,21.97879195213318,-0.8635101318359375,-0.58673095703125,-0.3846282958984375
1773062318267445760,21.988828897476196,-0.81195068359375,-0.515289306640625,-0.4439239501953125
1773062318277484032,21.99886703491211,-0.764892578125,-0.363128662109375,-0.495849609375
1773062318287520768,22.008903980255127,-0.7799530029296875,-0.27435302734375,-0.6286468505859375
1773062318297558784,22.01894187927246,-0.8316650390625,-0.2886199951171875,-0.7757568359375
1773062318307596032,22.028979063034058,-0.885223388671875,-0.3462677001953125,-0.7815704345703125
1773062318317633792,22.03901696205139,-0.9286346435546875,-0.3693084716796875,-0.6048736572265625
1773062318327670784,22.04905390739441,-0.9410858154296875,-0.357177734375,-0.4390716552734375
1773062318337709056,22.059092044830322,-0.909820556640625,-0.3745574951171875,-0.4354248046875
1773062318347745792,22.06912899017334,-0.845916748046875,-0.38543701171875,-0.4817962646484375
1773062318357783808,22.079166889190674,-0.8505859375,-0.372528076171875,-0.462493896484375
1773062318367821056,22.08920407295227,-0.9072723388671875,-0.3864288330078125,-0.469512939453125
1773062318377858816,22.099241971969604,-0.9435272216796875,-0.3738861083984375,-0.4977569580078125
1773062318387895808,22.109278917312622,-0.9592742919921875,-0.3242340087890625,-0.487274169921875
1773062318397934080,22.119317054748535,-0.9526824951171875,-0.277496337890625,-0.5190887451171875
1773062318407970816,22.129354000091553,-0.906951904296875,-0.2465667724609375,-0.53875732421875
1773062318418008832,22.139391899108887,-0.8829193115234375,-0.3013763427734375,-0.61639404296875
1773062318428046080,22.149429082870483,-0.8961944580078125,-0.414337158203125,-0.64031982421875
1773062318438083840,22.159466981887817,-0.957427978515625,-0.462646484375,-0.5276947021484375
1773062318448120832,22.169503927230835,-0.99078369140625,-0.4360198974609375,-0.3933868408203125
1773062318458158848,22.179542064666748,-0.9559326171875,-0.3669586181640625,-0.3434295654296875
1773062318468195840,22.189579010009766,-0.8675079345703125,-0.2836456298828125,-0.3825225830078125
1773062318478233856,22.1996169090271,-0.819793701171875,-0.2522125244140625,-0.4894256591796875
1773062318488270848,22.209653854370117,-0.8532562255859375,-0.299652099609375,-0.5783843994140625
1773062318498308864,22.21969199180603,-0.933502197265625,-0.3696441650390625,-0.59130859375
1773062318508345856,22.229728937149048,-0.965667724609375,-0.42840576171875,-0.6053466796875
1773062318518383872,22.23976707458496,-0.925048828125,-0.44049072265625,-0.5995330810546875
1773062318528420864,22.24980401992798,-0.8729400634765625,-0.40625,-0.541473388671875
1773062318538458880,22.259841918945312,-0.8737640380859375,-0.3625335693359375,-0.4467620849609375
1773062318548495872,22.26987886428833,-0.90032958984375,-0.3425750732421875,-0.393463134765625
1773062318558533888,22.279917001724243,-0.887786865234375,-0.37005615234375,-0.495697021484375
1773062318568570880,22.28995394706726,-0.846893310546875,-0.4090728759765625,-0.6080474853515625
1773062318578608640,22.299991846084595,-0.8563690185546875,-0.446624755859375,-0.6643524169921875
1773062318588645888,22.31002902984619,-0.9031524658203125,-0.423675537109375,-0.6097564697265625
1773062318598682880,22.32006597518921,-0.953338623046875,-0.3762664794921875,-0.52471923828125
1773062318608720896,22.330103874206543,-0.9633941650390625,-0.37042236328125,-0.517242431640625
1773062318618757888,22.34014105796814,-0.92095947265625,-0.4028167724609375,-0.5560760498046875
1773062318628795904,22.350178956985474,-0.8842010498046875,-0.421844482421875,-0.5723419189453125
1773062318638832896,22.36021590232849,-0.908843994140625,-0.415740966796875,-0.559295654296875
1773062318648870912,22.370254039764404,-0.95343017578125,-0.3921356201171875,-0.5441436767578125
1773062318658907904,22.380290985107422,-0.9840087890625,-0.4068756103515625,-0.5596466064453125
1773062318668945664,22.390328884124756,-0.97003173828125,-0.4710540771484375,-0.608001708984375
1773062318678982912,22.400366067886353,-0.9329376220703125,-0.523590087890625,-0.6114501953125
1773062318689020928,22.410403966903687,-0.904052734375,-0.5311737060546875,-0.572662353515625
1773062318699057920,22.420440912246704,-0.9011993408203125,-0.5007476806640625,-0.5848388671875
1773062318709095936,22.430479049682617,-0.9061737060546875,-0.434967041015625,-0.6339569091796875
1773062318719132928,22.440515995025635,-0.912506103515625,-0.38824462890625,-0.6398773193359375
1773062318729170688,22.45055389404297,-0.955596923828125,-0.4417724609375,-0.6532440185546875
1773062318739207936,22.460591077804565,-0.997161865234375,-0.5260162353515625,-0.6470794677734375
1773062318749245952,22.4706289768219,-0.977996826171875,-0.532318115234375,-0.5096435546875
1773062318759282944,22.480665922164917,-0.9249267578125,-0.554534912109375,-0.5402679443359375
1773062318769321472,22.49070453643799,-0.827728271484375,-0.574981689453125,-0.68267822265625
1773062318779358464,22.500741481781006,-0.783782958984375,-0.539337158203125,-0.73211669921875
1773062318789396480,22.51077961921692,-0.8464202880859375,-0.4927825927734375,-0.7557830810546875
1773062318799433472,22.520816564559937,-0.9207000732421875,-0.449462890625,-0.635009765625
1773062318809471488,22.53085446357727,-0.9777679443359375,-0.4735565185546875,-0.5802764892578125
1773062318819508480,22.540891647338867,-0.9623870849609375,-0.5177764892578125,-0.605438232421875
1773062318829546496,22.5509295463562,-0.8948516845703125,-0.53887939453125,-0.5734405517578125
1773062318839583488,22.56096649169922,-0.838714599609375,-0.620819091796875,-0.7130889892578125
1773062318849621504,22.571004629135132,-0.77325439453125,-0.6474151611328125,-0.7489776611328125
1773062318859658496,22.58104157447815,-0.7728271484375,-0.6132965087890625,-0.6693267822265625
1773062318869696256,22.591079473495483,-0.8287353515625,-0.5951690673828125,-0.750030517578125
1773062318879733504,22.60111665725708,-0.836761474609375,-0.5478973388671875,-0.763427734375
1773062318889771520,22.611154556274414,-0.813385009765625,-0.507965087890625,-0.716552734375
1773062318899808512,22.62119150161743,-0.7881011962890625,-0.51885986328125,-0.706390380859375
1773062318909846528,22.631229639053345,-0.7340850830078125,-0.574737548828125,-0.6955413818359375
1773062318919883520,22.641266584396362,-0.6770477294921875,-0.651641845703125,-0.7311553955078125
1773062318929921280,22.651304483413696,-0.5940093994140625,-0.70050048828125,-0.7288970947265625
1773062318939958272,22.661341428756714,-0.5363006591796875,-0.6991424560546875,-0.754974365234375
1773062318949996544,22.671379566192627,-0.5101776123046875,-0.6297607421875,-0.7293701171875
1773062318960033536,22.681416511535645,-0.5393829345703125,-0.5483245849609375,-0.6600799560546875
1773062318970071552,22.691454648971558,-0.5783843994140625,-0.49725341796875,-0.7444000244140625
1773062318980108544,22.701491594314575,-0.558380126953125,-0.4500885009765625,-0.784698486328125
1773062318990146304,22.71152949333191,-0.513580322265625,-0.4549560546875,-0.8502655029296875
1773062319000183296,22.721566438674927,-0.4256591796875,-0.5231475830078125,-0.9055633544921875
1773062319010221568,22.73160457611084,-0.3484649658203125,-0.608123779296875,-0.90338134765625
1773062319020258304,22.741641521453857,-0.3568267822265625,-0.6390228271484375,-0.8676605224609375
1773062319030296576,22.75167965888977,-0.3943939208984375,-0.55535888671875,-0.7533416748046875
1773062319040333568,22.761716604232788,-0.3859100341796875,-0.495391845703125,-0.7459869384765625
1773062319050371328,22.771754503250122,-0.3170013427734375,-0.4913177490234375,-0.819366455078125
1773062319060408320,22.78179144859314,-0.2269134521484375,-0.4431915283203125,-0.83544921875
1773062319070446592,22.791829586029053,-0.1537322998046875,-0.4099884033203125,-0.885406494140625
1773062319080483328,22.80186653137207,-0.1068267822265625,-0.4799346923828125,-0.980621337890625
1773062319090521344,22.811904430389404,-0.092681884765625,-0.4825592041015625,-0.864532470703125
1773062319100558592,22.821941614151,-0.1027679443359375,-0.4243011474609375,-0.6994171142578125
1773062319110596352,22.831979513168335,-0.09979248046875,-0.4258575439453125,-0.74896240234375
1773062319120633344,22.842016458511353,-0.05914306640625,-0.4489898681640625,-0.8213348388671875
1773062319130671616,22.852054595947266,0.0131988525390625,-0.42840576171875,-0.8027496337890625
1773062319140708352,22.862091541290283,0.0781402587890625,-0.4068756103515625,-0.8494873046875
1773062319150746368,22.872129440307617,0.1087799072265625,-0.3498382568359375,-0.8765411376953125
1773062319160783616,22.882166624069214,0.1333160400390625,-0.307037353515625,-0.8737945556640625
1773062319170821376,22.892204523086548,0.1475677490234375,-0.3372650146484375,-0.9262237548828125
1773062319180858368,22.902241468429565,0.1258544921875,-0.3221282958984375,-0.8319244384765625
1773062319190896384,22.91227960586548,0.0985260009765625,-0.288482666015625,-0.7528228759765625
1773062319200933376,22.922316551208496,0.103790283203125,-0.3045654296875,-0.834564208984375
1773062319210971392,22.93235445022583,0.1559295654296875,-0.2918548583984375,-0.8157958984375
1773062319221008640,22.942391633987427,0.254547119140625,-0.23455810546875,-0.766815185546875
1773062319231046400,22.95242953300476,0.3481597900390625,-0.211212158203125,-0.7568206787109375
1773062319241083392,22.96246647834778,0.4052276611328125,-0.2280731201171875,-0.7708282470703125
1773062319251121408,22.97250461578369,0.405670166015625,-0.2328338623046875,-0.8209991455078125
1773062319261158400,22.98254156112671,0.366973876953125,-0.210968017578125,-0.7870025634765625
1773062319271196416,22.992579460144043,0.326171875,-0.1949462890625,-0.81109619140625
1773062319281233664,23.00261664390564,0.280120849609375,-0.1886444091796875,-0.830108642578125
1773062319291270400,23.012653589248657,0.292083740234375,-0.15948486328125,-0.7391510009765625
1773062319301308416,23.02269148826599,0.3813018798828125,-0.1623992919921875,-0.72344970703125
1773062319311346432,23.032729625701904,0.4694061279296875,-0.196563720703125,-0.9022979736328125
1773062319321383424,23.042766571044922,0.4889373779296875,-0.174713134765625,-0.803802490234375
1773062319331420416,23.05280351638794,0.477081298828125,-0.1554107666015625,-0.661102294921875
1773062319341458432,23.062841653823853,0.4522552490234375,-0.1956329345703125,-0.671722412109375
1773062319351495424,23.07287859916687,0.4633941650390625,-0.1638031005859375,-0.576202392578125
1773062319361533440,23.082916498184204,0.5234832763671875,-0.096405029296875,-0.5110015869140625
1773062319371570432,23.09295344352722,0.5488128662109375,-0.066131591796875,-0.586151123046875
1773062319381608448,23.102991580963135,0.583099365234375,-0.05291748046875,-0.5131988525390625
1773062319391645440,23.113028526306152,0.618438720703125,-0.0961151123046875,-0.57366943359375
1773062319401683456,23.123066663742065,0.630157470703125,-0.1251373291015625,-0.5745849609375
1773062319411720448,23.133103609085083,0.637451171875,-0.1050872802734375,-0.599853515625
1773062319421758464,23.143141508102417,0.6188812255859375,-0.083831787109375,-0.6839599609375
1773062319431795456,23.153178453445435,0.565887451171875,-0.10577392578125,-0.74151611328125
1773062319441833472,23.163216590881348,0.493408203125,-0.0564422607421875,-0.5897979736328125
1773062319451870464,23.173253536224365,0.498626708984375,0.056884765625,-0.2513580322265625
1773062319461908224,23.1832914352417,0.596832275390625,0.0968475341796875,-0.153961181640625
1773062319471945472,23.193328619003296,0.7478179931640625,0.12554931640625,-0.1772613525390625
1773062319481983488,23.20336651802063,0.8834686279296875,0.15386962890625,-0.20782470703125
1773062319492020480,23.213403463363647,0.9302978515625,0.124542236328125,-0.3786163330078125
1773062319502058496,23.22344160079956,0.873443603515625,0.047210693359375,-0.5840911865234375
1773062319512095488,23.233478546142578,0.7295684814453125,-0.041107177734375,-0.68072509765625
1773062319522133248,23.243516445159912,0.5633544921875,-0.0656585693359375,-0.529998779296875
1773062319532170496,23.25355362892151,0.475250244140625,-0.0229034423828125,-0.281341552734375
1773062319542208512,23.263591527938843,0.52374267578125,0.0364990234375,-0.1511077880859375
1773062319552245504,23.27362847328186,0.6686553955078125,0.1043243408203125,-0.15216064453125
1773062319562283520,23.283666610717773,0.8124847412109375,0.209503173828125,-0.0692901611328125
1773062319572320512,23.29370355606079,0.9298553466796875,0.2771148681640625,-0.0374755859375
1773062319582358272,23.303741455078125,0.981719970703125,0.255462646484375,-0.1969451904296875
1773062319592395520,23.31377863883972,0.9387664794921875,0.186676025390625,-0.28936767578125
1773062319602433536,23.323816537857056,0.8366546630859375,0.083251953125,-0.3013763427734375
1773062319612470272,23.333853483200073,0.7290191650390625,0.019500732421875,-0.296783447265625
1773062319622508544,23.343891620635986,0.6700439453125,0.0518035888671875,-0.1684417724609375
1773062319632545536,23.353928565979004,0.726531982421875,0.1046295166015625,-0.119537353515625
1773062319642583296,23.363966464996338,0.8410186767578125,0.1608428955078125,-0.13934326171875
1773062319652620544,23.374003648757935,0.94903564453125,0.209747314453125,-0.0801849365234375
1773062319662658560,23.38404154777527,1.0120086669921875,0.1857757568359375,-0.005157470703125
1773062319672695296,23.394078493118286,1.034515380859375,0.123626708984375,-0.073333740234375
1773062319682733568,23.4041166305542,0.9840240478515625,0.08135986328125,-0.1193695068359375
1773062319692770560,23.414153575897217,0.915191650390625,0.089599609375,-0.0865020751953125
1773062319702808320,23.42419147491455,0.8718719482421875,0.110748291015625,-0.07891845703125
1773062319712845568,23.434228658676147,0.865203857421875,0.130859375,-0.10015869140625
1773062319722883584,23.44426655769348,0.9175567626953125,0.18084716796875,-0.0608367919921875
1773062319732920320,23.4543035030365,0.9976043701171875,0.2174072265625,0.0116424560546875
1773062319742958592,23.464341640472412,1.0815582275390625,0.2107391357421875,0.0062408447265625
1773062319752995584,23.47437858581543,1.1082916259765625,0.203826904296875,0.0137939453125
1773062319763033856,23.484416961669922,1.079376220703125,0.209686279296875,0.051055908203125
1773062319773070848,23.49445390701294,1.03955078125,0.1965789794921875,0.01800537109375
1773062319783108608,23.504491806030273,0.99700927734375,0.2099456787109375,0.01873779296875
1773062319793145856,23.51452898979187,0.99139404296875,0.235504150390625,0.0618438720703125
1773062319803183872,23.524566888809204,1.035125732421875,0.227325439453125,0.0654296875
1773062319813220864,23.53460383415222,1.055389404296875,0.2171478271484375,0.056243896484375
1773062319823258880,23.544641971588135,1.0511932373046875,0.2244873046875,0.0723419189453125
1773062319833295872,23.554678916931152,1.0323333740234375,0.2403564453125,0.0906219482421875
1773062319843333632,23.564716815948486,1.02374267578125,0.25494384765625,0.1287841796875
1773062319853370880,23.574753999710083,1.0389404296875,0.2431640625,0.13214111328125
1773062319863408896,23.584791898727417,1.026947021484375,0.2192840576171875,0.1202545166015625
1773062319873445632,23.594828844070435,0.98126220703125,0.220428466796875,0.1246185302734375
1773062319883483904,23.604866981506348,0.95599365234375,0.2361602783203125,0.145538330078125
1773062319893520896,23.614903926849365,0.973602294921875,0.2457275390625,0.12347412109375
1773062319903558656,23.6249418258667,0.98626708984375,0.24505615234375,0.1043548583984375
1773062319913595904,23.634979009628296,0.99005126953125,0.2467803955078125,0.12091064453125
1773062319923633920,23.64501690864563,0.989654541015625,0.236846923828125,0.1087188720703125
1773062319933670656,23.655053853988647,0.9725799560546875,0.2200164794921875,0.1167755126953125
1773062319943708928,23.66509199142456,0.9575042724609375,0.1977081298828125,0.1251220703125
1773062319953745920,23.675128936767578,0.9449310302734375,0.1864471435546875,0.1140289306640625
1773062319963783680,23.685166835784912,0.9452362060546875,0.1959686279296875,0.1068115234375
1773062319973820928,23.69520401954651,0.964569091796875,0.2198028564453125,0.1013641357421875
1773062319983858944,23.705241918563843,0.9843292236328125,0.233001708984375,0.0949859619140625
1773062319993895680,23.71527886390686,0.99395751953125,0.2274169921875,0.080169677734375
1773062320003933952,23.725317001342773,0.9782257080078125,0.219268798828125,0.0571136474609375
1773062320013970944,23.73535394668579,0.939849853515625,0.2160797119140625,0.05889892578125
1773062320024008704,23.745391845703125,0.9085845947265625,0.219482421875,0.0789031982421875
1773062320034045952,23.75542902946472,0.918365478515625,0.2169342041015625,0.0629730224609375
1773062320044082944,23.76546597480774,0.9488525390625,0.220703125,0.0662384033203125
1773062320054120704,23.775503873825073,0.970977783203125,0.2269439697265625,0.0753631591796875
1773062320064157696,23.78554081916809,0.965728759765625,0.229217529296875,0.081939697265625
1773062320074195968,23.795578956604004,0.9545745849609375,0.2248687744140625,0.081756591796875
1773062320084232704,23.80561590194702,0.9508056640625,0.2125396728515625,0.0830078125
1773062320094270976,23.815654039382935,0.9560699462890625,0.2009429931640625,0.09228515625
1773062320104307968,23.825690984725952,0.953948974609375,0.1819000244140625,0.0930328369140625
1773062320114345728,23.835728883743286,0.9519195556640625,0.1630096435546875,0.08746337890625
1773062320124382720,23.845765829086304,0.941650390625,0.1591644287109375,0.081329345703125
1773062320134420992,23.855803966522217,0.9439697265625,0.1845245361328125,0.0938873291015625
1773062320144457728,23.865840911865234,0.97491455078125,0.2124176025390625,0.093353271484375
1773062320154495744,23.87587881088257,0.9948272705078125,0.2139739990234375,0.088623046875
1773062320164532992,23.885915994644165,0.990234375,0.204193115234375,0.0831756591796875
1773062320174570752,23.8959538936615,0.968841552734375,0.19683837890625,0.0817413330078125
1773062320184607744,23.905990839004517,0.9565582275390625,0.1897125244140625,0.0968780517578125
1773062320194645760,23.91602897644043,0.9613037109375,0.193756103515625,0.1004791259765625
1773062320204682752,23.926065921783447,0.9785614013671875,0.20550537109375,0.109893798828125
1773062320214720768,23.93610382080078,1.0020599365234375,0.22003173828125,0.124176025390625
1773062320224758016,23.946141004562378,1.0127410888671875,0.2343292236328125,0.11883544921875
1773062320234795776,23.956178903579712,1.0088348388671875,0.2241363525390625,0.1108856201171875
1773062320244832768,23.96621584892273,0.9976043701171875,0.2023773193359375,0.101348876953125
1773062320254870784,23.976253986358643,0.9818878173828125,0.1831512451171875,0.073455810546875
1773062320264907776,23.98629093170166,0.9622955322265625,0.181854248046875,0.0766754150390625
1773062320274945792,23.996328830718994,0.9615936279296875,0.1864166259765625,0.083587646484375
1773062320284983040,24.00636601448059,0.9708099365234375,0.1844482421875,0.0734405517578125
1773062320295020800,24.016403913497925,0.9714202880859375,0.1854705810546875,0.105133056640625
1773062320305057792,24.026440858840942,0.98260498046875,0.1922760009765625,0.1035308837890625
1773062320315095808,24.036478996276855,0.9872589111328125,0.2065887451171875,0.1025390625
1773062320325132800,24.046515941619873,0.986572265625,0.224700927734375,0.10418701171875
1773062320335170816,24.056553840637207,0.99151611328125,0.2327423095703125,0.091064453125
1773062320345207808,24.066591024398804,0.9847869873046875,0.2259368896484375,0.083526611328125
1773062320355245824,24.076628923416138,0.97119140625,0.2048492431640625,0.07867431640625
1773062320365282816,24.086665868759155,0.9557037353515625,0.1884918212890625,0.0822601318359375
1773062320375320832,24.09670400619507,0.9490203857421875,0.183868408203125,0.0866851806640625
1773062320385357824,24.106740951538086,0.9520111083984375,0.1818389892578125,0.07684326171875
1773062320395395840,24.11677885055542,0.9499969482421875,0.1880340576171875,0.0731658935546875
1773062320405432832,24.126816034317017,0.9434814453125,0.19622802734375,0.0737152099609375
1773062320415470848,24.13685393333435,0.943939208984375,0.2011260986328125,0.075347900390625
1773062320425507840,24.146890878677368,0.9555816650390625,0.2121429443359375,0.08258056640625
1773062320435545856,24.15692901611328,0.9772796630859375,0.224273681640625,0.109588623046875
1773062320445582848,24.1669659614563,0.9932861328125,0.22344970703125,0.1020660400390625
1773062320455620864,24.177003860473633,0.9847412109375,0.2177886962890625,0.0904998779296875
1773062320465657600,24.18704080581665,0.9560546875,0.2175750732421875,0.0869903564453125
1773062320475695872,24.197078943252563,0.930023193359375,0.2119598388671875,0.0818939208984375
1773062320485732864,24.20711588859558,0.927093505859375,0.20550537109375,0.0790252685546875
1773062320495770880,24.217154026031494,0.9409332275390625,0.2030181884765625,0.0946807861328125
1773062320505807872,24.22719097137451,0.9636688232421875,0.20758056640625,0.097259521484375
1773062320515845888,24.237228870391846,0.974395751953125,0.2163238525390625,0.0984954833984375
1773062320525882624,24.247265815734863,0.9740753173828125,0.2230072021484375,0.102752685546875
1773062320535920896,24.257303953170776,0.970062255859375,0.22564697265625,0.1074676513671875
1773062320545957888,24.267340898513794,0.9660797119140625,0.2225799560546875,0.1097259521484375
1773062320555995904,24.277379035949707,0.9654998779296875,0.2187957763671875,0.11328125
1773062320566032896,24.287415981292725,0.969573974609375,0.2167816162109375,0.1025848388671875
1773062320576070912,24.29745388031006,0.97503662109375,0.215850830078125,0.0925140380859375
1773062320586107648,24.307490825653076,0.97711181640625,0.2152099609375,0.1169586181640625
1773062320596145920,24.31752896308899,0.9781494140625,0.2103424072265625,0.108978271484375
1773062320606182912,24.327565908432007,0.97613525390625,0.2051239013671875,0.107269287109375
1773062320616220672,24.33760380744934,0.9745330810546875,0.205596923828125,0.118316650390625
1773062320626257920,24.347640991210938,0.9764251708984375,0.2089385986328125,0.1194305419921875
1773062320636294912,24.357677936553955,0.987518310546875,0.2125091552734375,0.1054840087890625
1773062320646332672,24.36771583557129,0.990264892578125,0.2196044921875,0.1110687255859375
1773062320656370944,24.377753973007202,0.9904937744140625,0.22381591796875,0.1092071533203125
1773062320666407936,24.38779091835022,0.99169921875,0.212493896484375,0.090789794921875
1773062320676444672,24.397827863693237,0.9806671142578125,0.1967315673828125,0.0768585205078125
1773062320686482944,24.40786600112915,0.9649200439453125,0.188873291015625,0.07275390625
1773062320696519936,24.417902946472168,0.9506988525390625,0.18609619140625,0.0785980224609375
1773062320706557696,24.427940845489502,0.9515533447265625,0.1830902099609375,0.054656982421875
1773062320716594944,24.4379780292511,0.9598541259765625,0.1818389892578125,0.0401458740234375
1773062320726632960,24.448015928268433,0.9552764892578125,0.187225341796875,0.0380859375
1773062320736669696,24.45805287361145,0.951873779296875,0.1857757568359375,0.0301055908203125
1773062320746707968,24.468091011047363,0.9501800537109375,0.18035888671875,0.015838623046875
1773062320756744960,24.47812795639038,0.942962646484375,0.1808929443359375,0.019195556640625
1773062320766781184,24.48816418647766,0.9441986083984375,0.1731719970703125,0.028106689453125
1773062320776817920,24.49820113182068,0.9504241943359375,0.162689208984375,0.0147857666015625
1773062320786855936,24.508239030838013,0.9581146240234375,0.166107177734375,0.0193328857421875
1773062320796892928,24.51827597618103,0.9690704345703125,0.164215087890625,0.0178680419921875
1773062320806930944,24.528314113616943,0.978363037109375,0.1666412353515625,0.007781982421875
1773062320816967936,24.53835105895996,0.9805908203125,0.175933837890625,0.027496337890625
1773062320827006208,24.548389196395874,0.9750823974609375,0.1715850830078125,0.026397705078125
1773062320837042944,24.55842614173889,0.96630859375,0.165771484375,0.01226806640625
1773062320847080960,24.568464040756226,0.962615966796875,0.1563873291015625,-0.0135498046875
1773062320857117952,24.578500986099243,0.947906494140625,0.1233062744140625,-0.0641937255859375
1773062320867155968,24.588539123535156,0.9058837890625,0.0924224853515625,-0.1062774658203125
1773062320877192960,24.598576068878174,0.8673248291015625,0.0888519287109375,-0.1346435546875
1773062320887231232,24.608614206314087,0.857666015625,0.119964599609375,-0.11578369140625
1773062320897267968,24.618651151657104,0.894134521484375,0.1375579833984375,-0.1346588134765625
1773062320907305984,24.62868905067444,0.9163818359375,0.146240234375,-0.1654815673828125
1773062320917342976,24.638725996017456,0.92529296875,0.174774169921875,-0.1454925537109375
1773062320927380992,24.64876413345337,0.9402008056640625,0.1993560791015625,-0.12957763671875
1773062320937417984,24.658801078796387,0.94403076171875,0.1909637451171875,-0.188262939453125
1773062320947456000,24.66883897781372,0.93023681640625,0.165313720703125,-0.235321044921875
1773062320957492992,24.678876161575317,0.910919189453125,0.1382293701171875,-0.2274169921875
1773062320967531008,24.68891406059265,0.8836212158203125,0.0994873046875,-0.292022705078125
1773062320977568000,24.69895100593567,0.8342742919921875,0.0991668701171875,-0.2647857666015625
1773062320987606016,24.708989143371582,0.8289642333984375,0.1495361328125,-0.211578369140625
1773062320997643008,24.7190260887146,0.88262939453125,0.1804046630859375,-0.2173919677734375
1773062321007680768,24.729063987731934,0.941436767578125,0.1768035888671875,-0.24639892578125
1773062321017718016,24.73910117149353,0.9564666748046875,0.143463134765625,-0.288787841796875
1773062321027756032,24.749139070510864,0.9123687744140625,0.0899810791015625,-0.3592376708984375
1773062321037793024,24.759176015853882,0.8300628662109375,0.0368804931640625,-0.4062042236328125
1773062321047831040,24.769214153289795,0.7580413818359375,0.014923095703125,-0.43402099609375
1773062321057868032,24.779251098632812,0.73931884765625,0.0589599609375,-0.3328399658203125
1773062321067905792,24.789288997650146,0.8027496337890625,0.11083984375,-0.2848358154296875
1773062321077943040,24.799326181411743,0.8595123291015625,0.098480224609375,-0.359771728515625
1773062321087981056,24.809364080429077,0.872955322265625,0.0859222412109375,-0.4098052978515625
1773062321098018048,24.819401025772095,0.8371429443359375,0.0802764892578125,-0.4164581298828125
1773062321108056064,24.829439163208008,0.78436279296875,0.0603790283203125,-0.43365478515625
1773062321118093056,24.839476108551025,0.7249603271484375,0.0143585205078125,-0.49981689453125
1773062321128130816,24.84951400756836,0.6681976318359375,-0.033233642578125,-0.546295166015625
1773062321138168064,24.859551191329956,0.641845703125,-0.040924072265625,-0.49810791015625
1773062321148206080,24.86958909034729,0.6542205810546875,-0.0068511962890625,-0.4065399169921875
1773062321158242816,24.879626035690308,0.6892242431640625,0.024749755859375,-0.3684844970703125
1773062321168281088,24.88966417312622,0.7359771728515625,0.0298614501953125,-0.444366455078125
1773062321178318080,24.89970111846924,0.7296142578125,-0.04034423828125,-0.619537353515625
1773062321188355072,24.909738063812256,0.6107330322265625,-0.1029510498046875,-0.620697021484375
1773062321198393088,24.91977620124817,0.5213470458984375,-0.1201324462890625,-0.6004180908203125
1773062321208431104,24.929814100265503,0.47509765625,-0.19158935546875,-0.6678009033203125
1773062321218467840,24.93985104560852,0.4468536376953125,-0.212890625,-0.6955718994140625
1773062321228504832,24.949887990951538,0.444091796875,-0.117340087890625,-0.5794525146484375
1773062321238543104,24.95992612838745,0.4958648681640625,-0.0457305908203125,-0.455322265625
1773062321248580096,24.96996307373047,0.554290771484375,-0.0703582763671875,-0.6026458740234375
1773062321258617856,24.980000972747803,0.5400543212890625,-0.124237060546875,-0.6424560546875
1773062321268655104,24.9900381565094,0.4931182861328125,-0.172119140625,-0.67144775390625
1773062321278692864,25.000076055526733,0.4228515625,-0.294219970703125,-0.9566802978515625
1773062321288729856,25.01011300086975,0.3037872314453125,-0.3995208740234375,-0.9935455322265625
1773062321298768128,25.020151138305664,0.2281494140625,-0.3074951171875,-0.78741455078125
1773062321308804864,25.03018808364868,0.2306060791015625,-0.13336181640625,-0.608001708984375
1773062321318842880,25.040225982666016,0.3428192138671875,-0.0446319580078125,-0.547943115234375
1773062321328880128,25.050263166427612,0.4866790771484375,-0.105926513671875,-0.73651123046875
1773062321338917888,25.060301065444946,0.4986114501953125,-0.2477874755859375,-0.918548583984375
1773062321348954880,25.070338010787964,0.3604583740234375,-0.370819091796875,-0.938934326171875
1773062321358993152,25.080376148223877,0.18499755859375,-0.44451904296875,-0.89739990234375
1773062321369029888,25.090413093566895,0.0635528564453125,-0.4453887939453125,-0.9194793701171875
1773062321379067904,25.10045099258423,0.033172607421875,-0.370758056640625,-0.92138671875
1773062321389105152,25.110488176345825,0.08514404296875,-0.165191650390625,-0.80511474609375
1773062321399142912,25.12052607536316,0.211334228515625,0.0059051513671875,-0.6366729736328125
1773062321409179904,25.130563020706177,0.3322601318359375,-0.0857696533203125,-0.704803466796875
1773062321419218176,25.14060115814209,0.331024169921875,-0.2962646484375,-0.914459228515625
1773062321429254912,25.150638103485107,0.2053070068359375,-0.485809326171875,-0.96453857421875
1773062321439292928,25.16067600250244,0.036865234375,-0.594940185546875,-0.8689422607421875
1773062321449330176,25.170713186264038,-0.0949554443359375,-0.5834503173828125,-0.849151611328125
1773062321459367936,25.180751085281372,-0.18218994140625,-0.4847564697265625,-0.890289306640625
1773062321469404928,25.19078803062439,-0.2070159912109375,-0.3612213134765625,-0.962860107421875
1773062321479443200,25.200826168060303,-0.187652587890625,-0.25616455078125,-0.729095458984375
1773062321489479936,25.21086311340332,-0.1299591064453125,-0.2347412109375,-0.687286376953125
1773062321499517952,25.220901012420654,-0.0210418701171875,-0.35711669921875,-0.8867950439453125
1773062321509555200,25.23093819618225,0.042938232421875,-0.498779296875,-1.038848876953125
1773062321519592960,25.240976095199585,-0.0555877685546875,-0.5703582763671875,-0.9999847412109375
1773062321529629952,25.251013040542603,-0.243499755859375,-0.6149749755859375,-1.0352630615234375
1773062321539667968,25.261051177978516,-0.3767852783203125,-0.60498046875,-1.0369720458984375
1773062321549704960,25.271088123321533,-0.415069580078125,-0.5090179443359375,-0.808563232421875
1773062321559742976,25.281126022338867,-0.34295654296875,-0.4354705810546875,-0.6952056884765625
1773062321569780224,25.291163206100464,-0.188629150390625,-0.3760833740234375,-0.72589111328125
1773062321579817984,25.301201105117798,-0.0903167724609375,-0.273040771484375,-0.5785675048828125
1773062321589854976,25.311238050460815,-0.1331024169921875,-0.3187255859375,-0.8664398193359375
1773062321599892992,25.32127618789673,-0.31451416015625,-0.59075927734375,-1.2654876708984375
1773062321609929984,25.331313133239746,-0.534454345703125,-0.7222900390625,-1.118499755859375
1773062321619968000,25.34135103225708,-0.6498565673828125,-0.6510162353515625,-0.7949981689453125
1773062321630004992,25.351387977600098,-0.599151611328125,-0.5910797119140625,-0.7442474365234375
1773062321640043008,25.36142611503601,-0.44500732421875,-0.4717254638671875,-0.7428741455078125
1773062321650080000,25.37146306037903,-0.3346405029296875,-0.280059814453125,-0.6511383056640625
1773062321660118016,25.38150119781494,-0.311981201171875,-0.1944427490234375,-0.621429443359375
1773062321670155008,25.39153814315796,-0.427978515625,-0.3721923828125,-0.8302459716796875
1773062321680193024,25.401576042175293,-0.6431427001953125,-0.7101287841796875,-1.0416412353515625
1773062321690230016,25.41161298751831,-0.80047607421875,-0.848968505859375,-0.8652801513671875
1773062321700268032,25.421651124954224,-0.8296051025390625,-0.7667694091796875,-0.6066741943359375
1773062321710305024,25.43168807029724,-0.761077880859375,-0.679229736328125,-0.713470458984375
1773062321720343040,25.441726207733154,-0.653961181640625,-0.4779205322265625,-0.852935791015625
1773062321730380032,25.451763153076172,-0.573883056640625,-0.1034088134765625,-0.7388458251953125
1773062321740418048,25.461801052093506,-0.5799560546875,-0.0029449462890625,-0.652587890625
1773062321750454784,25.471837997436523,-0.7155303955078125,-0.2778472900390625,-0.8947906494140625
1773062321760492032,25.48187518119812,-0.8556060791015625,-0.548858642578125,-0.97601318359375
1773062321770530816,25.49191403388977,-0.8940582275390625,-0.713134765625,-0.6604461669921875
1773062321780567808,25.501950979232788,-0.9052581787109375,-0.8204498291015625,-0.5391082763671875
1773062321790606080,25.5119891166687,-0.86309814453125,-0.748779296875,-0.585174560546875
1773062321800643072,25.52202606201172,-0.7514190673828125,-0.43157958984375,-0.587860107421875
1773062321810680832,25.532063961029053,-0.6905975341796875,-0.094757080078125,-0.512969970703125
1773062321820718080,25.54210114479065,-0.7647247314453125,-0.1134490966796875,-0.8224639892578125
1773062321830755840,25.552139043807983,-0.88995361328125,-0.369140625,-1.0692901611328125
1773062321840792832,25.562175989151,-1.0360107421875,-0.4619293212890625,-0.7665557861328125
1773062321850831104,25.572214126586914,-1.0838165283203125,-0.5040435791015625,-0.4496612548828125
1773062321860868096,25.58225107192993,-0.976165771484375,-0.5818328857421875,-0.46478271484375
1773062321870905856,25.592288970947266,-0.8479156494140625,-0.533477783203125,-0.543792724609375
1773062321880943104,25.602326154708862,-0.772674560546875,-0.3691558837890625,-0.50018310546875
1773062321890980864,25.612364053726196,-0.7994537353515625,-0.2989959716796875,-0.5253143310546875
1773062321901017856,25.622400999069214,-0.8578338623046875,-0.3537139892578125,-0.6635284423828125
1773062321911056128,25.632439136505127,-0.86578369140625,-0.411834716796875,-0.626495361328125
1773062321921092864,25.642476081848145,-0.8809661865234375,-0.43975830078125,-0.5856170654296875
1773062321931130880,25.65251398086548,-0.8798675537109375,-0.4265594482421875,-0.6101531982421875
1773062321941168128,25.662551164627075,-0.867523193359375,-0.360626220703125,-0.621063232421875
1773062321951205888,25.67258906364441,-0.876800537109375,-0.302947998046875,-0.6205596923828125
1773062321961242880,25.682626008987427,-0.89642333984375,-0.290374755859375,-0.6037445068359375
1773062321971281152,25.69266414642334,-0.88946533203125,-0.322723388671875,-0.5179595947265625
1773062321981317888,25.702701091766357,-0.8732757568359375,-0.3665924072265625,-0.407073974609375
1773062321991355904,25.71273899078369,-0.8337860107421875,-0.41015625,-0.4008331298828125
1773062322001392896,25.72277593612671,-0.783660888671875,-0.430877685546875,-0.5331268310546875
1773062322011430912,25.732814073562622,-0.77703857421875,-0.4079132080078125,-0.6141357421875
1773062322021467904,25.74285101890564,-0.8356475830078125,-0.385711669921875,-0.64727783203125
1773062322031506176,25.752889156341553,-0.902557373046875,-0.3856658935546875,-0.666534423828125
1773062322041542912,25.76292610168457,-0.936767578125,-0.3668212890625,-0.569671630859375
1773062322051580928,25.772964000701904,-0.94873046875,-0.321807861328125,-0.48455810546875
1773062322061617920,25.783000946044922,-0.8935699462890625,-0.2763519287109375,-0.395660400390625
1773062322071655936,25.793039083480835,-0.842987060546875,-0.2834320068359375,-0.3910980224609375
1773062322081692928,25.803076028823853,-0.83367919921875,-0.3492279052734375,-0.5355987548828125
1773062322091730944,25.813114166259766,-0.8484344482421875,-0.391998291015625,-0.6066741943359375
1773062322101767936,25.823151111602783,-0.90240478515625,-0.3734893798828125,-0.5686492919921875
1773062322111805952,25.833189010620117,-0.94354248046875,-0.33050537109375,-0.5437469482421875
1773062322121842944,25.843225955963135,-0.9252777099609375,-0.2883148193359375,-0.51116943359375
1773062322131880960,25.853264093399048,-0.9363861083984375,-0.26983642578125,-0.4361419677734375
1773062322141917952,25.863301038742065,-0.9802398681640625,-0.3089447021484375,-0.4374847412109375
1773062322151955968,25.8733389377594,-0.98077392578125,-0.3822174072265625,-0.524658203125
1773062322161992960,25.883376121520996,-0.929901123046875,-0.4195556640625,-0.5495147705078125
1773062322172030976,25.89341402053833,-0.9098663330078125,-0.403045654296875,-0.5425567626953125
1773062322182067968,25.903450965881348,-0.928314208984375,-0.3458404541015625,-0.591766357421875
1773062322192105984,25.91348910331726,-0.9744415283203125,-0.27728271484375,-0.5755615234375
1773062322202142976,25.92352604866028,-1.04156494140625,-0.27191162109375,-0.558441162109375
1773062322212180736,25.933563947677612,-1.051116943359375,-0.308380126953125,-0.5102386474609375
1773062322222217984,25.94360113143921,-0.99395751953125,-0.3572235107421875,-0.46533203125
1773062322232256000,25.953639030456543,-0.9210968017578125,-0.389556884765625,-0.50372314453125
1773062322242292992,25.96367597579956,-0.877288818359375,-0.386138916015625,-0.574737548828125
1773062322252329984,25.973713159561157,-0.9015960693359375,-0.4076690673828125,-0.6385498046875
1773062322262368000,25.98375105857849,-0.9771575927734375,-0.435455322265625,-0.621002197265625
1773062322272404992,25.99378800392151,-1.0207366943359375,-0.41845703125,-0.5543212890625
1773062322282443008,26.003826141357422,-1.0140533447265625,-0.3903045654296875,-0.4966888427734375
1773062322292480000,26.01386308670044,-0.98028564453125,-0.3886871337890625,-0.5585479736328125
1773062322302518016,26.023900985717773,-0.9091949462890625,-0.4118804931640625,-0.6035919189453125
1773062322312554752,26.03393793106079,-0.891204833984375,-0.4589385986328125,-0.681365966796875
1773062322322593024,26.043976068496704,-0.92645263671875,-0.4454345703125,-0.6273193359375
1773062322332630016,26.05401301383972,-0.9717559814453125,-0.391510009765625,-0.516326904296875
1773062322342668032,26.064051151275635,-1.0119781494140625,-0.4062957763671875,-0.5835723876953125
1773062322352705024,26.074088096618652,-1.0097503662109375,-0.4833831787109375,-0.675750732421875
1773062322362742784,26.084125995635986,-0.9788055419921875,-0.537353515625,-0.61456298828125
1773062322372779776,26.094162940979004,-0.9423980712890625,-0.5207977294921875,-0.575714111328125
1773062322382818048,26.104201078414917,-0.8777618408203125,-0.433929443359375,-0.555023193359375
1773062322392855040,26.114238023757935,-0.8685150146484375,-0.40496826171875,-0.645233154296875
1773062322402893056,26.124276161193848,-0.9297332763671875,-0.449462890625,-0.73138427734375
1773062322412930048,26.134313106536865,-1.0100555419921875,-0.46722412109375,-0.6576690673828125
1773062322422967808,26.1443510055542,-1.056488037109375,-0.482421875,-0.585968017578125
1773062322433004800,26.154387950897217,-1.0195770263671875,-0.4973602294921875,-0.599273681640625
1773062322443043072,26.16442608833313,-0.956634521484375,-0.5000762939453125,-0.5821685791015625
1773062322453080064,26.174463033676147,-0.898651123046875,-0.5259246826171875,-0.6824798583984375
1773062322463117824,26.18450093269348,-0.834503173828125,-0.5238037109375,-0.7169189453125
1773062322473155072,26.194538116455078,-0.850006103515625,-0.501708984375,-0.7070159912109375
1773062322483192832,26.204576015472412,-0.9398193359375,-0.48968505859375,-0.72113037109375
1773062322493229824,26.21461296081543,-1.0168609619140625,-0.5096588134765625,-0.7150115966796875
1773062322503268096,26.224651098251343,-1.0308685302734375,-0.5732574462890625,-0.726104736328125
1773062322513304832,26.23468804359436,-0.9412841796875,-0.603363037109375,-0.6865234375
1773062322523342848,26.244725942611694,-0.7991485595703125,-0.6034393310546875,-0.591583251953125
1773062322533380096,26.25476312637329,-0.70379638671875,-0.613800048828125,-0.6919708251953125
1773062322543417856,26.264801025390625,-0.706298828125,-0.5915985107421875,-0.8033294677734375
1773062322553454848,26.274837970733643,-0.78936767578125,-0.5576934814453125,-0.828887939453125
1773062322563493120,26.284876108169556,-0.866485595703125,-0.543212890625,-0.8260650634765625
1773062322573529856,26.294913053512573,-0.8450164794921875,-0.5166168212890625,-0.7849273681640625
1773062322583567872,26.304950952529907,-0.7709197998046875,-0.4687042236328125,-0.639373779296875
1773062322593605120,26.314988136291504,-0.7014007568359375,-0.5157318115234375,-0.6681365966796875
1773062322603642880,26.325026035308838,-0.58966064453125,-0.58905029296875,-0.8007354736328125
1773062322613679872,26.335062980651855,-0.50732421875,-0.616546630859375,-0.7933197021484375
1773062322623718144,26.34510111808777,-0.5033111572265625,-0.61822509765625,-0.7906341552734375
1773062322633754880,26.355138063430786,-0.5162506103515625,-0.5716094970703125,-0.7631378173828125
1773062322643792896,26.36517596244812,-0.5235748291015625,-0.5406646728515625,-0.76397705078125
1773062322653830144,26.375213146209717,-0.48638916015625,-0.5463409423828125,-0.8409881591796875
1773062322663867904,26.38525104522705,-0.402191162109375,-0.490478515625,-0.767852783203125
1773062322673904896,26.39528799057007,-0.3242340087890625,-0.4612579345703125,-0.79498291015625
1773062322683942912,26.40532612800598,-0.2576904296875,-0.450439453125,-0.9328765869140625
1773062322693979904,26.415363073349,-0.2139434814453125,-0.40692138671875,-0.8861846923828125
1773062322704017920,26.425400972366333,-0.2041778564453125,-0.449554443359375,-0.894866943359375
1773062322714055168,26.43543815612793,-0.20037841796875,-0.5276641845703125,-0.932708740234375
1773062322724092928,26.445476055145264,-0.168060302734375,-0.510284423828125,-0.79742431640625
1773062322734129920,26.45551300048828,-0.121795654296875,-0.4199676513671875,-0.6835784912109375
1773062322744167936,26.465551137924194,-0.0724639892578125,-0.351104736328125,-0.765655517578125
1773062322754204928,26.475588083267212,-0.01904296875,-0.361480712890625,-0.869232177734375
1773062322764242944,26.485625982284546,0.0126190185546875,-0.37408447265625,-0.8712158203125
1773062322774280704,26.49566388130188,0.0395965576171875,-0.3613128662109375,-0.802490234375
1773062322784317696,26.505700826644897,0.0923919677734375,-0.358184814453125,-0.7985992431640625
1773062322794355968,26.51573896408081,0.15191650390625,-0.3302001953125,-0.8324127197265625
1773062322804392704,26.525775909423828,0.174224853515625,-0.282196044921875,-0.81536865234375
1773062322814430720,26.535813808441162,0.1605377197265625,-0.237335205078125,-0.8023529052734375
1773062322824467968,26.54585099220276,0.131866455078125,-0.22833251953125,-0.7835540771484375
1773062322834505728,26.555888891220093,0.158233642578125,-0.234619140625,-0.692718505859375
1773062322844542720,26.56592583656311,0.2619476318359375,-0.22125244140625,-0.6811370849609375
1773062322854580992,26.575963973999023,0.3746490478515625,-0.2310028076171875,-0.727447509765625
1773062322864617728,26.58600091934204,0.4188385009765625,-0.2766265869140625,-0.8312530517578125
1773062322874655744,26.596038818359375,0.38092041015625,-0.232208251953125,-0.837646484375
1773062322884692992,26.60607600212097,0.315704345703125,-0.1345977783203125,-0.807861328125
1773062322894730752,26.616113901138306,0.2776947021484375,-0.0693359375,-0.833038330078125
1773062322904767744,26.626150846481323,0.26092529296875,-0.078857421875,-0.9058074951171875
1773062322914806016,26.636188983917236,0.242919921875,-0.1434478759765625,-0.7956695556640625
1773062322924842752,26.646225929260254,0.2891082763671875,-0.1820220947265625,-0.56561279296875
1773062322934880768,26.656263828277588,0.3877716064453125,-0.1919403076171875,-0.5104522705078125
1773062322944918016,26.666301012039185,0.4943389892578125,-0.1126251220703125,-0.4738006591796875
1773062322954955776,26.67633891105652,0.5772247314453125,-0.021881103515625,-0.5153961181640625
1773062322964992768,26.686375856399536,0.6106414794921875,0.000152587890625,-0.6328125
1773062322975030784,26.69641399383545,0.6026763916015625,-0.0185089111328125,-0.6984710693359375
1773062322985067776,26.706450939178467,0.5289459228515625,-0.0721893310546875,-0.59210205078125
1773062322995105792,26.7164888381958,0.4658355712890625,-0.1445465087890625,-0.5677642822265625
1773062323005143040,26.726526021957397,0.435546875,-0.2051239013671875,-0.631500244140625
1773062323015180800,26.73656392097473,0.4400634765625,-0.1700592041015625,-0.4755401611328125
1773062323025217792,26.74660086631775,0.4776611328125,-0.0413360595703125,-0.36407470703125
1773062323035255808,26.756639003753662,0.549957275390625,0.124664306640625,-0.2743072509765625
1773062323045292800,26.76667594909668,0.7002410888671875,0.1968536376953125,-0.40167236328125
1773062323055330816,26.776713848114014,0.79266357421875,0.1774444580078125,-0.5451202392578125
1773062323065368064,26.78675103187561,0.784423828125,0.152557373046875,-0.453521728515625
1773062323075405824,26.796788930892944,0.724853515625,0.0756378173828125,-0.3797149658203125
1773062323085442816,26.806825876235962,0.6514892578125,-0.0543975830078125,-0.4489898681640625
1773062323095480832,26.816864013671875,0.5962982177734375,-0.1044158935546875,-0.4102325439453125
1773062323105517824,26.826900959014893,0.6038360595703125,-0.0294189453125,-0.2985076904296875
1773062323115555840,26.836938858032227,0.63885498046875,0.1082305908203125,-0.21527099609375
1773062323125592832,26.846976041793823,0.716644287109375,0.235565185546875,-0.124481201171875
1773062323135630848,26.857013940811157,0.833648681640625,0.2645721435546875,-0.160919189453125
1773062323145667840,26.867050886154175,0.89935302734375,0.19085693359375,-0.264007568359375
1773062323155705856,26.877089023590088,0.896331787109375,0.103271484375,-0.30718994140625
1773062323165742848,26.887125968933105,0.8253173828125,0.041839599609375,-0.2852630615234375
1773062323175780864,26.89716386795044,0.7254638671875,0.0167388916015625,-0.284881591796875
1773062323185817600,26.907200813293457,0.6641845703125,0.0424957275390625,-0.2158050537109375
1773062323195855872,26.91723895072937,0.7026824951171875,0.11865234375,-0.1147918701171875
1773062323205892864,26.927275896072388,0.81396484375,0.1774444580078125,-0.09857177734375
1773062323215930880,26.9373140335083,0.9322052001953125,0.2237548828125,-0.070465087890625
1773062323225967872,26.94735097885132,1.0408935546875,0.242919921875,-0.062286376953125
1773062323236005888,26.957388877868652,1.082733154296875,0.2089080810546875,-0.104949951171875
1773062323246042624,26.96742582321167,1.0228118896484375,0.146697998046875,-0.16357421875
1773062323256079872,26.977463006973267,0.888092041015625,0.0791015625,-0.1980743408203125
1773062323266117888,26.9875009059906,0.7836761474609375,0.0567626953125,-0.1614837646484375
1773062323276154880,26.997537851333618,0.781036376953125,0.073089599609375,-0.0825958251953125
1773062323286192896,27.00757598876953,0.868194580078125,0.1158599853515625,-0.0500946044921875
1773062323296229888,27.01761293411255,0.981597900390625,0.1781768798828125,-0.059478759765625
1773062323306267648,27.027650833129883,1.060943603515625,0.246307373046875,-0.0029144287109375
1773062323316304896,27.03768801689148,1.1007537841796875,0.2823333740234375,0.056365966796875
1773062323326342912,27.047725915908813,1.1229248046875,0.264923095703125,0.0322265625
1773062323336379648,27.05776286125183,1.1058349609375,0.2176055908203125,0.023895263671875
1773062323346417920,27.067800998687744,1.0536346435546875,0.165985107421875,0.0111846923828125
1773062323356454912,27.07783794403076,0.99176025390625,0.14239501953125,-0.0029144287109375
1773062323366492672,27.087875843048096,0.9682769775390625,0.1352996826171875,0.0160064697265625
1773062323376529920,27.097913026809692,0.981170654296875,0.140380859375,0.0315704345703125
1773062323386567936,27.107950925827026,1.0151824951171875,0.161376953125,0.05963134765625
1773062323396604672,27.117987871170044,1.036834716796875,0.19451904296875,0.05853271484375
1773062323406642944,27.128026008605957,1.0370330810546875,0.255279541015625,0.06658935546875
1773062323416679936,27.138062953948975,1.0406341552734375,0.31280517578125,0.144012451171875
1773062323426717696,27.14810085296631,1.087799072265625,0.3042144775390625,0.15753173828125
1773062323436754944,27.158138036727905,1.1199188232421875,0.245361328125,0.1193084716796875
1773062323446792960,27.16817593574524,1.0779266357421875,0.1908721923828125,0.0929412841796875
1773062323456829696,27.178212881088257,1.009552001953125,0.16302490234375,0.1011199951171875
1773062323466867968,27.18825101852417,0.975860595703125,0.149017333984375,0.0855865478515625
1773062323476904960,27.198287963867188,0.9575653076171875,0.136444091796875,0.058868408203125
1773062323486942720,27.20832586288452,0.93695068359375,0.133758544921875,0.063934326171875
1773062323496979712,27.21836280822754,0.93402099609375,0.1451873779296875,0.0532073974609375
1773062323507017728,27.228400945663452,0.9343109130859375,0.167388916015625,0.0267791748046875
1773062323517054720,27.23843789100647,0.9291534423828125,0.204864501953125,0.058563232421875
1773062323527092992,27.248476028442383,0.955352783203125,0.23992919921875,0.083831787109375
1773062323537129984,27.2585129737854,0.99420166015625,0.2419586181640625,0.098968505859375
1773062323547167744,27.268550872802734,1.0111541748046875,0.2052459716796875,0.0908966064453125
1773062323557204736,27.278587818145752,0.97845458984375,0.1618804931640625,0.0608978271484375
1773062323567242752,27.288625955581665,0.9161834716796875,0.1448516845703125,0.0667266845703125
1773062323577279744,27.298662900924683,0.889801025390625,0.1427001953125,0.0400238037109375
1773062323587318016,27.308701038360596,0.896240234375,0.15301513671875,0.02801513671875
1773062323597355008,27.318737983703613,0.9248504638671875,0.168060302734375,0.041839599609375
1773062323607392768,27.328775882720947,0.958160400390625,0.1812591552734375,0.0448150634765625
1773062323617429760,27.338812828063965,0.9849853515625,0.1855316162109375,0.0413055419921875
1773062323627467776,27.348850965499878,0.984619140625,0.1958770751953125,0.054412841796875
1773062323637504768,27.358887910842896,0.9765625,0.2014617919921875,0.07244873046875
1773062323647542784,27.36892580986023,0.9737396240234375,0.1861724853515625,0.085968017578125
1773062323657579776,27.378962993621826,0.974578857421875,0.161285400390625,0.0634002685546875
1773062323667617792,27.38900089263916,0.963714599609375,0.1515350341796875,0.0643157958984375
1773062323677654784,27.399037837982178,0.95989990234375,0.1539459228515625,0.064605712890625
1773062323687692800,27.40907597541809,0.967041015625,0.16986083984375,0.0590972900390625
1773062323697729792,27.41911292076111,0.9880523681640625,0.1881561279296875,0.069244384765625
1773062323707766784,27.429149866104126,1.0031585693359375,0.1861114501953125,0.0649566650390625
1773062323717804800,27.43918800354004,1.013458251953125,0.178924560546875,0.064453125
1773062323727842816,27.449225902557373,1.014739990234375,0.170196533203125,0.081512451171875
1773062323737879808,27.45926284790039,1.0024261474609375,0.166534423828125,0.080841064453125
1773062323747917056,27.469300031661987,0.9971160888671875,0.1718597412109375,0.07861328125
1773062323757954816,27.47933793067932,0.9981231689453125,0.17218017578125,0.07257080078125
1773062323767991808,27.48937487602234,0.994903564453125,0.1654815673828125,0.052276611328125
1773062323778029568,27.499412775039673,0.9866790771484375,0.1628265380859375,0.0572509765625
1773062323788066560,27.50944972038269,0.987518310546875,0.1650238037109375,0.06610107421875
1773062323798104832,27.519487857818604,0.9911956787109375,0.1737060546875,0.0733795166015625
1773062323808141824,27.52952480316162,0.99560546875,0.179443359375,0.087127685546875
1773062323818179840,27.539562940597534,1.0040740966796875,0.1827545166015625,0.085784912109375
1773062323828216832,27.54959988594055,1.0003662109375,0.1835784912109375,0.0744171142578125
1773062323838254592,27.559637784957886,0.981689453125,0.17822265625,0.059326171875
1773062323848291584,27.569674730300903,0.9573974609375,0.170623779296875,0.05181884765625
1773062323858329856,27.579712867736816,0.9387359619140625,0.155029296875,0.041534423828125
1773062323868366592,27.589749813079834,0.931060791015625,0.1518096923828125,0.031219482421875
1773062323878404864,27.599787950515747,0.939178466796875,0.1685333251953125,0.0489349365234375
1773062323888441856,27.609824895858765,0.9616851806640625,0.1878509521484375,0.0593109130859375
1773062323898479616,27.6198627948761,0.982269287109375,0.195953369140625,0.0592193603515625
1773062323908516608,27.629899740219116,0.9846954345703125,0.188690185546875,0.0671539306640625
1773062323918554880,27.63993787765503,0.97296142578125,0.173492431640625,0.054168701171875
1773062323928591616,27.649974822998047,0.9511566162109375,0.162078857421875,0.049774169921875
1773062323938629632,27.66001272201538,0.9393768310546875,0.1595611572265625,0.045623779296875
1773062323948666880,27.670049905776978,0.942138671875,0.1631927490234375,0.0360870361328125
1773062323958704640,27.68008780479431,0.9473419189453125,0.164764404296875,0.035003662109375
1773062323968741632,27.69012475013733,0.959808349609375,0.1671142578125,0.0452880859375
1773062323978779904,27.700162887573242,0.96734619140625,0.172393798828125,0.04608154296875
1773062323988816640,27.71019983291626,0.9687652587890625,0.1828155517578125,0.0525360107421875
1773062323998854656,27.720237731933594,0.9707489013671875,0.1912994384765625,0.0633544921875
1773062324008891904,27.73027491569519,0.9741973876953125,0.183837890625,0.060089111328125
1773062324018929664,27.740312814712524,0.974761962890625,0.174713134765625,0.0639190673828125
1773062324028966656,27.750349760055542,0.968841552734375,0.1713104248046875,0.062042236328125
1773062324039004928,27.760387897491455,0.9705963134765625,0.1771697998046875,0.0654144287109375
1773062324049041664,27.770424842834473,0.9823760986328125,0.1853790283203125,0.0737762451171875
1773062324059079680,27.780462741851807,0.9957275390625,0.1885986328125,0.05908203125
1773062324069116928,27.790499925613403,1.0009002685546875,0.1910247802734375,0.0623931884765625
1773062324079154688,27.800537824630737,1.0006103515625,0.1844024658203125,0.062225341796875
1773062324089191680,27.810574769973755,0.9911956787109375,0.1740570068359375,0.0556640625
1773062324099229696,27.820612907409668,0.9817047119140625,0.168914794921875,0.0548553466796875
1773062324109266688,27.830649852752686,0.9713592529296875,0.1687469482421875,0.063751220703125
1773062324119304704,27.84068775177002,0.96856689453125,0.1755828857421875,0.068359375
1773062324129341952,27.850724935531616,0.9885711669921875,0.1869659423828125,0.0624542236328125
1773062324139379712,27.86076283454895,1.00579833984375,0.1956024169921875,0.084808349609375
1773062324149416704,27.870799779891968,1.0129241943359375,0.191497802734375,0.079559326171875
1773062324159453696,27.880836725234985,1.0094451904296875,0.176422119140625,0.05078125
1773062324169491712,27.8908748626709,0.9873504638671875,0.1674041748046875,0.05206298828125
1773062324179529728,27.900912761688232,0.963348388671875,0.1658172607421875,0.041534423828125
1773062324189566976,27.91094994544983,0.9509735107421875,0.1610107421875,0.01531982421875
1773062324199603712,27.920986890792847,0.95269775390625,0.158233642578125,0.02191162109375
1773062324209641728,27.93102478981018,0.9692535400390625,0.160491943359375,0.03631591796875
1773062324219678720,27.9410617351532,0.9900360107421875,0.1580657958984375,0.0399169921875
1773062324229716736,27.95109987258911,0.994293212890625,0.1611785888671875,0.0476226806640625
1773062324239753728,27.96113681793213,0.9803924560546875,0.1651153564453125,0.0513458251953125
1773062324249791744,27.971174955368042,0.9731292724609375,0.1669921875,0.0186920166015625
1773062324259828736,27.98121190071106,0.9630126953125,0.170196533203125,0.0001373291015625
1773062324269866752,27.991249799728394,0.955902099609375,0.168731689453125,-0.0026702880859375
1773062324279903744,28.00128674507141,0.9570465087890625,0.1533966064453125,-0.0217132568359375
1773062324289941760,28.011324882507324,0.950531005859375,0.133209228515625,-0.0330963134765625
1773062324299978752,28.021361827850342,0.9393310546875,0.122100830078125,-0.03564453125
1773062324310016512,28.031399726867676,0.9345703125,0.1164398193359375,-0.0576324462890625
1773062324320053760,28.041436910629272,0.926666259765625,0.123992919921875,-0.0640106201171875
1773062324330091776,28.051474809646606,0.92755126953125,0.142608642578125,-0.0599822998046875
1773062324340128768,28.061511754989624,0.947784423828125,0.15057373046875,-0.06689453125
1773062324350166784,28.071549892425537,0.9658966064453125,0.145782470703125,-0.0879058837890625
1773062324360203776,28.081586837768555,0.9692840576171875,0.1298065185546875,-0.0994415283203125
1773062324370241536,28.09162473678589,0.9614715576171875,0.11297607421875,-0.12225341796875
1773062324380278784,28.101661920547485,0.93756103515625,0.1079864501953125,-0.1473388671875
1773062324390316800,28.11169981956482,0.914093017578125,0.105712890625,-0.139801025390625
1773062324400353792,28.121736764907837,0.910125732421875,0.1007537841796875,-0.175323486328125
1773062324410391808,28.13177490234375,0.913421630859375,0.1023406982421875,-0.207733154296875
1773062324420428800,28.141811847686768,0.9293060302734375,0.113555908203125,-0.18145751953125
1773062324430466560,28.1518497467041,0.9597625732421875,0.112579345703125,-0.15167236328125
1773062324440503808,28.1618869304657,0.96917724609375,0.1064605712890625,-0.152008056640625
1773062324450541824,28.171924829483032,0.9603729248046875,0.099334716796875,-0.186431884765625
1773062324460578560,28.18196177482605,0.940948486328125,0.0912322998046875,-0.2379913330078125
1773062324470616832,28.191999912261963,0.9108428955078125,0.098052978515625,-0.2248077392578125
1773062324480653824,28.20203685760498,0.886962890625,0.1179046630859375,-0.1932525634765625
1773062324490691584,28.212074756622314,0.8917236328125,0.1437530517578125,-0.228302001953125
1773062324500728832,28.22211194038391,0.9144287109375,0.1587982177734375,-0.2357025146484375
1773062324510766848,28.232149839401245,0.9286346435546875,0.1590423583984375,-0.253662109375
1773062324520803584,28.242186784744263,0.921112060546875,0.1578521728515625,-0.2392578125
1773062324530841856,28.252224922180176,0.9084320068359375,0.136199951171875,-0.1982879638671875
1773062324540878848,28.262261867523193,0.879058837890625,0.102508544921875,-0.2953643798828125
1773062324550916608,28.272299766540527,0.8258819580078125,0.1005859375,-0.295745849609375
1773062324560953856,28.282336950302124,0.81207275390625,0.0836334228515625,-0.2667083740234375
1773062324570991872,28.292374849319458,0.7936248779296875,0.03515625,-0.353515625
1773062324581028608,28.302411794662476,0.7571868896484375,0.04095458984375,-0.3770294189453125
1773062324591066880,28.31244993209839,0.7662506103515625,0.09417724609375,-0.327301025390625
1773062324601103872,28.322486877441406,0.8112945556640625,0.11236572265625,-0.318145751953125
1773062324611141632,28.33252477645874,0.81768798828125,0.0488128662109375,-0.39251708984375
1773062324621178624,28.342561721801758,0.7808074951171875,-0.0350799560546875,-0.46038818359375
1773062324631215872,28.352598905563354,0.715545654296875,-0.1020050048828125,-0.5487060546875
1773062324641253632,28.36263680458069,0.6268768310546875,-0.104248046875,-0.5455780029296875
1773062324651290624,28.372673749923706,0.58587646484375,0.011199951171875,-0.3945465087890625
1773062324661328896,28.38271188735962,0.638702392578125,0.09893798828125,-0.3049468994140625
1773062324671365632,28.392748832702637,0.712890625,0.0513458251953125,-0.409637451171875
1773062324681403648,28.40278673171997,0.7295074462890625,-0.036865234375,-0.544158935546875
1773062324691440896,28.412823915481567,0.6800689697265625,-0.1292724609375,-0.5943603515625
1773062324701478656,28.4228618144989,0.577850341796875,-0.21490478515625,-0.576416015625
1773062324711515648,28.43289875984192,0.4802398681640625,-0.2558746337890625,-0.580047607421875
1773062324721553920,28.442936897277832,0.4279022216796875,-0.2751922607421875,-0.6868743896484375
1773062324731590656,28.45297384262085,0.4112091064453125,-0.2059478759765625,-0.6523590087890625
1773062324741628672,28.463011741638184,0.44482421875,-0.0442657470703125,-0.5577239990234375
1773062324751665920,28.47304892539978,0.49285888671875,0.035797119140625,-0.6202545166015625
1773062324761703680,28.483086824417114,0.509246826171875,-0.0401763916015625,-0.739654541015625
1773062324771739136,28.493122339248657,0.4654693603515625,-0.18084716796875,-0.856414794921875
1773062324781777152,28.50316023826599,0.3629302978515625,-0.336822509765625,-0.909820556640625
1773062324791814400,28.513197422027588,0.252197265625,-0.4873809814453125,-0.9088897705078125
1773062324801852160,28.523235321044922,0.1611480712890625,-0.52728271484375,-0.843475341796875
1773062324811889152,28.53327226638794,0.1480560302734375,-0.317840576171875,-0.5823822021484375
1773062324821927424,28.543310403823853,0.249114990234375,-0.0543212890625,-0.38818359375
1773062324831964160,28.55334734916687,0.3719940185546875,0.027740478515625,-0.494293212890625
1773062324842002176,28.563385248184204,0.45123291015625,-0.08465576171875,-0.8785400390625
1773062324852039424,28.5734224319458,0.34246826171875,-0.3891754150390625,-1.166473388671875
1773062324862077184,28.583460330963135,0.0819549560546875,-0.6500091552734375,-1.15045166015625
1773062324872114176,28.593497276306152,-0.1184539794921875,-0.7336883544921875,-0.9228668212890625
1773062324882152192,28.603535413742065,-0.1605682373046875,-0.6103057861328125,-0.628570556640625
1773062324892189184,28.613572359085083,-0.064727783203125,-0.3060760498046875,-0.3681488037109375
1773062324902227200,28.623610258102417,0.089019775390625,-0.0951690673828125,-0.4512481689453125
1773062324912264448,28.633647441864014,0.2365875244140625,-0.1239776611328125,-0.882080078125
1773062324922302208,28.643685340881348,0.2135772705078125,-0.31256103515625,-1.219573974609375
1773062324932339200,28.653722286224365,-0.0150299072265625,-0.487548828125,-1.08978271484375
1773062324942377216,28.66376042366028,-0.231353759765625,-0.59649658203125,-0.854644775390625
1773062324952414208,28.673797369003296,-0.308349609375,-0.72418212890625,-0.839080810546875
1773062324962452224,28.68383526802063,-0.2840728759765625,-0.718109130859375,-0.8990325927734375
1773062324972489472,28.693872451782227,-0.1994171142578125,-0.435089111328125,-0.6609649658203125
1773062324982527232,28.70391035079956,-0.1167449951171875,-0.1832733154296875,-0.5979156494140625
1773062324992564224,28.713947296142578,-0.084075927734375,-0.16876220703125,-0.7726898193359375
1773062325002602240,28.72398543357849,-0.1260223388671875,-0.3345184326171875,-0.945343017578125
1773062325012639232,28.73402237892151,-0.2318115234375,-0.5809478759765625,-1.0557098388671875
1773062325022677248,28.744060277938843,-0.3475799560546875,-0.821929931640625,-1.0862274169921875
1773062325032714240,28.75409722328186,-0.419677734375,-0.893646240234375,-0.9947052001953125
1773062325042752256,28.764135360717773,-0.4033966064453125,-0.6374969482421875,-0.7037200927734375
1773062325052789248,28.77417230606079,-0.3305816650390625,-0.2062835693359375,-0.44671630859375
1773062325062827264,28.784210443496704,-0.297454833984375,-0.03729248046875,-0.528045654296875
1773062325072864256,28.79424738883972,-0.3327178955078125,-0.2650909423828125,-0.972198486328125
1773062325082901248,28.80428433418274,-0.42791748046875,-0.5390167236328125,-1.1179656982421875
1773062325092939264,28.814322233200073,-0.5521697998046875,-0.709014892578125,-0.96356201171875
1773062325102976256,28.82435941696167,-0.6038360595703125,-0.892364501953125,-0.9659576416015625
1773062325113014272,28.834397315979004,-0.6138763427734375,-0.9195404052734375,-0.980438232421875
1773062325123051264,28.84443426132202,-0.5928802490234375,-0.678955078125,-0.8834075927734375
1773062325133089280,28.854472398757935,-0.5494232177734375,-0.3768310546875,-0.72955322265625
1773062325143126272,28.864509344100952,-0.535614013671875,-0.181671142578125,-0.5925750732421875
1773062325153164032,28.874547243118286,-0.5378875732421875,-0.15032958984375,-0.6018829345703125
1773062325163201280,28.884584426879883,-0.53790283203125,-0.325714111328125,-0.6937255859375
1773062325173239296,28.894622325897217,-0.591094970703125,-0.5886688232421875,-0.7854461669921875
1773062325183276288,28.904659271240234,-0.6988677978515625,-0.798675537109375,-0.901824951171875
1773062325193314304,28.914697408676147,-0.8017425537109375,-0.89453125,-0.9046783447265625
1773062325203351296,28.924734354019165,-0.8810577392578125,-0.7841644287109375,-0.830169677734375
1773062325213389056,28.9347722530365,-0.850494384765625,-0.4760284423828125,-0.64739990234375
1773062325223426304,28.944809436798096,-0.7598114013671875,-0.1465301513671875,-0.4728240966796875
1773062325233464320,28.95484733581543,-0.7215423583984375,-0.0894927978515625,-0.6600341796875
1773062325243501312,28.964884281158447,-0.683807373046875,-0.306365966796875,-0.90496826171875
1773062325253539328,28.97492241859436,-0.770843505859375,-0.527191162109375,-0.859832763671875
1773062325263576320,28.984959363937378,-0.896942138671875,-0.6972503662109375,-0.7042083740234375
1773062325273614080,28.994997262954712,-0.918304443359375,-0.78082275390625,-0.6763153076171875
1773062325283651328,29.00503444671631,-0.8593902587890625,-0.661102294921875,-0.6433258056640625
1773062325293689344,29.015072345733643,-0.807098388671875,-0.44561767578125,-0.5705413818359375
1773062325303726080,29.02510929107666,-0.7708587646484375,-0.2786407470703125,-0.60589599609375
1773062325313764352,29.035147428512573,-0.7724151611328125,-0.1862335205078125,-0.593719482421875
1773062325323801344,29.04518437385559,-0.8184967041015625,-0.2524566650390625,-0.6058197021484375
1773062325333839104,29.055222272872925,-0.8852386474609375,-0.453094482421875,-0.7195281982421875
1773062325343876352,29.06525945663452,-0.921844482421875,-0.63433837890625,-0.74102783203125
1773062325353914368,29.075297355651855,-0.92108154296875,-0.683746337890625,-0.65423583984375
1773062325363951104,29.085334300994873,-0.8868408203125,-0.552337646484375,-0.527374267578125
1773062325373989376,29.095372438430786,-0.8277435302734375,-0.36968994140625,-0.557586669921875
1773062325384026368,29.105409383773804,-0.765350341796875,-0.2472686767578125,-0.6359100341796875
1773062325394064128,29.115447282791138,-0.7567596435546875,-0.2422637939453125,-0.6578216552734375
1773062325404101120,29.125484228134155,-0.797698974609375,-0.343170166015625,-0.61322021484375
1773062325414139392,29.13552236557007,-0.8437347412109375,-0.4652862548828125,-0.5236968994140625
1773062325424176128,29.145559310913086,-0.8672637939453125,-0.5208282470703125,-0.451019287109375
1773062325434214400,29.155597448349,-0.8679962158203125,-0.50970458984375,-0.42767333984375
1773062325444251392,29.165634393692017,-0.8624114990234375,-0.4647064208984375,-0.5271148681640625
1773062325454289152,29.17567229270935,-0.8362884521484375,-0.3717803955078125,-0.6098785400390625
1773062325464326144,29.185709238052368,-0.8352508544921875,-0.277984619140625,-0.624114990234375
1773062325474364160,29.19574737548828,-0.8488922119140625,-0.238739013671875,-0.6188812255859375
1773062325484401152,29.2057843208313,-0.8621063232421875,-0.2801055908203125,-0.56500244140625
1773062325494438144,29.215821266174316,-0.884185791015625,-0.38702392578125,-0.50396728515625
1773062325504476416,29.22585940361023,-0.90557861328125,-0.463531494140625,-0.408782958984375
1773062325514513152,29.235896348953247,-0.909820556640625,-0.4730224609375,-0.33990478515625
1773062325524551168,29.24593424797058,-0.88037109375,-0.4394073486328125,-0.39508056640625
1773062325534588416,29.255971431732178,-0.842132568359375,-0.3896942138671875,-0.5008697509765625
1773062325544626176,29.26600933074951,-0.8386077880859375,-0.3362274169921875,-0.573944091796875
1773062325554663168,29.27604627609253,-0.874847412109375,-0.2726898193359375,-0.53570556640625
1773062325564701440,29.286084413528442,-0.9392852783203125,-0.2494354248046875,-0.4905242919921875
1773062325574738176,29.29612135887146,-0.9896240234375,-0.2987823486328125,-0.5279998779296875
1773062325584776192,29.306159257888794,-0.995208740234375,-0.353179931640625,-0.51422119140625
1773062325594813440,29.31619644165039,-0.9969940185546875,-0.378692626953125,-0.43096923828125
1773062325604851200,29.326234340667725,-0.9725799560546875,-0.3833160400390625,-0.390411376953125
1773062325614888192,29.336271286010742,-0.91607666015625,-0.3311767578125,-0.3849334716796875
1773062325624926208,29.346309423446655,-0.869720458984375,-0.249603271484375,-0.390838623046875
1773062325634963200,29.356346368789673,-0.8787841796875,-0.2223358154296875,-0.4548492431640625
1773062325645001216,29.366384267807007,-0.9331207275390625,-0.27728271484375,-0.554168701171875
1773062325655038464,29.376421451568604,-0.9896240234375,-0.332855224609375,-0.5294647216796875
1773062325665076224,29.386459350585938,-1.0354766845703125,-0.344390869140625,-0.433563232421875
1773062325675113216,29.396496295928955,-1.0326690673828125,-0.347991943359375,-0.4177093505859375
1773062325685151232,29.406534433364868,-0.9700927734375,-0.3215179443359375,-0.426727294921875
1773062325695188224,29.416571378707886,-0.9256134033203125,-0.2875823974609375,-0.4191131591796875
1773062325705226240,29.42660927772522,-0.9365234375,-0.3028717041015625,-0.45367431640625
1773062325715263232,29.436646223068237,-0.95233154296875,-0.334014892578125,-0.4663238525390625
1773062325725301248,29.44668436050415,-0.96722412109375,-0.3678131103515625,-0.4978790283203125
1773062325735338240,29.456721305847168,-0.948516845703125,-0.412078857421875,-0.5513916015625
1773062325745376256,29.46675944328308,-0.93609619140625,-0.4398193359375,-0.5881500244140625
1773062325755413248,29.4767963886261,-0.944671630859375,-0.412384033203125,-0.5637664794921875
1773062325765451264,29.486834287643433,-0.9892578125,-0.3494873046875,-0.455352783203125
1773062325775488768,29.496871948242188,-1.0247955322265625,-0.30767822265625,-0.4193878173828125
1773062325785526784,29.50690984725952,-1.0130615234375,-0.29815673828125,-0.436065673828125
1773062325795564032,29.516947031021118,-1.003631591796875,-0.3495635986328125,-0.48883056640625
1773062325805601792,29.526984930038452,-0.9925384521484375,-0.417572021484375,-0.5327606201171875
1773062325815638784,29.53702187538147,-0.96533203125,-0.45855712890625,-0.54052734375
1773062325825676800,29.547060012817383,-0.944976806640625,-0.493133544921875,-0.5716552734375
1773062325835713792,29.5570969581604,-0.9468536376953125,-0.5108642578125,-0.54736328125
1773062325845751808,29.567134857177734,-0.98699951171875,-0.477874755859375,-0.503143310546875
1773062325855789056,29.57717204093933,-1.0070953369140625,-0.440887451171875,-0.4796600341796875
1773062325865826816,29.587209939956665,-0.9825286865234375,-0.4209442138671875,-0.4861297607421875
1773062325875863808,29.597246885299683,-0.9582977294921875,-0.3902740478515625,-0.5372467041015625
1773062325885900800,29.6072838306427,-0.95709228515625,-0.39105224609375,-0.57000732421875
1773062325895938816,29.617321968078613,-1.000244140625,-0.4735870361328125,-0.6325836181640625
1773062325905975808,29.62735891342163,-1.0380706787109375,-0.585906982421875,-0.67236328125
1773062325916013824,29.637396812438965,-1.013275146484375,-0.64520263671875,-0.5970306396484375
1773062325926050816,29.64743399620056,-0.9463348388671875,-0.6153411865234375,-0.46142578125
1773062325936088832,29.657471895217896,-0.8635406494140625,-0.531463623046875,-0.419647216796875
1773062325946125824,29.667508840560913,-0.8028411865234375,-0.46502685546875,-0.5183868408203125
1773062325956163840,29.677546977996826,-0.7988739013671875,-0.4408721923828125,-0.6576080322265625
1773062325966200832,29.687583923339844,-0.8380279541015625,-0.469451904296875,-0.73638916015625
1773062325976238848,29.697621822357178,-0.87774658203125,-0.535064697265625,-0.736480712890625
1773062325986275840,29.707659006118774,-0.9200439453125,-0.5657806396484375,-0.6609954833984375
1773062325996313856,29.71769690513611,-0.9460906982421875,-0.580413818359375,-0.587738037109375
1773062326006350848,29.727733850479126,-0.904266357421875,-0.624053955078125,-0.576873779296875
1773062326016388864,29.73777198791504,-0.8218994140625,-0.631744384765625,-0.56622314453125
1773062326026425856,29.747808933258057,-0.764923095703125,-0.5971832275390625,-0.4968719482421875
1773062326036463616,29.75784683227539,-0.7545013427734375,-0.5915374755859375,-0.5994720458984375
1773062326046500864,29.767884016036987,-0.75860595703125,-0.5865325927734375,-0.686737060546875
1773062326056538880,29.77792191505432,-0.7861328125,-0.5962066650390625,-0.7005767822265625
1773062326066575872,29.78795886039734,-0.7898712158203125,-0.6250152587890625,-0.71759033203125
1773062326076613888,29.797996997833252,-0.7611236572265625,-0.6116180419921875,-0.65167236328125
1773062326086650880,29.80803394317627,-0.73681640625,-0.6033935546875,-0.6121978759765625
1773062326096688640,29.818071842193604,-0.7011566162109375,-0.6049346923828125,-0.6573028564453125
1773062326106725888,29.8281090259552,-0.656982421875,-0.5895843505859375,-0.69537353515625
1773062326116763904,29.838146924972534,-0.6331329345703125,-0.554718017578125,-0.6848297119140625
1773062326126800896,29.84818387031555,-0.6455078125,-0.5716705322265625,-0.7472991943359375
1773062326136838912,29.858222007751465,-0.6333770751953125,-0.6493988037109375,-0.8386077880859375
1773062326146875904,29.868258953094482,-0.5673065185546875,-0.6644744873046875,-0.793243408203125
1773062326156913664,29.878296852111816,-0.509063720703125,-0.6093902587890625,-0.712188720703125
1773062326166950912,29.888334035873413,-0.4704742431640625,-0.5482330322265625,-0.735870361328125
1773062326176988928,29.898371934890747,-0.44573974609375,-0.4983978271484375,-0.728302001953125
1773062326187025664,29.908408880233765,-0.4334716796875,-0.510498046875,-0.8008880615234375
1773062326197063936,29.918447017669678,-0.4067535400390625,-0.5745697021484375,-0.8591156005859375
1773062326207100928,29.928483963012695,-0.3819427490234375,-0.610076904296875,-0.856658935546875
1773062326217138688,29.93852186203003,-0.3802642822265625,-0.598297119140625,-0.8021087646484375
1773062326227175680,29.948558807373047,-0.347412109375,-0.551300048828125,-0.78546142578125
1773062326237213952,29.95859694480896,-0.2600860595703125,-0.480682373046875,-0.782318115234375
1773062326247250688,29.968633890151978,-0.183349609375,-0.459259033203125,-0.82330322265625
1773062326257288960,29.97867202758789,-0.1173553466796875,-0.506500244140625,-0.9307403564453125
1773062326267325952,29.988708972930908,-0.077880859375,-0.49688720703125,-0.852264404296875
1773062326277362944,29.998745918273926,-0.0838775634765625,-0.42877197265625,-0.730194091796875
1773062326287400704,30.00878381729126,-0.0827178955078125,-0.3987274169921875,-0.7854156494140625
1773062326297437952,30.018821001052856,-0.063232421875,-0.3731536865234375,-0.92266845703125
1773062326307475712,30.02885890007019,-0.053680419921875,-0.3653564453125,-0.96356201171875
1773062326317512704,30.038895845413208,-0.040802001953125,-0.374664306640625,-0.9758758544921875
1773062326327550976,30.04893398284912,0.001251220703125,-0.37994384765625,-0.8931121826171875
1773062326337587712,30.05897092819214,0.07513427734375,-0.40826416015625,-0.8008575439453125
1773062326347625728,30.069008827209473,0.1343231201171875,-0.4463348388671875,-0.807159423828125
1773062326357662976,30.07904601097107,0.147247314453125,-0.398773193359375,-0.7063751220703125
1773062326367700736,30.089083909988403,0.1371612548828125,-0.3199462890625,-0.6242218017578125
1773062326377737728,30.09912085533142,0.1368560791015625,-0.2783660888671875,-0.6649169921875
1773062326387776000,30.109158992767334,0.1658477783203125,-0.267578125,-0.7855377197265625
1773062326397812736,30.11919593811035,0.2166290283203125,-0.2719573974609375,-0.8301544189453125
1773062326407850752,30.129233837127686,0.2557220458984375,-0.2837982177734375,-0.894378662109375
1773062326417888000,30.139271020889282,0.28582763671875,-0.2392425537109375,-0.825836181640625
1773062326427925760,30.149308919906616,0.3117523193359375,-0.212921142578125,-0.8026123046875
1773062326437962752,30.159345865249634,0.3134002685546875,-0.2354583740234375,-0.8321075439453125
1773062326448001024,30.169384002685547,0.2921600341796875,-0.2392730712890625,-0.7975311279296875
1773062326458037760,30.179420948028564,0.2921142578125,-0.185699462890625,-0.640777587890625
1773062326468075776,30.1894588470459,0.341064453125,-0.1629638671875,-0.631500244140625
1773062326478113024,30.199496030807495,0.405609130859375,-0.196502685546875,-0.6344451904296875
1773062326488150784,30.20953392982483,0.4863128662109375,-0.2172698974609375,-0.7259674072265625
1773062326498187776,30.219570875167847,0.48944091796875,-0.23992919921875,-0.855712890625
1773062326508225792,30.22960901260376,0.4287567138671875,-0.2308807373046875,-0.8729095458984375
1773062326518262784,30.239645957946777,0.3709869384765625,-0.154541015625,-0.655731201171875
1773062326528300800,30.24968385696411,0.3768157958984375,-0.1043243408203125,-0.5883026123046875
1773062326538338048,30.259721040725708,0.431854248046875,-0.1248931884765625,-0.686553955078125
1773062326548375808,30.269758939743042,0.5131988525390625,-0.1254730224609375,-0.6210174560546875
1773062326558412800,30.27979588508606,0.561065673828125,-0.114959716796875,-0.4622039794921875
1773062326568450816,30.289834022521973,0.601318359375,-0.121337890625,-0.45477294921875
1773062326578487808,30.29987096786499,0.6165771484375,-0.1597442626953125,-0.5889739990234375
1773062326588525824,30.309908866882324,0.6002655029296875,-0.1134185791015625,-0.612060546875
1773062326598562816,30.319945812225342,0.57470703125,-0.0178680419921875,-0.5333404541015625
1773062326608600832,30.329983949661255,0.5587005615234375,0.01251220703125,-0.568450927734375
1773062326618637824,30.340020895004272,0.5680389404296875,-0.0029144287109375,-0.6068572998046875
1773062326628675840,30.350059032440186,0.5895843505859375,0.00262451171875,-0.4716033935546875
1773062326638712832,30.360095977783203,0.64666748046875,0.0227203369140625,-0.293304443359375
1773062326648749824,30.37013292312622,0.7079010009765625,-0.034027099609375,-0.310577392578125
1773062326658787840,30.380170822143555,0.7693023681640625,-0.0765838623046875,-0.3380279541015625
1773062326668824832,30.39020800590515,0.7818603515625,-0.0406036376953125,-0.3163604736328125
1773062326678862848,30.400245904922485,0.7467041015625,0.030181884765625,-0.3389739990234375
1773062326688899840,30.410282850265503,0.73638916015625,0.0931549072265625,-0.3671875
1773062326698937856,30.420320987701416,0.7628326416015625,0.0757293701171875,-0.496917724609375
1773062326708974848,30.430357933044434,0.7627716064453125,0.0311431884765625,-0.44976806640625
1773062326719012864,30.440395832061768,0.7803802490234375,0.0080413818359375,-0.3430023193359375
1773062326729049856,30.450433015823364,0.804534912109375,-0.00933837890625,-0.3332366943359375
1773062326739087872,30.4604709148407,0.821929931640625,0.0239105224609375,-0.2144012451171875
1773062326749124864,30.470507860183716,0.8408355712890625,0.0668792724609375,-0.1416778564453125
1773062326759162880,30.48054599761963,0.864532470703125,0.0687103271484375,-0.19677734375
1773062326769200896,30.490583896636963,0.8878173828125,0.069580078125,-0.2607879638671875
1773062326779238912,30.500622034072876,0.87957763671875,0.071441650390625,-0.290008544921875
1773062326789275904,30.510658979415894,0.8541259765625,0.0870513916015625,-0.2199859619140625
1773062326799313664,30.520696878433228,0.8501739501953125,0.0888214111328125,-0.1928558349609375
1773062326809350656,30.530733823776245,0.867034912109375,0.1035614013671875,-0.13079833984375
1773062326819388928,30.540771961212158,0.9387054443359375,0.1268463134765625,-0.085418701171875
1773062326829425920,30.550808906555176,1.0048980712890625,0.1205596923828125,-0.0745697021484375
1773062326839463680,30.56084680557251,1.0199432373046875,0.107879638671875,-0.068359375
1773062326849500928,30.570883989334106,0.9975128173828125,0.0921478271484375,-0.0937042236328125
1773062326859538688,30.58092188835144,0.94647216796875,0.0686492919921875,-0.1602935791015625
1773062326869575680,30.590958833694458,0.893463134765625,0.0473175048828125,-0.1600341796875
1773062326879613952,30.60099697113037,0.888763427734375,0.0299835205078125,-0.1113128662109375
1773062326889650944,30.61103391647339,0.93402099609375,0.0370025634765625,-0.04095458984375
1773062326899688704,30.621071815490723,1.0083160400390625,0.070465087890625,-0.024993896484375
1773062326909725952,30.63110899925232,1.058441162109375,0.109466552734375,-0.0115203857421875
1773062326919763712,30.641146898269653,1.058197021484375,0.1390380859375,0.0151519775390625
1773062326929800704,30.65118384361267,1.0391998291015625,0.146209716796875,0.0126953125
1773062326939838976,30.661221981048584,1.00091552734375,0.1370391845703125,0.0408782958984375
1773062326949875712,30.6712589263916,0.9934539794921875,0.1217041015625,0.041046142578125
1773062326959913728,30.681296825408936,1.0081634521484375,0.11651611328125,0.0386962890625
1773062326969950976,30.691334009170532,1.01812744140625,0.13226318359375,0.0793304443359375
1773062326979988736,30.701371908187866,1.032806396484375,0.1423797607421875,0.1121978759765625
1773062326990025728,30.711408853530884,1.045196533203125,0.128387451171875,0.104278564453125
1773062327000062976,30.72144603729248,1.029052734375,0.10882568359375,0.1083221435546875
1773062327010100736,30.731483936309814,1.0069732666015625,0.104339599609375,0.125244140625
1773062327020137728,30.741520881652832,0.994293212890625,0.1125640869140625,0.1302490234375
1773062327030176000,30.751559019088745,0.9856719970703125,0.126861572265625,0.127410888671875
1773062327040212992,30.761595964431763,0.9857025146484375,0.148101806640625,0.1437225341796875
1773062327050250752,30.771633863449097,0.9975128173828125,0.1561431884765625,0.134918212890625
1773062327060287744,30.781670808792114,0.9951324462890625,0.1572113037109375,0.1166839599609375
1773062327070325760,30.791708946228027,0.9764556884765625,0.16119384765625,0.128173828125
1773062327080362752,30.801745891571045,0.95587158203125,0.1570281982421875,0.14556884765625
1773062327090401024,30.811784029006958,0.962921142578125,0.16070556640625,0.1646575927734375
1773062327100437760,30.821820974349976,0.9906158447265625,0.168365478515625,0.16729736328125
1773062327110475776,30.83185887336731,1.0012054443359375,0.1730804443359375,0.1722259521484375
1773062327120512768,30.841895818710327,0.9891204833984375,0.1774139404296875,0.1784210205078125
1773062327130550784,30.85193395614624,0.969207763671875,0.1728973388671875,0.167083740234375
1773062327140587776,30.861970901489258,0.9530181884765625,0.160430908203125,0.144561767578125
1773062327150626048,30.87200903892517,0.950897216796875,0.1548309326171875,0.1552276611328125
1773062327160662784,30.88204598426819,0.9653472900390625,0.1437835693359375,0.15191650390625
1773062327170700800,30.892083883285522,0.97271728515625,0.13134765625,0.1456756591796875
1773062327180737792,30.90212082862854,0.9585723876953125,0.13629150390625,0.155517578125
1773062327190775808,30.912158966064453,0.94598388671875,0.143890380859375,0.138214111328125
1773062327200812800,30.92219591140747,0.93426513671875,0.157257080078125,0.1207122802734375
1773062327210850816,30.932233810424805,0.9294281005859375,0.1878814697265625,0.1425933837890625
1773062327220887808,30.9422709941864,0.9568023681640625,0.2042236328125,0.1496429443359375
1773062327230925824,30.952308893203735,0.9960174560546875,0.198516845703125,0.14337158203125
1773062327240962816,30.962345838546753,1.0118560791015625,0.1829681396484375,0.1410369873046875
1773062327251000832,30.972383975982666,1.000396728515625,0.174468994140625,0.1448974609375
1773062327261037824,30.982420921325684,0.9781646728515625,0.160125732421875,0.1341552734375
1773062327271075840,30.992458820343018,0.9585723876953125,0.1373748779296875,0.1107940673828125
1773062327281112832,31.002496004104614,0.9264373779296875,0.1202239990234375,0.1065521240234375
1773062327291150848,31.01253390312195,0.91741943359375,0.12725830078125,0.1230926513671875
1773062327301187840,31.022570848464966,0.9449462890625,0.1373748779296875,0.12139892578125
1773062327311224832,31.032608032226562,0.9795074462890625,0.1480560302734375,0.1225433349609375
1773062327321262848,31.042645931243896,0.9975738525390625,0.1633758544921875,0.1284942626953125
1773062327331300608,31.05268383026123,1.0022735595703125,0.1662139892578125,0.1326446533203125
1773062327341337856,31.062721014022827,0.99444580078125,0.15350341796875,0.12725830078125
1773062327351374848,31.072757959365845,0.9771728515625,0.140380859375,0.140777587890625
1773062327361412864,31.08279585838318,0.961669921875,0.1286468505859375,0.153045654296875
1773062327371449600,31.092832803726196,0.97247314453125,0.121124267578125,0.13092041015625
1773062327381487872,31.10287094116211,0.97894287109375,0.1260833740234375,0.117706298828125
1773062327391524864,31.112907886505127,0.9719390869140625,0.138885498046875,0.119659423828125
1773062327401562880,31.12294602394104,0.9712677001953125,0.14520263671875,0.109405517578125
1773062327411599872,31.132982969284058,0.972686767578125,0.1480712890625,0.1039581298828125
1773062327421637888,31.14302086830139,0.9709625244140625,0.1471405029296875,0.113739013671875
1773062327431674624,31.15305781364441,0.9774627685546875,0.1384735107421875,0.125030517578125
1773062327441712896,31.163095951080322,0.9838104248046875,0.124542236328125,0.1239471435546875
1773062327451749888,31.17313289642334,0.97216796875,0.12005615234375,0.132659912109375
1773062327461787904,31.183171033859253,0.9556427001953125,0.12591552734375,0.1228790283203125
1773062327471824896,31.19320797920227,0.9494781494140625,0.1355438232421875,0.102996826171875
1773062327481862656,31.203245878219604,0.946533203125,0.14251708984375,0.1111602783203125
1773062327491899648,31.213282823562622,0.9578094482421875,0.133941650390625,0.1094207763671875
1773062327501937920,31.223320960998535,0.9727630615234375,0.1241607666015625,0.1221160888671875
1773062327511974912,31.233357906341553,0.982391357421875,0.1275177001953125,0.1236724853515625
1773062327522012672,31.243395805358887,0.982879638671875,0.1373291015625,0.1209869384765625
1773062327532049920,31.253432989120483,0.9839935302734375,0.1438446044921875,0.1299896240234375
1773062327542087680,31.263470888137817,0.9841461181640625,0.138214111328125,0.127349853515625
1773062327552124672,31.273507833480835,0.97943115234375,0.1356201171875,0.1272735595703125
1773062327562162944,31.283545970916748,0.9772491455078125,0.1374053955078125,0.129425048828125
1773062327572199936,31.293582916259766,0.97650146484375,0.1391448974609375,0.1248626708984375
1773062327582237696,31.3036208152771,0.971954345703125,0.144256591796875,0.115142822265625
1773062327592274944,31.313657999038696,0.9713592529296875,0.14361572265625,0.1236572265625
1773062327602312704,31.32369589805603,0.9778594970703125,0.144195556640625,0.12451171875
1773062327612349696,31.333732843399048,0.985931396484375,0.149169921875,0.12939453125
1773062327622387968,31.34377098083496,0.9933624267578125,0.1560516357421875,0.1421356201171875
1773062327632424704,31.35380792617798,1.0040435791015625,0.155303955078125,0.134185791015625
1773062327642462720,31.363845825195312,0.9956817626953125,0.1506195068359375,0.1304779052734375
1773062327652499968,31.37388300895691,0.984375,0.14617919921875,0.1217498779296875
1773062327662537728,31.383920907974243,0.974639892578125,0.1381683349609375,0.10302734375
1773062327672574720,31.39395785331726,0.9664764404296875,0.13726806640625,0.1210479736328125
1773062327682611968,31.403995037078857,0.970458984375,0.135345458984375,0.1224517822265625
1773062327692649728,31.41403293609619,0.9816436767578125,0.12890625,0.1160125732421875
1773062327702686720,31.42406988143921,0.981353759765625,0.1343231201171875,0.1289825439453125
1773062327712724992,31.434108018875122,0.98419189453125,0.1438140869140625,0.1199493408203125
1773062327722761984,31.44414496421814,0.983978271484375,0.14825439453125,0.1189117431640625
1773062327732799744,31.454182863235474,0.9850921630859375,0.1395263671875,0.119049072265625
1773062327742836736,31.46421980857849,0.985137939453125,0.12554931640625,0.112335205078125
1773062327752874752,31.474257946014404,0.980865478515625,0.116729736328125,0.11376953125
1773062327762911744,31.484294891357422,0.97900390625,0.122894287109375,0.1219635009765625
1773062327772949760,31.494332790374756,0.992218017578125,0.136444091796875,0.1236419677734375
1773062327782986752,31.504369735717773,1.0081787109375,0.1381378173828125,0.1135406494140625
1773062327793024512,31.514407634735107,1.004608154296875,0.125335693359375,0.107025146484375
1773062327803061504,31.524444580078125,0.9778594970703125,0.109710693359375,0.1026153564453125
1773062327813099520,31.534482717514038,0.957916259765625,0.1038970947265625,0.1002349853515625
1773062327823136512,31.544519662857056,0.962738037109375,0.106231689453125,0.10174560546875
1773062327833174528,31.55455756187439,0.9809112548828125,0.109649658203125,0.1058807373046875
1773062327843211776,31.564594745635986,0.992462158203125,0.116912841796875,0.1223602294921875
1773062327853249536,31.57463264465332,0.999481201171875,0.1195526123046875,0.13055419921875
1773062327863286528,31.584669589996338,1.001068115234375,0.1207122802734375,0.13018798828125
1773062327873324544,31.59470772743225,0.9950714111328125,0.122100830078125,0.132415771484375
1773062327883361536,31.60474467277527,0.9892578125,0.1258697509765625,0.145965576171875
1773062327893399552,31.614782571792603,0.9906158447265625,0.1260528564453125,0.1415863037109375
1773062327903436544,31.6248197555542,0.994354248046875,0.1293487548828125,0.1420440673828125
1773062327913474560,31.634857654571533,0.99407958984375,0.1284942626953125,0.1594390869140625
1773062327923511552,31.64489459991455,0.99951171875,0.1168670654296875,0.165679931640625
1773062327933549568,31.654932737350464,1.004486083984375,0.1043853759765625,0.141143798828125
1773062327943586560,31.66496968269348,0.9997100830078125,0.098358154296875,0.14813232421875
1773062327953624576,31.675007581710815,0.990936279296875,0.0927581787109375,0.1536865234375
1773062327963661568,31.685044765472412,0.991790771484375,0.0836181640625,0.126678466796875
1773062327973699584,31.695082664489746,0.986846923828125,0.0846710205078125,0.12432861328125
1773062327983736576,31.705119609832764,0.9788360595703125,0.0865325927734375,0.126617431640625
1773062327993774592,31.715157747268677,0.9781341552734375,0.0861968994140625,0.1110076904296875
1773062328003811584,31.725194692611694,0.9779815673828125,0.0865631103515625,0.1013031005859375
1773062328013849600,31.73523259162903,0.9793853759765625,0.100860595703125,0.107696533203125
1773062328023886592,31.745269775390625,0.9851531982421875,0.114898681640625,0.096954345703125
1773062328033923584,31.755306720733643,0.99383544921875,0.121734619140625,0.0688323974609375
1773062328043961600,31.765344619750977,0.986572265625,0.12371826171875,0.0619049072265625
1773062328053998592,31.775381565093994,0.9732208251953125,0.120330810546875,0.0606689453125
1773062328064036608,31.785419702529907,0.9688262939453125,0.114471435546875,0.0430145263671875
1773062328074073600,31.795456647872925,0.9663543701171875,0.10693359375,0.0337982177734375
1773062328084111616,31.805494785308838,0.9628448486328125,0.1071624755859375,0.030609130859375
1773062328094148608,31.815531730651855,0.9681243896484375,0.1095428466796875,0.0218658447265625
1773062328104186624,31.82556962966919,0.9675140380859375,0.1060333251953125,0.006256103515625
1773062328114223360,31.835606575012207,0.96075439453125,0.0995941162109375,-0.0114593505859375
1773062328124261632,31.84564471244812,0.947479248046875,0.0940704345703125,-0.0329742431640625
1773062328134298624,31.855681657791138,0.9355621337890625,0.0918426513671875,-0.05072021484375
1773062328144336384,31.86571955680847,0.930572509765625,0.10467529296875,-0.0428314208984375
1773062328154373632,31.87575674057007,0.937286376953125,0.1096038818359375,-0.0560302734375
1773062328164411648,31.885794639587402,0.9447021484375,0.10040283203125,-0.0852813720703125
1773062328174448384,31.89583158493042,0.9412078857421875,0.08734130859375,-0.1038665771484375
1773062328184486656,31.905869722366333,0.927642822265625,0.0702362060546875,-0.11077880859375
1773062328194523648,31.91590666770935,0.9124603271484375,0.0523681640625,-0.1250152587890625
1773062328204561408,31.925944566726685,0.89825439453125,0.0547332763671875,-0.1447601318359375
1773062328214598656,31.93598175048828,0.914642333984375,0.0727386474609375,-0.1337890625
1773062328224636672,31.946019649505615,0.93939208984375,0.082916259765625,-0.1214599609375
1773062328234673408,31.956056594848633,0.9512481689453125,0.090087890625,-0.124542236328125
1773062328244711680,31.966094732284546,0.948028564453125,0.0959014892578125,-0.156463623046875
1773062328254748672,31.976131677627563,0.91168212890625,0.1080169677734375,-0.2044525146484375
1773062328264786432,31.986169576644897,0.879241943359375,0.1351776123046875,-0.23822021484375
1773062328274823680,31.996206760406494,0.8749237060546875,0.1551971435546875,-0.231597900390625
1773062328284861440,32.00624465942383,0.8974761962890625,0.15643310546875,-0.2198486328125
1773062328294898432,32.016281604766846,0.9397125244140625,0.142303466796875,-0.1801910400390625
1773062328304936704,32.02631974220276,0.952056884765625,0.1092987060546875,-0.1607208251953125
1773062328314973696,32.036356687545776,0.917633056640625,0.0768585205078125,-0.219818115234375
1773062328325011456,32.04639458656311,0.851776123046875,0.076690673828125,-0.28076171875
1773062328335048704,32.05643177032471,0.7938385009765625,0.1055755615234375,-0.3084259033203125
1773062328345086464,32.06646966934204,0.78143310546875,0.1380767822265625,-0.3161773681640625
1773062328355123456,32.07650661468506,0.8094635009765625,0.153839111328125,-0.292022705078125
1773062328365160448,32.086543560028076,0.8658294677734375,0.1451568603515625,-0.2553253173828125
1773062328375198720,32.09658169746399,0.892608642578125,0.0794525146484375,-0.3568572998046875
1773062328385235456,32.10661864280701,0.83453369140625,-0.0023651123046875,-0.4473114013671875
1773062328395273728,32.11665678024292,0.74896240234375,-0.026397705078125,-0.481353759765625
1773062328405310720,32.12669372558594,0.6810455322265625,-0.006622314453125,-0.4947357177734375
1773062328415348480,32.13673162460327,0.6742095947265625,0.09100341796875,-0.40899658203125
1773062328425385472,32.14676856994629,0.7639923095703125,0.2028350830078125,-0.319305419921875
1773062328435423488,32.1568067073822,0.8691864013671875,0.1720733642578125,-0.36297607421875
1773062328445460480,32.16684365272522,0.8872833251953125,0.04461669921875,-0.511688232421875
1773062328455498752,32.17688179016113,0.77593994140625,-0.06817626953125,-0.581756591796875
1773062328465535744,32.18691873550415,0.6335601806640625,-0.1074676513671875,-0.55963134765625
1773062328475573504,32.196956634521484,0.5444488525390625,-0.069244384765625,-0.50604248046875
1773062328485610496,32.2069935798645,0.563812255859375,-0.0011749267578125,-0.4218902587890625
1773062328495648512,32.217031717300415,0.662078857421875,0.01824951171875,-0.48663330078125
1773062328505685504,32.22706866264343,0.729705810546875,-0.0113983154296875,-0.60638427734375
1773062328515723520,32.23710656166077,0.70635986328125,-0.0596923828125,-0.6672515869140625
1773062328525760768,32.24714374542236,0.611724853515625,-0.1269989013671875,-0.69451904296875
1773062328535798528,32.2571816444397,0.5017547607421875,-0.1668701171875,-0.62591552734375
1773062328545835520,32.267218589782715,0.45263671875,-0.1709136962890625,-0.5825958251953125
1773062328555873536,32.27725672721863,0.464599609375,-0.1600494384765625,-0.6296539306640625
1773062328565910528,32.287293672561646,0.497100830078125,-0.12890625,-0.656158447265625
1773062328575948544,32.29733157157898,0.5407257080078125,-0.113067626953125,-0.7088165283203125
1773062328585985536,32.307368755340576,0.5388031005859375,-0.1128997802734375,-0.73638916015625
1773062328596023552,32.31740665435791,0.4917449951171875,-0.1405487060546875,-0.7855682373046875
1773062328606060544,32.32744359970093,0.41119384765625,-0.196136474609375,-0.7651519775390625
1773062328616098560,32.33748173713684,0.3365936279296875,-0.2070770263671875,-0.681884765625
1773062328626135552,32.34751868247986,0.3057861328125,-0.2549896240234375,-0.695343017578125
1773062328636173568,32.35755658149719,0.302825927734375,-0.3298187255859375,-0.74005126953125
1773062328646210560,32.36759376525879,0.311737060546875,-0.352691650390625,-0.8253936767578125
1773062328656248576,32.37763166427612,0.294769287109375,-0.3270263671875,-0.8028717041015625
1773062328666285568,32.38766860961914,0.2668304443359375,-0.2558135986328125,-0.7759552001953125
1773062328676322560,32.39770555496216,0.242523193359375,-0.227386474609375,-0.7854156494140625
1773062328686360576,32.40774369239807,0.2034912109375,-0.298553466796875,-0.856964111328125
1773062328696397568,32.41778063774109,0.133148193359375,-0.359588623046875,-0.85162353515625
1773062328706435584,32.427818775177,0.0631256103515625,-0.438934326171875,-0.9146881103515625
1773062328716472576,32.43785572052002,0.0052337646484375,-0.512542724609375,-1.0
1773062328726510592,32.44789361953735,-0.0177459716796875,-0.467041015625,-0.9322357177734375
1773062328736547584,32.45793056488037,0.020904541015625,-0.2931976318359375,-0.75823974609375
1773062328746585600,32.467968702316284,0.116851806640625,-0.18896484375,-0.768035888671875
1773062328756622592,32.4780056476593,0.164337158203125,-0.30059814453125,-1.0812835693359375
1773062328766660608,32.488043785095215,0.0652923583984375,-0.4477081298828125,-1.0924530029296875
1773062328776697344,32.49808049201965,-0.09344482421875,-0.5684356689453125,-0.8998565673828125
1773062328786735360,32.50811839103699,-0.189910888671875,-0.712982177734375,-0.96051025390625
1773062328796772608,32.518155574798584,-0.237518310546875,-0.7550811767578125,-0.967926025390625
1773062328806810368,32.52819347381592,-0.2304534912109375,-0.55133056640625,-0.8287811279296875
1773062328816847360,32.538230419158936,-0.14532470703125,-0.2635650634765625,-0.6981048583984375
1773062328826885376,32.54826855659485,-0.0177001953125,-0.0968170166015625,-0.695343017578125
1773062328836922368,32.558305501937866,0.11151123046875,-0.140899658203125,-0.978057861328125
1773062328846960384,32.5683434009552,0.1411895751953125,-0.311981201171875,-1.0140380859375
1773062328856997376,32.57838034629822,0.02105712890625,-0.4845428466796875,-0.886077880859375
1773062328867035392,32.58841848373413,-0.1983489990234375,-0.6883087158203125,-0.943634033203125
1773062328877072384,32.59845542907715,-0.3996734619140625,-0.829345703125,-0.9467315673828125
1773062328887110400,32.60849356651306,-0.5029296875,-0.7714080810546875,-0.876007080078125
1773062328897147392,32.61853051185608,-0.4866180419921875,-0.5425567626953125,-0.930419921875
1773062328907185408,32.62856841087341,-0.3569793701171875,-0.2035980224609375,-0.74273681640625
1773062328917222144,32.63860535621643,-0.2213287353515625,-0.045318603515625,-0.6121063232421875
1773062328927260416,32.648643493652344,-0.10028076171875,-0.17169189453125,-0.70953369140625
1773062328937297408,32.65868043899536,-0.1107940673828125,-0.3875732421875,-0.86749267578125
1773062328947335424,32.668718576431274,-0.2825469970703125,-0.637359619140625,-0.86883544921875
1773062328957372416,32.67875552177429,-0.4870452880859375,-0.7894439697265625,-0.7917633056640625
1773062328967410432,32.688793420791626,-0.6253814697265625,-0.7634735107421875,-0.7257080078125
1773062328977447168,32.698830366134644,-0.652435302734375,-0.622528076171875,-0.6611785888671875
1773062328987485440,32.70886850357056,-0.6272430419921875,-0.4258575439453125,-0.6593170166015625
1773062328997522432,32.718905448913574,-0.5850830078125,-0.2951507568359375,-0.6254425048828125
1773062329007559424,32.72894239425659,-0.56707763671875,-0.29193115234375,-0.645233154296875
1773062329017597440,32.738980531692505,-0.60723876953125,-0.360870361328125,-0.6738433837890625
1773062329027634432,32.74901747703552,-0.6665496826171875,-0.457763671875,-0.68035888671875
1773062329037672192,32.759055376052856,-0.6867218017578125,-0.577850341796875,-0.75341796875
1773062329047709440,32.76909255981445,-0.7007598876953125,-0.6927642822265625,-0.8260498046875
1773062329057747456,32.77913045883179,-0.7910614013671875,-0.68212890625,-0.8151702880859375
1773062329067784192,32.789167404174805,-0.894134521484375,-0.55609130859375,-0.7465972900390625
1773062329077822464,32.79920554161072,-0.9163818359375,-0.4076080322265625,-0.6433258056640625
1773062329087859456,32.809242486953735,-0.909576416015625,-0.2845611572265625,-0.592193603515625
1773062329097897216,32.81928038597107,-0.8695220947265625,-0.209228515625,-0.64208984375
1773062329107934464,32.829317569732666,-0.8127288818359375,-0.2607879638671875,-0.6650848388671875
1773062329117972480,32.83935546875,-0.808380126953125,-0.4713897705078125,-0.7336578369140625
1773062329128009216,32.84939241409302,-0.854949951171875,-0.6710968017578125,-0.738494873046875
1773062329138047488,32.85943055152893,-0.927825927734375,-0.732421875,-0.5926055908203125
1773062329148084480,32.86946749687195,-0.9842529296875,-0.61297607421875,-0.416046142578125
1773062329158122240,32.87950539588928,-0.95550537109375,-0.3951263427734375,-0.4019927978515625
1773062329168159488,32.88954257965088,-0.85809326171875,-0.2363739013671875,-0.5063629150390625
1773062329178197504,32.89958047866821,-0.7989044189453125,-0.2372283935546875,-0.6878509521484375
1773062329188234240,32.90961742401123,-0.820892333984375,-0.3390045166015625,-0.7645416259765625
1773062329198272512,32.919655561447144,-0.913665771484375,-0.430755615234375,-0.6666412353515625
1773062329208309504,32.92969250679016,-0.9815673828125,-0.486175537109375,-0.575927734375
1773062329218347264,32.939730405807495,-0.978057861328125,-0.5037078857421875,-0.558685302734375
1773062329228384256,32.94976735115051,-0.94232177734375,-0.4636993408203125,-0.5782623291015625
1773062329238422272,32.959805488586426,-0.9011993408203125,-0.40631103515625,-0.533721923828125
1773062329248459264,32.96984243392944,-0.8535919189453125,-0.3890380859375,-0.466827392578125
1773062329258497536,32.979880571365356,-0.80584716796875,-0.411773681640625,-0.4437103271484375
1773062329268534528,32.989917516708374,-0.797698974609375,-0.4366455078125,-0.4537353515625
1773062329278572288,32.99995541572571,-0.8530426025390625,-0.434051513671875,-0.467071533203125
1773062329288609280,33.009992361068726,-0.9395294189453125,-0.388946533203125,-0.5171051025390625
1773062329298647296,33.02003049850464,-0.969696044921875,-0.2909088134765625,-0.5525665283203125
1773062329308684288,33.030067443847656,-0.9528656005859375,-0.214019775390625,-0.5181121826171875
1773062329318721280,33.040104389190674,-0.92626953125,-0.2370758056640625,-0.529205322265625
1773062329328759552,33.05014252662659,-0.890045166015625,-0.3446197509765625,-0.565673828125
1773062329338796288,33.060179471969604,-0.89825439453125,-0.4590301513671875,-0.47210693359375
1773062329348834304,33.07021737098694,-0.9719390869140625,-0.4937896728515625,-0.370513916015625
1773062329358871552,33.080254554748535,-0.99273681640625,-0.431396484375,-0.288726806640625
1773062329368909312,33.09029245376587,-0.97100830078125,-0.35064697265625,-0.3064117431640625
1773062329378946304,33.10032939910889,-0.953460693359375,-0.3446502685546875,-0.4643096923828125
1773062329388984320,33.1103675365448,-0.9365997314453125,-0.3539886474609375,-0.53338623046875
1773062329399021312,33.12040448188782,-0.9723358154296875,-0.324615478515625,-0.450286865234375
1773062329409059328,33.13044238090515,-1.0127716064453125,-0.2989501953125,-0.3955535888671875
1773062329419096576,33.14047956466675,-0.98211669921875,-0.2556304931640625,-0.3976898193359375
1773062329429134336,33.15051746368408,-0.9404296875,-0.210357666015625,-0.33697509765625
1773062329439171328,33.1605544090271,-0.94744873046875,-0.2533416748046875,-0.35687255859375
1773062329449209344,33.17059254646301,-0.964447021484375,-0.33514404296875,-0.4268341064453125
1773062329459246336,33.18062949180603,-0.9886627197265625,-0.3899993896484375,-0.407196044921875
1773062329469284352,33.190667390823364,-1.015350341796875,-0.3944244384765625,-0.351715087890625
1773062329479321600,33.20070457458496,-1.00738525390625,-0.333892822265625,-0.3087921142578125
1773062329489359360,33.210742473602295,-0.9783782958984375,-0.2837371826171875,-0.3650665283203125
1773062329499396352,33.22077941894531,-0.9645538330078125,-0.253662109375,-0.4121551513671875
1773062329509434368,33.230817556381226,-0.9933319091796875,-0.225738525390625,-0.4145355224609375
1773062329519471360,33.24085450172424,-1.0194549560546875,-0.2225341796875,-0.4093780517578125
1773062329529509376,33.25089240074158,-1.019561767578125,-0.2284088134765625,-0.3733367919921875
1773062329539546368,33.260929346084595,-0.9850311279296875,-0.256011962890625,-0.37945556640625
1773062329549584384,33.27096748352051,-0.93511962890625,-0.2708282470703125,-0.3677520751953125
1773062329559621376,33.281004428863525,-0.9238739013671875,-0.2889404296875,-0.38836669921875
1773062329569659392,33.29104256629944,-0.930511474609375,-0.32147216796875,-0.449493408203125
1773062329579696384,33.301079511642456,-0.9405517578125,-0.332305908203125,-0.4570770263671875
1773062329589734400,33.31111741065979,-0.9443359375,-0.314788818359375,-0.435302734375
1773062329599771136,33.32115435600281,-0.9479522705078125,-0.2751922607421875,-0.4339141845703125
1773062329609809408,33.33119249343872,-0.9506072998046875,-0.260894775390625,-0.4374237060546875
1773062329619846400,33.34122943878174,-0.97613525390625,-0.304534912109375,-0.44140625
1773062329629884416,33.35126757621765,-0.9744873046875,-0.389007568359375,-0.469970703125
1773062329639921408,33.36130452156067,-0.9350128173828125,-0.4452972412109375,-0.46905517578125
1773062329649958400,33.37134146690369,-0.88751220703125,-0.4365692138671875,-0.4585723876953125
1773062329659996160,33.38137936592102,-0.8883514404296875,-0.377685546875,-0.4978485107421875
1773062329670033408,33.39141654968262,-0.92291259765625,-0.3248443603515625,-0.548492431640625
1773062329680071424,33.40145444869995,-0.987945556640625,-0.30072021484375,-0.5406646728515625
1773062329690108416,33.41149139404297,-1.0408935546875,-0.3067626953125,-0.5074005126953125
1773062329700146432,33.42152953147888,-1.0210723876953125,-0.34136962890625,-0.4291534423828125
1773062329710183424,33.4315664768219,-0.9595947265625,-0.4356536865234375,-0.4473419189453125
1773062329720221184,33.44160437583923,-0.9179840087890625,-0.5223236083984375,-0.5175628662109375
1773062329730258432,33.45164155960083,-0.9149169921875,-0.5408782958984375,-0.543670654296875
1773062329740296448,33.461679458618164,-0.968780517578125,-0.48956298828125,-0.556182861328125
1773062329750333184,33.47171640396118,-1.027984619140625,-0.428192138671875,-0.5797882080078125
1773062329760371456,33.481754541397095,-1.0425262451171875,-0.404449462890625,-0.5875244140625
1773062329770408448,33.49179148674011,-1.0348968505859375,-0.4162139892578125,-0.596954345703125
1773062329780446720,33.501829862594604,-1.0059967041015625,-0.4336700439453125,-0.5579681396484375
1773062329790483968,33.5118670463562,-0.967529296875,-0.41864013671875,-0.4729461669921875
1773062329800521728,33.521904945373535,-0.9361114501953125,-0.4337005615234375,-0.481170654296875
1773062329810558720,33.53194189071655,-0.9212188720703125,-0.518951416015625,-0.66998291015625
1773062329820596992,33.541980028152466,-0.965362548828125,-0.578033447265625,-0.7382354736328125
1773062329830633984,33.55201697349548,-1.0271148681640625,-0.575531005859375,-0.59393310546875
1773062329840671744,33.56205487251282,-1.033172607421875,-0.5924530029296875,-0.5632476806640625
1773062329850708992,33.572092056274414,-0.9511566162109375,-0.5778045654296875,-0.544281005859375
1773062329860746752,33.58212995529175,-0.8760528564453125,-0.5247802734375,-0.49835205078125
1773062329870783744,33.592166900634766,-0.860321044921875,-0.5345001220703125,-0.5998077392578125
1773062329880822016,33.60220503807068,-0.8698272705078125,-0.5732574462890625,-0.7272796630859375
1773062329890859008,33.612241983413696,-0.9132843017578125,-0.595306396484375,-0.7734527587890625
1773062329900896768,33.62227988243103,-0.9622650146484375,-0.6332550048828125,-0.77130126953125
1773062329910934016,33.63231706619263,-0.9402008056640625,-0.6291046142578125,-0.6907501220703125
1773062329920971776,33.64235496520996,-0.8624267578125,-0.575408935546875,-0.5669097900390625
1773062329931008768,33.65239191055298,-0.758636474609375,-0.5741729736328125,-0.58294677734375
1773062329941047040,33.66243004798889,-0.6828155517578125,-0.6323394775390625,-0.7587738037109375
1773062329951083776,33.67246699333191,-0.650909423828125,-0.6106719970703125,-0.7528076171875
1773062329961121792,33.68250489234924,-0.707977294921875,-0.538665771484375,-0.6445770263671875
1773062329971159040,33.69254207611084,-0.7886962890625,-0.56903076171875,-0.753814697265625
1773062329981196032,33.70257902145386,-0.7803802490234375,-0.6145477294921875,-0.7793426513671875
1773062329991233792,33.71261692047119,-0.701416015625,-0.6120147705078125,-0.7264251708984375
1773062330001270784,33.72265386581421,-0.6255340576171875,-0.5847320556640625,-0.7421112060546875
1773062330011308800,33.73269200325012,-0.5696868896484375,-0.57928466796875,-0.71185302734375
1773062330021345792,33.74272894859314,-0.5363311767578125,-0.6109161376953125,-0.7226715087890625
1773062330031383808,33.752766847610474,-0.5359344482421875,-0.6163177490234375,-0.7618408203125
1773062330041421056,33.76280403137207,-0.5532379150390625,-0.5709075927734375,-0.7868194580078125
1773062330051458816,33.772841930389404,-0.5626373291015625,-0.542999267578125,-0.8480987548828125
1773062330061495808,33.78287887573242,-0.5226898193359375,-0.5393524169921875,-0.8883514404296875
1773062330071533824,33.792917013168335,-0.4677581787109375,-0.5487823486328125,-0.86669921875
1773062330081570816,33.80295395851135,-0.40264892578125,-0.5595855712890625,-0.8365478515625
1773062330091608832,33.81299185752869,-0.325225830078125,-0.52978515625,-0.69940185546875
1773062330101645824,33.82302904129028,-0.2777252197265625,-0.547882080078125,-0.7226104736328125
1773062330111683840,33.83306694030762,-0.2637481689453125,-0.5760345458984375,-0.8384246826171875
1773062330121720832,33.843103885650635,-0.28094482421875,-0.5193023681640625,-0.7980194091796875
1773062330131758848,33.85314202308655,-0.2857208251953125,-0.4527587890625,-0.8024444580078125
1773062330141795840,33.863178968429565,-0.2332000732421875,-0.362152099609375,-0.8473358154296875
1773062330151833856,33.8732168674469,-0.1596832275390625,-0.28826904296875,-0.851959228515625
1773062330161870848,33.883254051208496,-0.0966339111328125,-0.3586273193359375,-0.95269775390625
1773062330171908864,33.89329195022583,-0.0443878173828125,-0.46661376953125,-0.9814605712890625
1773062330181945856,33.90332889556885,-0.005950927734375,-0.50067138671875,-0.8302001953125
1773062330191983872,33.91336703300476,0.0160675048828125,-0.50494384765625,-0.66400146484375
1773062330202020864,33.92340397834778,0.0171966552734375,-0.4573822021484375,-0.622894287109375
1773062330212058880,33.93344187736511,0.02203369140625,-0.377532958984375,-0.64801025390625
1773062330222095872,33.94347906112671,0.0633087158203125,-0.3214569091796875,-0.764251708984375
1773062330232133888,33.95351696014404,0.1355438232421875,-0.23626708984375,-0.8090667724609375
1773062330242170880,33.96355390548706,0.1987457275390625,-0.1928253173828125,-0.7778778076171875
1773062330252208896,33.973592042922974,0.2476959228515625,-0.2391357421875,-0.86322021484375
1773062330262245888,33.98362898826599,0.2652740478515625,-0.2870635986328125,-0.8548126220703125
1773062330272282880,33.99366593360901,0.2577362060546875,-0.3216705322265625,-0.7437286376953125
1773062330282320896,34.00370407104492,0.239013671875,-0.3329010009765625,-0.651580810546875
1773062330292357888,34.01374101638794,0.2437896728515625,-0.31060791015625,-0.6146392822265625
1773062330302395904,34.02377891540527,0.2817230224609375,-0.262542724609375,-0.735107421875
1773062330312432640,34.03381586074829,0.340545654296875,-0.204193115234375,-0.8406982421875
1773062330322470912,34.043853998184204,0.3884429931640625,-0.1884613037109375,-0.9011077880859375
1773062330332507904,34.05389094352722,0.41705322265625,-0.1780242919921875,-0.797149658203125
1773062330342545920,34.063929080963135,0.4429473876953125,-0.1658782958984375,-0.6845245361328125
1773062330352582912,34.07396602630615,0.440948486328125,-0.1733856201171875,-0.6508941650390625
1773062330362620928,34.084003925323486,0.4098968505859375,-0.181182861328125,-0.61138916015625
1773062330372657664,34.094040870666504,0.396270751953125,-0.193267822265625,-0.6280059814453125
1773062330382695936,34.10407900810242,0.4132843017578125,-0.1979522705078125,-0.722442626953125
1773062330392732928,34.114115953445435,0.4384613037109375,-0.184356689453125,-0.6371002197265625
1773062330402770688,34.12415385246277,0.47686767578125,-0.1996612548828125,-0.6460418701171875
1773062330412807936,34.134191036224365,0.5309295654296875,-0.2380828857421875,-0.6453704833984375
1773062330422845952,34.1442289352417,0.57476806640625,-0.2284698486328125,-0.5728607177734375
1773062330432882688,34.15426588058472,0.591217041015625,-0.110382080078125,-0.4596099853515625
1773062330442920960,34.16430401802063,0.6137237548828125,0.0708465576171875,-0.414337158203125
1773062330452957952,34.17434096336365,0.674530029296875,0.1845703125,-0.3068695068359375
1773062330462995712,34.18437886238098,0.7669219970703125,0.13238525390625,-0.386566162109375
1773062330473032960,34.19441604614258,0.7805633544921875,-0.017242431640625,-0.4983978271484375
1773062330483070976,34.20445394515991,0.709686279296875,-0.1457061767578125,-0.490814208984375
1773062330493107712,34.21449089050293,0.626922607421875,-0.1974945068359375,-0.484100341796875
1773062330503145984,34.22452902793884,0.577911376953125,-0.17474365234375,-0.4696197509765625
1773062330513182976,34.23456597328186,0.5972747802734375,-0.0990142822265625,-0.3563232421875
1773062330523220736,34.244603872299194,0.664031982421875,-0.0077972412109375,-0.3401641845703125
1773062330533257984,34.25464105606079,0.721160888671875,0.093353271484375,-0.373931884765625
1773062330543295744,34.264678955078125,0.7858428955078125,0.2146148681640625,-0.2361602783203125
1773062330553332736,34.27471590042114,0.8663482666015625,0.2500762939453125,-0.1494140625
1773062330563371008,34.284754037857056,0.9131317138671875,0.168609619140625,-0.2642059326171875
1773062330573408000,34.29479098320007,0.8934478759765625,0.05181884765625,-0.2905426025390625
1773062330583445760,34.30482888221741,0.8113250732421875,-0.06707763671875,-0.3341217041015625
1773062330593483008,34.314866065979004,0.7010498046875,-0.1429901123046875,-0.338623046875
1773062330603520000,34.32490301132202,0.6356201171875,-0.12799072265625,-0.285980224609375
1773062330613557760,34.334940910339355,0.629608154296875,-0.028656005859375,-0.1833953857421875
1773062330623594752,34.34497785568237,0.6927490234375,0.1121826171875,-0.134765625
1773062330633633024,34.355015993118286,0.818634033203125,0.244781494140625,-0.07611083984375
1773062330643669760,34.365052938461304,0.966217041015625,0.295074462890625,-0.021453857421875
1773062330653708032,34.37509107589722,1.0603179931640625,0.24896240234375,-0.017822265625
1773062330663745024,34.385128021240234,1.0764923095703125,0.156951904296875,-0.0147705078125
1773062330673782784,34.39516592025757,1.0170135498046875,0.0720977783203125,-0.04705810546875
1773062330683819776,34.405202865600586,0.9090118408203125,-0.0092315673828125,-0.116607666015625
1773062330693857792,34.4152410030365,0.803466796875,-0.044586181640625,-0.1409454345703125
1773062330703894784,34.42527794837952,0.77392578125,-0.03460693359375,-0.1339111328125
1773062330713932800,34.43531584739685,0.816864013671875,0.01104736328125,-0.1055908203125
1773062330723970048,34.44535303115845,0.8802337646484375,0.1016998291015625,-0.00982666015625
1773062330734007808,34.45539093017578,0.98907470703125,0.21917724609375,0.09271240234375
1773062330744044800,34.4654278755188,1.1177520751953125,0.29736328125,0.143341064453125
1773062330754082816,34.47546601295471,1.1874237060546875,0.3074188232421875,0.137725830078125
1773062330764119808,34.48550295829773,1.1536407470703125,0.26324462890625,0.1399383544921875
1773062330774157056,34.495540142059326,1.0653076171875,0.1692047119140625,0.1033172607421875
1773062330784194304,34.50557732582092,0.96728515625,0.091217041015625,0.063873291015625
1773062330794232064,34.51561522483826,0.89892578125,0.0751190185546875,0.0692138671875
1773062330804269056,34.525652170181274,0.9129180908203125,0.10845947265625,0.1210174560546875
1773062330814307328,34.53569030761719,1.0093536376953125,0.1650390625,0.16015625
1773062330824344064,34.545727252960205,1.11968994140625,0.197540283203125,0.148712158203125
1773062330834382080,34.55576515197754,1.1455078125,0.2163848876953125,0.1430511474609375
1773062330844419072,34.56580209732056,1.078399658203125,0.2131500244140625,0.1582794189453125
1773062330854457088,34.57584023475647,0.9856109619140625,0.185089111328125,0.1611480712890625
1773062330864494080,34.58587718009949,0.9260711669921875,0.1601715087890625,0.1696319580078125
1773062330874531072,34.595914125442505,0.9250030517578125,0.1459503173828125,0.1833953857421875
1773062330884569088,34.60595226287842,0.9646453857421875,0.157623291015625,0.20709228515625
1773062330894606080,34.615989208221436,1.000762939453125,0.178131103515625,0.2143096923828125
1773062330904644096,34.62602710723877,0.999542236328125,0.18145751953125,0.187591552734375
1773062330914681088,34.636064291000366,0.9663543701171875,0.1916351318359375,0.2008056640625
1773062330924719104,34.6461021900177,0.9560394287109375,0.1911468505859375,0.2133941650390625
1773062330934756096,34.65613913536072,0.9728546142578125,0.1575775146484375,0.188751220703125
1773062330944794112,34.66617727279663,0.975067138671875,0.125,0.177398681640625
1773062330954831104,34.67621421813965,0.96246337890625,0.1183013916015625,0.1859130859375
1773062330964869120,34.68625211715698,0.9488677978515625,0.1150970458984375,0.162445068359375
1773062330974906112,34.69628930091858,0.92901611328125,0.119232177734375,0.149810791015625
1773062330984944128,34.70632719993591,0.9287109375,0.1323699951171875,0.1706695556640625
1773062330994981120,34.71636414527893,0.94854736328125,0.1417999267578125,0.1720123291015625
1773062331005019136,34.726402282714844,0.9746856689453125,0.1496429443359375,0.1759033203125
1773062331015056128,34.73643922805786,0.9787445068359375,0.1508026123046875,0.178955078125
1773062331025094144,34.746477127075195,0.9798736572265625,0.1541290283203125,0.1736907958984375
1773062331035131136,34.75651431083679,0.9740142822265625,0.15069580078125,0.172698974609375
1773062331045169152,34.766552209854126,0.960784912109375,0.128875732421875,0.16400146484375
1773062331055206144,34.776589155197144,0.95233154296875,0.106353759765625,0.1429595947265625
1773062331065244160,34.78662729263306,0.9467010498046875,0.1024932861328125,0.137298583984375
1773062331075281152,34.796664237976074,0.9500579833984375,0.1260528564453125,0.1457977294921875
1773062331085319168,34.80670213699341,0.971954345703125,0.155426025390625,0.1513214111328125
1773062331095356160,34.816739320755005,0.9910125732421875,0.173095703125,0.157196044921875
1773062331105394176,34.82677721977234,0.999603271484375,0.1806793212890625,0.17218017578125
1773062331115431168,34.836814165115356,1.00250244140625,0.169708251953125,0.174896240234375
1773062331125469184,34.84685230255127,0.988250732421875,0.142913818359375,0.165191650390625
1773062331135506176,34.85688924789429,0.9677581787109375,0.1242523193359375,0.1670684814453125
1773062331145543936,34.86692714691162,0.9565277099609375,0.12677001953125,0.1763458251953125
1773062331155581184,34.87696433067322,0.96990966796875,0.1344451904296875,0.1723480224609375
1773062331165619200,34.88700222969055,0.9943084716796875,0.146881103515625,0.1673126220703125
1773062331175656192,34.89703917503357,0.9953765869140625,0.1560821533203125,0.1746826171875
1773062331185692928,34.90707612037659,0.97772216796875,0.166107177734375,0.1687164306640625
1773062331195731200,34.9171142578125,0.96075439453125,0.169891357421875,0.1556549072265625
1773062331205768192,34.92715120315552,0.9471893310546875,0.162933349609375,0.1685791015625
1773062331215805952,34.93718910217285,0.9556121826171875,0.154632568359375,0.1740264892578125
1773062331225843200,34.94722628593445,0.969146728515625,0.154144287109375,0.175933837890625
1773062331235881216,34.95726418495178,0.9716796875,0.161346435546875,0.1710968017578125
1773062331245917952,34.9673011302948,0.964324951171875,0.169677734375,0.1633453369140625
1773062331255956224,34.97733926773071,0.9480133056640625,0.17401123046875,0.1556243896484375
1773062331265993216,34.98737621307373,0.941864013671875,0.1739349365234375,0.152679443359375
1773062331276030976,34.997414112091064,0.9486846923828125,0.167022705078125,0.157989501953125
1773062331286068224,35.00745129585266,0.9518280029296875,0.1572723388671875,0.1571807861328125
1773062331296105984,35.017489194869995,0.9525909423828125,0.1526641845703125,0.164794921875
1773062331306142976,35.02752614021301,0.95489501953125,0.15533447265625,0.168426513671875
1773062331316181248,35.037564277648926,0.9564361572265625,0.157196044921875,0.1633758544921875
1773062331326218240,35.04760122299194,0.9593048095703125,0.1588134765625,0.1503143310546875
1773062331336256000,35.05763912200928,0.95648193359375,0.163909912109375,0.1535186767578125
1773062331346293248,35.067676305770874,0.9587249755859375,0.16168212890625,0.1541900634765625
1773062331356331008,35.07771420478821,0.958465576171875,0.1607666015625,0.15362548828125
1773062331366368000,35.087751150131226,0.9528350830078125,0.1588897705078125,0.1566619873046875
1773062331376406272,35.09778928756714,0.9510650634765625,0.158050537109375,0.1547698974609375
1773062331386443264,35.107826232910156,0.9485931396484375,0.161529541015625,0.160430908203125
1773062331396481024,35.11786413192749,0.9518280029296875,0.1687164306640625,0.167022705078125
1773062331406518272,35.12790131568909,0.9700164794921875,0.172607421875,0.1658172607421875
1773062331416556032,35.13793921470642,0.9796295166015625,0.1750335693359375,0.17681884765625
1773062331426593024,35.14797616004944,0.9820556640625,0.1669158935546875,0.1751251220703125
1773062331436631296,35.15801429748535,0.9777984619140625,0.1547088623046875,0.1663818359375
1773062331446668032,35.16805124282837,0.9718170166015625,0.1498870849609375,0.163238525390625
1773062331456705024,35.17808818817139,0.959808349609375,0.1490478515625,0.15716552734375
1773062331466743296,35.1881263256073,0.95892333984375,0.15557861328125,0.1593475341796875
1773062331476780288,35.19816327095032,0.9728546142578125,0.1598052978515625,0.1640167236328125
1773062331486818048,35.20820116996765,0.98101806640625,0.1676025390625,0.1753387451171875
1773062331496855040,35.21823811531067,0.989288330078125,0.1719818115234375,0.17535400390625
1773062331506893056,35.22827625274658,0.987762451171875,0.1677093505859375,0.1663665771484375
1773062331516930048,35.2383131980896,0.9781036376953125,0.162750244140625,0.1626434326171875
1773062331526968064,35.248351097106934,0.9690704345703125,0.164154052734375,0.166961669921875
1773062331537005312,35.25838828086853,0.9682769775390625,0.16064453125,0.1627197265625
1773062331547043072,35.268426179885864,0.9768218994140625,0.155609130859375,0.1549224853515625
1773062331557080064,35.27846312522888,0.981231689453125,0.157135009765625,0.16070556640625
1773062331567118080,35.288501262664795,0.981414794921875,0.1623077392578125,0.160919189453125
1773062331577155072,35.29853820800781,0.9860076904296875,0.16082763671875,0.1624298095703125
1773062331587193088,35.30857610702515,0.989166259765625,0.157958984375,0.14801025390625
1773062331597230080,35.31861329078674,0.987030029296875,0.15521240234375,0.14300537109375
1773062331607268096,35.32865118980408,0.97894287109375,0.14947509765625,0.14581298828125
1773062331617305088,35.338688135147095,0.9775543212890625,0.1401214599609375,0.11419677734375
1773062331627343104,35.34872627258301,0.9705810546875,0.1348114013671875,0.1070556640625
1773062331637380096,35.358763217926025,0.9573822021484375,0.1301727294921875,0.11322021484375
1773062331647418112,35.36880111694336,0.9620208740234375,0.1327362060546875,0.103607177734375
1773062331657455104,35.378838300704956,0.981658935546875,0.143096923828125,0.106201171875
1773062331667493120,35.38887619972229,0.9915618896484375,0.1506195068359375,0.1156158447265625
1773062331677530112,35.39891314506531,0.9905853271484375,0.14910888671875,0.1072540283203125
1773062331687568128,35.40895128250122,0.9903106689453125,0.148406982421875,0.0930633544921875
1773062331697605120,35.41898822784424,0.9810943603515625,0.1380767822265625,0.07958984375
1773062331707643136,35.42902612686157,0.9651336669921875,0.1251983642578125,0.06011962890625
1773062331717680128,35.43906331062317,0.9517974853515625,0.1220245361328125,0.0420379638671875
1773062331727717120,35.44910025596619,0.9463653564453125,0.1273956298828125,0.0392608642578125
1773062331737755136,35.45913815498352,0.9471282958984375,0.12652587890625,0.0325927734375
1773062331747792128,35.46917510032654,0.9568939208984375,0.122528076171875,0.01715087890625
1773062331757830144,35.47921323776245,0.9651336669921875,0.120513916015625,0.0034637451171875
1773062331767867136,35.48925018310547,0.9576568603515625,0.1121368408203125,-0.0092926025390625
1773062331777904384,35.499287605285645,0.9443206787109375,0.0994720458984375,-0.0193634033203125
1773062331787941376,35.50932455062866,0.928680419921875,0.08123779296875,-0.028076171875
1773062331797979648,35.519362688064575,0.9195404052734375,0.0750885009765625,-0.045562744140625
1773062331808016640,35.52939963340759,0.91796875,0.071044921875,-0.0764923095703125
1773062331818054400,35.53943753242493,0.9142303466796875,0.065765380859375,-0.0908355712890625
1773062331828091392,35.549474477767944,0.918304443359375,0.0738677978515625,-0.088134765625
1773062331838129408,35.55951261520386,0.9310760498046875,0.0861358642578125,-0.1098175048828125
1773062331848166400,35.569549560546875,0.93804931640625,0.0971832275390625,-0.112518310546875
1773062331858204672,35.57958769798279,0.960418701171875,0.095001220703125,-0.108154296875
1773062331868241664,35.589624643325806,0.9730987548828125,0.0701446533203125,-0.156036376953125
1773062331878279424,35.59966254234314,0.928070068359375,0.0530242919921875,-0.2215576171875
1773062331888316416,35.60969948768616,0.871337890625,0.0534210205078125,-0.2646026611328125
1773062331898354432,35.61973762512207,0.8399200439453125,0.0506744384765625,-0.297271728515625
1773062331908391424,35.62977457046509,0.8255615234375,0.0510406494140625,-0.2795562744140625
1773062331918429696,35.639812707901,0.8600616455078125,0.0654449462890625,-0.2470245361328125
1773062331928466432,35.64984965324402,0.930694580078125,0.088409423828125,-0.2182159423828125
1773062331938504448,35.65988755226135,0.9771575927734375,0.1102447509765625,-0.15240478515625
1773062331948541440,35.66992449760437,0.9906005859375,0.1083984375,-0.2192230224609375
1773062331958579456,35.67996263504028,0.9458160400390625,0.09088134765625,-0.3289947509765625
1773062331968616448,35.6899995803833,0.8684539794921875,0.0689849853515625,-0.3633270263671875
1773062331978654464,35.700037479400635,0.8033905029296875,0.0404815673828125,-0.364898681640625
1773062331988691456,35.71007466316223,0.758636474609375,0.0549774169921875,-0.283203125
1773062331998728448,35.72011160850525,0.7853851318359375,0.1143646240234375,-0.171234130859375
1773062332008766464,35.73014950752258,0.865509033203125,0.1162872314453125,-0.2009735107421875
1773062332018803712,35.74018669128418,0.9048004150390625,0.056884765625,-0.3055419921875
1773062332028841472,35.750224590301514,0.8488616943359375,-0.0320281982421875,-0.4840850830078125
1773062332038878464,35.76026153564453,0.731658935546875,-0.1131439208984375,-0.6098480224609375
1773062332048916480,35.770299673080444,0.6252288818359375,-0.1422119140625,-0.558074951171875
1773062332058953472,35.78033661842346,0.5592193603515625,-0.1128082275390625,-0.4608001708984375
1773062332068991488,35.790374517440796,0.5606689453125,-0.03558349609375,-0.3145751953125
1773062332079028480,35.80041170120239,0.660980224609375,0.024169921875,-0.2879486083984375
1773062332089066496,35.81044960021973,0.7579193115234375,-0.0147857666015625,-0.4923858642578125
1773062332099103488,35.820486545562744,0.730926513671875,-0.072540283203125,-0.5999298095703125
1773062332109141504,35.83052468299866,0.6460723876953125,-0.1147613525390625,-0.64788818359375
1773062332119178496,35.840561628341675,0.5499267578125,-0.190216064453125,-0.72271728515625
1773062332129216512,35.85059952735901,0.468292236328125,-0.243682861328125,-0.7362213134765625
1773062332139253504,35.860636472702026,0.4319915771484375,-0.195404052734375,-0.586944580078125
1773062332149291520,35.87067461013794,0.4819488525390625,-0.056976318359375,-0.3572845458984375
1773062332159328512,35.88071155548096,0.58282470703125,0.01983642578125,-0.339935302734375
1773062332169366528,35.89074969291687,0.6549072265625,-0.0337371826171875,-0.6175994873046875
1773062332179403520,35.90078663825989,0.6014556884765625,-0.176025390625,-0.86492919921875
1773062332189441536,35.91082453727722,0.4329986572265625,-0.3045806884765625,-0.8702392578125
1773062332199478272,35.92086148262024,0.268402099609375,-0.3658905029296875,-0.8150787353515625
1773062332209516544,35.93089962005615,0.18255615234375,-0.4123077392578125,-0.7342071533203125
1773062332219553536,35.94093656539917,0.2007598876953125,-0.3582916259765625,-0.6908416748046875
1773062332229591552,35.95097470283508,0.28704833984375,-0.143341064453125,-0.5152740478515625
1773062332239628544,35.9610116481781,0.4192962646484375,-0.01141357421875,-0.40625
1773062332249666560,35.971049547195435,0.525665283203125,-0.0945281982421875,-0.6207733154296875
1773062332259703296,35.98108649253845,0.456878662109375,-0.23675537109375,-0.838592529296875
1773062332269741568,35.991124629974365,0.275421142578125,-0.31622314453125,-0.86712646484375
1773062332279778560,36.00116157531738,0.102081298828125,-0.42449951171875,-0.9398345947265625
1773062332289815552,36.0111985206604,-0.0213623046875,-0.5149993896484375,-1.0092620849609375
1773062332299853568,36.02123665809631,-0.0525970458984375,-0.441497802734375,-0.9022369384765625
1773062332309890560,36.03127360343933,0.02508544921875,-0.24273681640625,-0.566925048828125
1773062332319928320,36.041311502456665,0.140869140625,-0.1580810546875,-0.4625396728515625
1773062332329965568,36.05134868621826,0.2519989013671875,-0.2276763916015625,-0.5946197509765625
1773062332340003584,36.061386585235596,0.2722930908203125,-0.356842041015625,-0.7774200439453125
1773062332350040320,36.07142353057861,0.134063720703125,-0.51287841796875,-0.9911041259765625
1773062332360078592,36.081461668014526,-0.1189422607421875,-0.679046630859375,-1.1728668212890625
1773062332370115584,36.091498613357544,-0.356475830078125,-0.7747955322265625,-1.17413330078125
1773062332380153344,36.10153651237488,-0.4436187744140625,-0.6486358642578125,-0.9395751953125
1773062332390190592,36.111573696136475,-0.361053466796875,-0.3025970458984375,-0.5571136474609375
1773062332400228608,36.12161159515381,-0.188385009765625,-0.0444793701171875,-0.439483642578125
1773062332410265344,36.131648540496826,0.034149169921875,-0.0153961181640625,-0.600189208984375
1773062332420303616,36.14168667793274,0.184326171875,-0.1552886962890625,-0.8187103271484375
1773062332430340608,36.15172362327576,0.0589752197265625,-0.4659576416015625,-1.0189056396484375
1773062332440378368,36.16176152229309,-0.285125732421875,-0.762420654296875,-1.0270843505859375
1773062332450415616,36.17179870605469,-0.5459136962890625,-0.82806396484375,-0.8177490234375
1773062332460453632,36.18183660507202,-0.635162353515625,-0.7827606201171875,-0.666900634765625
1773062332470490368,36.19187355041504,-0.6273040771484375,-0.7259368896484375,-0.91522216796875
1773062332480528640,36.20191168785095,-0.521209716796875,-0.4866943359375,-0.887603759765625
1773062332490565632,36.21194863319397,-0.42510986328125,-0.19287109375,-0.6144866943359375
1773062332500603392,36.221986532211304,-0.433319091796875,-0.111724853515625,-0.6378936767578125
1773062332510640384,36.23202347755432,-0.4907073974609375,-0.2663726806640625,-0.9313201904296875
1773062332520678400,36.242061614990234,-0.5355682373046875,-0.5125732421875,-0.995574951171875
1773062332530715392,36.25209856033325,-0.61297607421875,-0.6936187744140625,-0.8598175048828125
1773062332540753664,36.262136697769165,-0.688232421875,-0.8156585693359375,-0.8073883056640625
1773062332550790656,36.27217364311218,-0.7588958740234375,-0.826263427734375,-0.8260345458984375
1773062332560827392,36.2822105884552,-0.816131591796875,-0.6545257568359375,-0.724884033203125
1773062332570865408,36.292248487472534,-0.8407135009765625,-0.4081878662109375,-0.565673828125
1773062332580902656,36.30228567123413,-0.8517608642578125,-0.30908203125,-0.5445098876953125
1773062332590940416,36.312323570251465,-0.840301513671875,-0.382080078125,-0.7237548828125
1773062332600977408,36.32236051559448,-0.7887115478515625,-0.472808837890625,-0.8050689697265625
1773062332611015680,36.332398653030396,-0.784576416015625,-0.52752685546875,-0.7548370361328125
1773062332621052416,36.34243559837341,-0.8285980224609375,-0.55731201171875,-0.6784210205078125
1773062332631090432,36.35247349739075,-0.8961334228515625,-0.5299224853515625,-0.6210174560546875
1773062332641127680,36.362510681152344,-0.945953369140625,-0.4915618896484375,-0.6993255615234375
1773062332651165440,36.37254858016968,-0.946563720703125,-0.496826171875,-0.792510986328125
1773062332661202432,36.382585525512695,-0.9342193603515625,-0.495819091796875,-0.7144622802734375
1773062332671240448,36.39262366294861,-0.928619384765625,-0.4974212646484375,-0.61456298828125
1773062332681277440,36.402660608291626,-0.8887786865234375,-0.502685546875,-0.59454345703125
1773062332691315456,36.41269850730896,-0.8752593994140625,-0.524444580078125,-0.6551055908203125
1773062332701352704,36.42273569107056,-0.8590545654296875,-0.5294647216796875,-0.7307586669921875
1773062332711390464,36.43277359008789,-0.8260345458984375,-0.44195556640625,-0.69232177734375
1773062332721427456,36.44281053543091,-0.8298797607421875,-0.3007965087890625,-0.5670623779296875
1773062332731465472,36.45284867286682,-0.904388427734375,-0.258544921875,-0.5702362060546875
1773062332741502464,36.46288561820984,-0.9588470458984375,-0.3436279296875,-0.678314208984375
1773062332751540480,36.47292351722717,-0.97467041015625,-0.4381256103515625,-0.648956298828125
1773062332761577728,36.48296070098877,-0.979522705078125,-0.4643402099609375,-0.549774169921875
1773062332771615488,36.4929986000061,-0.9548797607421875,-0.42742919921875,-0.51824951171875
1773062332781653760,36.503036975860596,-0.8951568603515625,-0.350311279296875,-0.554290771484375
1773062332791691776,36.51307487487793,-0.8466644287109375,-0.2929534912109375,-0.5633087158203125
1773062332801728768,36.52311182022095,-0.844024658203125,-0.3000030517578125,-0.560791015625
1773062332811766784,36.53314995765686,-0.88177490234375,-0.3698577880859375,-0.620513916015625
1773062332821803776,36.54318690299988,-0.9095611572265625,-0.4343414306640625,-0.595184326171875
1773062332831842048,36.55322504043579,-0.9490814208984375,-0.457794189453125,-0.5031585693359375
1773062332841878784,36.56326198577881,-0.9683837890625,-0.415802001953125,-0.419281005859375
1773062332851915776,36.573298931121826,-0.957244873046875,-0.2969818115234375,-0.40557861328125
1773062332861953792,36.58333683013916,-0.9342193603515625,-0.2061004638671875,-0.455963134765625
1773062332871991040,36.59337401390076,-0.9132537841796875,-0.21588134765625,-0.5415496826171875
1773062332882028800,36.60341191291809,-0.895751953125,-0.285491943359375,-0.5652008056640625
1773062332892065792,36.61344885826111,-0.9135894775390625,-0.333587646484375,-0.4580078125
1773062332902103808,36.62348699569702,-0.9521942138671875,-0.359039306640625,-0.4045867919921875
1773062332912140800,36.63352394104004,-0.941864013671875,-0.340789794921875,-0.4298553466796875
1773062332922178816,36.64356184005737,-0.9171295166015625,-0.298126220703125,-0.435028076171875
1773062332932215808,36.65359902381897,-0.9378662109375,-0.292266845703125,-0.4422760009765625
1773062332942253824,36.663636922836304,-0.9653778076171875,-0.323028564453125,-0.4337158203125
1773062332952290816,36.67367386817932,-0.972015380859375,-0.3635406494140625,-0.4339752197265625
1773062332962328832,36.683712005615234,-0.959564208984375,-0.346282958984375,-0.385772705078125
1773062332972365824,36.69374895095825,-0.966552734375,-0.2909088134765625,-0.3470306396484375
1773062332982403840,36.703786849975586,-0.9860687255859375,-0.2544097900390625,-0.4032745361328125
1773062332992440832,36.71382403373718,-0.9825592041015625,-0.1963653564453125,-0.4395751953125
1773062333002478848,36.72386193275452,-0.966217041015625,-0.1448822021484375,-0.4353485107421875
1773062333012515840,36.733898878097534,-0.9547119140625,-0.1648712158203125,-0.481781005859375
1773062333022553856,36.74393701553345,-0.9501953125,-0.2394256591796875,-0.46630859375
1773062333032590848,36.753973960876465,-0.9702606201171875,-0.305023193359375,-0.3548583984375
1773062333042628864,36.7640118598938,-1.0037841796875,-0.3466644287109375,-0.251922607421875
1773062333052665600,36.774048805236816,-1.003997802734375,-0.3714447021484375,-0.2663421630859375
1773062333062703872,36.78408694267273,-0.9454498291015625,-0.330657958984375,-0.316253662109375
1773062333072740864,36.79412388801575,-0.9051971435546875,-0.220367431640625,-0.330657958984375
1773062333082777856,36.804160833358765,-0.9264678955078125,-0.136688232421875,-0.389495849609375
1773062333092815872,36.81419897079468,-0.959625244140625,-0.1340179443359375,-0.477294921875
1773062333102852864,36.824235916137695,-0.994903564453125,-0.1941680908203125,-0.481781005859375
1773062333112890624,36.83427381515503,-1.011627197265625,-0.28472900390625,-0.4308319091796875
1773062333122927872,36.844310998916626,-0.99371337890625,-0.3408966064453125,-0.380615234375
1773062333132965888,36.85434889793396,-0.9405059814453125,-0.3218536376953125,-0.3256378173828125
1773062333143002624,36.86438584327698,-0.9069671630859375,-0.252593994140625,-0.30560302734375
1773062333153040896,36.87442398071289,-0.9211883544921875,-0.1903076171875,-0.3173065185546875
1773062333163077888,36.88446092605591,-0.95599365234375,-0.184295654296875,-0.38299560546875
1773062333173115648,36.89449882507324,-0.9864501953125,-0.2258758544921875,-0.455230712890625
1773062333183152896,36.90453600883484,-0.9954376220703125,-0.2755889892578125,-0.46917724609375
1773062333193190912,36.91457390785217,-0.979156494140625,-0.3162689208984375,-0.437164306640625
1773062333203227648,36.92461085319519,-0.95269775390625,-0.3271942138671875,-0.4136199951171875
1773062333213265920,36.9346489906311,-0.9258880615234375,-0.3074798583984375,-0.420196533203125
1773062333223302912,36.94468593597412,-0.9022674560546875,-0.218536376953125,-0.3531646728515625
1773062333233340672,36.954723834991455,-0.9416351318359375,-0.12921142578125,-0.264495849609375
1773062333243377920,36.96476101875305,-1.02178955078125,-0.1535186767578125,-0.3353271484375
1773062333253415936,36.974798917770386,-1.0464324951171875,-0.257720947265625,-0.4688568115234375
1773062333263452672,36.9848358631134,-1.02691650390625,-0.3494110107421875,-0.5080413818359375
1773062333273490944,36.994874000549316,-0.99505615234375,-0.3973388671875,-0.4925994873046875
1773062333283527936,37.004910945892334,-0.959869384765625,-0.398590087890625,-0.4629058837890625
1773062333293565696,37.01494884490967,-0.94781494140625,-0.3290252685546875,-0.4392242431640625
1773062333303602944,37.024986028671265,-0.9729766845703125,-0.218994140625,-0.3830108642578125
1773062333313640960,37.0350239276886,-1.016510009765625,-0.192535400390625,-0.4235687255859375
1773062333323677696,37.045060873031616,-1.0340576171875,-0.26385498046875,-0.4889068603515625
1773062333333714688,37.055097818374634,-1.0354766845703125,-0.358795166015625,-0.5097198486328125
1773062333343752960,37.06513595581055,-1.0213623046875,-0.454376220703125,-0.522552490234375
1773062333353789696,37.075172901153564,-0.9952239990234375,-0.498077392578125,-0.524993896484375
1773062333363827968,37.08521103858948,-1.0106658935546875,-0.463897705078125,-0.4937286376953125
1773062333373864960,37.095247983932495,-1.0313873291015625,-0.4004669189453125,-0.42547607421875
1773062333383902720,37.10528588294983,-1.0292816162109375,-0.3393707275390625,-0.4051361083984375
1773062333393939712,37.11532282829285,-1.0142364501953125,-0.293365478515625,-0.4593505859375
1773062333403977984,37.12536096572876,-1.0125732421875,-0.28192138671875,-0.5160980224609375
1773062333414014720,37.13539791107178,-1.0171356201171875,-0.3459320068359375,-0.5661468505859375
1773062333424052736,37.14543581008911,-1.0084381103515625,-0.4362030029296875,-0.619232177734375
1773062333434089984,37.15547299385071,-1.0110015869140625,-0.4907379150390625,-0.5847930908203125
1773062333444127744,37.16551089286804,-1.0449371337890625,-0.5120086669921875,-0.5305023193359375
1773062333454164736,37.17554783821106,-1.05511474609375,-0.5097198486328125,-0.4859161376953125
1773062333464203008,37.18558597564697,-1.018463134765625,-0.4670257568359375,-0.46649169921875
1773062333474239744,37.19562292098999,-0.9502410888671875,-0.3934326171875,-0.5211639404296875
1773062333484277760,37.205660820007324,-0.92706298828125,-0.341400146484375,-0.5459442138671875
1773062333494315008,37.21569800376892,-0.96575927734375,-0.360870361328125,-0.5546112060546875
1773062333504352768,37.225735902786255,-0.9618988037109375,-0.4143829345703125,-0.573516845703125
1773062333514389760,37.23577284812927,-0.912109375,-0.4677276611328125,-0.613372802734375
1773062333524427776,37.245810985565186,-0.8930511474609375,-0.52484130859375,-0.7156219482421875
1773062333534464768,37.2558479309082,-0.8682861328125,-0.531097412109375,-0.7158203125
1773062333544502784,37.26588582992554,-0.866943359375,-0.51788330078125,-0.628692626953125
1773062333554540032,37.275923013687134,-0.85577392578125,-0.5019683837890625,-0.5953216552734375
1773062333564577792,37.28596091270447,-0.820465087890625,-0.4700164794921875,-0.56658935546875
1773062333574614784,37.295997858047485,-0.787261962890625,-0.5052490234375,-0.6687164306640625
1773062333584652032,37.30603504180908,-0.759735107421875,-0.5526580810546875,-0.8201446533203125
1773062333594689792,37.316072940826416,-0.75250244140625,-0.506103515625,-0.6957244873046875
1773062333604726784,37.326109886169434,-0.8152618408203125,-0.5145263671875,-0.5748748779296875
1773062333614765056,37.33614802360535,-0.7942047119140625,-0.5931243896484375,-0.649139404296875
1773062333624801792,37.346184968948364,-0.6767425537109375,-0.5828399658203125,-0.6518096923828125
1773062333634839808,37.3562228679657,-0.563507080078125,-0.522186279296875,-0.6533355712890625
1773062333644876800,37.366259813308716,-0.5039520263671875,-0.472564697265625,-0.6822052001953125
1773062333654914816,37.37629795074463,-0.47216796875,-0.4460601806640625,-0.7064971923828125
1773062333664951808,37.38633489608765,-0.495697021484375,-0.4980316162109375,-0.81951904296875
1773062333674989824,37.39637303352356,-0.5623016357421875,-0.5576324462890625,-0.8441619873046875
1773062333685026816,37.40640997886658,-0.6074066162109375,-0.6074676513671875,-0.793914794921875
1773062333695064832,37.41644787788391,-0.5648956298828125,-0.6407928466796875,-0.752227783203125
1773062333705101824,37.42648482322693,-0.462310791015625,-0.6128692626953125,-0.731048583984375
1773062333715139840,37.43652296066284,-0.36712646484375,-0.563446044921875,-0.8142242431640625
1773062333725176832,37.44655990600586,-0.2920074462890625,-0.512451171875,-0.89105224609375
1773062333735214592,37.45659780502319,-0.2328338623046875,-0.4605865478515625,-0.8472442626953125
1773062333745251840,37.46663498878479,-0.2570953369140625,-0.463531494140625,-0.80389404296875
1773062333755289856,37.476672887802124,-0.322052001953125,-0.505615234375,-0.8389739990234375
1773062333765326848,37.48670983314514,-0.3466339111328125,-0.4904327392578125,-0.7922210693359375
1773062333775364864,37.496747970581055,-0.2685699462890625,-0.4446563720703125,-0.7763671875
1773062333785401856,37.50678491592407,-0.1468048095703125,-0.4146575927734375,-0.862640380859375
1773062333795439616,37.516822814941406,-0.0537109375,-0.4254608154296875,-0.8960723876953125
1773062333805476608,37.526859760284424,-0.00628662109375,-0.4427337646484375,-0.8616180419921875
1773062333815514880,37.53689789772034,-0.001495361328125,-0.436431884765625,-0.822174072265625
1773062333825551872,37.546934843063354,-0.031005859375,-0.4434967041015625,-0.8162078857421875
1773062333835589632,37.55697274208069,-0.0658416748046875,-0.4542999267578125,-0.7987823486328125
1773062333845626624,37.567009687423706,-0.0839691162109375,-0.4494476318359375,-0.84417724609375
1773062333855663872,37.5770468711853,-0.05560302734375,-0.3665924072265625,-0.92816162109375
1773062333865701632,37.58708477020264,0.010894775390625,-0.2655029296875,-0.8433990478515625
1773062333875738624,37.597121715545654,0.097412109375,-0.26068115234375,-0.810516357421875
1773062333885776640,37.60715985298157,0.1627655029296875,-0.3612213134765625,-0.877532958984375
1773062333895813632,37.617196798324585,0.178558349609375,-0.437469482421875,-0.8537139892578125
1773062333905851648,37.62723469734192,0.1505279541015625,-0.446929931640625,-0.7912750244140625
1773062333915888896,37.637271881103516,0.100006103515625,-0.371002197265625,-0.6954345703125
1773062333925926656,37.64730978012085,0.090118408203125,-0.26025390625,-0.6044464111328125
1773062333935963648,37.65734672546387,0.1724700927734375,-0.26007080078125,-0.757598876953125
1773062333946001664,37.66738486289978,0.3042755126953125,-0.318115234375,-0.9593658447265625
1773062333956038656,37.6774218082428,0.35791015625,-0.348968505859375,-0.9939117431640625
1773062333966076672,37.68745970726013,0.3096771240234375,-0.304595947265625,-0.8239593505859375
1773062333976113920,37.69749689102173,0.247650146484375,-0.21942138671875,-0.6767730712890625
1773062333986151680,37.70753479003906,0.22869873046875,-0.1983489990234375,-0.7100372314453125
1773062333996188672,37.71757173538208,0.2701263427734375,-0.249176025390625,-0.7574462890625
1773062334006226688,37.72760987281799,0.3135223388671875,-0.3055267333984375,-0.7537689208984375
1773062334016263680,37.73764681816101,0.3466949462890625,-0.29473876953125,-0.7441558837890625
1773062334026301696,37.747684717178345,0.3982696533203125,-0.2234039306640625,-0.7938385009765625
1773062334036338688,37.75772190093994,0.4344024658203125,-0.1531219482421875,-0.8134918212890625
1773062334046376704,37.767759799957275,0.4352874755859375,-0.1230010986328125,-0.8661651611328125
1773062334056413696,37.77779674530029,0.4289398193359375,-0.098175048828125,-0.7259521484375
1773062334066451712,37.787834882736206,0.4827423095703125,-0.113525390625,-0.553863525390625
1773062334076488704,37.797871828079224,0.50897216796875,-0.22589111328125,-0.707427978515625
1773062334086525696,37.80790877342224,0.4807586669921875,-0.290985107421875,-0.7259521484375
1773062334096563712,37.817946910858154,0.4815216064453125,-0.2424163818359375,-0.6357421875
1773062334106600704,37.82798385620117,0.4990234375,-0.1063690185546875,-0.508758544921875
1773062334116638720,37.838021755218506,0.5665130615234375,0.03076171875,-0.5623016357421875
1773062334126675712,37.84805870056152,0.6878509521484375,0.127044677734375,-0.6133575439453125
1773062334136713728,37.85809683799744,0.78826904296875,0.0993499755859375,-0.6560211181640625
1773062334146750720,37.868133783340454,0.7738800048828125,-0.009429931640625,-0.6584320068359375
1773062334156788480,37.87817168235779,0.7021331787109375,-0.081634521484375,-0.4779052734375
1773062334166825728,37.888208866119385,0.6505279541015625,-0.14166259765625,-0.4358367919921875
1773062334176863744,37.89824676513672,0.6201324462890625,-0.165252685546875,-0.4974212646484375
1773062334186900736,37.908283710479736,0.66656494140625,-0.0948028564453125,-0.41827392578125
1773062334196938752,37.91832184791565,0.7222442626953125,-0.0266265869140625,-0.473388671875
1773062334206975744,37.92835879325867,0.730804443359375,0.021392822265625,-0.535919189453125
1773062334217013504,37.938396692276,0.7454833984375,0.12158203125,-0.5062713623046875
1773062334227050752,37.9484338760376,0.765869140625,0.173858642578125,-0.4580535888671875
1773062334237088768,37.95847177505493,0.771636962890625,0.0774688720703125,-0.4422149658203125
1773062334247125504,37.96850872039795,0.7730255126953125,-0.014678955078125,-0.370635986328125
1773062334257163776,37.97854685783386,0.770843505859375,-0.0248870849609375,-0.20660400390625
1773062334267200768,37.98858380317688,0.7905120849609375,-0.029052734375,-0.2304840087890625
1773062334277238528,37.998621702194214,0.811981201171875,0.011993408203125,-0.3228759765625
1773062334287275776,38.00865888595581,0.832061767578125,0.1005859375,-0.326385498046875
1773062334297313792,38.018696784973145,0.8278961181640625,0.127044677734375,-0.36492919921875
1773062334307350528,38.02873373031616,0.7891387939453125,0.0946807861328125,-0.411376953125
1773062334317388800,38.038771867752075,0.7618255615234375,0.09222412109375,-0.339935302734375
1773062334327425792,38.04880881309509,0.794342041015625,0.099853515625,-0.2375640869140625
1773062334337463552,38.05884671211243,0.8192901611328125,0.0671539306640625,-0.2253875732421875
1773062334347500800,38.06888389587402,0.8221588134765625,0.020782470703125,-0.2618255615234375
1773062334357537792,38.07892084121704,0.80633544921875,0.0025634765625,-0.1709442138671875
1773062334367575552,38.088958740234375,0.7898101806640625,-0.000640869140625,-0.138092041015625
1773062334377612544,38.09899568557739,0.79473876953125,0.0269775390625,-0.160003662109375
1773062334387650816,38.109033823013306,0.842559814453125,0.0960845947265625,-0.1313323974609375
1773062334397687552,38.11907076835632,0.9168853759765625,0.145263671875,-0.1500244140625
1773062334407725824,38.129108905792236,0.965301513671875,0.17230224609375,-0.1436920166015625
1773062334417762816,38.139145851135254,0.975067138671875,0.1719207763671875,-0.08343505859375
1773062334427800576,38.14918375015259,0.98486328125,0.133148193359375,-0.0547332763671875
1773062334437837568,38.159220695495605,0.978271484375,0.0678558349609375,-0.077301025390625
1773062334447875840,38.16925883293152,0.93682861328125,0.01629638671875,-0.064178466796875
1773062334457912576,38.179295778274536,0.89837646484375,0.00531005859375,-0.05194091796875
1773062334467950848,38.18933391571045,0.88824462890625,0.0202178955078125,-0.0535125732421875
1773062334477987840,38.19937086105347,0.9132537841796875,0.0576629638671875,-0.0135650634765625
1773062334488025600,38.2094087600708,0.9754791259765625,0.100555419921875,-0.000244140625
1773062334498062592,38.21944570541382,1.0408782958984375,0.1596221923828125,0.0396728515625
1773062334508100864,38.22948384284973,1.109893798828125,0.2115020751953125,0.0850067138671875
1773062334518137600,38.23952078819275,1.14422607421875,0.225341796875,0.139862060546875
1773062334528175616,38.24955868721008,1.1706695556640625,0.21453857421875,0.1620941162109375
1773062334538212864,38.25959587097168,1.1487274169921875,0.1639556884765625,0.1331939697265625
1773062334548250624,38.269633769989014,1.052276611328125,0.105804443359375,0.1026458740234375
1773062334558287616,38.27967071533203,0.970062255859375,0.082855224609375,0.0840911865234375
1773062334568325632,38.289708852767944,0.9351348876953125,0.0899505615234375,0.0837554931640625
1773062334578362624,38.29974579811096,0.9560546875,0.1211090087890625,0.1132659912109375
1773062334588400640,38.309783697128296,1.0196075439453125,0.174041748046875,0.1544952392578125
1773062334598437888,38.31982088088989,1.0821685791015625,0.2164764404296875,0.1998443603515625
1773062334608474624,38.32985782623291,1.119842529296875,0.2189483642578125,0.2037506103515625
1773062334618512640,38.339895725250244,1.1045684814453125,0.1952056884765625,0.1960296630859375
1773062334628549888,38.34993290901184,1.058837890625,0.165252685546875,0.178802490234375
1773062334638587648,38.359970808029175,1.0031890869140625,0.1371917724609375,0.1472015380859375
1773062334648624640,38.37000775337219,0.9493408203125,0.1156463623046875,0.128021240234375
1773062334658662912,38.380045890808105,0.91265869140625,0.1092987060546875,0.1359710693359375
1773062334668699648,38.39008283615112,0.9159088134765625,0.1124267578125,0.1490936279296875
1773062334678737664,38.40012073516846,0.94683837890625,0.125396728515625,0.1420135498046875
1773062334688774656,38.410157680511475,0.964019775390625,0.144989013671875,0.138458251953125
1773062334698812672,38.42019581794739,0.95843505859375,0.1755218505859375,0.13092041015625
1773062334708849664,38.430232763290405,0.936248779296875,0.197479248046875,0.13055419921875
1773062334718887680,38.44027090072632,0.93048095703125,0.1841278076171875,0.14190673828125
1773062334728924672,38.450307846069336,0.94866943359375,0.1554107666015625,0.1297149658203125
1773062334738962688,38.46034574508667,0.95892333984375,0.138946533203125,0.1343994140625
1773062334748999680,38.47038269042969,0.96343994140625,0.1327362060546875,0.1151885986328125
1773062334759037696,38.4804208278656,0.9524993896484375,0.14453125,0.1080169677734375
1773062334769074688,38.49045777320862,0.9406890869140625,0.14599609375,0.108428955078125
1773062334779110656,38.50049376487732,0.942657470703125,0.1365509033203125,0.106201171875
1773062334789147648,38.51053071022034,0.9535369873046875,0.1288909912109375,0.1051788330078125
1773062334799185408,38.52056860923767,0.9564361572265625,0.138885498046875,0.1184539794921875
1773062334809222400,38.53060555458069,0.957366943359375,0.1522216796875,0.119964599609375
1773062334819260672,38.5406436920166,0.9508056640625,0.1509552001953125,0.105255126953125
1773062334829297664,38.55068063735962,0.942047119140625,0.1589508056640625,0.1096649169921875
1773062334839335680,38.56071877479553,0.9507293701171875,0.1643829345703125,0.117584228515625
1773062334849372672,38.57075572013855,0.966583251953125,0.1624298095703125,0.114288330078125
1773062334859410432,38.580793619155884,0.9788055419921875,0.154998779296875,0.1295013427734375
1773062334869447424,38.5908305644989,0.98388671875,0.1427764892578125,0.1320343017578125
1773062334879484672,38.6008677482605,0.9857025146484375,0.134857177734375,0.12103271484375
1773062334889522432,38.61090564727783,0.9798126220703125,0.128875732421875,0.1340789794921875
1773062334899559424,38.62094259262085,0.9669189453125,0.1175994873046875,0.1331787109375
1773062334909597696,38.63098073005676,0.9659881591796875,0.1174774169921875,0.13262939453125
1773062334919634688,38.64101767539978,0.967437744140625,0.1236114501953125,0.1431884765625
1773062334929672448,38.651055574417114,0.968902587890625,0.132354736328125,0.15289306640625
1773062334939709696,38.66109275817871,0.971282958984375,0.14312744140625,0.1666259765625
1773062334949747456,38.671130657196045,0.9752349853515625,0.148681640625,0.1712799072265625
1773062334959784448,38.68116760253906,0.979339599609375,0.1464385986328125,0.170440673828125
1773062334969822720,38.691205739974976,0.97149658203125,0.136962890625,0.1586761474609375
1773062334979859712,38.70124268531799,0.9530029296875,0.135833740234375,0.159942626953125
1773062334989897472,38.71128058433533,0.9439239501953125,0.1371612548828125,0.1575164794921875
1773062334999934720,38.721317768096924,0.9544219970703125,0.1329498291015625,0.142425537109375
1773062335009972480,38.73135566711426,0.9538726806640625,0.1329345703125,0.13934326171875
1773062335020009472,38.741392612457275,0.951080322265625,0.13909912109375,0.1507415771484375
1773062335030047744,38.75143074989319,0.962371826171875,0.150390625,0.156219482421875
1773062335040084480,38.761467695236206,0.973480224609375,0.1536407470703125,0.1520233154296875
1773062335050122496,38.77150559425354,0.971893310546875,0.14422607421875,0.1532745361328125
1773062335060159744,38.78154277801514,0.9644927978515625,0.1382904052734375,0.1532440185546875
1773062335070197504,38.79158067703247,0.9569549560546875,0.1418914794921875,0.145233154296875
1773062335080234496,38.80161762237549,0.9503021240234375,0.1451873779296875,0.1366424560546875
1773062335090272768,38.8116557598114,0.949554443359375,0.142120361328125,0.1401519775390625
1773062335100309504,38.82169270515442,0.956817626953125,0.1368255615234375,0.1546478271484375
1773062335110347520,38.83173060417175,0.9795989990234375,0.1304779052734375,0.148529052734375
1773062335120384768,38.84176778793335,0.9918365478515625,0.137969970703125,0.1592864990234375
1773062335130421760,38.85180473327637,1.002044677734375,0.149627685546875,0.1689300537109375
1773062335140459520,38.8618426322937,1.014984130859375,0.14569091796875,0.1563873291015625
1773062335150496512,38.87187957763672,1.0014190673828125,0.1332244873046875,0.1396026611328125
1773062335160534528,38.88191771507263,0.97454833984375,0.1161041259765625,0.1386260986328125
1773062335170571520,38.89195466041565,0.9536285400390625,0.1110382080078125,0.13421630859375
1773062335180609536,38.90199255943298,0.9571380615234375,0.135101318359375,0.146331787109375
1773062335190646528,38.91202974319458,0.992919921875,0.154541015625,0.164459228515625
1773062335200684544,38.922067642211914,1.0316162109375,0.1618499755859375,0.1844024658203125
1773062335210721536,38.93210458755493,1.040924072265625,0.1579742431640625,0.18707275390625
1773062335220759552,38.942142724990845,1.019927978515625,0.154571533203125,0.184356689453125
1773062335230796544,38.95217967033386,0.9976959228515625,0.1537933349609375,0.169830322265625
1773062335240834560,38.962217569351196,0.98382568359375,0.154327392578125,0.1719818115234375
1773062335250871552,38.97225475311279,0.98101806640625,0.1468048095703125,0.171051025390625
1773062335260909568,38.98229265213013,0.9875946044921875,0.1356658935546875,0.168548583984375
1773062335270946560,38.992329597473145,0.989227294921875,0.131622314453125,0.1703643798828125
1773062335280984576,39.00236773490906,0.9864501953125,0.1278839111328125,0.170166015625
1773062335291021568,39.012404680252075,0.9843292236328125,0.122528076171875,0.1600799560546875
1773062335301059584,39.02244257926941,0.9796600341796875,0.1198577880859375,0.1593780517578125
1773062335311096576,39.032479763031006,0.9803009033203125,0.1150360107421875,0.1390533447265625
1773062335321134592,39.04251766204834,0.9741668701171875,0.1167755126953125,0.131378173828125
1773062335331171584,39.05255460739136,0.9610595703125,0.117218017578125,0.118804931640625
1773062335341209600,39.06259274482727,0.954833984375,0.11273193359375,0.0954742431640625
1773062335351246592,39.07262969017029,0.951263427734375,0.1074066162109375,0.084381103515625
1773062335361283584,39.082666635513306,0.9460296630859375,0.1082000732421875,0.089385986328125
1773062335371321600,39.09270477294922,0.945465087890625,0.1065521240234375,0.0766754150390625
1773062335381358592,39.102741718292236,0.947265625,0.1069793701171875,0.0588226318359375
1773062335391396608,39.11277961730957,0.9466705322265625,0.109649658203125,0.0458221435546875
1773062335401433344,39.12281656265259,0.94012451171875,0.10723876953125,0.03326416015625
1773062335411471616,39.1328547000885,0.93780517578125,0.1021881103515625,0.01641845703125
1773062335421508608,39.14289164543152,0.936370849609375,0.0987548828125,0.003082275390625
1773062335431546624,39.15292978286743,0.9306793212890625,0.0907745361328125,-0.00286865234375
1773062335441583616,39.16296672821045,0.9280242919921875,0.07318115234375,-0.0271148681640625
1773062335451621632,39.17300462722778,0.92034912109375,0.0558013916015625,-0.0438385009765625
1773062335461658368,39.1830415725708,0.9112396240234375,0.046295166015625,-0.0684661865234375
1773062335471696640,39.193079710006714,0.911773681640625,0.0413665771484375,-0.094451904296875
1773062335481733632,39.20311665534973,0.917877197265625,0.045654296875,-0.1152191162109375
1773062335491771392,39.213154554367065,0.9223480224609375,0.0498504638671875,-0.1352386474609375
1773062335501808640,39.22319173812866,0.9182281494140625,0.0474700927734375,-0.1319580078125
1773062335511846656,39.233229637145996,0.917816162109375,0.0368499755859375,-0.1623077392578125
1773062335521883392,39.243266582489014,0.9188995361328125,0.0404815673828125,-0.16925048828125
1773062335531921664,39.25330471992493,0.9217376708984375,0.047821044921875,-0.1755218505859375
1773062335541958656,39.263341665267944,0.9248199462890625,0.051483154296875,-0.218414306640625
1773062335551996416,39.27337956428528,0.933868408203125,0.0702362060546875,-0.1743621826171875
1773062335562033664,39.283416748046875,0.968292236328125,0.0661468505859375,-0.118743896484375
1773062335572071680,39.29345464706421,0.9959869384765625,0.040771484375,-0.11175537109375
1773062335582108416,39.30349159240723,0.9940643310546875,0.0308990478515625,-0.147796630859375
1773062335592146688,39.31352972984314,0.9521331787109375,0.0315093994140625,-0.21075439453125
1773062335602183680,39.32356667518616,0.8827056884765625,0.04925537109375,-0.307098388671875
1773062335612220416,39.333603620529175,0.83245849609375,0.1030120849609375,-0.2550506591796875
1773062335622258688,39.34364175796509,0.8552093505859375,0.1304168701171875,-0.1620635986328125
1773062335632295680,39.353678703308105,0.89959716796875,0.080963134765625,-0.218963623046875
1773062335642333440,39.36371660232544,0.8848876953125,0.0084381103515625,-0.349761962890625
1773062335652370688,39.373753786087036,0.8179473876953125,-0.031158447265625,-0.3903656005859375
1773062335662408704,39.38379168510437,0.7502593994140625,-0.051422119140625,-0.419952392578125
1773062335672445440,39.39382863044739,0.6938629150390625,-0.076904296875,-0.4997406005859375
1773062335682483712,39.4038667678833,0.670257568359375,-0.07025146484375,-0.4794158935546875
1773062335692520704,39.41390371322632,0.7178497314453125,-0.0163421630859375,-0.3744354248046875
1773062335702558464,39.42394161224365,0.7966766357421875,0.007659912109375,-0.36175537109375
1773062335712595456,39.43397855758667,0.833221435546875,-0.0369873046875,-0.4351806640625
1773062335722633728,39.44401669502258,0.7938232421875,-0.090423583984375,-0.493377685546875
1773062335732670464,39.4540536403656,0.7166900634765625,-0.1161346435546875,-0.535552978515625
1773062335742708736,39.464091777801514,0.6345977783203125,-0.07635498046875,-0.5162506103515625
1773062335752745728,39.47412872314453,0.6287994384765625,-0.0273895263671875,-0.5345306396484375
1773062335762783488,39.484166622161865,0.6396331787109375,-0.0417022705078125,-0.604461669921875
1773062335772820480,39.49420356750488,0.6593170166015625,-0.02545166015625,-0.5097503662109375
1773062335782860288,39.50424337387085,0.668914794921875,-0.050262451171875,-0.5414581298828125
1773062335792897280,39.51428031921387,0.635223388671875,-0.13330078125,-0.6209259033203125
1773062335802935040,39.5243182182312,0.5899505615234375,-0.1717987060546875,-0.60284423828125
1773062335812972288,39.5343554019928,0.5323638916015625,-0.208343505859375,-0.6610260009765625
1773062335823010304,39.54439330101013,0.4865875244140625,-0.279052734375,-0.7278289794921875
1773062335833047040,39.55443024635315,0.45391845703125,-0.277435302734375,-0.7405242919921875
1773062335843084032,39.56446719169617,0.440582275390625,-0.1499481201171875,-0.701324462890625
1773062335853122304,39.57450532913208,0.50250244140625,-0.01800537109375,-0.58990478515625
1773062335863159296,39.5845422744751,0.6015777587890625,-0.020843505859375,-0.64642333984375
1773062335873197312,39.59458041191101,0.5976409912109375,-0.1276397705078125,-0.729583740234375
1773062335883234304,39.60461735725403,0.5140533447265625,-0.2399444580078125,-0.6842803955078125
1773062335893272064,39.61465525627136,0.4188995361328125,-0.3411407470703125,-0.6917724609375
1773062335903309056,39.62469220161438,0.344085693359375,-0.4031982421875,-0.71600341796875
1773062335913347328,39.63473033905029,0.29827880859375,-0.40704345703125,-0.8637847900390625
1773062335923384064,39.64476728439331,0.25091552734375,-0.3390350341796875,-0.9438018798828125
1773062335933422080,39.654805183410645,0.2454986572265625,-0.1651763916015625,-0.7735137939453125
1773062335943459328,39.66484236717224,0.317047119140625,-0.0149383544921875,-0.7060089111328125
1773062335953497088,39.674880266189575,0.4037322998046875,-0.0457763671875,-0.7917633056640625
1773062335963534080,39.68491721153259,0.427215576171875,-0.1773681640625,-0.8718719482421875
1773062335973572352,39.694955348968506,0.366424560546875,-0.294677734375,-0.8831634521484375
1773062335983609088,39.70499229431152,0.2274169921875,-0.459442138671875,-0.962799072265625
1773062335993647104,39.71503019332886,0.076812744140625,-0.574737548828125,-1.02459716796875
1773062336003684352,39.725067377090454,-0.0314483642578125,-0.5630950927734375,-1.0258026123046875
1773062336013722112,39.73510527610779,-0.06256103515625,-0.3980712890625,-0.9035491943359375
1773062336023759104,39.745142221450806,0.0269775390625,-0.1441192626953125,-0.6692657470703125
1773062336033797376,39.75518035888672,0.2012176513671875,0.0003814697265625,-0.5799560546875
1773062336043834112,39.765217304229736,0.369537353515625,-0.0148468017578125,-0.6247711181640625
1773062336053872128,39.77525520324707,0.3910675048828125,-0.1408538818359375,-0.710540771484375
1773062336063909376,39.78529238700867,0.24493408203125,-0.320556640625,-0.900634765625
1773062336073947136,39.795330286026,0.026641845703125,-0.5482330322265625,-1.0980224609375
1773062336083984128,39.80536723136902,-0.200347900390625,-0.706085205078125,-0.96270751953125
1773062336094021376,39.815404415130615,-0.3650970458984375,-0.737518310546875,-0.89532470703125
1773062336104059136,39.82544231414795,-0.393646240234375,-0.692138671875,-0.93206787109375
1773062336114096128,39.83547925949097,-0.2813873291015625,-0.421905517578125,-0.7617645263671875
1773062336124134400,39.84551739692688,-0.16064453125,-0.053955078125,-0.5474700927734375
1773062336134171136,39.8555543422699,-0.06866455078125,0.0916290283203125,-0.488555908203125
1773062336144209152,39.86559224128723,-0.017425537109375,-0.0966949462890625,-0.887542724609375
1773062336154246144,39.87562918663025,-0.0726776123046875,-0.4840850830078125,-1.3021240234375
1773062336164284160,39.88566732406616,-0.21685791015625,-0.8014678955078125,-1.235076904296875
1773062336174321152,39.89570426940918,-0.3803863525390625,-0.877288818359375,-0.843841552734375
1773062336184359424,39.90574240684509,-0.46087646484375,-0.6436614990234375,-0.345794677734375
1773062336194396160,39.91577935218811,-0.4366455078125,-0.2452545166015625,-0.0426025390625
1773062336204434176,39.925817251205444,-0.4142303466796875,-0.0103912353515625,-0.3870086669921875
1773062336214471168,39.93585419654846,-0.3461761474609375,-0.146484375,-1.1831207275390625
1773062336224509184,39.945892333984375,-0.40216064453125,-0.4859771728515625,-1.407958984375
1773062336234546176,39.95592927932739,-0.7312774658203125,-0.7783660888671875,-1.2691497802734375
1773062336244584448,39.965967416763306,-0.9412078857421875,-0.9091949462890625,-0.913665771484375
1773062336254621184,39.97600436210632,-0.8891754150390625,-0.8557281494140625,-0.567230224609375
1773062336264659200,39.98604226112366,-0.72064208984375,-0.6527099609375,-0.525848388671875
1773062336274696192,39.996079206466675,-0.5269317626953125,-0.3505706787109375,-0.63262939453125
1773062336284734208,40.00611734390259,-0.423065185546875,-0.113433837890625,-0.717987060546875
1773062336294771200,40.016154289245605,-0.4766082763671875,-0.09027099609375,-0.7880401611328125
1773062336304809216,40.02619218826294,-0.64508056640625,-0.286529541015625,-0.963714599609375
1773062336314846208,40.036229372024536,-0.8058013916015625,-0.5828094482421875,-1.0513916015625
1773062336324883200,40.046266317367554,-0.8904571533203125,-0.74456787109375,-0.86114501953125
1773062336334921216,40.05630421638489,-0.895965576171875,-0.7430572509765625,-0.6527099609375
1773062336344958208,40.066341400146484,-0.8162841796875,-0.6762542724609375,-0.6399688720703125
1773062336354996224,40.07637929916382,-0.73876953125,-0.510009765625,-0.6489410400390625
1773062336365033216,40.086416244506836,-0.697601318359375,-0.2898406982421875,-0.6136322021484375
1773062336375071232,40.09645438194275,-0.6746826171875,-0.157501220703125,-0.502044677734375
1773062336385108224,40.10649132728577,-0.732513427734375,-0.2249298095703125,-0.5708465576171875
1773062336395146240,40.1165292263031,-0.7913055419921875,-0.3856048583984375,-0.6775054931640625
1773062336405183232,40.1265664100647,-0.8307342529296875,-0.4853973388671875,-0.6237030029296875
1773062336415221248,40.13660430908203,-0.86981201171875,-0.5477294921875,-0.5837249755859375
1773062336425258240,40.14664125442505,-0.9092254638671875,-0.5915985107421875,-0.62066650390625
1773062336435296256,40.15667939186096,-0.96026611328125,-0.588043212890625,-0.70965576171875
1773062336445333248,40.16671633720398,-0.984039306640625,-0.5159454345703125,-0.674224853515625
1773062336455371264,40.17675423622131,-0.97344970703125,-0.3675689697265625,-0.539154052734375
1773062336465408000,40.18679118156433,-0.9269256591796875,-0.2415008544921875,-0.3858489990234375
1773062336475446272,40.196829319000244,-0.884002685546875,-0.225738525390625,-0.3700714111328125
1773062336485483264,40.20686626434326,-0.885009765625,-0.2748260498046875,-0.46173095703125
1773062336495521280,40.216904401779175,-0.934417724609375,-0.3307647705078125,-0.5283355712890625
1773062336505558272,40.22694134712219,-0.9732666015625,-0.3879241943359375,-0.5990142822265625
1773062336515596032,40.236979246139526,-0.9860076904296875,-0.4138946533203125,-0.61651611328125
1773062336525633024,40.247016191482544,-1.0312957763671875,-0.434295654296875,-0.58001708984375
1773062336535671296,40.25705432891846,-1.10186767578125,-0.4339141845703125,-0.5183563232421875
1773062336545708288,40.267091274261475,-1.139617919921875,-0.335113525390625,-0.4130096435546875
1773062336555745024,40.27712821960449,-1.115386962890625,-0.2316436767578125,-0.3583526611328125
1773062336565783296,40.287166357040405,-1.039703369140625,-0.210418701171875,-0.4268646240234375
1773062336575820288,40.29720330238342,-0.9629058837890625,-0.2194671630859375,-0.5043792724609375
1773062336585858048,40.30724120140076,-0.95172119140625,-0.2349853515625,-0.5043792724609375
1773062336595895296,40.31727838516235,-1.0018463134765625,-0.2748260498046875,-0.5096282958984375
1773062336605933312,40.32731628417969,-1.0238494873046875,-0.3115234375,-0.478363037109375
1773062336615970048,40.337353229522705,-0.9889068603515625,-0.3372344970703125,-0.44677734375
1773062336626008320,40.34739136695862,-0.944427490234375,-0.3293914794921875,-0.41461181640625
1773062336636045312,40.357428312301636,-0.919281005859375,-0.294586181640625,-0.3577880859375
1773062336646083072,40.36746621131897,-0.907623291015625,-0.2634735107421875,-0.3538360595703125
1773062336656120320,40.377503395080566,-0.8672943115234375,-0.24609375,-0.40545654296875
1773062336666158080,40.3875412940979,-0.81756591796875,-0.249725341796875,-0.4451446533203125
1773062336676195072,40.39757823944092,-0.794219970703125,-0.2715606689453125,-0.476318359375
1773062336686233344,40.40761637687683,-0.7662506103515625,-0.2826690673828125,-0.456756591796875
1773062336696270336,40.41765332221985,-0.7342987060546875,-0.263824462890625,-0.3777313232421875
1773062336706308096,40.42769122123718,-0.7084197998046875,-0.242340087890625,-0.3197021484375
1773062336716345344,40.43772840499878,-0.6826171875,-0.2335357666015625,-0.31256103515625
1773062336726383104,40.44776630401611,-0.652435302734375,-0.221099853515625,-0.2992706298828125
1773062336736420096,40.45780324935913,-0.6406097412109375,-0.2093505859375,-0.2798309326171875
1773062336746458368,40.467841386795044,-0.637451171875,-0.2213287353515625,-0.2860565185546875
1773062336756495360,40.47787833213806,-0.635711669921875,-0.2480926513671875,-0.303436279296875
1773062336766533120,40.487916231155396,-0.6300048828125,-0.2680206298828125,-0.2801055908203125
1773062336776570368,40.49795341491699,-0.628265380859375,-0.263671875,-0.25115966796875
1773062336786607616,40.50799059867859,-0.5963897705078125,-0.2246551513671875,-0.1945343017578125
1773062336796644352,40.518027544021606,-0.556121826171875,-0.1740570068359375,-0.1372222900390625
1773062336806682368,40.52806544303894,-0.5367279052734375,-0.14093017578125,-0.12054443359375
1773062336816719616,40.53810262680054,-0.5364532470703125,-0.1265106201171875,-0.1362457275390625
1773062336826756352,40.548139572143555,-0.5501556396484375,-0.1361083984375,-0.1416015625
1773062336836794368,40.55817747116089,-0.58294677734375,-0.158416748046875,-0.210540771484375
1773062336846831616,40.568214654922485,-0.5829620361328125,-0.1672210693359375,-0.21575927734375
1773062336856869376,40.57825255393982,-0.569122314453125,-0.1715545654296875,-0.2544708251953125
1773062336866906368,40.58828949928284,-0.536285400390625,-0.163116455078125,-0.250213623046875
1773062336876944640,40.59832763671875,-0.51904296875,-0.1341552734375,-0.1737518310546875
1773062336886981376,40.60836458206177,-0.51885986328125,-0.124053955078125,-0.0858612060546875
1773062336897019392,40.6184024810791,-0.51800537109375,-0.1340789794921875,-0.050689697265625
1773062336907056640,40.6284396648407,-0.527313232421875,-0.133941650390625,-0.0362396240234375
1773062336917094400,40.63847756385803,-0.5715484619140625,-0.12969970703125,-0.03692626953125
1773062336927131392,40.64851450920105,-0.642059326171875,-0.1345367431640625,-0.1063232421875
1773062336937169664,40.65855264663696,-0.71038818359375,-0.1221771240234375,-0.1820526123046875
1773062336947206400,40.66858959197998,-0.7716217041015625,-0.0899505615234375,-0.1802825927734375
1773062336957244416,40.678627490997314,-0.790374755859375,-0.0917510986328125,-0.1428985595703125
1773062336967281408,40.68866443634033,-0.7284698486328125,-0.1265411376953125,-0.1041259765625
1773062336977319424,40.698702573776245,-0.6298065185546875,-0.144989013671875,0.004974365234375
1773062336987356416,40.70873951911926,-0.6141357421875,-0.1412200927734375,0.078643798828125
1773062336997394688,40.718777656555176,-0.690948486328125,-0.1401519775390625,0.0643157958984375
1773062337007431424,40.72881460189819,-0.810791015625,-0.13861083984375,-0.0299530029296875
1773062337017469440,40.73885250091553,-0.9237518310546875,-0.113922119140625,-0.10382080078125
1773062337027506432,40.748889446258545,-0.9879608154296875,-0.0680389404296875,-0.076202392578125
1773062337037543424,40.75892663002014,-0.998138427734375,-0.04803466796875,-0.0803680419921875
1773062337047581440,40.768964529037476,-0.931396484375,-0.05108642578125,-0.0908050537109375
1773062337057618432,40.77900147438049,-0.84185791015625,-0.06292724609375,-0.0552215576171875
1773062337067656448,40.789039611816406,-0.8140411376953125,-0.0865936279296875,-0.0329742431640625
1773062337077693440,40.799076557159424,-0.8319854736328125,-0.1238250732421875,-0.0480194091796875
1773062337087731456,40.80911445617676,-0.85888671875,-0.1446380615234375,-0.071319580078125
1773062337097768448,40.819151639938354,-0.8831787109375,-0.1132659912109375,-0.0737457275390625
1773062337107806464,40.82918953895569,-0.928924560546875,-0.0324554443359375,-0.043548583984375
1773062337117843456,40.839226484298706,-1.0166168212890625,-0.0001068115234375,-0.0297698974609375
1773062337127881472,40.84926462173462,-1.0942230224609375,-0.084442138671875,-0.0660552978515625
1773062337137918464,40.85930156707764,-1.1058349609375,-0.193206787109375,-0.0782928466796875
1773062337147956480,40.86933946609497,-1.084869384765625,-0.24407958984375,0.0013275146484375
1773062337157993472,40.87937664985657,-1.0784759521484375,-0.2599945068359375,0.0231781005859375
1773062337168031488,40.8894145488739,-1.0564117431640625,-0.275787353515625,-0.09454345703125
1773062337178068480,40.89945149421692,-0.9965057373046875,-0.2373809814453125,-0.1449432373046875
1773062337188106496,40.90948963165283,-0.9763336181640625,-0.1447906494140625,-0.096954345703125
1773062337198143488,40.91952657699585,-1.0054473876953125,-0.0835418701171875,-0.0918426513671875
1773062337208181504,40.929564476013184,-1.0545654296875,-0.0616455078125,-0.1655426025390625
1773062337218218496,40.93960165977478,-1.1262969970703125,-0.0805206298828125,-0.2325897216796875
1773062337228256512,40.949639558792114,-1.200897216796875,-0.126068115234375,-0.2236480712890625
1773062337238293504,40.95967650413513,-1.23419189453125,-0.181243896484375,-0.1297607421875
1773062337248331520,40.969714641571045,-1.2162017822265625,-0.2428131103515625,-0.11248779296875
1773062337258368512,40.97975158691406,-1.1520538330078125,-0.2687835693359375,-0.1381072998046875
1773062337268405504,40.98978853225708,-1.089141845703125,-0.222503662109375,-0.0850982666015625
1773062337278443264,40.999826431274414,-1.047821044921875,-0.1421966552734375,-0.008575439453125
1773062337288480512,41.00986361503601,-1.010467529296875,-0.0528564453125,0.0729522705078125
1773062337298518528,41.019901514053345,-1.049072265625,-0.01336669921875,0.072967529296875
1773062337308555264,41.02993845939636,-1.1499481201171875,-0.1105194091796875,-0.1127777099609375
1773062337318593536,41.039976596832275,-1.2437591552734375,-0.2646026611328125,-0.3048858642578125
1773062337328630528,41.05001354217529,-1.2808380126953125,-0.334442138671875,-0.321868896484375
1773062337338668288,41.06005144119263,-1.2481689453125,-0.2884368896484375,-0.187774658203125
1773062337348705536,41.070088624954224,-1.2261810302734375,-0.174591064453125,-0.0789031982421875
1773062337358743552,41.08012652397156,-1.2523345947265625,-0.07562255859375,-0.1050567626953125
1773062337368780288,41.090163469314575,-1.2696990966796875,-0.04547119140625,-0.166839599609375
1773062337378818560,41.10020160675049,-1.246185302734375,-0.075653076171875,-0.1606292724609375
1773062337388855552,41.110238552093506,-1.22906494140625,-0.0853729248046875,0.0229644775390625
1773062337398893312,41.12027645111084,-1.2379302978515625,-0.09088134765625,0.12506103515625
1773062337408930560,41.13031363487244,-1.25433349609375,-0.15826416015625,0.0343780517578125
1773062337418968320,41.14035153388977,-1.2269744873046875,-0.223297119140625,-0.11431884765625
1773062337429005312,41.15038847923279,-1.202972412109375,-0.1637725830078125,-0.110870361328125
1773062337439043584,41.1604266166687,-1.235992431640625,-0.074005126953125,-0.0763397216796875
1773062337449080576,41.17046356201172,-1.2674713134765625,-0.080322265625,-0.1352386474609375
1773062337459118336,41.18050146102905,-1.2830352783203125,-0.140533447265625,-0.1390533447265625
1773062337469155584,41.19053864479065,-1.306854248046875,-0.199005126953125,-0.0726470947265625
1773062337479192576,41.20057559013367,-1.3141021728515625,-0.2705841064453125,-0.119110107421875
1773062337489230336,41.210613489151,-1.24493408203125,-0.3256072998046875,-0.210479736328125
1773062337499267328,41.22065043449402,-1.13897705078125,-0.2852935791015625,-0.1561431884765625
1773062337509305600,41.23068857192993,-1.108062744140625,-0.1688079833984375,-0.022918701171875
1773062337519342336,41.24072551727295,-1.16680908203125,-0.05938720703125,0.0179443359375
1773062337529380608,41.25076365470886,-1.25115966796875,-0.0307464599609375,-0.0644073486328125
1773062337539417600,41.26080060005188,-1.292510986328125,-0.095062255859375,-0.181854248046875
1773062337549455360,41.270838499069214,-1.25958251953125,-0.1807403564453125,-0.1742401123046875
1773062337559492352,41.28087544441223,-1.2045745849609375,-0.207275390625,-0.056793212890625
1773062337569530368,41.290913581848145,-1.2042236328125,-0.200103759765625,-0.04290771484375
1773062337579567360,41.30095052719116,-1.2388763427734375,-0.2065887451171875,-0.1316680908203125
1773062337589605632,41.310988664627075,-1.2552947998046875,-0.1788330078125,-0.1376495361328125
1773062337599642624,41.32102560997009,-1.255523681640625,-0.1212158203125,-0.09295654296875
1773062337609680384,41.33106350898743,-1.2301788330078125,-0.1097412109375,-0.1324005126953125
1773062337619717376,41.341100454330444,-1.179046630859375,-0.1139068603515625,-0.201416015625
1773062337629755392,41.35113859176636,-1.500457763671875,0.0895233154296875,0.3509368896484375
1773062337639792384,41.361175537109375,-2.5380401611328125,-0.0760040283203125,0.524871826171875
1773062337649830400,41.37121343612671,-3.0481719970703125,-0.442047119140625,-0.4634552001953125
1773062337659867648,41.381250619888306,-2.0022735595703125,-0.3000640869140625,-0.709014892578125
1773062337669905408,41.39128851890564,-0.8153839111328125,-0.12548828125,-0.306243896484375
1773062337679942400,41.40132546424866,-0.1868133544921875,-0.10089111328125,-0.544769287109375
1773062337689980416,41.41136360168457,0.2354736328125,-0.025421142578125,-0.2464447021484375
1773062337700017408,41.42140054702759,0.21160888671875,0.2033233642578125,0.4166259765625
1773062337710054400,41.431437492370605,-0.5744171142578125,0.0965576171875,0.28802490234375
1773062337720092416,41.44147562980652,-1.6507568359375,-0.4267730712890625,-0.7251434326171875
1773062337730129408,41.451512575149536,-1.949249267578125,-0.7061767578125,-0.75152587890625
1773062337740167424,41.46155047416687,-1.8587188720703125,-0.517333984375,0.022979736328125
1773062337750204672,41.47158765792847,-1.6950836181640625,-0.445648193359375,-0.1650848388671875
1773062337760242432,41.4816255569458,-1.2977142333984375,-0.4255218505859375,-0.3905792236328125
1773062337770279424,41.49166250228882,-1.3212890625,-0.3408050537109375,-0.1876373291015625
1773062337780317440,41.50170063972473,-1.70477294921875,-0.354278564453125,-0.2343597412109375
1773062337790354432,41.51173758506775,-1.828460693359375,-0.321502685546875,-0.24627685546875
1773062337800392448,41.52177548408508,-1.8074798583984375,-0.3227691650390625,-0.1696014404296875
1773062337810429440,41.5318124294281,-1.865570068359375,-0.38812255859375,-0.497283935546875
1773062337820467456,41.541850566864014,-1.903594970703125,-0.1625823974609375,-0.2549896240234375
1773062337830504448,41.55188751220703,-2.019256591796875,-0.034637451171875,-0.28533935546875
1773062337840542464,41.561925649642944,-1.9225921630859375,-0.2705535888671875,-0.6551513671875
1773062337850579456,41.57196259498596,-1.6625518798828125,-0.3617706298828125,-0.623809814453125
1773062337860617472,41.582000494003296,-1.6040496826171875,-0.2698822021484375,-0.477508544921875
1773062337870654464,41.59203743934631,-1.7231597900390625,-0.2726898193359375,-0.662261962890625
1773062337880692480,41.60207557678223,-1.7421112060546875,-0.1666259765625,-0.549102783203125
1773062337890729472,41.612112522125244,-1.7991485595703125,-0.082122802734375,-0.4740142822265625
1773062337900767488,41.62215065956116,-1.9185943603515625,-0.1840057373046875,-0.6862945556640625
1773062337910804480,41.632187604904175,-1.900238037109375,-0.265533447265625,-0.731353759765625
1773062337920841472,41.64222455024719,-1.806793212890625,-0.2933502197265625,-0.5652923583984375
1773062337930879232,41.652262449264526,-1.7487640380859375,-0.3181304931640625,-0.4841461181640625
1773062337940916480,41.66229963302612,-1.729400634765625,-0.3607330322265625,-0.4719085693359375
1773062337950954496,41.67233753204346,-1.7280120849609375,-0.4157257080078125,-0.440216064453125
1773062337960991488,41.682374477386475,-1.70440673828125,-0.45123291015625,-0.425811767578125
1773062337971029504,41.69241261482239,-1.64166259765625,-0.4691009521484375,-0.4391326904296875
1773062337981066496,41.702449560165405,-1.5756072998046875,-0.508697509765625,-0.486297607421875
1773062337991104256,41.71248745918274,-1.5111083984375,-0.560455322265625,-0.548797607421875
1773062338001141504,41.722524642944336,-1.448638916015625,-0.5943603515625,-0.57098388671875
1773062338011179520,41.73256254196167,-1.376190185546875,-0.5910186767578125,-0.56610107421875
1773062338021216512,41.74259948730469,-1.294952392578125,-0.5481109619140625,-0.577728271484375
1773062338031254528,41.7526376247406,-1.2194671630859375,-0.5016937255859375,-0.5952606201171875
1773062338041291520,41.76267457008362,-1.146820068359375,-0.4711151123046875,-0.6106719970703125
1773062338051329280,41.77271246910095,-1.0647125244140625,-0.454620361328125,-0.647247314453125
1773062338061366528,41.78274965286255,-0.95489501953125,-0.4404144287109375,-0.638336181640625
1773062338071404544,41.79278755187988,-0.85040283203125,-0.428466796875,-0.6216583251953125
1773062338081441280,41.8028244972229,-0.780487060546875,-0.427276611328125,-0.6352386474609375
1773062338091479552,41.81286263465881,-0.735992431640625,-0.4312744140625,-0.60894775390625
1773062338101516544,41.82289958000183,-0.7069091796875,-0.4427337646484375,-0.601531982421875
1773062338111554304,41.832937479019165,-0.6665191650390625,-0.44342041015625,-0.5768280029296875
1773062338121591552,41.84297466278076,-0.610870361328125,-0.4246063232421875,-0.5323638916015625
1773062338131629568,41.853012561798096,-0.54364013671875,-0.389129638671875,-0.4821624755859375
1773062338141666304,41.86304950714111,-0.485443115234375,-0.36480712890625,-0.4602813720703125
1773062338151703296,41.87308645248413,-0.4367523193359375,-0.3288421630859375,-0.45428466796875
1773062338161741568,41.883124589920044,-0.41143798828125,-0.28326416015625,-0.4425811767578125
1773062338171778560,41.89316153526306,-0.407562255859375,-0.253570556640625,-0.417694091796875
1773062338181816320,41.903199434280396,-0.4020233154296875,-0.2595367431640625,-0.4356842041015625
1773062338191853568,41.91323661804199,-0.374786376953125,-0.27154541015625,-0.42864990234375
1773062338201891328,41.923274517059326,-0.35296630859375,-0.2626800537109375,-0.425933837890625
1773062338211928320,41.933311462402344,-0.320587158203125,-0.2408294677734375,-0.3784332275390625
1773062338221966592,41.94334959983826,-0.2738037109375,-0.211334228515625,-0.3404998779296875
1773062338232003328,41.953386545181274,-0.2310638427734375,-0.1787872314453125,-0.3159332275390625
1773062338242041344,41.96342444419861,-0.2020416259765625,-0.1390838623046875,-0.29888916015625
1773062338252078592,41.973461627960205,-0.173980712890625,-0.0850372314453125,-0.2704010009765625
1773062338262116352,41.98349952697754,-0.1636810302734375,-0.0282440185546875,-0.253936767578125
1773062338272153344,41.99353647232056,-0.15020751953125,-0.002716064453125,-0.270782470703125
1773062338282191616,42.00357460975647,-0.1209869384765625,-0.006744384765625,-0.258392333984375
1773062338292228352,42.01361155509949,-0.10003662109375,-0.0147247314453125,-0.251922607421875
1773062338302266368,42.02364945411682,-0.06964111328125,-0.03143310546875,-0.2660675048828125
1773062338312303616,42.03368663787842,-0.0387420654296875,-0.0509796142578125,-0.2815704345703125
1773062338322341376,42.04372453689575,-0.0342864990234375,-0.0516510009765625,-0.303802490234375
1773062338332378368,42.05376148223877,-0.04217529296875,-0.04217529296875,-0.3089447021484375
1773062338342416640,42.06379961967468,-0.0322418212890625,-0.034881591796875,-0.3209686279296875
1773062338352453376,42.0738365650177,-0.0029754638671875,-0.0221099853515625,-0.3515625
1773062338362490368,42.08387351036072,0.033111572265625,-0.0151824951171875,-0.3730010986328125
1773062338372528640,42.09391164779663,0.062255859375,-0.003570556640625,-0.381683349609375
1773062338382565376,42.10394859313965,0.076995849609375,0.0150604248046875,-0.3805084228515625
1773062338392603392,42.11398649215698,0.0845947265625,0.0318603515625,-0.384368896484375
1773062338402640384,42.1240234375,0.0899505615234375,0.041717529296875,-0.4051971435546875
1773062338412678400,42.13406157493591,0.0800323486328125,0.0597381591796875,-0.4045562744140625
1773062338422715392,42.14409852027893,0.0706634521484375,0.08367919921875,-0.38958740234375
1773062338432753664,42.154136657714844,0.078704833984375,0.1094512939453125,-0.3966217041015625
1773062338442790400,42.16417360305786,0.0989227294921875,0.1377105712890625,-0.417694091796875
1773062338452828416,42.174211502075195,0.1157073974609375,0.16143798828125,-0.478546142578125
1773062338462865408,42.18424844741821,0.13433837890625,0.170440673828125,-0.5391998291015625
1773062338472903424,42.194286584854126,0.1378021240234375,0.17169189453125,-0.5956268310546875
1773062338482940416,42.204323530197144,0.12945556640625,0.1743011474609375,-0.622802734375
1773062338492978432,42.21436142921448,0.1211700439453125,0.1878509521484375,-0.63397216796875
1773062338503015424,42.224398612976074,0.1177825927734375,0.191192626953125,-0.6590118408203125
1773062338513053440,42.23443651199341,0.1143035888671875,0.18017578125,-0.6922454833984375
1773062338523090432,42.244473457336426,0.1151885986328125,0.1549530029296875,-0.721282958984375
1773062338533128448,42.25451159477234,0.11328125,0.1249847412109375,-0.7287139892578125
1773062338543165440,42.264548540115356,0.101318359375,0.1108551025390625,-0.7270050048828125
1773062338553202432,42.274585485458374,0.0924835205078125,0.1295013427734375,-0.7194366455078125
1773062338563240448,42.28462362289429,0.09381103515625,0.1707611083984375,-0.73028564453125
1773062338573277440,42.294660568237305,0.100189208984375,0.21734619140625,-0.7527923583984375
1773062338583315456,42.30469846725464,0.1110076904296875,0.2407073974609375,-0.7853240966796875
1773062338593352448,42.314735651016235,0.1254119873046875,0.2521514892578125,-0.7747344970703125
1773062338603390464,42.32477355003357,0.1378326416015625,0.2700653076171875,-0.7438507080078125
1773062338613427456,42.33481049537659,0.1560516357421875,0.2931976318359375,-0.709747314453125
1773062338623465472,42.3448486328125,0.17193603515625,0.315216064453125,-0.6971588134765625
1773062338633502464,42.35488557815552,0.1793060302734375,0.31854248046875,-0.7115478515625
1773062338643540480,42.36492347717285,0.1782989501953125,0.3118438720703125,-0.738739013671875
1773062338653577472,42.37496066093445,0.171722412109375,0.3123931884765625,-0.7573699951171875
1773062338663615488,42.38499855995178,0.165924072265625,0.3317413330078125,-0.7674713134765625
1773062338673652480,42.3950355052948,0.1679534912109375,0.364532470703125,-0.773681640625
1773062338683690496,42.40507364273071,0.174652099609375,0.3953704833984375,-0.7719879150390625
1773062338693727488,42.41511058807373,0.176025390625,0.415130615234375,-0.7831268310546875
1773062338703765504,42.425148487091064,0.16973876953125,0.422607421875,-0.78564453125
1773062338713802240,42.43518543243408,0.153167724609375,0.4182281494140625,-0.7953948974609375
1773062338723840512,42.445223569869995,0.1416778564453125,0.413543701171875,-0.789703369140625
1773062338733877504,42.45526051521301,0.1273193359375,0.410430908203125,-0.7989044189453125
1773062338743915520,42.465298652648926,0.1157073974609375,0.396331787109375,-0.8205718994140625
1773062338753952512,42.47533559799194,0.1058349609375,0.388641357421875,-0.82635498046875
1773062338763990528,42.48537349700928,0.0930328369140625,0.402191162109375,-0.8069305419921875
1773062338774027264,42.495410442352295,0.09332275390625,0.42120361328125,-0.798187255859375
1773062338784065792,42.50544881820679,0.10552978515625,0.4456939697265625,-0.8001708984375
1773062338794103808,42.5154869556427,0.118072509765625,0.4836578369140625,-0.7851104736328125
1773062338804140800,42.52552390098572,0.1260528564453125,0.516754150390625,-0.7802276611328125
1773062338814178816,42.53556180000305,0.1314544677734375,0.5358123779296875,-0.7838134765625
1773062338824215552,42.54559874534607,0.1303863525390625,0.5377197265625,-0.800384521484375
1773062338834253824,42.55563688278198,0.128875732421875,0.528472900390625,-0.8151702880859375
1773062338844290816,42.565673828125,0.1279296875,0.5102691650390625,-0.830047607421875
1773062338854328576,42.575711727142334,0.1333770751953125,0.49200439453125,-0.8381500244140625
1773062338864365824,42.58574891090393,0.1445159912109375,0.477935791015625,-0.8481292724609375
1773062338874403840,42.595786809921265,0.1447906494140625,0.470947265625,-0.84869384765625
1773062338884440576,42.60582375526428,0.1329193115234375,0.4805450439453125,-0.8388824462890625
1773062338894478848,42.615861892700195,0.113494873046875,0.5012359619140625,-0.8280181884765625
1773062338904515840,42.62589883804321,0.0948944091796875,0.52667236328125,-0.8292083740234375
1773062338914553600,42.63593673706055,0.0917816162109375,0.5451202392578125,-0.8348846435546875
1773062338924590848,42.645973920822144,0.1030426025390625,0.552093505859375,-0.8363037109375
1773062338934628608,42.65601181983948,0.1254119873046875,0.5433502197265625,-0.843048095703125
1773062338944665600,42.666048765182495,0.1414031982421875,0.5204010009765625,-0.8487091064453125
1773062338954703872,42.67608690261841,0.1394805908203125,0.4997711181640625,-0.857696533203125
1773062338964740864,42.686123847961426,0.1199951171875,0.4815521240234375,-0.861419677734375
1773062338974778624,42.69616174697876,0.0903167724609375,0.476806640625,-0.8660736083984375
1773062338984815872,42.706198930740356,0.0731048583984375,0.4814453125,-0.8666534423828125
1773062338994853632,42.71623682975769,0.07647705078125,0.491058349609375,-0.860015869140625
1773062339004890624,42.72627377510071,0.0970306396484375,0.500213623046875,-0.8494415283203125
1773062339014927616,42.736310720443726,0.1180572509765625,0.5066680908203125,-0.8358612060546875
1773062339024965888,42.74634885787964,0.129302978515625,0.51129150390625,-0.82281494140625
1773062339035002624,42.756385803222656,0.1257171630859375,0.52459716796875,-0.8170623779296875
1773062339045040896,42.76642394065857,0.1138458251953125,0.5386962890625,-0.8155364990234375
1773062339055077888,42.77646088600159,0.1070556640625,0.545867919921875,-0.82513427734375
1773062339065115648,42.78649878501892,0.1155242919921875,0.547332763671875,-0.832611083984375
1773062339075152640,42.79653573036194,0.1277313232421875,0.54986572265625,-0.8382720947265625
1773062339085190656,42.80657386779785,0.140869140625,0.5439605712890625,-0.8380584716796875
1773062339095227648,42.81661081314087,0.1456146240234375,0.5284271240234375,-0.8253326416015625
1773062339105265920,42.82664895057678,0.148834228515625,0.518707275390625,-0.81268310546875
1773062339115302912,42.8366858959198,0.153839111328125,0.5195770263671875,-0.801177978515625
1773062339125340672,42.846723794937134,0.1598358154296875,0.51885986328125,-0.804290771484375
1773062339135377664,42.85676074028015,0.1681976318359375,0.5149383544921875,-0.7892913818359375
1773062339145415680,42.866798877716064,0.1694793701171875,0.514007568359375,-0.7852020263671875
1773062339155452672,42.87683582305908,0.1725006103515625,0.518585205078125,-0.783111572265625
1773062339165490688,42.886873722076416,0.17449951171875,0.519683837890625,-0.79693603515625
1773062339175527936,42.89691090583801,0.17877197265625,0.513397216796875,-0.806182861328125
1773062339185565696,42.90694880485535,0.187042236328125,0.5002899169921875,-0.8167877197265625
1773062339195602688,42.916985750198364,0.192352294921875,0.4884185791015625,-0.8197021484375
1773062339205639936,42.92702293395996,0.1876678466796875,0.48370361328125,-0.8246307373046875
1773062339215677696,42.937060832977295,0.1789703369140625,0.485870361328125,-0.8376312255859375
1773062339225714688,42.94709777832031,0.1723175048828125,0.489501953125,-0.842041015625
1773062339235752704,42.957135915756226,0.172821044921875,0.480804443359375,-0.84759521484375
1773062339245789696,42.96717286109924,0.1793060302734375,0.4636383056640625,-0.8404083251953125
1773062339255827712,42.97721076011658,0.1839752197265625,0.445892333984375,-0.8347015380859375
1773062339265864960,42.987247943878174,0.1797943115234375,0.4395294189453125,-0.822296142578125
1773062339275902720,42.99728584289551,0.17437744140625,0.4476776123046875,-0.8306732177734375
1773062339285939712,43.007322788238525,0.173126220703125,0.46728515625,-0.8480377197265625
1773062339295977728,43.01736092567444,0.172943115234375,0.485931396484375,-0.867401123046875
1773062339306014720,43.027397871017456,0.1761322021484375,0.4943084716796875,-0.8863067626953125
1773062339316052736,43.03743577003479,0.1747589111328125,0.489593505859375,-0.8888092041015625
1773062339326089984,43.04747295379639,0.1751251220703125,0.4758758544921875,-0.8901519775390625
1773062339336127744,43.05751085281372,0.179534912109375,0.4581756591796875,-0.8825225830078125
1773062339346164736,43.06754779815674,0.1850128173828125,0.4547271728515625,-0.8645477294921875
1773062339356202752,43.07758593559265,0.1890869140625,0.4637298583984375,-0.85870361328125
1773062339366239744,43.08762288093567,0.19232177734375,0.475738525390625,-0.86138916015625
1773062339376277760,43.097660779953,0.1922149658203125,0.486236572265625,-0.868560791015625
1773062339386314752,43.10769772529602,0.187957763671875,0.4887237548828125,-0.8733062744140625
1773062339396352768,43.117735862731934,0.186309814453125,0.4852447509765625,-0.87115478515625
1773062339406389760,43.12777280807495,0.1819915771484375,0.4846649169921875,-0.8755035400390625
1773062339416426752,43.13780975341797,0.178253173828125,0.4868011474609375,-0.8795318603515625
1773062339426464768,43.14784789085388,0.1784515380859375,0.48187255859375,-0.8863677978515625
1773062339436501760,43.1578848361969,0.180206298828125,0.478424072265625,-0.8804473876953125
1773062339446539520,43.16792273521423,0.1823577880859375,0.478515625,-0.873077392578125
1773062339456576768,43.17795991897583,0.1881561279296875,0.47247314453125,-0.8698883056640625
1773062339466614784,43.187997817993164,0.1851043701171875,0.4655914306640625,-0.8665313720703125
1773062339476651776,43.19803476333618,0.1789398193359375,0.46502685546875,-0.859039306640625
1773062339486689792,43.208072900772095,0.1821441650390625,0.4708099365234375,-0.8603363037109375
1773062339496726784,43.21810984611511,0.1896209716796875,0.4772491455078125,-0.862884521484375
1773062339506764544,43.228147745132446,0.1919708251953125,0.4786224365234375,-0.870758056640625
1773062339516801792,43.23818492889404,0.1914520263671875,0.4718170166015625,-0.8700103759765625
1773062339526839808,43.24822282791138,0.1910552978515625,0.4620513916015625,-0.86785888671875
1773062339536876800,43.258259773254395,0.192291259765625,0.457122802734375,-0.856689453125
1773062339546914816,43.26829791069031,0.1919708251953125,0.45965576171875,-0.8475799560546875
1773062339556951808,43.278334856033325,0.1931915283203125,0.463409423828125,-0.8457489013671875
1773062339566989568,43.28837275505066,0.1909942626953125,0.462066650390625,-0.83795166015625
1773062339577026816,43.298409938812256,0.184417724609375,0.4527130126953125,-0.832122802734375
1773062339587064832,43.30844783782959,0.1818389892578125,0.43560791015625,-0.8308258056640625
1773062339597101568,43.31848478317261,0.1862335205078125,0.4295806884765625,-0.8204193115234375
1773062339607139840,43.32852292060852,0.194000244140625,0.434112548828125,-0.8265838623046875
1773062339617176832,43.33855986595154,0.2022857666015625,0.4330596923828125,-0.8496246337890625
1773062339627213824,43.348596811294556,0.2008819580078125,0.4295196533203125,-0.8578338623046875
1773062339637251840,43.35863494873047,0.1900634765625,0.4285125732421875,-0.8532562255859375
1773062339647288832,43.368671894073486,0.1751556396484375,0.4248199462890625,-0.854736328125
1773062339657326592,43.37870979309082,0.1660308837890625,0.4232330322265625,-0.847076416015625
1773062339667363584,43.38874673843384,0.1679229736328125,0.433990478515625,-0.8445892333984375
1773062339677401856,43.39878487586975,0.1822509765625,0.446044921875,-0.8480377197265625
1773062339687438848,43.40882182121277,0.2030181884765625,0.4463348388671875,-0.8509063720703125
1773062339697476608,43.4188597202301,0.225616455078125,0.44036865234375,-0.8382110595703125
1773062339707513856,43.4288969039917,0.23931884765625,0.4251708984375,-0.835174560546875
1773062339717551616,43.43893480300903,0.2396087646484375,0.4048919677734375,-0.841339111328125
1773062339727588608,43.44897174835205,0.231201171875,0.3903961181640625,-0.8465118408203125
1773062339737626880,43.459009885787964,0.2274627685546875,0.385009765625,-0.8539581298828125
1773062339747663616,43.46904683113098,0.2232208251953125,0.3904266357421875,-0.8677978515625
1773062339757701632,43.479084730148315,0.222259521484375,0.4070281982421875,-0.88519287109375
1773062339767738880,43.48912191390991,0.2306671142578125,0.421844482421875,-0.8928985595703125
1773062339777776640,43.499159812927246,0.2376556396484375,0.4341888427734375,-0.8972320556640625
1773062339787812352,43.50919556617737,0.2402496337890625,0.4489898681640625,-0.90069580078125
1773062339797850624,43.51923370361328,0.23944091796875,0.453155517578125,-0.91473388671875
1773062339807887616,43.5292706489563,0.2364349365234375,0.4411468505859375,-0.920379638671875
1773062339817925376,43.53930854797363,0.2358551025390625,0.423858642578125,-0.93365478515625
1773062339827962368,43.54934549331665,0.2390289306640625,0.4081573486328125,-0.9339599609375
1773062339837999616,43.55938267707825,0.2433319091796875,0.3997039794921875,-0.9411773681640625
1773062339848037376,43.56942057609558,0.2390899658203125,0.4056243896484375,-0.95233154296875
1773062339858074368,43.5794575214386,0.2256317138671875,0.416534423828125,-0.9559478759765625
1773062339868112640,43.58949565887451,0.2070159912109375,0.42803955078125,-0.9532623291015625
1773062339878149632,43.59953260421753,0.1845550537109375,0.43115234375,-0.956756591796875
1773062339888187392,43.60957050323486,0.1659698486328125,0.4286346435546875,-0.947021484375
1773062339898224640,43.61960768699646,0.1517333984375,0.4284210205078125,-0.9395599365234375
1773062339908262400,43.629645586013794,0.1489105224609375,0.430267333984375,-0.9355621337890625
1773062339918299392,43.63968253135681,0.153167724609375,0.4370880126953125,-0.9291839599609375
1773062339928337664,43.649720668792725,0.156829833984375,0.4458770751953125,-0.9241180419921875
1773062339938374400,43.65975761413574,0.154937744140625,0.4550933837890625,-0.915008544921875
1773062339948412416,43.669795513153076,0.1464691162109375,0.4607086181640625,-0.903594970703125
1773062339958449664,43.67983269691467,0.130401611328125,0.451568603515625,-0.9033355712890625
1773062339968487424,43.68987059593201,0.1209564208984375,0.4390106201171875,-0.8957977294921875
1773062339978524416,43.699907541275024,0.1190185546875,0.4332733154296875,-0.8857421875
1773062339988562688,43.70994567871094,0.1248321533203125,0.4276580810546875,-0.8784942626953125
1773062339998599424,43.719982624053955,0.12451171875,0.4161376953125,-0.8795928955078125
1773062340008637440,43.73002052307129,0.122283935546875,0.4136810302734375,-0.86822509765625
1773062340018674688,43.740057706832886,0.115997314453125,0.4234771728515625,-0.8585662841796875
1773062340028711680,43.7500946521759,0.106689453125,0.435394287109375,-0.85589599609375
1773062340038749440,43.76013255119324,0.0989990234375,0.4518280029296875,-0.848846435546875
1773062340048786432,43.770169496536255,0.093017578125,0.4623565673828125,-0.8469696044921875
1773062340058824448,43.78020763397217,0.0918731689453125,0.4645843505859375,-0.836090087890625
1773062340068861440,43.790244579315186,0.094451904296875,0.4569244384765625,-0.8275604248046875
1773062340078899456,43.80028247833252,0.0954437255859375,0.4495697021484375,-0.8202972412109375
1773062340088936448,43.810319662094116,0.0912933349609375,0.4529266357421875,-0.814239501953125
1773062340098974464,43.82035756111145,0.089813232421875,0.4662933349609375,-0.8106536865234375
1773062340109011456,43.83039450645447,0.0875701904296875,0.484619140625,-0.819366455078125
1773062340119049472,43.84043264389038,0.0875396728515625,0.4985504150390625,-0.8349151611328125
1773062340129086464,43.8504695892334,0.0897216796875,0.507537841796875,-0.8415069580078125
1773062340139124480,43.86050748825073,0.0846710205078125,0.515380859375,-0.842529296875
1773062340149161472,43.87054467201233,0.0774383544921875,0.5166473388671875,-0.8533477783203125
1773062340159199488,43.88058257102966,0.0750274658203125,0.520721435546875,-0.8504486083984375
1773062340169236480,43.89061951637268,0.0723114013671875,0.5153045654296875,-0.853302001953125
1773062340179274496,43.900657653808594,0.0630340576171875,0.494110107421875,-0.867095947265625
1773062340189311488,43.91069459915161,0.0557403564453125,0.486968994140625,-0.8691864013671875
1773062340199349504,43.920732498168945,0.056365966796875,0.50238037109375,-0.8564300537109375
1773062340209386496,43.93076968193054,0.0611419677734375,0.5149078369140625,-0.8658905029296875
1773062340219423488,43.94080662727356,0.063629150390625,0.5279388427734375,-0.8776397705078125
1773062340229461504,43.950844526290894,0.0609283447265625,0.543487548828125,-0.879791259765625
1773062340239498496,43.96088147163391,0.05206298828125,0.55487060546875,-0.8885498046875
1773062340249536512,43.970919609069824,0.0470123291015625,0.5599822998046875,-0.8909454345703125
1773062340259573504,43.98095655441284,0.047393798828125,0.56146240234375,-0.8912353515625
1773062340269611520,43.990994691848755,0.0489654541015625,0.557861328125,-0.8915557861328125
1773062340279648512,44.00103163719177,0.0520782470703125,0.548492431640625,-0.88970947265625
1773062340289686528,44.011069536209106,0.0471649169921875,0.5304718017578125,-0.8980255126953125
1773062340299723264,44.021106481552124,0.039520263671875,0.527008056640625,-0.8802642822265625
1773062340309761536,44.03114461898804,0.0293121337890625,0.525634765625,-0.887847900390625
1773062340319798528,44.041181564331055,0.0191497802734375,0.52935791015625,-0.8882293701171875
1773062340329836544,44.05121970176697,0.0051727294921875,0.5400543212890625,-0.8819580078125
1773062340339873536,44.061256647109985,-0.008544921875,0.5494384765625,-0.8819122314453125
1773062340349911552,44.07129454612732,-0.01788330078125,0.563720703125,-0.869049072265625
1773062340359948288,44.08133149147034,-0.0134124755859375,0.5711669921875,-0.853668212890625
1773062340369986560,44.09136962890625,0.0140380859375,0.5732421875,-0.8457489013671875
1773062340380023552,44.10140657424927,0.0616302490234375,0.574920654296875,-0.829986572265625
1773062340390060544,44.111443519592285,0.10443115234375,0.5771331787109375,-0.8159027099609375
1773062340400098560,44.1214816570282,0.112335205078125,0.57489013671875,-0.8136749267578125
1773062340410135552,44.131518602371216,0.0854949951171875,0.5775604248046875,-0.8055419921875
1773062340420173312,44.14155650138855,0.0430450439453125,0.5800323486328125,-0.81573486328125
1773062340430210560,44.15159368515015,0.0085601806640625,0.590301513671875,-0.8308868408203125
1773062340440248576,44.16163158416748,-0.0106658935546875,0.5987091064453125,-0.857452392578125
1773062340450285312,44.1716685295105,-0.02557373046875,0.5991973876953125,-0.8793182373046875
1773062340460323584,44.18170666694641,-0.052459716796875,0.584991455078125,-0.8978118896484375
1773062340470360576,44.19174361228943,-0.0989990234375,0.56195068359375,-0.9019317626953125
1773062340480398336,44.20178151130676,-0.1422576904296875,0.5423736572265625,-0.8945465087890625
1773062340490435584,44.21181869506836,-0.1539764404296875,0.5343475341796875,-0.87884521484375
1773062340500473600,44.22185659408569,-0.127227783203125,0.530242919921875,-0.8516693115234375
1773062340510510336,44.23189353942871,-0.06878662109375,0.5208740234375,-0.82733154296875
1773062340520548608,44.241931676864624,0.0168914794921875,0.5158843994140625,-0.79913330078125
1773062340530585600,44.25196862220764,0.0880584716796875,0.526947021484375,-0.7833709716796875
1773062340540623360,44.262006521224976,0.12738037109375,0.53997802734375,-0.7802276611328125
1773062340550660608,44.27204370498657,0.149688720703125,0.5532989501953125,-0.78607177734375
1773062340560698624,44.282081604003906,0.1615447998046875,0.5674591064453125,-0.7950286865234375
1773062340570735360,44.292118549346924,0.164337158203125,0.5772705078125,-0.7982635498046875
1773062340580772352,44.30215549468994,0.163726806640625,0.5810394287109375,-0.7872772216796875
1773062340590810624,44.312193632125854,0.1555328369140625,0.575653076171875,-0.7794952392578125
1773062340600847360,44.32223057746887,0.1390228271484375,0.5574493408203125,-0.7705078125
1773062340610885376,44.332268476486206,0.1367340087890625,0.5400238037109375,-0.7589569091796875
1773062340620922624,44.3423056602478,0.15374755859375,0.5368194580078125,-0.74603271484375
1773062340630960384,44.35234355926514,0.1716766357421875,0.546356201171875,-0.7389984130859375
1773062340640997376,44.362380504608154,0.1759796142578125,0.5592498779296875,-0.7495880126953125
1773062340651035648,44.37241864204407,0.154571533203125,0.57757568359375,-0.76373291015625
1773062340661072384,44.382455587387085,0.1114959716796875,0.59893798828125,-0.7801513671875
1773062340671110400,44.39249348640442,0.0781402587890625,0.611968994140625,-0.7979888916015625
1773062340681147648,44.402530670166016,0.0661163330078125,0.6114044189453125,-0.817840576171875
1773062340691185408,44.41256856918335,0.0697784423828125,0.59625244140625,-0.8236541748046875
1773062340701222400,44.42260551452637,0.06475830078125,0.5674591064453125,-0.8246307373046875
1773062340711260672,44.43264365196228,0.047454833984375,0.53851318359375,-0.8137664794921875
1773062340721297408,44.4426805973053,0.022674560546875,0.5228424072265625,-0.803009033203125
1773062340731335424,44.45271849632263,-0.0042877197265625,0.5260162353515625,-0.7921142578125
1773062340741372672,44.46275568008423,-0.0142822265625,0.549652099609375,-0.7882080078125
1773062340751409408,44.472792625427246,-0.008270263671875,0.578155517578125,-0.789093017578125
1773062340761447424,44.48283052444458,0.0118255615234375,0.6005096435546875,-0.79046630859375
1773062340771484672,44.49286770820618,0.0484619140625,0.6053009033203125,-0.781005859375
1773062340781522432,44.50290560722351,0.0857696533203125,0.587921142578125,-0.7737884521484375
1773062340791559168,44.51294231414795,0.100921630859375,0.556640625,-0.7605438232421875
1773062340801597440,44.52298045158386,0.09381103515625,0.529815673828125,-0.7404022216796875
1773062340811634176,44.53301739692688,0.0787811279296875,0.5203094482421875,-0.735595703125
1773062340821672448,44.54305553436279,0.0612335205078125,0.52032470703125,-0.7480926513671875
1773062340831709440,44.55309247970581,0.045928955078125,0.5325775146484375,-0.7601776123046875
1773062340841747200,44.563130378723145,0.0456695556640625,0.5464935302734375,-0.7734375
1773062340851784192,44.57316732406616,0.0597991943359375,0.548553466796875,-0.786224365234375
1773062340861822464,44.583205461502075,0.0746307373046875,0.547149658203125,-0.7840728759765625
1773062340871859200,44.59324240684509,0.0772247314453125,0.5489654541015625,-0.77252197265625
1773062340881897216,44.60328030586243,0.0623779296875,0.5556488037109375,-0.7697296142578125
1773062340891934464,44.61331748962402,0.0426177978515625,0.566253662109375,-0.7735595703125
1773062340901972224,44.62335538864136,0.0290069580078125,0.5837249755859375,-0.7794647216796875
1773062340912009216,44.633392333984375,0.021514892578125,0.6022186279296875,-0.7872772216796875
1773062340922046464,44.64342951774597,0.0188446044921875,0.6138458251953125,-0.7850189208984375
1773062340932084224,44.653467416763306,0.02862548828125,0.617889404296875,-0.7910003662109375
1773062340942121216,44.66350436210632,0.0577545166015625,0.6075592041015625,-0.7960662841796875
1773062340952159488,44.673542499542236,0.0889739990234375,0.5935821533203125,-0.799468994140625
1773062340962196224,44.683579444885254,0.099029541015625,0.586517333984375,-0.805694580078125
1773062340972234240,44.69361734390259,0.0762176513671875,0.5832366943359375,-0.8189849853515625
1773062340982271488,44.703654527664185,0.0410919189453125,0.582275390625,-0.8234100341796875
1773062340992309248,44.71369242668152,0.0309906005859375,0.5849761962890625,-0.8210601806640625
1773062341002346240,44.723729372024536,0.0627593994140625,0.579925537109375,-0.82049560546875
1773062341012384512,44.73376750946045,0.1109619140625,0.5648345947265625,-0.8112335205078125
1773062341022421248,44.74380445480347,0.155731201171875,0.546600341796875,-0.797454833984375
1773062341032459264,44.7538423538208,0.1813201904296875,0.531280517578125,-0.7903289794921875
1773062341042496512,44.7638795375824,0.16876220703125,0.5238189697265625,-0.8034515380859375
1773062341052534272,44.77391743659973,0.1269683837890625,0.5274658203125,-0.8260650634765625
1773062341062571264,44.78395438194275,0.0842437744140625,0.54095458984375,-0.8480224609375
1773062341072609536,44.79399251937866,0.0580596923828125,0.552490234375,-0.864471435546875
1773062341082646272,44.80402946472168,0.0505828857421875,0.5547027587890625,-0.878448486328125
1773062341092683264,44.8140664100647,0.065673828125,0.5463409423828125,-0.8751373291015625
1773062341102721280,44.82410430908203,0.0960540771484375,0.5383758544921875,-0.862518310546875
1773062341112758272,44.83414149284363,0.1159820556640625,0.530670166015625,-0.8517913818359375
1773062341122796288,44.84417939186096,0.1079559326171875,0.52362060546875,-0.8450469970703125
1773062341132833280,44.85421633720398,0.08160400390625,0.5289306640625,-0.8466339111328125
1773062341142871296,44.86425447463989,0.0612945556640625,0.545684814453125,-0.8523101806640625
1773062341152908288,44.87429141998291,0.0546722412109375,0.5642852783203125,-0.8600921630859375
1773062341162946304,44.884329319000244,0.06170654296875,0.5784912109375,-0.8517913818359375
1773062341172983296,44.89436650276184,0.0780181884765625,0.5804443359375,-0.8384552001953125
1773062341183021312,44.904404401779175,0.090850830078125,0.5719146728515625,-0.8241119384765625
1773062341193058304,44.91444134712219,0.0953826904296875,0.559234619140625,-0.805755615234375
1773062341203096320,44.924479484558105,0.0986175537109375,0.54669189453125,-0.80145263671875
1773062341213133312,44.93451642990112,0.10565185546875,0.5431365966796875,-0.794158935546875
1773062341223171328,44.94455432891846,0.1046142578125,0.5485076904296875,-0.79559326171875
1773062341233208320,44.954591512680054,0.10028076171875,0.559326171875,-0.80426025390625
1773062341243246336,44.96462941169739,0.0899810791015625,0.57080078125,-0.813201904296875
1773062341253283328,44.974666357040405,0.0810089111328125,0.5817718505859375,-0.8192291259765625
1773062341263321344,44.98470449447632,0.0831451416015625,0.587554931640625,-0.8301544189453125
1773062341273358336,44.994741439819336,0.090362548828125,0.587677001953125,-0.823486328125
1773062341283395328,45.00477838516235,0.0871734619140625,0.581512451171875,-0.8194427490234375
1773062341293433344,45.01481652259827,0.0771484375,0.5763702392578125,-0.8076019287109375
1773062341303470336,45.024853467941284,0.0617218017578125,0.5755615234375,-0.8048248291015625
1773062341313508352,45.03489136695862,0.0512542724609375,0.5710906982421875,-0.8109893798828125
1773062341323545344,45.044928312301636,0.0574951171875,0.565826416015625,-0.8096466064453125
1773062341333583360,45.05496644973755,0.071990966796875,0.5687255859375,-0.8105621337890625
1773062341343620352,45.065003395080566,0.0821075439453125,0.5674591064453125,-0.8215484619140625
1773062341353658368,45.07504153251648,0.0863037109375,0.5574798583984375,-0.8313446044921875
1773062341363695360,45.0850784778595,0.0811614990234375,0.55755615234375,-0.82672119140625
1773062341373733376,45.09511637687683,0.0755767822265625,0.556671142578125,-0.8263702392578125
1773062341383770112,45.10515332221985,0.07061767578125,0.557403564453125,-0.82452392578125
1773062341393808384,45.11519145965576,0.06927490234375,0.5670166015625,-0.8249359130859375
1773062341403845376,45.12522840499878,0.0710296630859375,0.57012939453125,-0.821502685546875
1773062341413883136,45.13526630401611,0.083251953125,0.5614013671875,-0.816925048828125
1773062341423920384,45.14530348777771,0.0972900390625,0.5488739013671875,-0.8060455322265625
1773062341433958400,45.155341386795044,0.105255126953125,0.5413665771484375,-0.7990875244140625
1773062341443995136,45.16537833213806,0.1035919189453125,0.53955078125,-0.8051605224609375
1773062341454032384,45.17541551589966,0.0952606201171875,0.5464019775390625,-0.8182525634765625
1773062341464070400,45.18545341491699,0.0835723876953125,0.5564727783203125,-0.8291778564453125
1773062341474107392,45.19549036026001,0.07379150390625,0.5673065185546875,-0.82958984375
1773062341484145408,45.20552849769592,0.0796661376953125,0.57000732421875,-0.8301239013671875
1773062341494182400,45.21556544303894,0.1029510498046875,0.5673370361328125,-0.82281494140625
1773062341504220160,45.225603342056274,0.1218719482421875,0.5609130859375,-0.814788818359375
1773062341514257408,45.23564052581787,0.1171417236328125,0.5535888671875,-0.8090057373046875
1773062341524295424,45.245678424835205,0.1041107177734375,0.5481719970703125,-0.817840576171875
1773062341534332160,45.25571537017822,0.0885162353515625,0.5579071044921875,-0.82958984375
1773062341544370432,45.265753507614136,0.073211669921875,0.5815887451171875,-0.849365234375
1773062341554407424,45.27579045295715,0.0665740966796875,0.6077880859375,-0.864044189453125
1773062341564445184,45.28582835197449,0.0682373046875,0.6394500732421875,-0.8815155029296875
1773062341574482432,45.295865535736084,0.0789031982421875,0.667816162109375,-0.89007568359375
1773062341584520448,45.30590343475342,0.0823211669921875,0.67608642578125,-0.9173736572265625
1773062341594557184,45.315940380096436,0.09515380859375,0.663360595703125,-0.90777587890625
1773062341604595456,45.32597851753235,0.115020751953125,0.644287109375,-0.88134765625
1773062341614632448,45.336015462875366,0.1071014404296875,0.6266632080078125,-0.8863525390625
1773062341624669440,45.346052408218384,0.086181640625,0.624237060546875,-0.918426513671875
1773062341634707200,45.35609030723572,0.06805419921875,0.6399383544921875,-0.948699951171875
1773062341644744448,45.366127490997314,0.0412139892578125,0.66241455078125,-0.977203369140625
1773062341654782208,45.37616539001465,0.022308349609375,0.67230224609375,-1.02301025390625
1773062341664819200,45.386202335357666,0.019775390625,0.6602020263671875,-1.0751953125
1773062341674857472,45.39624047279358,0.0051422119140625,0.6204833984375,-1.1260223388671875
1773062341684894208,45.4062774181366,-0.0377655029296875,0.5727386474609375,-1.153533935546875
1773062341694932224,45.41631531715393,-0.1020050048828125,0.525665283203125,-1.1636962890625
1773062341704969472,45.42635250091553,-0.16986083984375,0.48626708984375,-1.1355743408203125
1773062341715007232,45.43639039993286,-0.217803955078125,0.4442901611328125,-1.0966644287109375
1773062341725044224,45.44642734527588,-0.2259979248046875,0.386199951171875,-1.053070068359375
1773062341735082496,45.45646548271179,-0.1881561279296875,0.326019287109375,-0.9975738525390625
1773062341745119232,45.46650242805481,-0.1134796142578125,0.24249267578125,-0.9622802734375
1773062341755157248,45.476540327072144,-0.0042572021484375,0.13916015625,-0.90423583984375
1773062341765194496,45.48657751083374,0.1156005859375,0.017791748046875,-0.861419677734375
1773062341775232256,45.496615409851074,0.218963623046875,-0.1483154296875,-0.857086181640625
1773062341785270272,45.50665330886841,0.28759765625,-0.3408050537109375,-0.8574371337890625
1773062341795307264,45.516690254211426,0.325897216796875,-0.4950714111328125,-0.863006591796875
1773062341805345024,45.52672815322876,0.3603668212890625,-0.5725860595703125,-0.8643341064453125
1773062341815382016,45.53676509857178,0.4125518798828125,-0.56884765625,-0.8584136962890625
1773062341825420032,45.54680323600769,0.441497802734375,-0.50640869140625,-0.8541412353515625
1773062341835457024,45.55684018135071,0.4541778564453125,-0.435150146484375,-0.8532562255859375
1773062341845495296,45.56687831878662,0.4931793212890625,-0.3722991943359375,-0.8544464111328125
1773062341855532288,45.57691526412964,0.5467376708984375,-0.326904296875,-0.834686279296875
1773062341865570048,45.58695316314697,0.6119232177734375,-0.32781982421875,-0.8421783447265625
1773062341875607040,45.59699010848999,0.6619873046875,-0.35955810546875,-0.8464202880859375
1773062341885645056,45.6070282459259,0.7169342041015625,-0.3914337158203125,-0.7508697509765625
1773062341895682048,45.61706519126892,0.788360595703125,-0.4243621826171875,-0.683380126953125
1773062341905720320,45.627103328704834,0.8192596435546875,-0.4666595458984375,-0.660858154296875
1773062341915757056,45.63714027404785,0.8244171142578125,-0.5161895751953125,-0.5810089111328125
1773062341925795072,45.647178173065186,0.7988433837890625,-0.5721588134765625,-0.453369140625
1773062341935832064,45.6572151184082,0.78515625,-0.6134033203125,-0.3900604248046875
1773062341945870080,45.667253255844116,0.8012847900390625,-0.6207427978515625,-0.3782501220703125
1773062341955907072,45.677290201187134,0.839111328125,-0.576324462890625,-0.345733642578125
1773062341965944064,45.68732714653015,0.88726806640625,-0.505462646484375,-0.343109130859375
1773062341975982080,45.697365283966064,0.9042205810546875,-0.4362640380859375,-0.377532958984375
1773062341986019072,45.70740222930908,0.880035400390625,-0.3831787109375,-0.3991241455078125
1773062341996057088,45.717440128326416,0.8486785888671875,-0.3397979736328125,-0.4095458984375
1773062342006094336,45.72747731208801,0.8289337158203125,-0.30615234375,-0.3953704833984375
1773062342016132096,45.73751521110535,0.8206939697265625,-0.293304443359375,-0.332611083984375
1773062342026169088,45.747552156448364,0.8270416259765625,-0.3021087646484375,-0.29241943359375
1773062342036207104,45.75759029388428,0.8191070556640625,-0.3287353515625,-0.279083251953125
1773062342046244096,45.767627239227295,0.78753662109375,-0.3536834716796875,-0.270721435546875
1773062342056282112,45.77766513824463,0.7812652587890625,-0.3252716064453125,-0.274169921875
1773062342066319104,45.787702322006226,0.8106842041015625,-0.248260498046875,-0.281768798828125
1773062342076357120,45.79774022102356,0.838287353515625,-0.1489105224609375,-0.2998809814453125
1773062342086394112,45.80777716636658,0.8541259765625,-0.062591552734375,-0.36322021484375
1773062342096432128,45.81781530380249,0.833465576171875,-0.0279388427734375,-0.37060546875
1773062342106469120,45.82785224914551,0.799285888671875,-0.0686798095703125,-0.370361328125
1773062342116507136,45.83789014816284,0.734466552734375,-0.1737060546875,-0.328887939453125
1773062342126544128,45.84792733192444,0.6901397705078125,-0.298828125,-0.288787841796875
1773062342136582144,45.85796523094177,0.6883544921875,-0.3982391357421875,-0.3188018798828125
1773062342146619136,45.86800217628479,0.6958465576171875,-0.455322265625,-0.3409881591796875
1773062342156656128,45.87803912162781,0.7111053466796875,-0.4605560302734375,-0.3280181884765625
1773062342166694144,45.88807725906372,0.7425994873046875,-0.4095306396484375,-0.319061279296875
1773062342176731136,45.89811420440674,0.77215576171875,-0.3345184326171875,-0.3280181884765625
1773062342186768896,45.90815210342407,0.7884063720703125,-0.279998779296875,-0.322906494140625
1773062342196806144,45.91818928718567,0.79644775390625,-0.2940673828125,-0.2897491455078125
1773062342206844160,45.928227186203,0.7783966064453125,-0.3674774169921875,-0.304534912109375
1773062342216881152,45.93826413154602,0.7422637939453125,-0.3759765625,-0.3095245361328125
1773062342226919168,45.948302268981934,0.7367095947265625,-0.2781829833984375,-0.245025634765625
1773062342236956160,45.95833921432495,0.7930450439453125,-0.1668701171875,-0.26629638671875
1773062342246993920,45.968377113342285,0.829315185546875,-0.1059112548828125,-0.2686004638671875
1773062342257031168,45.97841429710388,0.842559814453125,-0.11468505859375,-0.2196044921875
1773062342267069184,45.988452196121216,0.8656005859375,-0.1805572509765625,-0.2827911376953125
1773062342277105920,45.99848914146423,0.8615875244140625,-0.2750701904296875,-0.339813232421875
1773062342287144192,46.00852727890015,0.826629638671875,-0.3823699951171875,-0.3193206787109375
1773062342297181184,46.018564224243164,0.799896240234375,-0.5083770751953125,-0.3018341064453125
1773062342307218944,46.0286021232605,0.78094482421875,-0.6252593994140625,-0.2568511962890625
1773062342317256192,46.038639307022095,0.7789306640625,-0.69171142578125,-0.21820068359375
1773062342327293184,46.04867625236511,0.8015899658203125,-0.6645660400390625,-0.2428131103515625
1773062342337330944,46.058714151382446,0.83172607421875,-0.5349273681640625,-0.2427520751953125
1773062342347367936,46.068751096725464,0.8816680908203125,-0.379852294921875,-0.318634033203125
1773062342357406208,46.07878923416138,0.905242919921875,-0.2774200439453125,-0.4026336669921875
1773062342367443200,46.088826179504395,0.8875732421875,-0.2767181396484375,-0.3872833251953125
1773062342377481216,46.09886431694031,0.8657073974609375,-0.351318359375,-0.4168701171875
1773062342387518208,46.108901262283325,0.8450164794921875,-0.40570068359375,-0.4261016845703125
1773062342397555968,46.11893916130066,0.8467864990234375,-0.4182586669921875,-0.378265380859375
1773062342407592960,46.12897610664368,0.870941162109375,-0.434051513671875,-0.357879638671875
1773062342417631232,46.13901424407959,0.889739990234375,-0.4420928955078125,-0.3282470703125
1773062342427667968,46.14905118942261,0.914642333984375,-0.4012603759765625,-0.333160400390625
1773062342437706240,46.15908932685852,0.92767333984375,-0.3428955078125,-0.3380126953125
1773062342447743232,46.16912627220154,0.9192962646484375,-0.3017578125,-0.3361053466796875
1773062342457780992,46.17916417121887,0.9234466552734375,-0.269500732421875,-0.313201904296875
1773062342467817984,46.18920111656189,0.94219970703125,-0.2523345947265625,-0.2941436767578125
1773062342477856256,46.1992392539978,0.9822540283203125,-0.2257843017578125,-0.301055908203125
1773062342487892992,46.20927619934082,1.018890380859375,-0.178253173828125,-0.2806243896484375
1773062342497929984,46.21931314468384,1.0206146240234375,-0.1641998291015625,-0.2574462890625
1773062342507968256,46.22935128211975,0.9833984375,-0.2191925048828125,-0.23382568359375
1773062342518005248,46.23938822746277,0.9354095458984375,-0.2967071533203125,-0.204498291015625
1773062342528043008,46.2494261264801,0.88262939453125,-0.3591461181640625,-0.203033447265625
1773062342538080256,46.2594633102417,0.8329010009765625,-0.3813018798828125,-0.26544189453125
1773062342548118016,46.26950120925903,0.793731689453125,-0.389892578125,-0.3444366455078125
1773062342558155008,46.27953815460205,0.7689666748046875,-0.3970489501953125,-0.378387451171875
1773062342568193280,46.289576292037964,0.75341796875,-0.4116668701171875,-0.462646484375
1773062342578230016,46.29961323738098,0.72906494140625,-0.424041748046875,-0.490631103515625
1773062342588268032,46.309651136398315,0.7285614013671875,-0.411285400390625,-0.37176513671875
1773062342598305280,46.31968832015991,0.7623443603515625,-0.389862060546875,-0.2882080078125
1773062342608343040,46.329726219177246,0.7691802978515625,-0.3944091796875,-0.262359619140625
1773062342618380032,46.339763164520264,0.7623748779296875,-0.4326171875,-0.281768798828125
1773062342628418304,46.34980130195618,0.7280426025390625,-0.519012451171875,-0.2904205322265625
1773062342638455040,46.359838247299194,0.73101806640625,-0.5749359130859375,-0.3336944580078125
1773062342648492032,46.36987519264221,0.772735595703125,-0.534149169921875,-0.3839111328125
1773062342658530304,46.379913330078125,0.8056182861328125,-0.4123077392578125,-0.460540771484375
1773062342668567296,46.38995027542114,0.7982177734375,-0.27545166015625,-0.49700927734375
1773062342678605056,46.39998817443848,0.7512359619140625,-0.209503173828125,-0.5441131591796875
1773062342688642048,46.410025119781494,0.681304931640625,-0.2086181640625,-0.572479248046875
1773062342698680064,46.42006325721741,0.62860107421875,-0.245819091796875,-0.5866241455078125
1773062342708717056,46.430100202560425,0.568450927734375,-0.312255859375,-0.5341949462890625
1773062342718755072,46.44013810157776,0.499237060546875,-0.40191650390625,-0.4412994384765625
1773062342728792064,46.450175285339355,0.4649200439453125,-0.457733154296875,-0.3175506591796875
1773062342738830080,46.46021318435669,0.46661376953125,-0.4962921142578125,-0.1358795166015625
1773062342748867072,46.47025012969971,0.471649169921875,-0.59197998046875,-0.0331268310546875
1773062342758905088,46.48028826713562,0.449859619140625,-0.718719482421875,-0.06024169921875
1773062342768942080,46.49032521247864,0.402099609375,-0.732330322265625,-0.076507568359375
1773062342778980096,46.50036311149597,0.3410491943359375,-0.599456787109375,0.01324462890625
1773062342789016064,46.51039910316467,0.3097991943359375,-0.3665313720703125,0.0922698974609375
1773062342799053824,46.52043700218201,0.3167724609375,-0.10076904296875,0.1062164306640625
1773062342809091072,46.5304741859436,0.37109375,0.1652984619140625,0.0585784912109375
1773062342819129088,46.54051208496094,0.450103759765625,0.4090423583984375,-0.0280914306640625
1773062342829165824,46.550549030303955,0.5134124755859375,0.5803680419921875,-0.156890869140625
1773062342839202816,46.56058597564697,0.5288848876953125,0.6352691650390625,-0.269500732421875
1773062342849241088,46.570624113082886,0.4900360107421875,0.5607757568359375,-0.320648193359375
1773062342859278080,46.5806610584259,0.4249725341796875,0.4069061279296875,-0.281097412109375
1773062342869316096,46.590699195861816,0.366455078125,0.235687255859375,-0.192230224609375
1773062342879353088,46.600736141204834,0.3237152099609375,0.0683746337890625,-0.1107025146484375
1773062342889390848,46.61077404022217,0.2776031494140625,-0.08642578125,-0.058837890625
1773062342899427840,46.620810985565186,0.2273406982421875,-0.2125396728515625,-0.0612945556640625
1773062342909466112,46.6308491230011,0.191497802734375,-0.3045654296875,-0.0980377197265625
1773062342919502848,46.640886068344116,0.1628570556640625,-0.3703765869140625,-0.113067626953125
1773062342929541120,46.65092420578003,0.1435546875,-0.4271240234375,-0.104095458984375
1773062342939578112,46.66096115112305,0.121246337890625,-0.5245361328125,-0.0953521728515625
1773062342949615872,46.67099905014038,0.07513427734375,-0.697296142578125,-0.0724334716796875
1773062342959652864,46.6810359954834,-0.0140228271484375,-0.9392547607421875,-0.0733795166015625
1773062342969691136,46.69107413291931,-0.0948944091796875,-1.163726806640625,-0.1075592041015625
1773062342979727872,46.70111107826233,-0.1371307373046875,-1.3069000244140625,-0.1545867919921875
1773062342989764864,46.71114802360535,-0.160797119140625,-1.345489501953125,-0.2270050048828125
1773062342999803136,46.72118616104126,-0.16473388671875,-1.2553253173828125,-0.30279541015625
1773062343009840128,46.73122310638428,-0.1586456298828125,-1.1084442138671875,-0.3422698974609375
1773062343019877888,46.74126100540161,-0.1468658447265625,-0.92694091796875,-0.329925537109375
1773062343029915136,46.75129818916321,-0.1322784423828125,-0.6181640625,-0.3060455322265625
1773062343039952896,46.76133608818054,-0.3399658203125,-0.2525634765625,-0.6041259765625
1773062343049989888,46.77137303352356,-0.7287139892578125,0.042083740234375,-1.045806884765625
1773062343060028160,46.78141117095947,-1.0680999755859375,0.167816162109375,-1.4150238037109375
1773062343070064896,46.79144811630249,-1.358673095703125,0.1034088134765625,-1.6396636962890625
1773062343080102912,46.801486015319824,-1.5726470947265625,-0.0616912841796875,-1.6680450439453125
1773062343090140160,46.81152319908142,-1.66943359375,-0.3152618408203125,-1.5885009765625
1773062343100177920,46.821561098098755,-1.6549530029296875,-0.64959716796875,-1.42718505859375
1773062343110214912,46.83159804344177,-1.543304443359375,-0.955291748046875,-1.2871856689453125
1773062343120253184,46.841636180877686,-1.4063568115234375,-1.203582763671875,-1.2772369384765625
1773062343130289920,46.8516731262207,-1.2088775634765625,-1.413116455078125,-1.3005523681640625
1773062343140327936,46.86171102523804,-1.0045318603515625,-1.5350341796875,-1.3437042236328125
1773062343150364928,46.871747970581055,-0.884033203125,-1.5178375244140625,-1.3265533447265625
1773062343160402176,46.88178515434265,-0.857421875,-1.431182861328125,-1.261962890625
1773062343170439936,46.891823053359985,-0.8594970703125,-1.349334716796875,-1.1648101806640625
1773062343180476928,46.901859998703,-0.8406524658203125,-1.2942352294921875,-1.0276641845703125
1773062343190514944,46.911898136138916,-0.7882843017578125,-1.2724609375,-0.911041259765625
1773062343200551936,46.921935081481934,-0.7174835205078125,-1.277252197265625,-0.8273468017578125
1773062343210589952,46.93197298049927,-0.6657867431640625,-1.291015625,-0.7639007568359375
1773062343220626944,46.942010164260864,-0.63995361328125,-1.2940673828125,-0.7182159423828125
1773062343230664960,46.9520480632782,-0.6060638427734375,-1.27667236328125,-0.64129638671875
1773062343240701952,46.962085008621216,-0.566802978515625,-1.2450714111328125,-0.5021209716796875
1773062343250739968,46.97212314605713,-0.5255126953125,-1.2096710205078125,-0.392669677734375
1773062343260776960,46.98216009140015,-0.486328125,-1.205352783203125,-0.2660675048828125
1773062343270814976,46.99219799041748,-0.4559326171875,-1.250335693359375,-0.2207489013671875
1773062343280851968,47.00223517417908,-0.3913726806640625,-1.2789306640625,-0.2707061767578125
1773062343290889984,47.01227307319641,-0.317535400390625,-1.2816314697265625,-0.2054443359375
1773062343300926976,47.02231001853943,-0.32470703125,-1.2959442138671875,-0.0996551513671875
1773062343310964992,47.03234815597534,-0.319793701171875,-1.196563720703125,-0.1081695556640625
1773062343321001984,47.04238510131836,-0.29107666015625,-0.92864990234375,-0.123016357421875
1773062343331040000,47.05242300033569,-0.3381500244140625,-0.652984619140625,-0.2188873291015625
1773062343341076992,47.06246018409729,-0.4492950439453125,-0.4539031982421875,-0.34405517578125
1773062343351113984,47.07249712944031,-0.566253662109375,-0.3253173828125,-0.319854736328125
1773062343361152000,47.08253502845764,-0.6918487548828125,-0.2785797119140625,-0.3248138427734375
1773062343371188992,47.09257197380066,-0.746246337890625,-0.2955169677734375,-0.2698822021484375
1773062343381227008,47.10261011123657,-0.7723541259765625,-0.3825836181640625,-0.14801025390625
1773062343391264000,47.11264705657959,-0.8478546142578125,-0.5444793701171875,-0.1129302978515625
1773062343401302016,47.1226851940155,-0.9026947021484375,-0.72454833984375,-0.0600433349609375
1773062343411339008,47.13272213935852,-0.9182281494140625,-0.8308563232421875,0.0266876220703125
1773062343421377024,47.142760038375854,-0.9366607666015625,-0.8694000244140625,-0.00469970703125
1773062343431414016,47.15279698371887,-0.8897857666015625,-0.8609771728515625,-0.0588836669921875
1773062343441452032,47.162835121154785,-0.831573486328125,-0.834320068359375,0.00018310546875
1773062343451489024,47.1728720664978,-0.8378143310546875,-0.8319854736328125,0.0960845947265625
1773062343461527040,47.182910203933716,-0.8570404052734375,-0.8514556884765625,0.139739990234375
1773062343471564032,47.19294714927673,-0.8592987060546875,-0.91094970703125,0.2343902587890625
1773062343481602048,47.20298504829407,-0.8948822021484375,-0.9969482421875,0.205841064453125
1773062343491638784,47.213021993637085,-0.9489288330078125,-1.0593109130859375,-0.0652313232421875
1773062343501676032,47.22305917739868,-0.920440673828125,-1.0478363037109375,-0.1716156005859375
1773062343511714048,47.233097076416016,-0.86944580078125,-0.9576873779296875,-0.2004241943359375
1773062343521751040,47.24313402175903,-0.850006103515625,-0.8472442626953125,-0.2498321533203125
1773062343531789056,47.253172159194946,-0.8119659423828125,-0.7579498291015625,-0.28076171875
1773062343541826048,47.263209104537964,-0.796905517578125,-0.7103424072265625,-0.2515106201171875
1773062343551863808,47.2732470035553,-0.7898712158203125,-0.6807403564453125,-0.266998291015625
1773062343561901056,47.283284187316895,-0.702392578125,-0.6104278564453125,-0.1638946533203125
1773062343571939072,47.29332208633423,-0.6520233154296875,-0.5278167724609375,-0.046630859375
1773062343581976064,47.303359031677246,-0.664581298828125,-0.46240234375,-0.06109619140625
1773062343592014080,47.31339716911316,-0.6775054931640625,-0.4273834228515625,-0.0750885009765625
1773062343602051072,47.32343411445618,-0.691680908203125,-0.4337158203125,-0.0745849609375
1773062343612088832,47.33347201347351,-0.69525146484375,-0.4798126220703125,-0.0375823974609375
1773062343622126080,47.34350919723511,-0.692779541015625,-0.5548858642578125,-0.1365203857421875
1773062343632164096,47.35354709625244,-0.64544677734375,-0.632080078125,-0.122314453125
1773062343642200832,47.36358404159546,-0.5929718017578125,-0.659942626953125,-0.057098388671875
1773062343652237824,47.37362098693848,-0.5863037109375,-0.6213531494140625,-0.0513763427734375
1773062343662276096,47.38365912437439,-0.551483154296875,-0.5431365966796875,0.0577850341796875
1773062343672313088,47.39369606971741,-0.5537109375,-0.4761810302734375,0.1805572509765625
1773062343682351104,47.40373420715332,-0.7061767578125,-0.5147247314453125,-0.28497314453125
1773062343692388096,47.41377115249634,-0.70318603515625,-0.5753173828125,-0.265533447265625
1773062343702425856,47.42380905151367,-0.712860107421875,-0.6331939697265625,-0.1384429931640625
1773062343712462848,47.43384599685669,-0.7759552001953125,-0.712738037109375,-0.2152862548828125
1773062343722501120,47.4438841342926,-0.748321533203125,-0.759857177734375,-0.2758331298828125
1773062343732538112,47.45392107963562,-0.7391510009765625,-0.7548370361328125,-0.439544677734375
1773062343742575872,47.463958978652954,-0.7252960205078125,-0.6458892822265625,-0.391448974609375
1773062343752613120,47.47399616241455,-0.7959442138671875,-0.5230712890625,-0.425323486328125
1773062343762650880,47.484034061431885,-0.837066650390625,-0.47027587890625,-0.4622802734375
1773062343772687872,47.4940710067749,-0.852996826171875,-0.504150390625,-0.4148101806640625
1773062343782726144,47.504109144210815,-0.865478515625,-0.5988006591796875,-0.3315277099609375
1773062343792764928,47.514147996902466,-0.8305511474609375,-0.698577880859375,-0.2592315673828125
1773062343802802688,47.5241858959198,-0.7778778076171875,-0.765838623046875,-0.210296630859375
1773062343812839680,47.53422284126282,-0.76666259765625,-0.792633056640625,-0.218109130859375
1773062343822876928,47.544260025024414,-0.80303955078125,-0.8082733154296875,-0.2082061767578125
1773062343832914944,47.55429792404175,-0.88970947265625,-0.83709716796875,-0.2381744384765625
1773062343842951680,47.564334869384766,-0.9788055419921875,-0.8816986083984375,-0.2522735595703125
1773062343852989952,47.57437300682068,-1.0391693115234375,-0.9436492919921875,-0.253265380859375
1773062343863026944,47.584409952163696,-1.076507568359375,-1.0251617431640625,-0.303466796875
1773062343873064704,47.59444785118103,-1.0690155029296875,-1.1199951171875,-0.3397216796875
1773062343883101952,47.60448503494263,-1.0223388671875,-1.1746063232421875,-0.3670654296875
1773062343893139712,47.61452293395996,-0.941070556640625,-1.146514892578125,-0.2959136962890625
1773062343903176704,47.62455987930298,-0.837554931640625,-1.0488128662109375,-0.241485595703125
1773062343913214976,47.63459801673889,-0.7419281005859375,-0.9396209716796875,-0.2418670654296875
1773062343923251968,47.64463496208191,-0.6371612548828125,-0.8497467041015625,-0.2144012451171875
1773062343933289728,47.65467286109924,-0.521148681640625,-0.7603912353515625,-0.178192138671875
1773062343943326720,47.66470980644226,-0.4203338623046875,-0.687408447265625,-0.15777587890625
1773062343953364736,47.674747943878174,-0.30963134765625,-0.6331634521484375,-0.112579345703125
1773062343963401728,47.68478488922119,-0.242156982421875,-0.641021728515625,0.0697174072265625
1773062343973438720,47.69482183456421,-0.2062225341796875,-0.686370849609375,0.0241546630859375
1773062343983476992,47.70485997200012,-0.106719970703125,-0.6349945068359375,0.153778076171875
1773062343993513728,47.71489691734314,-0.1433258056640625,-0.6965484619140625,0.0490875244140625
1773062344003551744,47.724934816360474,-0.1561431884765625,-0.85931396484375,-0.176513671875
1773062344013588992,47.73497200012207,0.04962158203125,-0.872406005859375,0.048828125
1773062344023626752,47.745009899139404,0.257843017578125,-0.6804046630859375,-0.3687896728515625
1773062344033663744,47.75504684448242,0.3000030517578125,-0.4897613525390625,-0.7789459228515625
1773062344043701760,47.765084981918335,0.2202301025390625,-0.4068603515625,-0.9574432373046875
1773062344053738752,47.77512192726135,0.033905029296875,-0.5303497314453125,-1.0254364013671875
1773062344063776768,47.78515982627869,-0.2524871826171875,-0.8507232666015625,-1.057464599609375
1773062344073814016,47.79519701004028,-0.440643310546875,-1.2299041748046875,-0.9900970458984375
1773062344083851776,47.80523490905762,-0.443878173828125,-1.5470123291015625,-0.8444671630859375
1773062344093888768,47.815271854400635,-0.3220672607421875,-1.6985321044921875,-0.703460693359375
1773062344103926784,47.82530999183655,-0.2010498046875,-1.671630859375,-0.6445159912109375
1773062344113963776,47.835346937179565,-0.156402587890625,-1.5352630615234375,-0.660400390625
1773062344124000768,47.84538388252258,-0.1795196533203125,-1.3651885986328125,-0.6429443359375
1773062344134039040,47.855422019958496,-0.20489501953125,-1.232269287109375,-0.5733184814453125
1773062344144075776,47.865458965301514,-0.2763671875,-1.215606689453125,-0.5971527099609375
1773062344154113792,47.87549686431885,-0.3484954833984375,-1.263519287109375,-0.7602081298828125
1773062344164150784,47.885533809661865,-0.330535888671875,-1.2064208984375,-0.8458099365234375
1773062344174188800,47.89557194709778,-0.303985595703125,-1.06036376953125,-0.8422393798828125
1773062344184225792,47.905608892440796,-0.305084228515625,-0.90716552734375,-0.840423583984375
1773062344194263808,47.91564702987671,-0.314849853515625,-0.7676544189453125,-0.8930816650390625
1773062344204300800,47.92568397521973,-0.2891082763671875,-0.6440582275390625,-0.8806304931640625
1773062344214338816,47.93572187423706,-0.271331787109375,-0.5221099853515625,-0.853515625
1773062344224375808,47.94575881958008,-0.2475433349609375,-0.3747406005859375,-0.8348541259765625
1773062344234413824,47.95579695701599,-0.2436065673828125,-0.239501953125,-0.86285400390625
1773062344244450816,47.96583390235901,-0.2453155517578125,-0.1303253173828125,-0.936431884765625
1773062344254488832,47.97587203979492,-0.26190185546875,-0.051422119140625,-1.0297088623046875
1773062344264525824,47.98590898513794,-0.267791748046875,0.0026092529296875,-1.0852508544921875
1773062344274563840,47.99594688415527,-0.2559967041015625,0.0307769775390625,-1.1219329833984375
1773062344284600832,48.00598382949829,-0.2366485595703125,0.02435302734375,-1.1262054443359375
1773062344294637824,48.01602101325989,-0.2078857421875,0.0002899169921875,-1.0718841552734375
1773062344304675840,48.02605891227722,-0.1811370849609375,-0.0402374267578125,-1.023345947265625
1773062344314712832,48.03609585762024,-0.1569061279296875,-0.095123291015625,-0.9782257080078125
1773062344324750848,48.04613399505615,-0.1547088623046875,-0.1538238525390625,-0.934844970703125
1773062344334787840,48.05617094039917,-0.17327880859375,-0.194732666015625,-0.8782806396484375
1773062344344825856,48.066208839416504,-0.1970672607421875,-0.2198944091796875,-0.84149169921875
1773062344354862848,48.0762460231781,-0.1993865966796875,-0.21954345703125,-0.8055572509765625
1773062344364900864,48.086283922195435,-0.1709442138671875,-0.181060791015625,-0.7825927734375
1773062344374937856,48.09632086753845,-0.1344757080078125,-0.1137847900390625,-0.784393310546875
1773062344384975872,48.106359004974365,-0.1041717529296875,-0.0426788330078125,-0.817535400390625
1773062344395012864,48.11639595031738,-0.07086181640625,0.004058837890625,-0.8434295654296875
1773062344405050880,48.12643384933472,-0.048980712890625,0.0299835205078125,-0.8731689453125
1773062344415087872,48.13647103309631,-0.039520263671875,0.0439453125,-0.8650360107421875
1773062344425125888,48.14650893211365,-0.0316162109375,0.04852294921875,-0.847412109375
1773062344435162880,48.156545877456665,-0.027191162109375,0.0645599365234375,-0.8352508544921875
1773062344445199616,48.16658282279968,-0.0286102294921875,0.0954437255859375,-0.8264923095703125
1773062344455237888,48.176620960235596,-0.0328216552734375,0.1302642822265625,-0.826995849609375
1773062344465274880,48.18665790557861,-0.0364837646484375,0.156036376953125,-0.8149566650390625
1773062344475312640,48.19669580459595,-0.0407562255859375,0.161865234375,-0.83349609375
1773062344485349888,48.206732988357544,-0.0398101806640625,0.1602783203125,-0.840362548828125
1773062344495387904,48.21677088737488,-0.0404052734375,0.17236328125,-0.8382568359375
1773062344505424640,48.226807832717896,-0.04046630859375,0.1922760009765625,-0.831756591796875
1773062344515462912,48.23684597015381,-0.035675048828125,0.207733154296875,-0.820953369140625
1773062344525499904,48.246882915496826,-0.02850341796875,0.2289276123046875,-0.821868896484375
1773062344535537664,48.25692081451416,-0.022705078125,0.26129150390625,-0.814453125
1773062344545574912,48.26695799827576,-0.015289306640625,0.3024139404296875,-0.813140869140625
1773062344555612928,48.27699589729309,-0.0018768310546875,0.3348388671875,-0.813720703125
1773062344565649664,48.28703284263611,0.0092010498046875,0.3565521240234375,-0.804168701171875
1773062344575687936,48.29707098007202,0.0151519775390625,0.37554931640625,-0.8118438720703125
1773062344585724928,48.30710792541504,0.022216796875,0.3888092041015625,-0.8087921142578125
1773062344595762688,48.31714582443237,0.0298309326171875,0.3976593017578125,-0.789886474609375
1773062344605799936,48.32718300819397,0.0354766845703125,0.39459228515625,-0.7806549072265625
1773062344615836928,48.33721995353699,0.03790283203125,0.3783416748046875,-0.7752532958984375
1773062344625874688,48.34725785255432,0.0372314453125,0.3562164306640625,-0.767913818359375
1773062344635911936,48.35729503631592,0.0293426513671875,0.355224609375,-0.7754669189453125
1773062344645949952,48.36733293533325,0.0276031494140625,0.3712310791015625,-0.7829132080078125
1773062344655986688,48.37736988067627,0.03619384765625,0.3902435302734375,-0.7789459228515625
1773062344666024960,48.38740801811218,0.0409698486328125,0.409088134765625,-0.78997802734375
1773062344676061952,48.3974449634552,0.0458984375,0.4273223876953125,-0.7902069091796875
1773062344686099712,48.407482862472534,0.0453338623046875,0.4355621337890625,-0.80743408203125
1773062344696136704,48.41751980781555,0.0453338623046875,0.443115234375,-0.796112060546875
1773062344706174976,48.427557945251465,0.04412841796875,0.4629364013671875,-0.795379638671875
1773062344716211712,48.43759489059448,0.047698974609375,0.481781005859375,-0.7859954833984375
1773062344726249984,48.447633028030396,0.0536041259765625,0.486907958984375,-0.787384033203125
1773062344736286976,48.45766997337341,0.0601959228515625,0.482635498046875,-0.795318603515625
1773062344746324736,48.46770787239075,0.06536865234375,0.4692230224609375,-0.790771484375
1773062344756361728,48.477744817733765,0.0687255859375,0.4528961181640625,-0.79498291015625
1773062344766398976,48.48778200149536,0.0644378662109375,0.44207763671875,-0.8154296875
1773062344776436736,48.497819900512695,0.0537109375,0.4405975341796875,-0.809967041015625
1773062344786473728,48.50785684585571,0.04345703125,0.4477691650390625,-0.818878173828125
1773062344796512000,48.517894983291626,0.0394744873046875,0.457855224609375,-0.8251800537109375
1773062344806548736,48.527931928634644,0.0390777587890625,0.469696044921875,-0.8433837890625
1773062344816587008,48.53797006607056,0.0387725830078125,0.4814910888671875,-0.8496246337890625
1773062344826624000,48.548007011413574,0.0309906005859375,0.485870361328125,-0.86163330078125
1773062344836661760,48.55804491043091,0.0253753662109375,0.487030029296875,-0.8632354736328125
1773062344846698752,48.568081855773926,0.0245513916015625,0.4926910400390625,-0.8564605712890625
1773062344856737024,48.57811999320984,0.0284271240234375,0.49969482421875,-0.8432769775390625
1773062344866773760,48.588156938552856,0.033355712890625,0.497711181640625,-0.8531036376953125
1773062344876812032,48.59819507598877,0.0373077392578125,0.486053466796875,-0.8594818115234375
1773062344886849024,48.60823202133179,0.0382080078125,0.4829254150390625,-0.8519439697265625
1773062344896886784,48.61826992034912,0.0354156494140625,0.4843597412109375,-0.8581085205078125
1773062344906923776,48.62830686569214,0.0299224853515625,0.490234375,-0.855682373046875
1773062344916961024,48.638344049453735,0.02783203125,0.500457763671875,-0.8584136962890625
1773062344926998784,48.64838194847107,0.0324249267578125,0.5112457275390625,-0.85418701171875
1773062344937035776,48.65841889381409,0.0381927490234375,0.52032470703125,-0.8514404296875
1773062344947074048,48.66845703125,0.0481414794921875,0.533538818359375,-0.84521484375
1773062344957110784,48.67849397659302,0.051971435546875,0.5352325439453125,-0.836944580078125
1773062344967148800,48.68853187561035,0.0524749755859375,0.5335235595703125,-0.8302459716796875
1773062344977186048,48.69856905937195,0.049224853515625,0.52392578125,-0.8411712646484375
1773062344987223808,48.70860695838928,0.0480499267578125,0.50262451171875,-0.8403778076171875
1773062344997260800,48.7186439037323,0.0450897216796875,0.489837646484375,-0.8384857177734375
1773062345007299072,48.72868204116821,0.042022705078125,0.49603271484375,-0.8399658203125
1773062345017335808,48.73871898651123,0.0433807373046875,0.501251220703125,-0.8486480712890625
1773062345027373824,48.748756885528564,0.044769287109375,0.505889892578125,-0.8493804931640625
1773062345037411072,48.75879406929016,0.0420684814453125,0.5164337158203125,-0.845672607421875
1773062345047448832,48.768831968307495,0.0442657470703125,0.521636962890625,-0.8435211181640625
1773062345057485824,48.77886891365051,0.045806884765625,0.520660400390625,-0.8443450927734375
1773062345067523840,48.788907051086426,0.0421600341796875,0.5156402587890625,-0.8423614501953125
1773062345077560832,48.79894399642944,0.0382232666015625,0.513397216796875,-0.835479736328125
1773062345087597824,48.80898094177246,0.039337158203125,0.5122222900390625,-0.8383331298828125
1773062345097636096,48.819019079208374,0.04254150390625,0.509979248046875,-0.84490966796875
1773062345107672832,48.82905602455139,0.04559326171875,0.504638671875,-0.845672607421875
1773062345117710848,48.839093923568726,0.041748046875,0.493408203125,-0.8512725830078125
1773062345127747840,48.84913086891174,0.0404510498046875,0.48876953125,-0.848114013671875
1773062345137785856,48.859169006347656,0.0376739501953125,0.4890594482421875,-0.85107421875
1773062345147822848,48.869205951690674,0.0336456298828125,0.4911346435546875,-0.8509674072265625
1773062345157860864,48.87924385070801,0.031158447265625,0.4918670654296875,-0.847930908203125
1773062345167897856,48.889281034469604,0.035247802734375,0.498382568359375,-0.8429412841796875
1773062345177935872,48.89931893348694,0.0395965576171875,0.4969940185546875,-0.8558807373046875
1773062345187972864,48.909355878829956,0.0470123291015625,0.5002899169921875,-0.845123291015625
1773062345198010880,48.91939401626587,0.048797607421875,0.5125732421875,-0.8429718017578125
1773062345208047872,48.92943096160889,0.0476226806640625,0.5266265869140625,-0.8491668701171875
1773062345218085888,48.93946886062622,0.048797607421875,0.53948974609375,-0.855712890625
1773062345228122880,48.94950604438782,0.052703857421875,0.5428314208984375,-0.8563690185546875
1773062345238159872,48.959542989730835,0.0521240234375,0.5371246337890625,-0.8550262451171875
1773062345248197888,48.96958088874817,0.0539703369140625,0.5300750732421875,-0.8563995361328125
1773062345258234880,48.979618072509766,0.049896240234375,0.518310546875,-0.8603973388671875
1773062345268272896,48.9896559715271,0.0487518310546875,0.4981689453125,-0.8516082763671875
1773062345278309888,48.99969291687012,0.051788330078125,0.4826507568359375,-0.8325347900390625
1773062345288347904,49.00973105430603,0.0564422607421875,0.47784423828125,-0.8308868408203125
1773062345298384896,49.01976799964905,0.059722900390625,0.4835052490234375,-0.83392333984375
1773062345308422912,49.02980589866638,0.061981201171875,0.5037841796875,-0.8399505615234375
1773062345318459904,49.03984308242798,0.0561981201171875,0.5266265869140625,-0.8588104248046875
1773062345328497920,49.04988098144531,0.0515289306640625,0.5362701416015625,-0.8621978759765625
1773062345338534912,49.05991792678833,0.04949951171875,0.5404205322265625,-0.8628387451171875
1773062345348572928,49.06995606422424,0.0458831787109375,0.54156494140625,-0.8590087890625
1773062345358609920,49.07999300956726,0.0497894287109375,0.5396575927734375,-0.85089111328125
1773062345368647936,49.090030908584595,0.0565185546875,0.5358123779296875,-0.8422698974609375
1773062345378684672,49.10006785392761,0.0577239990234375,0.5266571044921875,-0.84271240234375
1773062345388722944,49.110105991363525,0.056243896484375,0.5136566162109375,-0.8416900634765625
1773062345398759936,49.12014293670654,0.0504302978515625,0.50372314453125,-0.8416748046875
1773062345408796672,49.13017988204956,0.0413360595703125,0.498504638671875,-0.844512939453125
1773062345418834944,49.140218019485474,0.037353515625,0.493499755859375,-0.853668212890625
1773062345428871936,49.15025496482849,0.0345458984375,0.4924163818359375,-0.8629150390625
1773062345438909696,49.160292863845825,0.0362091064453125,0.50128173828125,-0.86065673828125
1773062345448946944,49.17033004760742,0.0398101806640625,0.51885986328125,-0.8630218505859375
1773062345458984960,49.180367946624756,0.043609619140625,0.5325164794921875,-0.865325927734375
1773062345469021696,49.19040489196777,0.041778564453125,0.5438690185546875,-0.865386962890625
1773062345479059968,49.20044302940369,0.038360595703125,0.545684814453125,-0.8571319580078125
1773062345489096960,49.210479974746704,0.035736083984375,0.54180908203125,-0.8499298095703125
1773062345499134720,49.22051787376404,0.0406036376953125,0.5357666015625,-0.846893310546875
1773062345509171968,49.230555057525635,0.0485687255859375,0.5282745361328125,-0.8433837890625
1773062345519209984,49.24059295654297,0.0511932373046875,0.5227508544921875,-0.846435546875
1773062345529246720,49.250629901885986,0.0483856201171875,0.514495849609375,-0.859222412109375
1773062345539284992,49.2606680393219,0.0403594970703125,0.5083465576171875,-0.861785888671875
1773062345549321984,49.27070498466492,0.03350830078125,0.50836181640625,-0.8607635498046875
1773062345559358720,49.280741930007935,0.034088134765625,0.5127410888671875,-0.8540802001953125
1773062345569396992,49.29078006744385,0.039398193359375,0.522430419921875,-0.8493194580078125
1773062345579433984,49.300817012786865,0.0462493896484375,0.5284881591796875,-0.8455810546875
1773062345589471744,49.3108549118042,0.050201416015625,0.5333251953125,-0.839202880859375
1773062345599508736,49.32089185714722,0.0534515380859375,0.536285400390625,-0.8366851806640625
1773062345609547008,49.33092999458313,0.0491485595703125,0.5393524169921875,-0.832977294921875
1773062345619583744,49.34096693992615,0.0470123291015625,0.538299560546875,-0.8369140625
1773062345629622016,49.35100507736206,0.044891357421875,0.530517578125,-0.834228515625
1773062345639659008,49.36104202270508,0.048675537109375,0.524322509765625,-0.82122802734375
1773062345649696768,49.37107992172241,0.0555267333984375,0.523956298828125,-0.8135986328125
1773062345659733760,49.38111686706543,0.0591583251953125,0.527587890625,-0.8149566650390625
1773062345669772032,49.39115500450134,0.0576171875,0.5292205810546875,-0.8235626220703125
1773062345679808768,49.40119194984436,0.0551300048828125,0.5256500244140625,-0.8258819580078125
1773062345689845760,49.41122889518738,0.051361083984375,0.5231475830078125,-0.8300933837890625
1773062345699884032,49.42126703262329,0.0486907958984375,0.5178375244140625,-0.8283233642578125
1773062345709920768,49.43130397796631,0.0499267578125,0.5208282470703125,-0.8217010498046875
1773062345719958784,49.44134187698364,0.05322265625,0.5340576171875,-0.8208465576171875
1773062345729996032,49.45137906074524,0.057037353515625,0.5458831787109375,-0.8250274658203125
1773062345740033792,49.46141695976257,0.0585174560546875,0.5498809814453125,-0.8298187255859375
1773062345750070784,49.47145390510559,0.0567169189453125,0.55303955078125,-0.828094482421875
1773062345760109056,49.481492042541504,0.05499267578125,0.553070068359375,-0.829498291015625
1773062345770145792,49.49152898788452,0.054962158203125,0.5515289306640625,-0.8271331787109375
1773062345780183808,49.501566886901855,0.0529937744140625,0.54962158203125,-0.83203125
1773062345790220032,49.511603116989136,0.05322265625,0.5443878173828125,-0.835205078125
1773062345800258048,49.52164101600647,0.0524139404296875,0.544708251953125,-0.8361968994140625
1773062345810294784,49.53167796134949,0.0476837158203125,0.551666259765625,-0.85052490234375
1773062345820333056,49.5417160987854,0.0448455810546875,0.565765380859375,-0.8579254150390625
1773062345830370048,49.55175304412842,0.0410308837890625,0.57659912109375,-0.866607666015625
1773062345840407808,49.56179094314575,0.040252685546875,0.5828857421875,-0.8688812255859375
1773062345850445056,49.57182812690735,0.050079345703125,0.58782958984375,-0.8590240478515625
1773062345860482048,49.581865072250366,0.057861328125,0.5875091552734375,-0.849334716796875
1773062345870519808,49.5919029712677,0.060638427734375,0.588714599609375,-0.84698486328125
1773062345880557056,49.6019401550293,0.0561981201171875,0.588653564453125,-0.856353759765625
1773062345890595072,49.61197805404663,0.048095703125,0.5929718017578125,-0.86212158203125
1773062345900631808,49.62201499938965,0.0496063232421875,0.591583251953125,-0.8692169189453125
1773062345910670080,49.63205313682556,0.057373046875,0.5808563232421875,-0.8787384033203125
1773062345920707072,49.64209008216858,0.064300537109375,0.5699462890625,-0.87762451171875
1773062345930744832,49.65212798118591,0.0634918212890625,0.5636444091796875,-0.870330810546875
1773062345940782080,49.66216516494751,0.060760498046875,0.56683349609375,-0.8651580810546875
1773062345950820096,49.672203063964844,0.053375244140625,0.570343017578125,-0.8643341064453125
1773062345960856832,49.68224000930786,0.0503997802734375,0.5681610107421875,-0.8566741943359375
1773062345970895104,49.692278146743774,0.0521697998046875,0.5684051513671875,-0.84912109375
1773062345980932096,49.70231509208679,0.0617218017578125,0.5654754638671875,-0.8414764404296875
1773062345990968832,49.71235203742981,0.068695068359375,0.562103271484375,-0.8338775634765625
1773062346001006848,49.722389936447144,0.068023681640625,0.5569000244140625,-0.837188720703125
1773062346011044096,49.73242712020874,0.065093994140625,0.5543212890625,-0.8380279541015625
1773062346021081856,49.742465019226074,0.05865478515625,0.55224609375,-0.838958740234375
1773062346031118848,49.75250196456909,0.052978515625,0.5473785400390625,-0.84771728515625
1773062346041157120,49.762540102005005,0.0486297607421875,0.5394744873046875,-0.85107421875
1773062346051193856,49.77257704734802,0.0440521240234375,0.5304718017578125,-0.84820556640625
1773062346061231872,49.782614946365356,0.0402679443359375,0.5274200439453125,-0.8287811279296875
1773062346071269120,49.79265213012695,0.0359649658203125,0.5352630615234375,-0.8241119384765625
1773062346081306880,49.80269002914429,0.03399658203125,0.5500030517578125,-0.816741943359375
1773062346091343872,49.812726974487305,0.0315093994140625,0.5589141845703125,-0.818267822265625
1773062346101382144,49.82276511192322,0.0334320068359375,0.560760498046875,-0.8142852783203125
1773062346111418880,49.832802057266235,0.0383148193359375,0.5587615966796875,-0.80181884765625
1773062346121456896,49.84283995628357,0.0447540283203125,0.5588531494140625,-0.7978973388671875
1773062346131494144,49.852877140045166,0.0523529052734375,0.560882568359375,-0.801483154296875
1773062346141530880,49.862914085388184,0.054473876953125,0.5621337890625,-0.8009490966796875
1773062346151568896,49.87295198440552,0.0515289306640625,0.5544891357421875,-0.8066558837890625
1773062346161605888,49.882988929748535,0.0455169677734375,0.53802490234375,-0.8205108642578125
1773062346171643904,49.89302706718445,0.0371246337890625,0.532440185546875,-0.821319580078125
1773062346181680896,49.903064012527466,0.0238037109375,0.5365753173828125,-0.833892822265625
1773062346191719168,49.91310214996338,0.01641845703125,0.5525970458984375,-0.8375244140625
1773062346201755904,49.9231390953064,0.01995849609375,0.56390380859375,-0.8394317626953125
1773062346211793920,49.93317699432373,0.0250396728515625,0.56475830078125,-0.8284912109375
1773062346221830912,49.94321393966675,0.0294647216796875,0.55194091796875,-0.8148040771484375
1773062346231868928,49.95325207710266,0.0342864990234375,0.5398406982421875,-0.8000335693359375
1773062346241905920,49.96328902244568,0.0364990234375,0.541748046875,-0.80096435546875
1773062346251944192,49.97332715988159,0.0360260009765625,0.5555877685546875,-0.8205413818359375
1773062346261980928,49.98336410522461,0.033447265625,0.5715484619140625,-0.850006103515625
1773062346272017920,49.99340105056763,0.027557373046875,0.582183837890625,-0.8613739013671875
1773062346282055936,50.00343894958496,0.020965576171875,0.5767669677734375,-0.8770751953125
1773062346292092928,50.01347613334656,0.0188446044921875,0.5536346435546875,-0.8759002685546875
1773062346302130944,50.02351403236389,0.02154541015625,0.5283355712890625,-0.85601806640625
1773062346312167936,50.03355097770691,0.02545166015625,0.5160980224609375,-0.8228912353515625
1773062346322205952,50.04358911514282,0.029296875,0.51910400390625,-0.8217010498046875
1773062346332242944,50.05362606048584,0.032562255859375,0.540985107421875,-0.8240509033203125
1773062346342280960,50.063663959503174,0.0332183837890625,0.5701751708984375,-0.82525634765625
1773062346352317952,50.07370114326477,0.033294677734375,0.590576171875,-0.8383941650390625
1773062346362355968,50.083739042282104,0.0373077392578125,0.5988311767578125,-0.8374176025390625
1773062346372392960,50.09377598762512,0.045013427734375,0.6004180908203125,-0.8282012939453125
1773062346382430976,50.103814125061035,0.049835205078125,0.5942840576171875,-0.8271942138671875
1773062346392467968,50.11385107040405,0.043914794921875,0.5747833251953125,-0.8243560791015625
1773062346402505984,50.12388896942139,0.0338287353515625,0.5574188232421875,-0.8262786865234375
1773062346412542976,50.13392615318298,0.019989013671875,0.545013427734375,-0.824066162109375
1773062346422579968,50.143963098526,0.0133819580078125,0.5385894775390625,-0.8180999755859375
1773062346432617984,50.154000997543335,0.015777587890625,0.5525054931640625,-0.802001953125
1773062346442654976,50.16403794288635,0.02203369140625,0.5697174072265625,-0.79461669921875
1773062346452692992,50.174076080322266,0.028717041015625,0.588714599609375,-0.7892303466796875
1773062346462729984,50.18411302566528,0.029510498046875,0.6095123291015625,-0.7823486328125
1773062346472768000,50.194151163101196,0.0252838134765625,0.6279144287109375,-0.7776641845703125
1773062346482804992,50.204188108444214,0.02325439453125,0.6410369873046875,-0.77423095703125
1773062346492843008,50.21422600746155,0.028778076171875,0.6357269287109375,-0.7729949951171875
1773062346502879744,50.224262952804565,0.041778564453125,0.615936279296875,-0.7586669921875
1773062346512918016,50.23430109024048,0.0498046875,0.5974273681640625,-0.7397613525390625
1773062346522955008,50.244338035583496,0.05389404296875,0.5865478515625,-0.7384796142578125
1773062346532992768,50.25437593460083,0.0550537109375,0.5750579833984375,-0.7379150390625
1773062346543030016,50.26441311836243,0.05657958984375,0.574249267578125,-0.7343597412109375
1773062346553068032,50.27445101737976,0.0512237548828125,0.5831146240234375,-0.741485595703125
1773062346563104768,50.28448796272278,0.0468597412109375,0.589813232421875,-0.76708984375
1773062346573142016,50.294525146484375,0.0446319580078125,0.6010894775390625,-0.7772064208984375
1773062346583180032,50.30456304550171,0.039825439453125,0.6195068359375,-0.7726898193359375
1773062346593217024,50.31459999084473,0.0413665771484375,0.6328582763671875,-0.7754058837890625
1773062346603255040,50.32463812828064,0.0427703857421875,0.6412353515625,-0.769927978515625
1773062346613292032,50.33467507362366,0.0411376953125,0.6412506103515625,-0.7664337158203125
1773062346623329792,50.34471297264099,0.032745361328125,0.6243896484375,-0.761932373046875
1773062346633367040,50.35475015640259,0.0238037109375,0.59716796875,-0.7503814697265625
1773062346643405056,50.36478805541992,0.0161590576171875,0.5756378173828125,-0.733978271484375
1773062346653441792,50.37482500076294,0.0133514404296875,0.566253662109375,-0.7301025390625
1773062346663480064,50.38486313819885,0.0194244384765625,0.5690460205078125,-0.73394775390625
1773062346673517056,50.39490008354187,0.0248870849609375,0.5830230712890625,-0.7431640625
1773062346683554816,50.404937982559204,0.0259552001953125,0.6016387939453125,-0.7502593994140625
1773062346693592064,50.4149751663208,0.028533935546875,0.6187744140625,-0.757354736328125
1773062346703629056,50.42501211166382,0.0248870849609375,0.630523681640625,-0.7579345703125
1773062346713666816,50.43505001068115,0.0182647705078125,0.644317626953125,-0.7493133544921875
1773062346723703808,50.44508695602417,0.02349853515625,0.6437835693359375,-0.748565673828125
1773062346733742080,50.45512509346008,0.036376953125,0.6236572265625,-0.7481689453125
1773062346743779072,50.4651620388031,0.03619384765625,0.60321044921875,-0.746337890625
1773062346753816832,50.475199937820435,0.028167724609375,0.58721923828125,-0.7508544921875
1773062346763854080,50.48523712158203,0.0156402587890625,0.590728759765625,-0.7516326904296875
1773062346773891840,50.495275020599365,0.003936767578125,0.6097259521484375,-0.7689056396484375
1773062346783928832,50.50531196594238,-0.0008544921875,0.6236572265625,-0.7895660400390625
1773062346793966592,50.51534962654114,-0.0028228759765625,0.6342926025390625,-0.792755126953125
1773062346804003584,50.525386571884155,-0.0044708251953125,0.6354827880859375,-0.789337158203125
1773062346814041600,50.53542470932007,0.0006866455078125,0.6189727783203125,-0.7679290771484375
1773062346824078592,50.545461654663086,0.0242767333984375,0.605224609375,-0.7339019775390625
1773062346834116352,50.55549955368042,0.0569610595703125,0.59527587890625,-0.721466064453125
1773062346844153600,50.56553673744202,0.079986572265625,0.5952911376953125,-0.715423583984375
1773062346854190592,50.575573682785034,0.078521728515625,0.616363525390625,-0.722320556640625
1773062346864228608,50.58561158180237,0.054962158203125,0.634613037109375,-0.748565673828125
1773062346874265600,50.595648765563965,0.0283203125,0.63580322265625,-0.77325439453125
1773062346884303616,50.6056866645813,0.0117340087890625,0.6344757080078125,-0.7752838134765625
1773062346894340608,50.615723609924316,0.00714111328125,0.630859375,-0.7660675048828125
1773062346904378624,50.62576174736023,0.0128936767578125,0.6229400634765625,-0.751373291015625
1773062346914415616,50.63579869270325,0.018585205078125,0.6247711181640625,-0.7346954345703125
1773062346924453376,50.64583659172058,0.0188446044921875,0.6309814453125,-0.7223663330078125
1773062346934490624,50.65587377548218,0.023406982421875,0.64483642578125,-0.7111968994140625
1773062346944528640,50.66591167449951,0.0316162109375,0.657684326171875,-0.710601806640625
1773062346954565632,50.67594861984253,0.040435791015625,0.66717529296875,-0.7142486572265625
1773062346964603648,50.68598675727844,0.0513763427734375,0.6728057861328125,-0.7227630615234375
1773062346974640640,50.69602370262146,0.0633087158203125,0.671539306640625,-0.720672607421875
1773062346984677632,50.70606064796448,0.071380615234375,0.6676177978515625,-0.7220611572265625
1773062346994715648,50.71609878540039,0.0793609619140625,0.6556549072265625,-0.722198486328125
1773062347004752640,50.72613573074341,0.0881805419921875,0.6494140625,-0.7154693603515625
1773062347014790656,50.73617362976074,0.0921783447265625,0.6489105224609375,-0.723480224609375
1773062347024827392,50.74621057510376,0.09869384765625,0.648406982421875,-0.7216339111328125
1773062347034865664,50.75624871253967,0.1071319580078125,0.6609344482421875,-0.7132720947265625
1773062347044902656,50.76628565788269,0.117828369140625,0.674285888671875,-0.7003631591796875
1773062347054940416,50.776323556900024,0.1262359619140625,0.680145263671875,-0.704010009765625
1773062347064977664,50.78636074066162,0.1307373046875,0.67181396484375,-0.71295166015625
1773062347075015424,50.796398639678955,0.12982177734375,0.6591339111328125,-0.714874267578125
1773062347085052416,50.80643558502197,0.1221160888671875,0.6540985107421875,-0.72296142578125
1773062347095090688,50.816473722457886,0.1194000244140625,0.64794921875,-0.7361602783203125
1773062347105127680,50.8265106678009,0.1240692138671875,0.635467529296875,-0.739044189453125
1773062347115165440,50.83654856681824,0.1326904296875,0.625885009765625,-0.7310333251953125
1773062347125202688,50.846585750579834,0.143707275390625,0.62432861328125,-0.727264404296875
1773062347135239680,50.85662269592285,0.153656005859375,0.6301422119140625,-0.7274017333984375
1773062347145277440,50.866660594940186,0.1624298095703125,0.6378631591796875,-0.7311859130859375
1773062347155314688,50.87669777870178,0.1745758056640625,0.6473388671875,-0.7346954345703125
1773062347165352704,50.886735677719116,0.189300537109375,0.6526336669921875,-0.743194580078125
1773062347175389440,50.896772623062134,0.201904296875,0.647979736328125,-0.7513275146484375
1773062347185427712,50.90681076049805,0.2090911865234375,0.6368408203125,-0.7606353759765625
1773062347195464704,50.916847705841064,0.21087646484375,0.6226654052734375,-0.7604522705078125
1773062347205502464,50.9268856048584,0.205474853515625,0.6108856201171875,-0.7539520263671875
1773062347215539712,50.936922788619995,0.196685791015625,0.6060333251953125,-0.75421142578125
1773062347225577472,50.94696068763733,0.198333740234375,0.6126861572265625,-0.74737548828125
1773062347235614464,50.95699763298035,0.2090911865234375,0.6251983642578125,-0.75518798828125
1773062347245652736,50.96703577041626,0.2253570556640625,0.6326446533203125,-0.7586822509765625
1773062347255689728,50.97707271575928,0.2324066162109375,0.6290283203125,-0.7633819580078125
1773062347265727488,50.98711061477661,0.234130859375,0.6140899658203125,-0.763031005859375
1773062347275764480,50.99714756011963,0.232635498046875,0.604217529296875,-0.756561279296875
1773062347285801728,51.007184743881226,0.2319488525390625,0.59698486328125,-0.7596282958984375
1773062347295839488,51.01722264289856,0.230621337890625,0.5990142822265625,-0.753875732421875
1773062347305876480,51.02725958824158,0.2317657470703125,0.599639892578125,-0.7627105712890625
1773062347315914752,51.03729772567749,0.2337799072265625,0.590362548828125,-0.7663726806640625
1773062347325951488,51.04733467102051,0.2312164306640625,0.581634521484375,-0.7553863525390625
1773062347335989504,51.05737257003784,0.234161376953125,0.5765380859375,-0.7483978271484375
1773062347346026752,51.06740975379944,0.2398529052734375,0.5708770751953125,-0.7375640869140625
1773062347356064512,51.07744765281677,0.2447967529296875,0.5648956298828125,-0.728363037109375
1773062347366101504,51.08748459815979,0.2419281005859375,0.5553741455078125,-0.7259979248046875
1773062347376139520,51.0975227355957,0.2322845458984375,0.541046142578125,-0.7227020263671875
1773062347386176512,51.10755968093872,0.22998046875,0.5245361328125,-0.7044677734375
1773062347396214528,51.117597579956055,0.240020751953125,0.5153350830078125,-0.6916046142578125
1773062347406251776,51.12763476371765,0.2645416259765625,0.5160980224609375,-0.6841278076171875
1773062347416289536,51.137672662734985,0.2965240478515625,0.524871826171875,-0.684326171875
1773062347426326528,51.147709608078,0.318695068359375,0.534332275390625,-0.6844482421875
1773062347436363776,51.1577467918396,0.3201751708984375,0.53369140625,-0.6902008056640625
1773062347446401536,51.167784690856934,0.3116302490234375,0.528472900390625,-0.6965179443359375
1773062347456438528,51.17782163619995,0.3026123046875,0.5098724365234375,-0.70068359375
1773062347466476800,51.187859773635864,0.2977752685546875,0.48394775390625,-0.7036895751953125
1773062347476513536,51.19789671897888,0.2930755615234375,0.4512939453125,-0.707305908203125
1773062347486551552,51.207934617996216,0.2903594970703125,0.4268035888671875,-0.69476318359375
1773062347496588544,51.21797156333923,0.2824554443359375,0.412628173828125,-0.70025634765625
1773062347506626560,51.22800970077515,0.2717132568359375,0.412384033203125,-0.702880859375
1773062347516663552,51.238046646118164,0.261383056640625,0.4240570068359375,-0.7027435302734375
1773062347526701568,51.24808478355408,0.2531890869140625,0.44134521484375,-0.7200775146484375
1773062347536738560,51.258121728897095,0.242462158203125,0.4658355712890625,-0.73992919921875
1773062347546775552,51.26815867424011,0.2372894287109375,0.4889068603515625,-0.7639007568359375
1773062347556813568,51.278196573257446,0.23284912109375,0.50201416015625,-0.7997589111328125
1773062347566850560,51.28823375701904,0.218597412109375,0.5,-0.8185272216796875
1773062347576888576,51.29827165603638,0.1976776123046875,0.4844818115234375,-0.848419189453125
1773062347586925568,51.308308601379395,0.1794281005859375,0.4858245849609375,-0.8739776611328125
1773062347596963584,51.31834673881531,0.199676513671875,0.51568603515625,-0.89013671875
1773062347607000576,51.328383684158325,0.2531890869140625,0.53778076171875,-0.9469451904296875
1773062347617038592,51.33842158317566,0.298248291015625,0.5430145263671875,-0.9665679931640625
1773062347627075584,51.348458766937256,0.3155975341796875,0.5335540771484375,-0.9793701171875
1773062347637113600,51.35849666595459,0.2961273193359375,0.488555908203125,-0.9962310791015625
1773062347647150592,51.36853361129761,0.2405242919921875,0.432861328125,-0.993621826171875
1773062347657188608,51.37857174873352,0.1940155029296875,0.4127349853515625,-0.9717254638671875
1773062347667225600,51.38860869407654,0.1898651123046875,0.4028167724609375,-0.9872894287109375
1773062347677263616,51.39864659309387,0.213043212890625,0.3815765380859375,-1.0087432861328125
1773062347687300608,51.40868377685547,0.22686767578125,0.36700439453125,-1.010589599609375
1773062347697337600,51.418720722198486,0.234710693359375,0.361602783203125,-0.9946136474609375
1773062347707375616,51.42875862121582,0.2385101318359375,0.352752685546875,-0.9899139404296875
1773062347717412352,51.43879556655884,0.222137451171875,0.3423004150390625,-0.981414794921875
1773062347727450624,51.44883370399475,0.202545166015625,0.3334197998046875,-0.9570770263671875
1773062347737487616,51.45887064933777,0.202850341796875,0.3326416015625,-0.943115234375
1773062347747525632,51.46890878677368,0.222564697265625,0.3235321044921875,-0.931121826171875
1773062347757562624,51.4789457321167,0.2463531494140625,0.304901123046875,-0.91094970703125
1773062347767600640,51.48898363113403,0.2618560791015625,0.2870025634765625,-0.88623046875
1773062347777637376,51.49902057647705,0.2689208984375,0.2671051025390625,-0.85858154296875
1773062347787675648,51.509058713912964,0.2658233642578125,0.244903564453125,-0.8374176025390625
1773062347797712896,51.51909589767456,0.256378173828125,0.2202301025390625,-0.81463623046875
1773062347807750656,51.529133796691895,0.2474822998046875,0.205718994140625,-0.786285400390625
1773062347817787648,51.53917074203491,0.2493896484375,0.199249267578125,-0.7678680419921875
1773062347827825664,51.549208879470825,0.2569427490234375,0.19464111328125,-0.7638092041015625
1773062347837862656,51.55924582481384,0.25262451171875,0.196563720703125,-0.7491455078125
1773062347847899648,51.56928277015686,0.2342071533203125,0.2051239013671875,-0.7289276123046875
1773062347857937920,51.57932090759277,0.214019775390625,0.2138671875,-0.7110595703125
1773062347867974656,51.58935785293579,0.1921539306640625,0.2184906005859375,-0.6949920654296875
1773062347878012672,51.599395751953125,0.176239013671875,0.218109130859375,-0.671539306640625
1773062347888049664,51.60943269729614,0.168853759765625,0.21197509765625,-0.6435546875
1773062347898087680,51.619470834732056,0.1690826416015625,0.198455810546875,-0.63006591796875
1773062347908124672,51.62950778007507,0.1741180419921875,0.1820831298828125,-0.6056365966796875
1773062347918162688,51.63954567909241,0.1721038818359375,0.167633056640625,-0.60479736328125
1773062347928199680,51.649582862854004,0.1615142822265625,0.15435791015625,-0.5892333984375
1773062347938237696,51.65962076187134,0.1355438232421875,0.1464996337890625,-0.591705322265625
1773062347948274688,51.669657707214355,0.1056976318359375,0.1358642578125,-0.6096954345703125
1773062347958312704,51.67969584465027,0.0832366943359375,0.125091552734375,-0.6165008544921875
1773062347968349696,51.689732789993286,0.06427001953125,0.1196441650390625,-0.621490478515625
1773062347978386688,51.699769735336304,0.0511932373046875,0.120452880859375,-0.6157073974609375
1773062347988424704,51.70980787277222,0.047607421875,0.11810302734375,-0.6069183349609375
1773062347998461696,51.719844818115234,0.0508270263671875,0.11199951171875,-0.6037750244140625
1773062348008499712,51.72988271713257,0.04840087890625,0.0969085693359375,-0.5984344482421875
1773062348018536704,51.739919900894165,0.038787841796875,0.074066162109375,-0.5878143310546875
1773062348028574720,51.7499577999115,0.0216217041015625,0.0491180419921875,-0.57879638671875
1773062348038611712,51.75999474525452,-4.57763671875e-05,0.0331268310546875,-0.5697174072265625
1773062348048649728,51.77003288269043,-0.022796630859375,0.0250244140625,-0.58099365234375
1773062348058686720,51.78006982803345,-0.040283203125,0.0198822021484375,-0.5977325439453125
1773062348068724736,51.79010772705078,-0.0498199462890625,0.016357421875,-0.6134796142578125
1773062348078761728,51.80014491081238,-0.052398681640625,0.009674072265625,-0.6358489990234375
1773062348088799744,51.81018280982971,-0.051513671875,-0.0024871826171875,-0.65234375
1773062348098836736,51.82021975517273,-0.058746337890625,-0.018402099609375,-0.659210205078125
1773062348108874752,51.83025789260864,-0.0763397216796875,-0.032440185546875,-0.6479034423828125
1773062348118911744,51.84029483795166,-0.1117401123046875,-0.0451202392578125,-0.64312744140625
1773062348128948736,51.85033178329468,-0.1500701904296875,-0.0449066162109375,-0.631378173828125
1773062348138986496,51.86036968231201,-0.176025390625,-0.0365142822265625,-0.6151123046875
1773062348149023744,51.87040686607361,-0.189453125,-0.022552490234375,-0.5965728759765625
1773062348159061760,51.88044476509094,-0.1961822509765625,-0.0197906494140625,-0.57940673828125
1773062348169098496,51.89048171043396,-0.1981964111328125,-0.02978515625,-0.5551300048828125
1773062348179136768,51.90051984786987,-0.190032958984375,-0.0437774658203125,-0.5139923095703125
1773062348189173760,51.91055679321289,-0.176910400390625,-0.0524139404296875,-0.46685791015625
1773062348199211520,51.920594692230225,-0.175872802734375,-0.0553436279296875,-0.4351806640625
1773062348209248768,51.93063187599182,-0.1911773681640625,-0.063690185546875,-0.4322509765625
1773062348219286784,51.940669775009155,-0.2186279296875,-0.0758514404296875,-0.39227294921875
1773062348229323520,51.95070672035217,-0.2632904052734375,-0.1039886474609375,-0.4013519287109375
1773062348239361792,51.960744857788086,-0.31414794921875,-0.156890869140625,-0.443695068359375
1773062348249398784,51.9707818031311,-0.37042236328125,-0.21185302734375,-0.4660491943359375
1773062348259435776,51.98081874847412,-0.4342193603515625,-0.262664794921875,-0.5106201171875
1773062348269473792,51.990856885910034,-0.4777984619140625,-0.30682373046875,-0.511749267578125
1773062348279510784,52.00089383125305,-0.5042877197265625,-0.3239898681640625,-0.495880126953125
1773062348289548544,52.010931730270386,-0.5194091796875,-0.29351806640625,-0.46331787109375
1773062348299585792,52.02096891403198,-0.53240966796875,-0.231475830078125,-0.435028076171875
1773062348309623808,52.031006813049316,-0.542266845703125,-0.152435302734375,-0.421661376953125
1773062348319660544,52.041043758392334,-0.5586090087890625,-0.082550048828125,-0.42364501953125
1773062348329698816,52.05108189582825,-0.57574462890625,-0.03887939453125,-0.425689697265625
1773062348339735808,52.061118841171265,-0.5973968505859375,-0.0272369384765625,-0.4437103271484375
1773062348349773568,52.0711567401886,-0.6275482177734375,-0.06317138671875,-0.4610137939453125
1773062348359810560,52.081193685531616,-0.6783905029296875,-0.116455078125,-0.46466064453125
1773062348369848832,52.09123182296753,-0.7445220947265625,-0.150238037109375,-0.47467041015625
1773062348379885568,52.10126876831055,-0.809906005859375,-0.1544647216796875,-0.4863739013671875
1773062348389922560,52.111305713653564,-0.874725341796875,-0.136688232421875,-0.518341064453125
1773062348399960832,52.12134385108948,-0.944671630859375,-0.1202239990234375,-0.566864013671875
1773062348409997824,52.131380796432495,-1.02001953125,-0.1391448974609375,-0.6562042236328125
1773062348420035584,52.14141869544983,-1.0853118896484375,-0.1934661865234375,-0.71319580078125
1773062348430072832,52.151455879211426,-1.1572418212890625,-0.259552001953125,-0.72882080078125
1773062348440110592,52.16149377822876,-1.2336273193359375,-0.356536865234375,-0.72613525390625
1773062348450147584,52.17153072357178,-1.3037872314453125,-0.4596099853515625,-0.6445159912109375
1773062348460185856,52.18156886100769,-1.3656158447265625,-0.5319671630859375,-0.5016937255859375
1773062348470222592,52.19160580635071,-1.408294677734375,-0.582855224609375,-0.4667510986328125
1773062348480260608,52.20164370536804,-1.3934173583984375,-0.5800628662109375,-0.51519775390625
1773062348490297856,52.21168088912964,-1.3267822265625,-0.4770660400390625,-0.6031646728515625
1773062348500335616,52.22171878814697,-1.290130615234375,-0.309326171875,-0.6736297607421875
1773062348510372608,52.23175573348999,-1.3253021240234375,-0.188262939453125,-0.7542877197265625
1773062348520410880,52.2417938709259,-1.38922119140625,-0.176605224609375,-0.8508453369140625
1773062348530447616,52.25183081626892,-1.4452972412109375,-0.2306365966796875,-0.861114501953125
1773062348540484608,52.26186776161194,-1.4576416015625,-0.2940673828125,-0.7482757568359375
1773062348550522880,52.27190589904785,-1.4052734375,-0.3416900634765625,-0.618560791015625
1773062348560559872,52.28194284439087,-1.3292388916015625,-0.35137939453125,-0.565399169921875
1773062348570597632,52.2919807434082,-1.2597503662109375,-0.316802978515625,-0.5545196533203125
1773062348580634624,52.30201768875122,-1.215667724609375,-0.2711334228515625,-0.5091400146484375
1773062348590672640,52.312055826187134,-1.1891021728515625,-0.274139404296875,-0.4673919677734375
1773062348600709632,52.32209277153015,-1.16912841796875,-0.34124755859375,-0.51776123046875
1773062348610747904,52.332130908966064,-1.1519317626953125,-0.478179931640625,-0.636749267578125
1773062348620784640,52.34216785430908,-1.1677703857421875,-0.596893310546875,-0.7509918212890625
1773062348630822656,52.352205753326416,-1.1834564208984375,-0.5884857177734375,-0.82269287109375
1773062348640859648,52.362242698669434,-1.1841278076171875,-0.38568115234375,-0.8877410888671875
1773062348650897664,52.37228083610535,-1.19329833984375,-0.1427764892578125,-0.89337158203125
1773062348660934656,52.382317781448364,-1.181671142578125,-0.004425048828125,-0.7466583251953125
1773062348670971648,52.39235472679138,-1.15679931640625,0.03668212890625,-0.5889434814453125
1773062348681009664,52.402392864227295,-1.116424560546875,0.0108642578125,-0.50439453125
1773062348691046656,52.41242980957031,-1.0782470703125,-0.054534912109375,-0.453399658203125
1773062348701084672,52.42246770858765,-1.0764007568359375,-0.1208953857421875,-0.426849365234375
1773062348711121920,52.43250489234924,-1.1068572998046875,-0.1113739013671875,-0.4815521240234375
1773062348721159680,52.44254279136658,-1.182708740234375,-0.0474700927734375,-0.589385986328125
1773062348731196672,52.452579736709595,-1.2460784912109375,-0.0282440185546875,-0.5492095947265625
1773062348741234688,52.46261787414551,-1.2444305419921875,-0.0370941162109375,-0.619049072265625
1773062348751271680,52.472654819488525,-1.1982269287109375,0.057403564453125,-0.352569580078125
1773062348761309696,52.48269271850586,-1.3393402099609375,0.037933349609375,-0.4492645263671875
1773062348771346688,52.492729902267456,-1.416839599609375,-0.264678955078125,-0.69677734375
1773062348781384704,52.50276780128479,-1.3690185546875,-0.4207763671875,-0.46990966796875
1773062348791422208,52.512805223464966,-1.323211669921875,-0.50433349609375,-0.359130859375
1773062348801460224,52.52284336090088,-1.2921142578125,-0.31524658203125,-0.306243896484375
1773062348811497216,52.5328803062439,-1.4537200927734375,-0.2209625244140625,-0.73028564453125
1773062348821534208,52.542917251586914,-1.486297607421875,-0.2379913330078125,-0.9076690673828125
1773062348831572224,52.55295538902283,-1.43621826171875,-0.2580718994140625,-0.720367431640625
1773062348841609216,52.562992334365845,-1.4315643310546875,-0.2912139892578125,-0.6157379150390625
1773062348851647232,52.57303023338318,-1.3624725341796875,-0.1177978515625,-0.1924896240234375
1773062348861684224,52.583067417144775,-1.474884033203125,0.043670654296875,0.41162109375
1773062348871722240,52.59310531616211,-1.754425048828125,-0.0308685302734375,0.2706298828125
1773062348881759232,52.60314226150513,-1.9435577392578125,-0.2735137939453125,-0.034698486328125
1773062348891797248,52.61318039894104,-1.945953369140625,-0.4865875244140625,0.2405242919921875
1773062348901834240,52.62321734428406,-1.969879150390625,-0.446380615234375,0.3622283935546875
1773062348911872256,52.63325524330139,-2.024932861328125,-0.2576141357421875,0.3771820068359375
1773062348921909248,52.64329242706299,-2.0077972412109375,-0.26617431640625,0.18658447265625
1773062348931947264,52.65333032608032,-1.556549072265625,-0.3777923583984375,-0.1757354736328125
1773062348941984256,52.66336727142334,-0.79461669921875,-0.2916412353515625,-0.1992034912109375
1773062348952021248,52.67340445518494,-0.34234619140625,0.0582427978515625,0.209747314453125
1773062348962059264,52.68344235420227,-0.5646209716796875,0.4488372802734375,0.6312103271484375
1773062348972096256,52.69347929954529,-1.3824310302734375,0.48919677734375,0.3694610595703125
1773062348982134272,52.7035174369812,-2.246063232421875,0.2610015869140625,-0.05450439453125
1773062348992171264,52.71355438232422,-2.574127197265625,0.1673736572265625,-0.2281494140625
1773062349002209280,52.72359228134155,-2.5103607177734375,0.240020751953125,-0.1338958740234375
1773062349012246016,52.73362922668457,-2.4252471923828125,0.2994384765625,-0.1861724853515625
1773062349022284288,52.74366736412048,-2.1241455078125,0.3244171142578125,-0.304534912109375
1773062349032321280,52.7537043094635,-1.5907135009765625,0.2880859375,-0.38427734375
1773062349042359296,52.763742446899414,-1.2215576171875,0.128814697265625,-0.3168182373046875
1773062349052396288,52.77377939224243,-1.101837158203125,-0.074676513671875,-0.2286376953125
1773062349062434304,52.783817291259766,-1.092529296875,-0.22210693359375,-0.2129669189453125
1773062349072471040,52.79385423660278,-1.17919921875,-0.303466796875,-0.1445770263671875
1773062349082508288,52.80389142036438,-1.3158111572265625,-0.3337249755859375,-0.0885772705078125
1773062349092546304,52.813929319381714,-1.452178955078125,-0.35711669921875,0.011016845703125
1773062349102583296,52.82396626472473,-1.532623291015625,-0.3697967529296875,0.0533905029296875
1773062349112621312,52.834004402160645,-1.514434814453125,-0.3215484619140625,0.00030517578125
1773062349122658304,52.84404134750366,-1.452667236328125,-0.23876953125,-0.0655670166015625
1773062349132696064,52.854079246520996,-1.3740081787109375,-0.177825927734375,-0.218780517578125
1773062349142733312,52.86411643028259,-1.25933837890625,-0.1185302734375,-0.3510589599609375
1773062349152771328,52.87415432929993,-1.1474456787109375,-0.0438385009765625,-0.3113861083984375
1773062349162808064,52.884191274642944,-1.05078125,0.026275634765625,-0.27203369140625
1773062349172846336,52.89422941207886,-0.9983367919921875,0.086517333984375,-0.28631591796875
1773062349182883328,52.904266357421875,-0.9782562255859375,0.13812255859375,-0.3056182861328125
1773062349192921088,52.91430425643921,-1.011383056640625,0.1697845458984375,-0.276611328125
1773062349202958336,52.924341440200806,-1.130401611328125,0.1147308349609375,-0.2681121826171875
1773062349212995328,52.93437838554382,-1.2685699462890625,-0.030792236328125,-0.2825164794921875
1773062349223033088,52.94441628456116,-1.3499603271484375,-0.1588592529296875,-0.2166748046875
1773062349233070080,52.954453229904175,-1.3459320068359375,-0.19451904296875,-0.0917510986328125
1773062349243108352,52.96449136734009,-1.254486083984375,-0.1431884765625,-0.0113067626953125
1773062349253145344,52.974528312683105,-1.1377410888671875,-0.065185546875,-0.0268402099609375
1773062349263183360,52.98456645011902,-1.044342041015625,-0.0135345458984375,-0.129547119140625
1773062349273220352,52.994603395462036,-0.968505859375,-0.0089569091796875,-0.17437744140625
1773062349283258112,53.00464129447937,-0.912445068359375,-0.0431060791015625,-0.1359710693359375
1773062349293295104,53.01467823982239,-0.888092041015625,-0.089447021484375,-0.061309814453125
1773062349303333376,53.0247163772583,-0.890350341796875,-0.1240081787109375,-0.0581817626953125
1773062349313370112,53.03475332260132,-0.897674560546875,-0.1161651611328125,-0.0814208984375
1773062349323408128,53.04479122161865,-0.9287567138671875,-0.0556182861328125,-0.1539764404296875
1773062349333445376,53.05482840538025,-0.949981689453125,0.0194854736328125,-0.273651123046875
1773062349343483136,53.06486630439758,-0.9050750732421875,0.059234619140625,-0.3109130859375
1773062349353520128,53.0749032497406,-0.8419189453125,0.047027587890625,-0.31402587890625
1773062349363557376,53.0849404335022,-0.8030242919921875,-0.0336456298828125,-0.229949951171875
1773062349373595136,53.09497833251953,-0.786712646484375,-0.1484832763671875,-0.070587158203125
1773062349383632128,53.10501527786255,-0.78369140625,-0.24462890625,0.0822296142578125
1773062349393670400,53.11505341529846,-0.772979736328125,-0.321197509765625,0.1662139892578125
1773062349403707392,53.12509036064148,-0.76861572265625,-0.366119384765625,0.159881591796875
1773062349413745152,53.13512825965881,-0.779998779296875,-0.392303466796875,0.03656005859375
1773062349423782400,53.14516544342041,-0.759552001953125,-0.3599395751953125,-0.1891021728515625
1773062349433820160,53.155203342437744,-0.662261962890625,-0.214630126953125,-0.3186187744140625
1773062349443857152,53.16524028778076,-0.545501708984375,-0.043853759765625,-0.3772125244140625
1773062349453895424,53.175278425216675,-0.496337890625,-0.005279541015625,-0.4237823486328125
1773062349463932160,53.18531537055969,-0.446990966796875,-0.07818603515625,-0.416107177734375
1773062349473970176,53.195353269577026,-0.4874267578125,-0.1509552001953125,-0.285552978515625
1773062349484007424,53.20539045333862,-0.5956573486328125,-0.226898193359375,-0.1680755615234375
1773062349494045184,53.21542835235596,-0.66204833984375,-0.28466796875,-0.1253814697265625
1773062349504082176,53.225465297698975,-0.6612396240234375,-0.30340576171875,-0.1008453369140625
1773062349514119168,53.23550224304199,-0.604339599609375,-0.312469482421875,-0.1099700927734375
1773062349524157184,53.245540380477905,-0.50042724609375,-0.3045501708984375,-0.23284912109375
1773062349534194176,53.25557732582092,-0.37982177734375,-0.2435302734375,-0.2807464599609375
1773062349544232192,53.26561522483826,-0.2977447509765625,-0.1914215087890625,-0.294830322265625
1773062349554269440,53.27565240859985,-0.2465057373046875,-0.156890869140625,-0.2680511474609375
1773062349564307200,53.28569030761719,-0.2342529296875,-0.102203369140625,-0.2158966064453125
1773062349574344192,53.295727252960205,-0.2895050048828125,-0.098175048828125,-0.22662353515625
1773062349584382208,53.30576539039612,-0.3851776123046875,-0.1649627685546875,-0.2717132568359375
1773062349594419200,53.315802335739136,-0.4939117431640625,-0.243804931640625,-0.265716552734375
1773062349604457216,53.32584023475647,-0.5352783203125,-0.26226806640625,-0.1756591796875
1773062349614494208,53.335877418518066,-0.4825286865234375,-0.2077178955078125,-0.1212921142578125
1773062349624532224,53.3459153175354,-0.4114990234375,-0.2019195556640625,-0.2068023681640625
1773062349634569216,53.35595226287842,-0.376220703125,-0.2393341064453125,-0.2583465576171875
1773062349644607232,53.36599040031433,-0.4264068603515625,-0.272796630859375,-0.283447265625
1773062349654644224,53.37602734565735,-0.464996337890625,-0.250457763671875,-0.2930755615234375
1773062349664681216,53.386064291000366,-0.450653076171875,-0.182586669921875,-0.307464599609375
1773062349674719232,53.39610242843628,-0.452362060546875,-0.200775146484375,-0.3625030517578125
1773062349684756224,53.4061393737793,-0.4593505859375,-0.2505645751953125,-0.32513427734375
1773062349694794240,53.41617727279663,-0.5003662109375,-0.279327392578125,-0.204071044921875
1773062349704831488,53.42621445655823,-0.5743408203125,-0.35882568359375,-0.2106475830078125
1773062349714869248,53.43625235557556,-0.638336181640625,-0.4355010986328125,-0.2310028076171875
1773062349724906240,53.44628930091858,-0.704132080078125,-0.4801788330078125,-0.2598876953125
1773062349734944256,53.45632743835449,-0.68841552734375,-0.4405059814453125,-0.3781890869140625
1773062349744981248,53.46636438369751,-0.57208251953125,-0.294189453125,-0.5096282958984375
1773062349755019264,53.476402282714844,-0.43597412109375,-0.1099853515625,-0.5763092041015625
1773062349765056256,53.48643922805786,-0.4372100830078125,-0.0439910888671875,-0.6345672607421875
1773062349775094272,53.496477365493774,-0.57513427734375,-0.2019500732421875,-0.6671295166015625
1773062349785131264,53.50651431083679,-0.764923095703125,-0.31781005859375,-0.4921417236328125
1773062349795168768,53.51655197143555,-0.95849609375,-0.391815185546875,-0.41436767578125
1773062349805206784,53.52658987045288,-1.044158935546875,-0.4449920654296875,-0.4929962158203125
1773062349815244032,53.53662705421448,-1.0850982666015625,-0.401580810546875,-0.5106353759765625
1773062349825281792,53.54666495323181,-1.16949462890625,-0.3800201416015625,-0.639923095703125
1773062349835318784,53.55670189857483,-1.11968994140625,-0.50091552734375,-1.0599212646484375
1773062349845357056,53.56674003601074,-0.875396728515625,-0.4311981201171875,-0.646942138671875
1773062349855393792,53.57677698135376,-0.7396087646484375,-0.3527679443359375,-0.276092529296875
1773062349865431808,53.586814880371094,-0.461669921875,-0.171844482421875,-0.2120513916015625
1773062349875469056,53.59685206413269,-0.3726043701171875,0.0173797607421875,-0.3048248291015625
1773062349885506816,53.606889963150024,-0.3790435791015625,0.01068115234375,-0.8014678955078125
1773062349895543808,53.61692690849304,-0.5633392333984375,-0.152374267578125,-0.87530517578125
1773062349905581824,53.626965045928955,-0.884429931640625,-0.4112091064453125,-0.62677001953125
1773062349915618816,53.63700199127197,-1.085296630859375,-0.6590576171875,-0.5428314208984375
1773062349925655808,53.64703893661499,-1.0424041748046875,-0.7198333740234375,-0.4588470458984375
1773062349935694080,53.6570770740509,-0.8642578125,-0.4437255859375,-0.3908233642578125
1773062349945730816,53.66711401939392,-0.7559051513671875,-0.0335845947265625,-0.37664794921875
1773062349955768832,53.677151918411255,-0.6849365234375,0.1608734130859375,-0.4725189208984375
1773062349965805824,53.68718886375427,-0.6407012939453125,0.223297119140625,-0.561065673828125
1773062349975843840,53.697227001190186,-0.63702392578125,0.202850341796875,-0.562652587890625
1773062349985880832,53.7072639465332,-0.6138763427734375,0.1263427734375,-0.3900299072265625
1773062349995918848,53.71730184555054,-0.59161376953125,0.0255279541015625,-0.3419189453125
1773062350005955840,53.727339029312134,-0.6549530029296875,-0.269439697265625,-0.4536590576171875
1773062350015993856,53.73737692832947,-0.795989990234375,-0.6860809326171875,-0.220245361328125
1773062350026030848,53.747413873672485,-1.0582733154296875,-0.9943084716796875,0.067047119140625
1773062350036068864,53.7574520111084,-1.085845947265625,-1.0347137451171875,-0.067047119140625
1773062350046105856,53.767488956451416,-1.076751708984375,-0.828704833984375,-0.058258056640625
1773062350056143872,53.77752685546875,-1.092041015625,-0.604400634765625,-0.5325469970703125
1773062350066180864,53.78756403923035,-1.0271759033203125,-0.424591064453125,-0.6749114990234375
1773062350076218880,53.79760193824768,-0.9629974365234375,-0.2071685791015625,-0.4778900146484375
1773062350086255872,53.8076388835907,-0.96868896484375,-0.015350341796875,-0.379913330078125
1773062350096292864,53.817676067352295,-0.9643402099609375,0.1163177490234375,-0.196380615234375
1773062350106330880,53.82771396636963,-0.96142578125,0.15264892578125,-0.10443115234375
1773062350116367872,53.83775091171265,-0.9878997802734375,0.1039581298828125,-0.135345458984375
1773062350126405888,53.84778904914856,-1.0564727783203125,0.0314788818359375,-0.158538818359375
1773062350136442880,53.85782599449158,-1.1026153564453125,-0.068572998046875,-0.2682647705078125
1773062350146480896,53.86786389350891,-0.9908905029296875,-0.154083251953125,-0.4334716796875
1773062350156517888,53.87790107727051,-0.8122406005859375,-0.2020416259765625,-0.48492431640625
1773062350166555904,53.88793897628784,-0.7545318603515625,-0.23687744140625,-0.384796142578125
1773062350176592896,53.89797592163086,-0.8438720703125,-0.2433013916015625,-0.221099853515625
1773062350186630912,53.90801405906677,-0.9761810302734375,-0.2267913818359375,-0.1234893798828125
1773062350196667904,53.91805100440979,-1.03887939453125,-0.209442138671875,-0.166229248046875
1773062350206705920,53.928088903427124,-0.9852447509765625,-0.17718505859375,-0.2285919189453125
1773062350216742656,53.93812584877014,-0.8504180908203125,-0.119354248046875,-0.1919708251953125
1773062350226779904,53.94816303253174,-0.7501068115234375,-0.065521240234375,-0.15887451171875
1773062350236817920,53.95820093154907,-0.7226409912109375,-0.0547943115234375,-0.229522705078125
1773062350246854656,53.96823787689209,-0.76123046875,-0.074951171875,-0.31060791015625
1773062350256892928,53.978276014328,-0.87030029296875,-0.0798187255859375,-0.3317718505859375
1773062350266929920,53.98831295967102,-1.002532958984375,-0.067596435546875,-0.29998779296875
1773062350276967680,53.998350858688354,-1.0754852294921875,-0.04010009765625,-0.2126617431640625
1773062350287004928,54.00838804244995,-1.087890625,-0.01654052734375,-0.1204681396484375
1773062350297042944,54.018425941467285,-1.0956573486328125,-0.0227508544921875,-0.10992431640625
1773062350307079680,54.0284628868103,-1.1270294189453125,-0.0467071533203125,-0.18865966796875
1773062350317117952,54.038501024246216,-1.148681640625,-0.0413970947265625,-0.2313385009765625
1773062350327154944,54.04853796958923,-1.1291351318359375,0.011138916015625,-0.2558746337890625
1773062350337192704,54.05857586860657,-1.0546875,0.0996551513671875,-0.217529296875
1773062350347229952,54.068613052368164,-0.9746246337890625,0.1816253662109375,-0.1683502197265625
1773062350357266944,54.07864999771118,-0.8928375244140625,0.228179931640625,-0.1680908203125
1773062350367304704,54.088687896728516,-0.8542938232421875,0.2205352783203125,-0.1464385986328125
1773062350377341952,54.09872508049011,-0.940948486328125,0.1209259033203125,-0.1712799072265625
1773062350387379968,54.108762979507446,-1.120819091796875,-0.0135955810546875,-0.224517822265625
1773062350397416704,54.118799924850464,-1.18695068359375,-0.0644073486328125,-0.17034912109375
1773062350407454976,54.12883806228638,-1.068695068359375,-0.0481719970703125,-0.06622314453125
1773062350417491968,54.138875007629395,-0.9303741455078125,-0.069732666015625,-0.1609649658203125
1773062350427529728,54.14891290664673,-0.901214599609375,-0.14202880859375,-0.3766632080078125
1773062350437566720,54.158949851989746,-0.9411468505859375,-0.18572998046875,-0.47625732421875
1773062350447604992,54.16898798942566,-0.969146728515625,-0.15283203125,-0.345184326171875
1773062350457641728,54.17902493476868,-0.958892822265625,-0.070068359375,-0.1386260986328125
1773062350467680000,54.18906307220459,-0.8978424072265625,-0.006195068359375,-0.0476226806640625
1773062350477716992,54.19910001754761,-0.830841064453125,0.0051727294921875,-0.081573486328125
1773062350487754752,54.20913791656494,-0.8590545654296875,-0.0503387451171875,-0.2289581298828125
1773062350497791744,54.21917486190796,-0.9691009521484375,-0.13525390625,-0.360137939453125
1773062350507828992,54.229212045669556,-1.031646728515625,-0.1652984619140625,-0.3242950439453125
1773062350517866752,54.23924994468689,-1.0018768310546875,-0.1114501953125,-0.28558349609375
1773062350527903744,54.24928689002991,-0.925750732421875,-0.0469512939453125,-0.293731689453125
1773062350537942016,54.25932502746582,-0.8666839599609375,-0.0607452392578125,-0.2862396240234375
1773062350547978752,54.26936197280884,-0.853790283203125,-0.1331329345703125,-0.2627410888671875
1773062350558016768,54.27939987182617,-0.9295196533203125,-0.2160186767578125,-0.2240447998046875
1773062350568054016,54.28943705558777,-1.0571746826171875,-0.319549560546875,-0.2261810302734375
1773062350578091776,54.2994749546051,-1.11932373046875,-0.393951416015625,-0.2578887939453125
1773062350588128768,54.30951189994812,-1.1077423095703125,-0.4019317626953125,-0.3192596435546875
1773062350598167040,54.31955003738403,-1.115386962890625,-0.3353271484375,-0.33953857421875
1773062350608203776,54.32958698272705,-1.195404052734375,-0.2538299560546875,-0.3298492431640625
1773062350618240768,54.33962392807007,-1.2911376953125,-0.24249267578125,-0.403106689453125
1773062350628279040,54.34966206550598,-1.2828521728515625,-0.25677490234375,-0.4409637451171875
1773062350638316032,54.359699010849,-1.1915435791015625,-0.26336669921875,-0.4484710693359375
1773062350648353792,54.36973690986633,-1.120361328125,-0.2955322265625,-0.5529022216796875
1773062350658390784,54.37977385520935,-1.135467529296875,-0.3485870361328125,-0.6640625
1773062350668428800,54.389811992645264,-1.2288818359375,-0.39678955078125,-0.5496063232421875
1773062350678465792,54.39984893798828,-1.28338623046875,-0.4234619140625,-0.2589263916015625
1773062350688504064,54.409887075424194,-1.2458343505859375,-0.455902099609375,-0.0429229736328125
1773062350698540800,54.41992402076721,-1.1417388916015625,-0.52362060546875,-0.177734375
1773062350708578816,54.429961919784546,-1.0204925537109375,-0.531219482421875,-0.5086669921875
1773062350718615808,54.43999886512756,-0.98004150390625,-0.4191436767578125,-0.69757080078125
1773062350728653824,54.45003700256348,-1.0834808349609375,-0.3401031494140625,-0.7092742919921875
1773062350738690816,54.460073947906494,-1.2352752685546875,-0.4292755126953125,-0.6807708740234375
1773062350748727808,54.47011089324951,-1.2526397705078125,-0.556396484375,-0.577880859375
1773062350758765824,54.480149030685425,-1.1154937744140625,-0.59320068359375,-0.403594970703125
1773062350768802816,54.49018597602844,-0.971893310546875,-0.5629730224609375,-0.3018646240234375
1773062350778840832,54.500223875045776,-0.9133148193359375,-0.49407958984375,-0.3884429931640625
1773062350788878080,54.51026105880737,-0.91790771484375,-0.435333251953125,-0.5782470703125
1773062350798914816,54.52029800415039,-0.9677276611328125,-0.476165771484375,-0.7095489501953125
1773062350808952064,54.53033518791199,-1.0251617431640625,-0.57867431640625,-0.8018798828125
1773062350818990080,54.54037308692932,-1.011077880859375,-0.62982177734375,-0.6958465576171875
1773062350829026816,54.55041003227234,-0.9962615966796875,-0.6553955078125,-0.5920867919921875
1773062350839065088,54.56044816970825,-0.9781036376953125,-0.6600341796875,-0.5419921875
1773062350849102080,54.57048511505127,-0.9391021728515625,-0.6075286865234375,-0.504119873046875
1773062350859139840,54.5805230140686,-0.8823699951171875,-0.5073089599609375,-0.4787139892578125
1773062350869177088,54.5905601978302,-0.8441009521484375,-0.4280242919921875,-0.5397796630859375
1773062350879214080,54.60059714317322,-0.8548126220703125,-0.42987060546875,-0.6978302001953125
1773062350889251840,54.61063504219055,-0.849334716796875,-0.4990692138671875,-0.7824554443359375
1773062350899288832,54.62067198753357,-0.8210601806640625,-0.54681396484375,-0.8031158447265625
1773062350909327104,54.63071012496948,-0.81561279296875,-0.5305633544921875,-0.7606658935546875
1773062350919364096,54.6407470703125,-0.774169921875,-0.5085906982421875,-0.75140380859375
1773062350929402112,54.65078520774841,-0.697174072265625,-0.469879150390625,-0.73583984375
1773062350939439104,54.66082215309143,-0.6672210693359375,-0.4243011474609375,-0.6885986328125
1773062350949476864,54.670860052108765,-0.6503448486328125,-0.4225006103515625,-0.72344970703125
1773062350959513856,54.68089699745178,-0.617462158203125,-0.434356689453125,-0.7374725341796875
1773062350969552128,54.690935134887695,-0.578277587890625,-0.462615966796875,-0.7746734619140625
1773062350979588864,54.70097208023071,-0.4989166259765625,-0.52960205078125,-0.864501953125
1773062350989626880,54.71100997924805,-0.4174957275390625,-0.492706298828125,-0.822540283203125
1773062350999664128,54.721047163009644,-0.4031829833984375,-0.4304351806640625,-0.7712860107421875
1773062351009701120,54.73108410835266,-0.3896636962890625,-0.3870086669921875,-0.8697967529296875
1773062351019738880,54.741122007369995,-0.3851318359375,-0.3101959228515625,-0.845062255859375
1773062351029776128,54.75115919113159,-0.380157470703125,-0.2767181396484375,-0.8430633544921875
1773062351039813888,54.761197090148926,-0.3475189208984375,-0.3118896484375,-0.8446502685546875
1773062351049850880,54.77123403549194,-0.30670166015625,-0.41314697265625,-0.916229248046875
1773062351059889152,54.781272172927856,-0.2438201904296875,-0.4460601806640625,-0.8563232421875
1773062351069926144,54.791309118270874,-0.1934967041015625,-0.39111328125,-0.6934661865234375
1773062351079963904,54.80134701728821,-0.1697845458984375,-0.3679351806640625,-0.7579498291015625
1773062351090001152,54.811384201049805,-0.150726318359375,-0.34564208984375,-0.8497314453125
1773062351100038912,54.82142210006714,-0.139556884765625,-0.27593994140625,-0.7747955322265625
1773062351110075904,54.831459045410156,-0.12554931640625,-0.2323760986328125,-0.7576904296875
1773062351120114176,54.84149718284607,-0.0836181640625,-0.2405548095703125,-0.8015899658203125
1773062351130150912,54.85153412818909,-0.042816162109375,-0.273590087890625,-0.8534393310546875
1773062351140187904,54.861571073532104,-0.002655029296875,-0.312408447265625,-0.869293212890625
1773062351150225920,54.87160897254944,0.035003662109375,-0.3028564453125,-0.7890167236328125
1773062351160263168,54.881646156311035,0.0670623779296875,-0.2432861328125,-0.7138519287109375
1773062351170300928,54.89168405532837,0.0994720458984375,-0.1981201171875,-0.7419281005859375
1773062351180337920,54.90172100067139,0.1499786376953125,-0.184722900390625,-0.7690277099609375
1773062351190375936,54.9117591381073,0.2074127197265625,-0.229583740234375,-0.793365478515625
1773062351200412928,54.92179608345032,0.19403076171875,-0.2737884521484375,-0.801727294921875
1773062351210450944,54.93183398246765,0.1744384765625,-0.2596893310546875,-0.8202056884765625
1773062351220488192,54.94187116622925,0.19244384765625,-0.148895263671875,-0.7911834716796875
1773062351230525952,54.95190906524658,0.2223663330078125,-0.070892333984375,-0.746673583984375
1773062351240562944,54.9619460105896,0.29254150390625,-0.128936767578125,-0.80572509765625
1773062351250600960,54.97198414802551,0.35693359375,-0.2294158935546875,-0.8507080078125
1773062351260637952,54.98202109336853,0.334197998046875,-0.268280029296875,-0.854278564453125
1773062351270675968,54.992058992385864,0.31756591796875,-0.14874267578125,-0.6416168212890625
1773062351280712960,55.00209617614746,0.334320068359375,-0.0128326416015625,-0.5714569091796875
1773062351290749952,55.01213312149048,0.3975830078125,0.059600830078125,-0.5852508544921875
1773062351300787968,55.02217102050781,0.5120391845703125,0.103302001953125,-0.55499267578125
1773062351310825216,55.03220820426941,0.595184326171875,0.0596160888671875,-0.61773681640625
1773062351320862976,55.04224610328674,0.5971221923828125,-0.0871734619140625,-0.790679931640625
1773062351330899968,55.05228304862976,0.5272216796875,-0.1893310546875,-0.860565185546875
1773062351340937984,55.062321186065674,0.4408111572265625,-0.175750732421875,-0.7555694580078125
1773062351350974976,55.07235813140869,0.395233154296875,-0.14093017578125,-0.663604736328125
1773062351361012992,55.082396030426025,0.4425201416015625,-0.0559539794921875,-0.5582122802734375
1773062351371049984,55.09243297576904,0.5329132080078125,0.044036865234375,-0.51641845703125
1773062351381088000,55.102471113204956,0.6317901611328125,0.082244873046875,-0.5349578857421875
1773062351391124992,55.112508058547974,0.717041015625,0.077117919921875,-0.5139007568359375
1773062351401161984,55.12254500389099,0.7347259521484375,0.0404052734375,-0.5714874267578125
1773062351411200000,55.132583141326904,0.6788787841796875,-0.0225982666015625,-0.648193359375
1773062351421236992,55.14262008666992,0.6032867431640625,-0.07220458984375,-0.587646484375
1773062351431275008,55.152657985687256,0.574859619140625,-0.1002655029296875,-0.5957489013671875
1773062351441312000,55.16269516944885,0.603790283203125,-0.066802978515625,-0.520721435546875
1773062351451350016,55.17273306846619,0.650604248046875,0.007354736328125,-0.416839599609375
1773062351461387008,55.182770013809204,0.697357177734375,0.0782623291015625,-0.3848114013671875
1773062351471425024,55.19280815124512,0.764739990234375,0.1241912841796875,-0.40234375
1773062351481462016,55.202845096588135,0.80029296875,0.12017822265625,-0.432098388671875
1773062351491499776,55.21288299560547,0.786376953125,0.08074951171875,-0.45086669921875
1773062351501537024,55.222920179367065,0.7241363525390625,0.0316925048828125,-0.4465179443359375
1773062351511575040,55.2329580783844,0.6693115234375,0.0133056640625,-0.420074462890625
1773062351521612032,55.24299502372742,0.6883087158203125,0.0104522705078125,-0.377685546875
1773062351531649024,55.253032207489014,0.763336181640625,0.008331298828125,-0.3841094970703125
1773062351541687040,55.26307010650635,0.8129119873046875,0.0706939697265625,-0.3230133056640625
1773062351551724032,55.273107051849365,0.8417816162109375,0.1203460693359375,-0.3087615966796875
1773062351561762048,55.28314518928528,0.859588623046875,0.09808349609375,-0.33563232421875
1773062351571799040,55.293182134628296,0.8506927490234375,0.0753021240234375,-0.34613037109375
1773062351581837056,55.30322003364563,0.822509765625,0.0670928955078125,-0.3386688232421875
1773062351591873792,55.31325697898865,0.836700439453125,0.0711669921875,-0.3972625732421875
1773062351601912064,55.32329511642456,0.8623809814453125,0.1102294921875,-0.3204193115234375
1773062351611949056,55.33333206176758,0.88482666015625,0.0916900634765625,-0.2641754150390625
1773062351621987072,55.34337019920349,0.8988494873046875,0.0457000732421875,-0.257293701171875
1773062351632024064,55.35340714454651,0.918212890625,9.1552734375e-05,-0.2032470703125
1773062351642061824,55.36344504356384,0.914093017578125,-0.03314208984375,-0.1781005859375
1773062351652098816,55.37348198890686,0.9277191162109375,-0.02117919921875,-0.2176666259765625
1773062351662136064,55.38351917266846,0.9729156494140625,0.034942626953125,-0.2735137939453125
1773062351672174080,55.39355707168579,1.028778076171875,0.1165771484375,-0.2498779296875
1773062351682210816,55.40359401702881,1.062652587890625,0.1585845947265625,-0.191925048828125
1773062351692249088,55.41363215446472,1.0710601806640625,0.14300537109375,-0.1847686767578125
1773062351702286080,55.42366909980774,1.0702972412109375,0.093109130859375,-0.1374053955078125
1773062351712323840,55.43370699882507,1.048187255859375,0.0091400146484375,-0.1413116455078125
1773062351722361088,55.44374418258667,1.0044097900390625,-0.0367279052734375,-0.12310791015625
1773062351732399104,55.453782081604004,0.992340087890625,-0.03094482421875,-0.1166229248046875
1773062351742435840,55.46381902694702,1.01409912109375,0.0035247802734375,-0.1491851806640625
1773062351752474112,55.473857164382935,1.0307464599609375,0.0551300048828125,-0.114776611328125
1773062351762511104,55.48389410972595,1.0725860595703125,0.0814666748046875,-0.0819244384765625
1773062351772548864,55.493932008743286,1.1036834716796875,0.0821685791015625,-0.073486328125
1773062351782586112,55.50396919250488,1.1104736328125,0.0580596923828125,-0.0535888671875
1773062351792623104,55.5140061378479,1.0859222412109375,0.0374603271484375,-0.07904052734375
1773062351802661632,55.52404475212097,1.0470123291015625,0.04534912109375,-0.05963134765625
1773062351812698624,55.53408169746399,1.0147857666015625,0.050201416015625,-0.046661376953125
1773062351822736384,55.54411959648132,1.0036163330078125,0.05767822265625,-0.03466796875
1773062351832773632,55.55415678024292,1.009735107421875,0.05975341796875,0.00433349609375
1773062351842811648,55.564194679260254,1.0161285400390625,0.0400848388671875,-0.0027618408203125
1773062351852848640,55.57423162460327,1.00360107421875,0.029083251953125,0.0146026611328125
1773062351862886656,55.584269762039185,0.974884033203125,0.03570556640625,0.01104736328125
1773062351872923648,55.5943067073822,0.94744873046875,0.0556793212890625,0.0009765625
1773062351882961408,55.604344606399536,0.9447021484375,0.056182861328125,0.012420654296875
1773062351892998656,55.61438179016113,0.9416961669921875,0.041961669921875,0.0060577392578125
1773062351903035648,55.62441873550415,0.9332275390625,0.0327606201171875,0.019989013671875
1773062351913073664,55.634456634521484,0.926177978515625,0.0330352783203125,0.0315704345703125
1773062351923110400,55.6444935798645,0.9202880859375,0.0359954833984375,0.0236053466796875
1773062351933148672,55.654531717300415,0.9288330078125,0.0537261962890625,0.04620361328125
1773062351943185664,55.66456866264343,0.9425201416015625,0.0829620361328125,0.0350799560546875
1773062351953223424,55.67460656166077,0.9453887939453125,0.1143646240234375,0.036895751953125
1773062351963260672,55.68464374542236,0.93212890625,0.106292724609375,0.0472564697265625
1773062351973298432,55.6946816444397,0.911865234375,0.0815277099609375,0.042388916015625
1773062351983335424,55.704718589782715,0.88958740234375,0.078094482421875,0.039306640625
1773062351993373696,55.71475672721863,0.8827972412109375,0.0988006591796875,0.0454864501953125
1773062352003410688,55.724793672561646,0.8946075439453125,0.12255859375,0.0511016845703125
1773062352013448448,55.73483157157898,0.9232940673828125,0.1171112060546875,0.053375244140625
1773062352023485696,55.744868755340576,0.95806884765625,0.1010284423828125,0.074188232421875
1773062352033522688,55.754905700683594,0.9751739501953125,0.10064697265625,0.0909576416015625
1773062352043560448,55.76494359970093,0.9675140380859375,0.1005706787109375,0.059478759765625
1773062352053597696,55.774980783462524,0.9464263916015625,0.1046142578125,0.0277252197265625
1773062352063635712,55.78501868247986,0.9180908203125,0.116180419921875,0.0345611572265625
1773062352073672448,55.795055627822876,0.9290008544921875,0.117767333984375,0.049285888671875
1773062352083710720,55.80509376525879,0.9748687744140625,0.1041259765625,0.0584869384765625
1773062352093747712,55.81513071060181,1.0026397705078125,0.1009979248046875,0.0611419677734375
1773062352103785472,55.82516860961914,1.00048828125,0.1161041259765625,0.0551605224609375
1773062352113822464,55.83520555496216,0.9971923828125,0.14520263671875,0.0682525634765625
1773062352123860480,55.84524369239807,1.021240234375,0.1568756103515625,0.079498291015625
1773062352133897472,55.85528063774109,1.059967041015625,0.1481781005859375,0.0662078857421875
1773062352143935744,55.865318775177,1.058990478515625,0.1267242431640625,0.058837890625
1773062352153972736,55.87535572052002,1.0415802001953125,0.1044921875,0.0484619140625
1773062352164009472,55.88539266586304,1.024139404296875,0.0837860107421875,0.028289794921875
1773062352174047488,55.89543056488037,1.0066680908203125,0.073516845703125,0.0202484130859375
1773062352184084736,55.90546774864197,1.0076904296875,0.0600128173828125,0.0217132568359375
1773062352194122496,55.9155056476593,1.014129638671875,0.063201904296875,0.045654296875
1773062352204159488,55.92554259300232,1.0307159423828125,0.0766448974609375,0.04718017578125
1773062352214197760,55.93558073043823,1.054718017578125,0.104034423828125,0.0634765625
1773062352224234496,55.94561767578125,1.0648040771484375,0.127166748046875,0.0571746826171875
1773062352234272512,55.955655574798584,1.0581207275390625,0.121826171875,0.04901123046875
1773062352244309760,55.96569275856018,1.0503082275390625,0.097564697265625,0.037628173828125
1773062352254347520,55.975730657577515,1.03485107421875,0.0652008056640625,0.022369384765625
1773062352264384512,55.98576760292053,1.0122528076171875,0.046417236328125,0.0067291259765625
1773062352274422528,55.995805740356445,0.9969635009765625,0.047698974609375,-0.00628662109375
1773062352284459520,56.00584268569946,0.9958648681640625,0.055145263671875,0.0196380615234375
1773062352294496512,56.01587963104248,1.01483154296875,0.04736328125,0.0341796875
1773062352304534784,56.025917768478394,1.0208282470703125,0.0294647216796875,0.0337982177734375
1773062352314571520,56.03595471382141,0.9976806640625,0.034698486328125,0.0335845947265625
1773062352324609536,56.045992612838745,0.974334716796875,0.0518798828125,0.0421142578125
1773062352334646528,56.05602955818176,0.978179931640625,0.0676422119140625,0.047882080078125
1773062352344684544,56.066067695617676,0.9934539794921875,0.06744384765625,0.0501556396484375
1773062352354721536,56.07610464096069,1.009063720703125,0.068939208984375,0.051483154296875
1773062352364759808,56.086142778396606,0.990020751953125,0.07330322265625,0.047149658203125
1773062352374796544,56.096179723739624,0.9464569091796875,0.0615234375,0.05413818359375
1773062352384834560,56.10621762275696,0.9151153564453125,0.0434112548828125,0.06402587890625
1773062352394871552,56.116254568099976,0.919189453125,0.0390777587890625,0.0586395263671875
1773062352404909568,56.12629270553589,0.9336395263671875,0.0454559326171875,0.0591583251953125
1773062352414946560,56.136329650878906,0.9354705810546875,0.0592803955078125,0.0744171142578125
1773062352424983552,56.146366596221924,0.9326171875,0.0699462890625,0.0723419189453125
1773062352435021568,56.15640473365784,0.9314422607421875,0.068450927734375,0.0578155517578125
1773062352445058560,56.166441679000854,0.9367828369140625,0.06829833984375,0.0697479248046875
1773062352455096576,56.17647957801819,0.944244384765625,0.064849853515625,0.087921142578125
1773062352465133568,56.186516761779785,0.9613189697265625,0.06011962890625,0.0899200439453125
1773062352475171584,56.19655466079712,0.9635467529296875,0.0610504150390625,0.09625244140625
1773062352485208576,56.20659160614014,0.9656982421875,0.07470703125,0.109405517578125
1773062352495246592,56.21662974357605,0.975616455078125,0.08880615234375,0.1287689208984375
1773062352505283584,56.22666668891907,1.0078582763671875,0.0921783447265625,0.146148681640625
1773062352515321600,56.2367045879364,1.0213470458984375,0.081573486328125,0.143798828125
1773062352525358592,56.246741771698,1.0030364990234375,0.0689239501953125,0.1283111572265625
1773062352535395584,56.256778717041016,0.9627685546875,0.064300537109375,0.131011962890625
1773062352545433600,56.26681661605835,0.940887451171875,0.0709991455078125,0.14202880859375
1773062352555470592,56.27685356140137,0.9685821533203125,0.10296630859375,0.1418914794921875
1773062352565508608,56.28689169883728,1.0118865966796875,0.1313629150390625,0.1740875244140625
1773062352575545600,56.2969286441803,1.053009033203125,0.12109375,0.1870880126953125
1773062352585583616,56.30696678161621,1.0604248046875,0.089569091796875,0.1827239990234375
1773062352595620608,56.31700372695923,1.0481414794921875,0.0799102783203125,0.192138671875
1773062352605658624,56.32704162597656,1.0278472900390625,0.0880126953125,0.1822662353515625
1773062352615695360,56.33707857131958,1.0097198486328125,0.0868377685546875,0.142120361328125
1773062352625733632,56.34711670875549,0.9870758056640625,0.0830078125,0.1271209716796875
1773062352635770624,56.35715365409851,0.9708709716796875,0.07373046875,0.1161651611328125
1773062352645808640,56.367191791534424,0.971710205078125,0.066436767578125,0.1071929931640625
1773062352655845632,56.37722873687744,0.9808807373046875,0.080596923828125,0.098876953125
1773062352665882624,56.38726568222046,0.984710693359375,0.0848541259765625,0.1052703857421875
1773062352675920384,56.39730358123779,0.995391845703125,0.065582275390625,0.1118927001953125
1773062352685957632,56.40734076499939,0.9949188232421875,0.041107177734375,0.090606689453125
1773062352695995648,56.417378664016724,0.9702606201171875,0.024017333984375,0.0845489501953125
1773062352706032640,56.42741560935974,0.9333038330078125,0.02239990234375,0.0482635498046875
1773062352716070656,56.437453746795654,0.896087646484375,0.05023193359375,-0.0234222412109375
1773062352726107648,56.44749069213867,0.8629302978515625,0.078704833984375,-0.03204345703125
1773062352736145408,56.457528591156006,0.869232177734375,0.0596466064453125,-0.0409088134765625
1773062352746182656,56.4675657749176,0.8876953125,0.01275634765625,-0.097412109375
1773062352756220672,56.47760367393494,0.87481689453125,-0.013092041015625,-0.1209564208984375
1773062352766257408,56.487640619277954,0.84759521484375,-0.0216217041015625,-0.133514404296875
1773062352776294400,56.49767756462097,0.8390045166015625,-0.00701904296875,-0.16802978515625
1773062352786332672,56.507715702056885,0.8391571044921875,0.04168701171875,-0.236663818359375
1773062352796369664,56.51775288581848,0.845703125,0.070892333984375,-0.1716461181640625
1773062352806407680,56.527790784835815,0.8932952880859375,0.0489044189453125,-0.17254638671875
1773062352816444672,56.53782773017883,0.908050537109375,0.0118408203125,-0.265380859375
1773062352826482688,56.547865867614746,0.8726806640625,0.0181884765625,-0.2396697998046875
1773062352836519680,56.557902812957764,0.850189208984375,0.029693603515625,-0.2197113037109375
1773062352846557952,56.56794095039368,0.8320770263671875,0.029815673828125,-0.2813568115234375
1773062352856594688,56.577977895736694,0.81146240234375,0.0457916259765625,-0.382659912109375
1773062352866632704,56.58801579475403,0.815032958984375,0.0819091796875,-0.339752197265625
1773062352876669696,56.598052740097046,0.859100341796875,0.090789794921875,-0.2342071533203125
1773062352886707712,56.60809087753296,0.8868560791015625,0.0487823486328125,-0.2974395751953125
1773062352896744704,56.61812782287598,0.8599090576171875,0.036651611328125,-0.360748291015625
1773062352906781696,56.628164768218994,0.8412017822265625,0.0890350341796875,-0.3162994384765625
1773062352916819712,56.63820290565491,0.8399505615234375,0.1339569091796875,-0.307525634765625
1773062352926856704,56.648239850997925,0.8272247314453125,0.1279144287109375,-0.368255615234375
1773062352936894720,56.65827775001526,0.8157196044921875,0.1157684326171875,-0.425933837890625
1773062352946931712,56.668314933776855,0.80950927734375,0.101409912109375,-0.4140625
1773062352956969728,56.67835283279419,0.7947998046875,0.0617828369140625,-0.437408447265625
1773062352967006720,56.68838977813721,0.7560577392578125,0.020599365234375,-0.4460296630859375
1773062352977044736,56.69842791557312,0.7141571044921875,0.0295867919921875,-0.367401123046875
1773062352987081728,56.70846486091614,0.7047576904296875,0.0912628173828125,-0.2367401123046875
1773062352997119744,56.71850275993347,0.7388916015625,0.0887908935546875,-0.3692474365234375
1773062353007156736,56.72853994369507,0.73101806640625,-0.0091552734375,-0.578125
1773062353017193728,56.738576889038086,0.6780242919921875,-0.0522003173828125,-0.6325225830078125
1773062353027231744,56.74861478805542,0.6155242919921875,-0.0706787109375,-0.576629638671875
1773062353037268736,56.75865173339844,0.5746307373046875,-0.0813751220703125,-0.48590087890625
1773062353047306752,56.76868987083435,0.5532073974609375,-0.02130126953125,-0.33660888671875
1773062353057343744,56.77872681617737,0.5713043212890625,0.017425537109375,-0.3255615234375
1773062353067381760,56.78876495361328,0.591094970703125,0.001678466796875,-0.4553375244140625
1773062353077418752,56.7988018989563,0.57183837890625,-0.0760345458984375,-0.7224884033203125
1773062353087456768,56.80883979797363,0.480987548828125,-0.1872711181640625,-0.84942626953125
1773062353097493760,56.81887674331665,0.40203857421875,-0.274444580078125,-0.8561553955078125
1773062353107531776,56.82891488075256,0.3379974365234375,-0.3614501953125,-0.8800048828125
1773062353117568768,56.83895182609558,0.283050537109375,-0.3907623291015625,-0.8645172119140625
1773062353127606528,56.848989725112915,0.2926788330078125,-0.1985931396484375,-0.57928466796875
1773062353137643776,56.85902690887451,0.3901824951171875,0.051055908203125,-0.296722412109375
1773062353147680768,56.86906385421753,0.48895263671875,0.0938568115234375,-0.3727569580078125
1773062353157718784,56.87910175323486,0.5087738037109375,-0.043365478515625,-0.769378662109375
1773062353167755776,56.88913893699646,0.3636016845703125,-0.2758941650390625,-1.0507659912109375
1773062353177793792,56.899176836013794,0.1220855712890625,-0.522979736328125,-1.1840057373046875
1773062353187830784,56.90921378135681,-0.0830078125,-0.7051239013671875,-1.15179443359375
1773062353197868800,56.919251918792725,-0.1766204833984375,-0.69586181640625,-0.921661376953125
1773062353207905792,56.92928886413574,-0.101593017578125,-0.4534454345703125,-0.6251678466796875
1773062353217943552,56.939326763153076,0.0690460205078125,-0.140411376953125,-0.35662841796875
1773062353227980800,56.94936394691467,0.23150634765625,0.01580810546875,-0.3734283447265625
1773062353238018816,56.95940184593201,0.312164306640625,-0.09991455078125,-0.7056884765625
1773062353248055808,56.969438791275024,0.1451873779296875,-0.3501739501953125,-1.081298828125
1773062353258092544,56.97947573661804,-0.1591033935546875,-0.5330047607421875,-1.16656494140625
1773062353268130816,56.989513874053955,-0.374786376953125,-0.644256591796875,-0.9741058349609375
1773062353278167808,56.99955081939697,-0.4423980712890625,-0.6323394775390625,-0.816558837890625
1773062353288205824,57.009588956832886,-0.3808135986328125,-0.4868927001953125,-0.6952362060546875
1773062353298242816,57.0196259021759,-0.243804931640625,-0.3617401123046875,-0.6738433837890625
1773062353308280832,57.02966380119324,-0.1699066162109375,-0.3939361572265625,-0.8315582275390625
1773062353318317568,57.039700746536255,-0.222412109375,-0.4042205810546875,-0.8224639892578125
1773062353328355840,57.04973888397217,-0.34844970703125,-0.3520965576171875,-0.6845550537109375
1773062353338392832,57.059775829315186,-0.474884033203125,-0.408111572265625,-0.7943878173828125
1773062353348430592,57.06981372833252,-0.54376220703125,-0.5315399169921875,-1.0032958984375
1773062353358467840,57.079850912094116,-0.5498199462890625,-0.639678955078125,-1.0773773193359375
1773062353368504832,57.089887857437134,-0.536590576171875,-0.68707275390625,-0.98504638671875
1773062353378542592,57.09992575645447,-0.5618743896484375,-0.6849365234375,-0.85443115234375
1773062353388579840,57.109962940216064,-0.5743408203125,-0.5929718017578125,-0.6834564208984375
1773062353398617856,57.1200008392334,-0.5617218017578125,-0.386016845703125,-0.493743896484375
1773062353408654592,57.130037784576416,-0.586395263671875,-0.288360595703125,-0.53662109375
1773062353418692864,57.14007592201233,-0.6300506591796875,-0.326904296875,-0.745574951171875
1773062353428729856,57.15011286735535,-0.66522216796875,-0.373565673828125,-0.8793487548828125
1773062353438767616,57.16015076637268,-0.713623046875,-0.474761962890625,-0.911712646484375
1773062353448804864,57.17018795013428,-0.7852325439453125,-0.6227569580078125,-0.9813232421875
1773062353458842880,57.18022584915161,-0.83782958984375,-0.6737060546875,-0.8785552978515625
1773062353468879616,57.19026279449463,-0.886322021484375,-0.617706298828125,-0.77392578125
1773062353478917888,57.20030093193054,-0.8843536376953125,-0.4791412353515625,-0.6622467041015625
1773062353488954880,57.21033787727356,-0.85101318359375,-0.272552490234375,-0.492034912109375
1773062353498991616,57.22037482261658,-0.8418426513671875,-0.1447601318359375,-0.547332763671875
1773062353509029632,57.23041272163391,-0.840850830078125,-0.233489990234375,-0.7762451171875
1773062353519066880,57.24044990539551,-0.8841400146484375,-0.4701080322265625,-0.9225921630859375
1773062353529104640,57.25048780441284,-0.95172119140625,-0.642913818359375,-0.855743408203125
1773062353539141632,57.26052474975586,-0.9775390625,-0.68280029296875,-0.657379150390625
1773062353549179904,57.27056288719177,-0.9601287841796875,-0.5688629150390625,-0.580047607421875
1773062353559216640,57.28059983253479,-0.9203948974609375,-0.3392791748046875,-0.5346832275390625
1773062353569254656,57.290637731552124,-0.906585693359375,-0.2178497314453125,-0.6074981689453125
1773062353579291904,57.30067491531372,-0.91546630859375,-0.239715576171875,-0.73388671875
1773062353589329664,57.310712814331055,-0.9623260498046875,-0.3287811279296875,-0.73956298828125
1773062353599366656,57.32074975967407,-1.01324462890625,-0.4619140625,-0.67315673828125
1773062353609403904,57.33078694343567,-0.9901580810546875,-0.5106658935546875,-0.5977935791015625
1773062353619441664,57.340824842453,-0.9028472900390625,-0.4283599853515625,-0.5417022705078125
1773062353629478656,57.35086178779602,-0.85296630859375,-0.3340606689453125,-0.589080810546875
1773062353639516928,57.360899925231934,-0.85906982421875,-0.3187103271484375,-0.7283935546875
1773062353649553664,57.37093687057495,-0.8733978271484375,-0.343658447265625,-0.7623443603515625
1773062353659591680,57.380974769592285,-0.9034271240234375,-0.3932647705078125,-0.657806396484375
1773062353669628928,57.39101195335388,-0.9339752197265625,-0.4489593505859375,-0.5505828857421875
1773062353679666688,57.401049852371216,-0.9123992919921875,-0.455902099609375,-0.5063629150390625
1773062353689703680,57.41108679771423,-0.8547210693359375,-0.38299560546875,-0.483489990234375
1773062353699741952,57.42112493515015,-0.8262939453125,-0.277557373046875,-0.51416015625
1773062353709778688,57.431161880493164,-0.830810546875,-0.200653076171875,-0.584136962890625
1773062353719816704,57.4411997795105,-0.8521728515625,-0.20025634765625,-0.6356048583984375
1773062353729853696,57.451236724853516,-0.892242431640625,-0.2957000732421875,-0.6999664306640625
1773062353739890688,57.46127390861511,-0.9252471923828125,-0.4208526611328125,-0.6623077392578125
1773062353749928704,57.471311807632446,-0.94732666015625,-0.5027313232421875,-0.572723388671875
1773062353759965696,57.481348752975464,-0.937225341796875,-0.5101318359375,-0.478759765625
1773062353770003712,57.49138689041138,-0.8875579833984375,-0.4378814697265625,-0.40966796875
1773062353780040704,57.501423835754395,-0.842559814453125,-0.313079833984375,-0.412384033203125
1773062353790078720,57.51146173477173,-0.8353424072265625,-0.187744140625,-0.479705810546875
1773062353800114432,57.52149748802185,-0.8769683837890625,-0.1453399658203125,-0.5634918212890625
1773062353810152448,57.531535625457764,-0.9399871826171875,-0.2006378173828125,-0.6360626220703125
1773062353820189440,57.54157257080078,-0.9839019775390625,-0.28369140625,-0.63543701171875
1773062353830226432,57.5516095161438,-0.9965667724609375,-0.343597412109375,-0.563140869140625
1773062353840264448,57.56164765357971,-0.975128173828125,-0.3711700439453125,-0.504241943359375
1773062353850301440,57.57168459892273,-0.9381103515625,-0.3541107177734375,-0.4723968505859375
1773062353860339456,57.58172249794006,-0.9144287109375,-0.3213043212890625,-0.5006561279296875
1773062353870376448,57.59175944328308,-0.9194488525390625,-0.296722412109375,-0.545989990234375
1773062353880414464,57.601797580718994,-0.9416961669921875,-0.2575225830078125,-0.536041259765625
1773062353890451456,57.61183452606201,-0.97613525390625,-0.2683258056640625,-0.54632568359375
1773062353900489472,57.621872663497925,-0.9827117919921875,-0.3430938720703125,-0.588165283203125
1773062353910526464,57.63190960884094,-0.95269775390625,-0.404632568359375,-0.5923614501953125
1773062353920564480,57.641947507858276,-0.908538818359375,-0.393646240234375,-0.5527496337890625
1773062353930601472,57.651984453201294,-0.90087890625,-0.3316650390625,-0.5028228759765625
1773062353940639488,57.66202259063721,-0.927490234375,-0.290283203125,-0.5105743408203125
1773062353950676480,57.672059535980225,-0.9574737548828125,-0.284423828125,-0.5407867431640625
1773062353960713472,57.68209648132324,-0.9722442626953125,-0.32904052734375,-0.5819244384765625
1773062353970751488,57.692134618759155,-0.9528350830078125,-0.4001922607421875,-0.577911376953125
1773062353980788480,57.70217156410217,-0.915435791015625,-0.4404144287109375,-0.518402099609375
1773062353990826496,57.71220946311951,-0.88409423828125,-0.4115142822265625,-0.4323272705078125
1773062354000863488,57.7222466468811,-0.8884429931640625,-0.35955810546875,-0.44195556640625
1773062354010901504,57.73228454589844,-0.9256591796875,-0.3476715087890625,-0.5797882080078125
1773062354020938496,57.742321491241455,-0.96295166015625,-0.330474853515625,-0.642486572265625
1773062354030976512,57.75235962867737,-0.9951019287109375,-0.29669189453125,-0.5694580078125
1773062354041013504,57.762396574020386,-1.0141448974609375,-0.3017120361328125,-0.4875640869140625
1773062354051051264,57.77243447303772,-0.9776458740234375,-0.3405303955078125,-0.461639404296875
1773062354061088512,57.782471656799316,-0.911163330078125,-0.39166259765625,-0.5080718994140625
1773062354071125504,57.792508602142334,-0.89410400390625,-0.4515228271484375,-0.607574462890625
1773062354081163520,57.80254650115967,-0.9568634033203125,-0.4915008544921875,-0.653533935546875
1773062354091200256,57.812583446502686,-1.0239410400390625,-0.4823455810546875,-0.5594482421875
1773062354101238528,57.8226215839386,-1.033538818359375,-0.4478912353515625,-0.468719482421875
1773062354111275520,57.832658529281616,-0.9795074462890625,-0.387939453125,-0.4575958251953125
1773062354121313536,57.84269666671753,-0.9225006103515625,-0.3430328369140625,-0.500518798828125
1773062354131350528,57.85273361206055,-0.893585205078125,-0.3731689453125,-0.6480865478515625
1773062354141388544,57.86277151107788,-0.9009552001953125,-0.3882293701171875,-0.69769287109375
1773062354151425280,57.8728084564209,-0.986175537109375,-0.4178466796875,-0.6606597900390625
1773062354161463552,57.88284659385681,-1.036224365234375,-0.488555908203125,-0.6672821044921875
1773062354171500544,57.89288353919983,-1.0192413330078125,-0.5170745849609375,-0.623382568359375
1773062354181538304,57.90292143821716,-0.9774627685546875,-0.5063934326171875,-0.5822296142578125
1773062354191575552,57.91295862197876,-0.91162109375,-0.4680633544921875,-0.55474853515625
1773062354201612544,57.92299556732178,-0.8466796875,-0.4324798583984375,-0.528411865234375
1773062354211650304,57.93303346633911,-0.8194580078125,-0.456787109375,-0.6390533447265625
1773062354221687552,57.94307065010071,-0.8196258544921875,-0.4900360107421875,-0.77313232421875
1773062354231725568,57.95310854911804,-0.87353515625,-0.447235107421875,-0.69036865234375
1773062354241762304,57.96314549446106,-0.949859619140625,-0.4272918701171875,-0.56451416015625
1773062354251800576,57.97318363189697,-0.96417236328125,-0.494232177734375,-0.6257781982421875
1773062354261837568,57.98322057723999,-0.8923187255859375,-0.5609588623046875,-0.6743621826171875
1773062354271875328,57.993258476257324,-0.801971435546875,-0.607391357421875,-0.668243408203125
1773062354281912576,58.00329566001892,-0.7048492431640625,-0.5979766845703125,-0.63653564453125
1773062354291950592,58.013333559036255,-0.6552886962890625,-0.52099609375,-0.606597900390625
1773062354301987328,58.02337050437927,-0.6783905029296875,-0.45562744140625,-0.6432647705078125
1773062354312024320,58.03340744972229,-0.7501678466796875,-0.4593048095703125,-0.7417755126953125
1773062354322062592,58.0434455871582,-0.801483154296875,-0.5248565673828125,-0.8152008056640625
1773062354332099328,58.05348253250122,-0.75244140625,-0.54779052734375,-0.7719268798828125
1773062354342137344,58.063520431518555,-0.6492919921875,-0.5040283203125,-0.6820068359375
1773062354352174592,58.07355761528015,-0.5794219970703125,-0.507659912109375,-0.7172088623046875
1773062354362212352,58.083595514297485,-0.531829833984375,-0.5482330322265625,-0.8186492919921875
1773062354372249344,58.0936324596405,-0.5225067138671875,-0.53240966796875,-0.7860107421875
1773062354382287616,58.103670597076416,-0.5406341552734375,-0.5195465087890625,-0.725860595703125
1773062354392324352,58.113707542419434,-0.5455322265625,-0.5361785888671875,-0.7556610107421875
1773062354402362368,58.12374544143677,-0.5097503662109375,-0.5403594970703125,-0.78118896484375
1773062354412399616,58.133782625198364,-0.4669952392578125,-0.5516357421875,-0.709442138671875
1773062354422436352,58.14381957054138,-0.428924560546875,-0.57275390625,-0.6888427734375
1773062354432474368,58.153857469558716,-0.370849609375,-0.5629730224609375,-0.7090911865234375
1773062354442511616,58.16389465332031,-0.3201904296875,-0.50469970703125,-0.81475830078125
1773062354452549376,58.17393255233765,-0.2848052978515625,-0.4124603271484375,-0.8802490234375
1773062354462586368,58.183969497680664,-0.2746124267578125,-0.4007720947265625,-0.8976898193359375
1773062354472624640,58.19400763511658,-0.3034820556640625,-0.4751739501953125,-1.0085906982421875
1773062354482661376,58.204044580459595,-0.32489013671875,-0.4902801513671875,-0.8795928955078125
1773062354492699392,58.21408247947693,-0.3122100830078125,-0.4969024658203125,-0.6732635498046875
1773062354502736640,58.224119663238525,-0.2320709228515625,-0.5507965087890625,-0.6868743896484375
1773062354512774400,58.23415756225586,-0.10821533203125,-0.5451507568359375,-0.795745849609375
1773062354522811392,58.24419450759888,-0.0183868408203125,-0.4482421875,-0.77349853515625
1773062354532848384,58.254231452941895,-0.0001068115234375,-0.38848876953125,-0.7777252197265625
1773062354542886400,58.26426959037781,-0.03656005859375,-0.3843841552734375,-0.9270172119140625
1773062354552923392,58.274306535720825,-0.0887451171875,-0.34716796875,-0.89154052734375
1773062354562961408,58.28434443473816,-0.1112518310546875,-0.3333587646484375,-0.814544677734375
1773062354572998400,58.294381618499756,-0.056732177734375,-0.3958892822265625,-0.8954620361328125
1773062354583036416,58.30441951751709,0.039703369140625,-0.4153289794921875,-0.8734130859375
1773062354593073408,58.31445646286011,0.105560302734375,-0.3961029052734375,-0.8646697998046875
1773062354603111424,58.32449460029602,0.13934326171875,-0.35693359375,-0.824737548828125
1773062354613148416,58.33453154563904,0.156524658203125,-0.3315582275390625,-0.81060791015625
1773062354623186432,58.34456944465637,0.137359619140625,-0.34100341796875,-0.8744049072265625
1773062354633223424,58.35460662841797,0.109771728515625,-0.3257904052734375,-0.86810302734375
1773062354643261440,58.3646445274353,0.1156768798828125,-0.3441314697265625,-0.9011688232421875
1773062354653298432,58.37468147277832,0.1638641357421875,-0.4033966064453125,-0.981292724609375
1773062354663335680,58.38471865653992,0.2215576171875,-0.3402252197265625,-0.810943603515625
1773062354673373440,58.39475655555725,0.2552490234375,-0.21942138671875,-0.590423583984375
1773062354683410432,58.40479350090027,0.2932281494140625,-0.19305419921875,-0.6878509521484375
1773062354693448448,58.41483163833618,0.35003662109375,-0.2006988525390625,-0.828521728515625
1773062354703485440,58.4248685836792,0.377349853515625,-0.1707763671875,-0.773712158203125
1773062354713523456,58.43490648269653,0.351593017578125,-0.2029876708984375,-0.7890472412109375
1773062354723560448,58.44494366645813,0.333770751953125,-0.2461395263671875,-0.8311920166015625
1773062354733598464,58.454981565475464,0.354522705078125,-0.2589111328125,-0.81756591796875
1773062354743635456,58.46501851081848,0.359283447265625,-0.3219146728515625,-0.9156036376953125
1773062354753673472,58.475056648254395,0.3433990478515625,-0.3237762451171875,-0.879150390625
1773062354763710464,58.48509359359741,0.3592376708984375,-0.1541748046875,-0.623779296875
1773062354773747456,58.49513053894043,0.4327392578125,0.0,-0.47149658203125
1773062354783785216,58.505168437957764,0.5362701416015625,-0.01141357421875,-0.657806396484375
1773062354793822464,58.51520562171936,0.616180419921875,-0.088775634765625,-0.7351837158203125
1773062354803861248,58.52524423599243,0.621124267578125,-0.162994384765625,-0.7234039306640625
1773062354813897984,58.53528118133545,0.569305419921875,-0.1745147705078125,-0.683685302734375
1773062354823936256,58.54531931877136,0.5106964111328125,-0.1932220458984375,-0.765869140625
1773062354833973248,58.55535626411438,0.475799560546875,-0.2275238037109375,-0.8345184326171875
1773062354844011008,58.565394163131714,0.4595794677734375,-0.237274169921875,-0.7652435302734375
1773062354854048000,58.57543110847473,0.4734649658203125,-0.130706787109375,-0.555267333984375
1773062354864086272,58.585469245910645,0.5435791015625,-6.103515625e-05,-0.442108154296875
1773062354874123008,58.59550619125366,0.64385986328125,0.066070556640625,-0.5223236083984375
1773062354884160000,58.60554313659668,0.7488250732421875,0.0964813232421875,-0.560516357421875
1773062354894198272,58.61558127403259,0.797943115234375,0.076171875,-0.5279388427734375
1773062354904235008,58.62561821937561,0.7900543212890625,0.005157470703125,-0.5075225830078125
1773062354914273024,58.635656118392944,0.71697998046875,-0.1199188232421875,-0.573394775390625
1773062354924310272,58.64569330215454,0.6180267333984375,-0.2205963134765625,-0.61651611328125
1773062354934348032,58.655731201171875,0.5449066162109375,-0.22442626953125,-0.5967864990234375
1773062354944385024,58.66576814651489,0.5390167236328125,-0.1058502197265625,-0.492767333984375
1773062354954423296,58.675806283950806,0.6242523193359375,0.0538330078125,-0.3382110595703125
1773062354964460032,58.68584322929382,0.7558441162109375,0.1468505859375,-0.4089813232421875
1773062354974498048,58.69588112831116,0.8616180419921875,0.192901611328125,-0.4109344482421875
1773062354984535296,58.705918312072754,0.9302520751953125,0.179718017578125,-0.3203125
1773062354994573056,58.71595621109009,0.9255828857421875,0.076690673828125,-0.361053466796875
1773062355004610048,58.725993156433105,0.8493499755859375,-0.0709075927734375,-0.480499267578125
1773062355014647040,58.73603010177612,0.7487640380859375,-0.138214111328125,-0.4259033203125
1773062355024685056,58.746068239212036,0.6921539306640625,-0.0989837646484375,-0.2630767822265625
1773062355034722048,58.756105184555054,0.702606201171875,-0.0404205322265625,-0.308502197265625
1773062355044760320,58.76614332199097,0.77496337890625,0.0440216064453125,-0.3527374267578125
1773062355054797056,58.776180267333984,0.879974365234375,0.128021240234375,-0.304412841796875
1773062355064835072,58.78621816635132,0.9312744140625,0.14111328125,-0.3179931640625
1773062355074872064,58.796255111694336,0.9170379638671875,0.1247406005859375,-0.2793426513671875
1773062355084910080,58.80629324913025,0.8756256103515625,0.0757904052734375,-0.2446746826171875
1773062355094947072,58.81633019447327,0.8505096435546875,0.0221405029296875,-0.217315673828125
1773062355104985344,58.82636833190918,0.8553924560546875,-0.0104217529296875,-0.1966094970703125
1773062355115022080,58.8364052772522,0.8646240234375,-0.0216827392578125,-0.18084716796875
1773062355125059072,58.846442222595215,0.8855743408203125,-0.0147705078125,-0.22906494140625
1773062355135097088,58.85648012161255,0.9017791748046875,0.0231781005859375,-0.2269439697265625
1773062355145134336,58.866517305374146,0.9225006103515625,0.0727081298828125,-0.19061279296875
1773062355155172096,58.87655520439148,0.9496917724609375,0.086669921875,-0.1650848388671875
1773062355165209088,58.8865921497345,0.986602783203125,0.0851898193359375,-0.119140625
1773062355175247104,58.89663028717041,1.009185791015625,0.0675811767578125,-0.098785400390625
1773062355185284096,58.90666723251343,1.0036773681640625,0.0411376953125,-0.0818634033203125
1773062355195322112,58.91670513153076,0.9740142822265625,0.0274200439453125,-0.050262451171875
1773062355205359104,58.92674231529236,0.95404052734375,0.0115814208984375,-0.0426788330078125
1773062355215397120,58.93678021430969,0.946502685546875,0.0086822509765625,-0.05133056640625
1773062355225434112,58.94681715965271,0.93365478515625,0.036224365234375,-0.0390472412109375
1773062355235471104,58.95685410499573,0.9447174072265625,0.0769500732421875,-0.0137481689453125
1773062355245509120,58.96689224243164,0.9792938232421875,0.112457275390625,0.02008056640625
1773062355255546112,58.97692918777466,1.0285491943359375,0.1328582763671875,0.062042236328125
1773062355265584128,58.98696732521057,1.0721282958984375,0.11761474609375,0.0796356201171875
1773062355275621120,58.99700427055359,1.070281982421875,0.0957794189453125,0.091461181640625
1773062355285659136,59.00704216957092,1.0408782958984375,0.0833740234375,0.0899200439453125
1773062355295696128,59.01707911491394,0.998260498046875,0.065765380859375,0.0796966552734375
1773062355305734144,59.02711725234985,0.95355224609375,0.045623779296875,0.069580078125
1773062355315771136,59.03715419769287,0.939971923828125,0.033447265625,0.1001739501953125
1773062355325808896,59.047192096710205,0.943084716796875,0.0411224365234375,0.1185302734375
1773062355335846144,59.0572292804718,0.96917724609375,0.0703582763671875,0.1175994873046875
1773062355345884160,59.067267179489136,1.00848388671875,0.1071014404296875,0.14019775390625
1773062355355921152,59.07730412483215,1.031951904296875,0.1271820068359375,0.1570281982421875
1773062355365958144,59.08734130859375,1.032196044921875,0.12396240234375,0.152313232421875
1773062355375996160,59.097379207611084,1.0131378173828125,0.1010894775390625,0.1664581298828125
1773062355386033152,59.1074161529541,0.9911651611328125,0.07061767578125,0.17266845703125
1773062355396071168,59.117454290390015,0.97796630859375,0.053955078125,0.1725311279296875
1773062355406108160,59.12749123573303,0.9735260009765625,0.0557098388671875,0.1380615234375
1773062355416145920,59.137529134750366,0.9705810546875,0.0771026611328125,0.1493682861328125
1773062355426183168,59.14756631851196,0.982421875,0.09033203125,0.1319427490234375
1773062355436221184,59.1576042175293,1.0003814697265625,0.09674072265625,0.123779296875
1773062355446258176,59.167641162872314,1.0062713623046875,0.094482421875,0.150543212890625
1773062355456296192,59.17767930030823,0.9966583251953125,0.09002685546875,0.1563720703125
1773062355466333184,59.187716245651245,0.9776458740234375,0.072509765625,0.14801025390625
1773062355476370176,59.19775319099426,0.959686279296875,0.0583343505859375,0.1336822509765625
1773062355486408192,59.207791328430176,0.9523162841796875,0.0686798095703125,0.14788818359375
1773062355496445184,59.21782827377319,0.9725189208984375,0.0850677490234375,0.1480865478515625
1773062355506483200,59.22786617279053,1.002593994140625,0.088104248046875,0.1251220703125
1773062355516519936,59.237903118133545,0.9952850341796875,0.0932769775390625,0.1336517333984375
1773062355526558208,59.24794125556946,0.9812164306640625,0.0902862548828125,0.1281890869140625
1773062355536595200,59.257978200912476,0.980926513671875,0.077362060546875,0.1178131103515625
1773062355546632960,59.26801609992981,0.9862060546875,0.0584869384765625,0.13677978515625
1773062355556670208,59.278053283691406,0.9874725341796875,0.049957275390625,0.131683349609375
1773062355566707968,59.28809118270874,0.980316162109375,0.047454833984375,0.126800537109375
1773062355576744960,59.29812812805176,0.970977783203125,0.0482177734375,0.1168670654296875
1773062355586782208,59.308165311813354,0.9739990234375,0.0517730712890625,0.1126556396484375
1773062355596820224,59.31820321083069,0.9909210205078125,0.056396484375,0.117645263671875
1773062355606856960,59.328240156173706,0.9990692138671875,0.0633544921875,0.1274871826171875
1773062355616895232,59.33827829360962,0.99884033203125,0.0750885009765625,0.138031005859375
1773062355626932224,59.34831523895264,1.001312255859375,0.0694122314453125,0.1239013671875
1773062355636969984,59.35835313796997,0.9957275390625,0.0482330322265625,0.1199798583984375
1773062355647007232,59.36839032173157,0.969482421875,0.0271453857421875,0.1237945556640625
1773062355657045248,59.3784282207489,0.9642181396484375,0.0296478271484375,0.1145477294921875
1773062355667081984,59.38846516609192,0.9780120849609375,0.052459716796875,0.123687744140625
1773062355677120256,59.39850330352783,1.004852294921875,0.06829833984375,0.13671875
1773062355687157248,59.40854024887085,1.0224151611328125,0.0653228759765625,0.1466217041015625
1773062355697193984,59.41857719421387,1.016082763671875,0.050140380859375,0.1469573974609375
1773062355707232256,59.42861533164978,0.9940032958984375,0.0425567626953125,0.143890380859375
1773062355717269248,59.4386522769928,0.9844207763671875,0.0447540283203125,0.14105224609375
1773062355727307008,59.44869017601013,0.988372802734375,0.0440216064453125,0.1319732666015625
1773062355737344000,59.45872712135315,0.9942169189453125,0.0472564697265625,0.133026123046875
1773062355747382272,59.46876525878906,0.992706298828125,0.05279541015625,0.1264190673828125
1773062355757419008,59.47880220413208,0.9879302978515625,0.05792236328125,0.121490478515625
1773062355767457024,59.488840103149414,0.983154296875,0.06610107421875,0.13214111328125
1773062355777494272,59.49887728691101,0.9812469482421875,0.06195068359375,0.1392669677734375
1773062355787532032,59.508915185928345,0.9842681884765625,0.05291748046875,0.146484375
1773062355797569024,59.51895213127136,0.983612060546875,0.0475006103515625,0.1435546875
1773062355807607040,59.528990030288696,0.9654541015625,0.0494537353515625,0.136871337890625
1773062355817644800,59.53902792930603,0.945220947265625,0.062774658203125,0.135650634765625
1773062355827681792,59.54906487464905,0.9464111328125,0.07366943359375,0.1446990966796875
1773062355837719808,59.55910301208496,0.96600341796875,0.0719451904296875,0.1415863037109375
1773062355847756800,59.56913995742798,0.9860382080078125,0.06988525390625,0.1615142822265625
1773062355857794816,59.57917785644531,0.9903411865234375,0.0772247314453125,0.172393798828125
1773062355867832064,59.58921504020691,0.982269287109375,0.0733184814453125,0.152557373046875
1773062355877869824,59.59925293922424,0.957183837890625,0.06695556640625,0.1665191650390625
1773062355887906816,59.60928988456726,0.9319305419921875,0.064849853515625,0.1569061279296875
1773062355897944832,59.619328022003174,0.9255828857421875,0.0772247314453125,0.15728759765625
1773062355907981824,59.62936496734619,0.944091796875,0.092132568359375,0.1796112060546875
1773062355918018816,59.63940191268921,0.9753570556640625,0.107208251953125,0.1966705322265625
1773062355928056832,59.64943981170654,0.9900054931640625,0.1124267578125,0.1744537353515625
1773062355938093824,59.65947699546814,0.9835205078125,0.1053466796875,0.16119384765625
1773062355948131840,59.669514894485474,0.9764404296875,0.0919647216796875,0.1629180908203125
1773062355958168832,59.67955183982849,0.9608612060546875,0.0753326416015625,0.155517578125
1773062355968206848,59.689589977264404,0.9424896240234375,0.06195068359375,0.135711669921875
1773062355978243840,59.69962692260742,0.9420928955078125,0.0579833984375,0.1315155029296875
1773062355988281600,59.709664821624756,0.9554290771484375,0.0676422119140625,0.1320648193359375
1773062355998318848,59.71970200538635,0.9678955078125,0.0791778564453125,0.120758056640625
1773062356008356864,59.72973990440369,0.97833251953125,0.08087158203125,0.11163330078125
1773062356018393856,59.739776849746704,0.975982666015625,0.0761260986328125,0.1009979248046875
1773062356028430848,59.7498140335083,0.973785400390625,0.0623321533203125,0.098480224609375
1773062356038468864,59.759851932525635,0.9730072021484375,0.0355987548828125,0.0837554931640625
1773062356048505856,59.76988887786865,0.9683990478515625,0.0153961181640625,0.0557403564453125
1773062356058543872,59.779927015304565,0.9590606689453125,0.015472412109375,0.050384521484375
1773062356068580864,59.78996396064758,0.9651336669921875,0.017822265625,0.032989501953125
1773062356078618880,59.80000185966492,0.9753570556640625,0.0140838623046875,0.0099334716796875
1773062356088655616,59.810038805007935,0.9763336181640625,0.0142059326171875,0.0044097900390625
1773062356098693888,59.82007694244385,0.9720001220703125,0.017242431640625,-0.01446533203125
1773062356108730880,59.830113887786865,0.9744873046875,0.015167236328125,-0.04888916015625
1773062356118768896,59.84015202522278,0.9603424072265625,0.00909423828125,-0.0613250732421875
1773062356128805888,59.850188970565796,0.946197509765625,0.0010223388671875,-0.0914459228515625
1773062356138842880,59.86022591590881,0.943023681640625,-3.0517578125e-05,-0.1126708984375
1773062356148880640,59.87026381492615,0.9528961181640625,0.0057830810546875,-0.1104583740234375
1773062356158917888,59.880300998687744,0.9735107421875,0.00982666015625,-0.1168212890625
1773062356168955904,59.89033889770508,0.9922943115234375,0.0131988525390625,-0.125396728515625
1773062356178992640,59.900375843048096,0.9946136474609375,-0.0057220458984375,-0.158538818359375
1773062356189030912,59.91041398048401,0.9714813232421875,-0.030792236328125,-0.18756103515625
1773062356199067904,59.920450925827026,0.938201904296875,-0.04364013671875,-0.1862945556640625
1773062356209105664,59.93048882484436,0.9107513427734375,-0.0605621337890625,-0.21295166015625
1773062356219142912,59.94052600860596,0.89874267578125,-0.0688323974609375,-0.2470855712890625
1773062356229180928,59.95056390762329,0.9075775146484375,-0.059844970703125,-0.237152099609375
1773062356239217664,59.96060085296631,0.9207763671875,-0.0350799560546875,-0.2468109130859375
1773062356249254912,59.970638036727905,0.9320831298828125,-0.003662109375,-0.2385406494140625
1773062356259292928,59.98067593574524,0.9505157470703125,0.013946533203125,-0.192352294921875
1773062356269329664,59.99071288108826,0.963836669921875,0.006134033203125,-0.247772216796875
1773062356279367936,60.00075101852417,0.9368743896484375,-0.0134124755859375,-0.2666473388671875
1773062356289404928,60.01078796386719,0.8905181884765625,-0.01934814453125,-0.2614898681640625
1773062356299442688,60.02082586288452,0.855133056640625,-0.0186309814453125,-0.26904296875
1773062356309479680,60.03086280822754,0.8372955322265625,-0.02313232421875,-0.249969482421875
1773062356319517952,60.04090094566345,0.8380889892578125,-0.0417327880859375,-0.3112640380859375
1773062356329554688,60.05093789100647,0.832855224609375,-0.0669403076171875,-0.3406524658203125
1773062356339592960,60.06097602844238,0.8219757080078125,-0.079193115234375,-0.346710205078125
1773062356349629952,60.0710129737854,0.7793426513671875,-0.0775909423828125,-0.3650970458984375
1773062356359666944,60.08104991912842,0.7548828125,-0.0756378173828125,-0.3985443115234375
1773062356369704704,60.09108781814575,0.753143310546875,-0.0805816650390625,-0.3980560302734375
1773062356379741952,60.10112500190735,0.7514801025390625,-0.0889739990234375,-0.42803955078125
1773062356389779712,60.11116290092468,0.73065185546875,-0.1295013427734375,-0.50701904296875
1773062356399816704,60.1211998462677,0.6946868896484375,-0.1491241455078125,-0.537384033203125
1773062356409854976,60.13123798370361,0.6656036376953125,-0.1154632568359375,-0.55072021484375
1773062356419891712,60.14127492904663,0.6567535400390625,-0.0444488525390625,-0.4652099609375
1773062356429929728,60.151312828063965,0.6918182373046875,-0.021270751953125,-0.4822845458984375
1773062356439966976,60.16135001182556,0.6916656494140625,-0.068756103515625,-0.5692901611328125
1773062356450004736,60.171387910842896,0.652923583984375,-0.1351165771484375,-0.59930419921875
1773062356460041728,60.18142485618591,0.6055145263671875,-0.2096099853515625,-0.607635498046875
1773062356470078976,60.19146203994751,0.5325164794921875,-0.256683349609375,-0.642669677734375
1773062356480116736,60.201499938964844,0.4678955078125,-0.2044219970703125,-0.6217193603515625
1773062356490153728,60.21153688430786,0.4788665771484375,-0.0996856689453125,-0.565032958984375
1773062356500192000,60.221575021743774,0.5337371826171875,-0.065704345703125,-0.62603759765625
1773062356510228992,60.23161196708679,0.5514373779296875,-0.12603759765625,-0.697906494140625
1773062356520266752,60.241649866104126,0.5164947509765625,-0.19818115234375,-0.6620941162109375
1773062356530303744,60.251686811447144,0.450225830078125,-0.26263427734375,-0.648345947265625
1773062356540341760,60.26172494888306,0.3746185302734375,-0.314483642578125,-0.7029571533203125
1773062356550378752,60.271761894226074,0.3170318603515625,-0.274566650390625,-0.6675262451171875
1773062356560415744,60.28179883956909,0.312469482421875,-0.211212158203125,-0.714508056640625
1773062356570453760,60.291836977005005,0.33349609375,-0.1432037353515625,-0.7226715087890625
1773062356580490752,60.30187392234802,0.3735198974609375,-0.124603271484375,-0.691802978515625
1773062356590528768,60.311911821365356,0.3657989501953125,-0.2631683349609375,-0.7818145751953125
1773062356600566016,60.32194900512695,0.291839599609375,-0.4490203857421875,-0.901947021484375
1773062356610603776,60.33198690414429,0.1909637451171875,-0.493438720703125,-0.82281494140625
1773062356620640768,60.342023849487305,0.1338348388671875,-0.405609130859375,-0.7022552490234375
1773062356630678784,60.35206198692322,0.15423583984375,-0.2075653076171875,-0.5906982421875
1773062356640715776,60.362098932266235,0.2419281005859375,-0.0308685302734375,-0.6030120849609375
1773062356650753792,60.37213683128357,0.3247833251953125,-0.0673065185546875,-0.820831298828125
1773062356660791040,60.382174015045166,0.2763824462890625,-0.29364013671875,-1.1132049560546875
1773062356670827776,60.392210960388184,0.0616912841796875,-0.501922607421875,-1.1042327880859375
1773062356680865792,60.40224885940552,-0.1489715576171875,-0.5963287353515625,-0.8877716064453125
1773062356690902784,60.412285804748535,-0.233978271484375,-0.637939453125,-0.8035736083984375
1773062356700940800,60.42232394218445,-0.1845245361328125,-0.544281005859375,-0.8236236572265625
1773062356710977792,60.432360887527466,-0.064178466796875,-0.203948974609375,-0.7760772705078125
1773062356721015808,60.44239902496338,0.0665740966796875,0.120452880859375,-0.7258148193359375
1773062356731052800,60.4524359703064,0.171417236328125,0.1288909912109375,-0.8430938720703125
1773062356741090816,60.46247386932373,0.1246490478515625,-0.163970947265625,-1.03155517578125
1773062356751127808,60.47251081466675,-0.128753662109375,-0.5186004638671875,-1.1225433349609375
1773062356761165824,60.48254895210266,-0.4124603271484375,-0.80450439453125,-1.03564453125
1773062356771202816,60.49258589744568,-0.5306243896484375,-0.92401123046875,-0.91546630859375
1773062356781240832,60.50262403488159,-0.46771240234375,-0.7871856689453125,-0.8293304443359375
1773062356791277824,60.51266098022461,-0.3073577880859375,-0.363494873046875,-0.6483306884765625
1773062356801313280,60.52269625663757,-0.1732177734375,0.0350494384765625,-0.6077880859375
1773062356811351296,60.532734394073486,-0.088470458984375,0.0988311767578125,-0.8209381103515625
1773062356821388288,60.542771339416504,-0.135772705078125,-0.1559600830078125,-1.052734375
1773062356831426048,60.55280923843384,-0.3600311279296875,-0.494110107421875,-1.0715484619140625
1773062356841463040,60.562846183776855,-0.572357177734375,-0.76324462890625,-0.9755706787109375
1773062356851501312,60.57288432121277,-0.64239501953125,-0.913909912109375,-0.86370849609375
1773062356861538048,60.582921266555786,-0.6229248046875,-0.8767242431640625,-0.8738861083984375
1773062356871576320,60.5929594039917,-0.5421600341796875,-0.623382568359375,-0.895050048828125
1773062356881613312,60.60299634933472,-0.4604644775390625,-0.3079986572265625,-0.8735504150390625
1773062356891650304,60.613033294677734,-0.4277496337890625,-0.078338623046875,-0.8536834716796875
1773062356901688064,60.62307119369507,-0.4634552001953125,-0.0770111083984375,-0.830963134765625
1773062356911725312,60.633108377456665,-0.5692291259765625,-0.3495635986328125,-0.9458160400390625
1773062356921763072,60.643146276474,-0.6836700439453125,-0.627777099609375,-0.8905181884765625
1773062356931800064,60.65318322181702,-0.7183074951171875,-0.7399444580078125,-0.7315216064453125
1773062356941838336,60.66322135925293,-0.6530609130859375,-0.7594757080078125,-0.7610931396484375
1773062356951875328,60.67325830459595,-0.557464599609375,-0.6358489990234375,-0.838165283203125
1773062356961913088,60.68329620361328,-0.56585693359375,-0.39862060546875,-0.7943115234375
1773062356971950336,60.69333338737488,-0.6962890625,-0.2762298583984375,-0.7751007080078125
1773062356981988096,60.70337128639221,-0.8393402099609375,-0.2926788330078125,-0.792877197265625
1773062356992025088,60.71340823173523,-0.896331787109375,-0.37548828125,-0.7407989501953125
1773062357002062336,60.723445415496826,-0.8460845947265625,-0.439361572265625,-0.7300262451171875
1773062357012100096,60.73348331451416,-0.7214813232421875,-0.4406890869140625,-0.7010498046875
1773062357022137088,60.74352025985718,-0.6550140380859375,-0.4602813720703125,-0.7633514404296875
1773062357032175360,60.75355839729309,-0.6779937744140625,-0.457916259765625,-0.8116302490234375
1773062357042212352,60.76359534263611,-0.782989501953125,-0.4141082763671875,-0.751617431640625
1773062357052250112,60.77363324165344,-0.8870391845703125,-0.4409942626953125,-0.7322540283203125
1773062357062287104,60.78367018699646,-0.9071044921875,-0.4612274169921875,-0.7216644287109375
1773062357072325120,60.79370832443237,-0.8730621337890625,-0.4131011962890625,-0.640380859375
1773062357082362112,60.80374526977539,-0.839447021484375,-0.3491668701171875,-0.585784912109375
1773062357092400384,60.813783407211304,-0.814971923828125,-0.3087921142578125,-0.6226959228515625
1773062357102437376,60.82382035255432,-0.796051025390625,-0.34295654296875,-0.703826904296875
1773062357112475136,60.833858251571655,-0.8115234375,-0.4026031494140625,-0.7492523193359375
1773062357122512128,60.84389519691467,-0.84393310546875,-0.4365997314453125,-0.7061614990234375
1773062357132549376,60.85393238067627,-0.860748291015625,-0.439788818359375,-0.658721923828125
1773062357142587136,60.8639702796936,-0.8473052978515625,-0.391632080078125,-0.653228759765625
1773062357152624128,60.87400722503662,-0.83160400390625,-0.3325347900390625,-0.6665191650390625
1773062357162662144,60.884045362472534,-0.8606414794921875,-0.3477630615234375,-0.71112060546875
1773062357172699136,60.89408230781555,-0.9215240478515625,-0.399566650390625,-0.7071685791015625
1773062357182737152,60.904120206832886,-0.9405517578125,-0.4100189208984375,-0.5700531005859375
1773062357192774400,60.91415739059448,-0.9008331298828125,-0.38848876953125,-0.484222412109375
1773062357202812160,60.924195289611816,-0.8050537109375,-0.3531494140625,-0.525115966796875
1773062357212849152,60.934232234954834,-0.7262115478515625,-0.3112945556640625,-0.613800048828125
1773062357222886144,60.94426918029785,-0.721282958984375,-0.284515380859375,-0.686370849609375
1773062357232924160,60.954307317733765,-0.78460693359375,-0.3000946044921875,-0.7061767578125
1773062357242961152,60.96434426307678,-0.8753662109375,-0.363067626953125,-0.7071990966796875
1773062357252999424,60.974382400512695,-0.9383087158203125,-0.435760498046875,-0.6548004150390625
1773062357263036160,60.98441934585571,-0.9273223876953125,-0.4594573974609375,-0.5381011962890625
1773062357273074176,60.99445724487305,-0.8735809326171875,-0.4279632568359375,-0.480621337890625
1773062357283111168,61.004494190216064,-0.81585693359375,-0.3804931640625,-0.5659332275390625
1773062357293149184,61.01453232765198,-0.7853240966796875,-0.327056884765625,-0.6841888427734375
1773062357303186176,61.024569272994995,-0.7960205078125,-0.2666015625,-0.719085693359375
1773062357313224192,61.03460741043091,-0.85638427734375,-0.249298095703125,-0.711456298828125
1773062357323261184,61.044644355773926,-0.929473876953125,-0.3148193359375,-0.68988037109375
1773062357333298176,61.05468130111694,-0.9547576904296875,-0.42626953125,-0.59625244140625
1773062357343336192,61.06471920013428,-0.93304443359375,-0.4979248046875,-0.5201873779296875
1773062357353373184,61.074756383895874,-0.869415283203125,-0.48834228515625,-0.49957275390625
1773062357363411200,61.08479428291321,-0.8149566650390625,-0.444549560546875,-0.5822296142578125
1773062357373448192,61.094831228256226,-0.8258056640625,-0.417236328125,-0.7294921875
1773062357383486208,61.10486936569214,-0.9041595458984375,-0.41278076171875,-0.7985382080078125
1773062357393523200,61.114906311035156,-1.014862060546875,-0.4218597412109375,-0.733062744140625
1773062357403561216,61.12494421005249,-1.0615234375,-0.4059295654296875,-0.6018829345703125
1773062357413598208,61.13498139381409,-0.9887237548828125,-0.367340087890625,-0.505767822265625
1773062357423636224,61.14501929283142,-0.88116455078125,-0.371063232421875,-0.5389251708984375
1773062357433673216,61.15505623817444,-0.8156585693359375,-0.4148101806640625,-0.6572265625
1773062357443710208,61.165093183517456,-0.828948974609375,-0.444854736328125,-0.68304443359375
1773062357453748224,61.17513132095337,-0.9063568115234375,-0.472930908203125,-0.6976470947265625
1773062357463785216,61.18516826629639,-0.958221435546875,-0.4815216064453125,-0.697601318359375
1773062357473823232,61.1952064037323,-0.9709320068359375,-0.4713287353515625,-0.6579132080078125
1773062357483860224,61.20524334907532,-0.9631805419921875,-0.4624481201171875,-0.6328277587890625
1773062357493898240,61.21528124809265,-0.9320068359375,-0.4367523193359375,-0.6181640625
1773062357503934976,61.22531819343567,-0.9128265380859375,-0.4559326171875,-0.6272735595703125
1773062357513973248,61.23535633087158,-0.890899658203125,-0.5340728759765625,-0.69927978515625
1773062357524010240,61.2453932762146,-0.8461456298828125,-0.5762481689453125,-0.746795654296875
1773062357534048256,61.25543141365051,-0.8467864990234375,-0.5415496826171875,-0.710906982421875
1773062357544085248,61.26546835899353,-0.9004669189453125,-0.4907989501953125,-0.6850738525390625
1773062357554122240,61.27550530433655,-0.930267333984375,-0.4603118896484375,-0.7052154541015625
1773062357564160000,61.28554320335388,-0.9089813232421875,-0.43804931640625,-0.6768798828125
1773062357574197248,61.29558038711548,-0.8844146728515625,-0.475982666015625,-0.660552978515625
1773062357584235264,61.30561828613281,-0.84222412109375,-0.5476226806640625,-0.6695404052734375
1773062357594272256,61.31565523147583,-0.8141326904296875,-0.60467529296875,-0.70367431640625
1773062357604310272,61.32569336891174,-0.836456298828125,-0.61492919921875,-0.7523956298828125
1773062357614347264,61.33573031425476,-0.90081787109375,-0.6038665771484375,-0.7529144287109375
1773062357624385024,61.345768213272095,-0.9320831298828125,-0.58306884765625,-0.755096435546875
1773062357634422272,61.35580539703369,-0.8622589111328125,-0.544189453125,-0.6988983154296875
1773062357644460288,61.365843296051025,-0.767364501953125,-0.550323486328125,-0.717315673828125
1773062357654497024,61.37588024139404,-0.707061767578125,-0.52490234375,-0.7434844970703125
1773062357664534016,61.38591718673706,-0.721405029296875,-0.5134735107421875,-0.70709228515625
1773062357674572288,61.395955324172974,-0.7710113525390625,-0.61767578125,-0.83062744140625
1773062357684609280,61.40599226951599,-0.7826385498046875,-0.6563720703125,-0.851409912109375
1773062357694647296,61.416030406951904,-0.780731201171875,-0.5711517333984375,-0.719024658203125
1773062357704684288,61.42606735229492,-0.7700958251953125,-0.5178985595703125,-0.6737518310546875
1773062357714722048,61.436105251312256,-0.7204742431640625,-0.5458526611328125,-0.77313232421875
1773062357724759040,61.44614219665527,-0.6582794189453125,-0.5532379150390625,-0.769989013671875
1773062357734797312,61.45618033409119,-0.6204681396484375,-0.56890869140625,-0.7701416015625
1773062357744834304,61.466217279434204,-0.5784149169921875,-0.607086181640625,-0.81500244140625
1773062357754872320,61.47625541687012,-0.5538482666015625,-0.6436614990234375,-0.80340576171875
1773062357764909312,61.486292362213135,-0.5790252685546875,-0.6897735595703125,-0.8188018798828125
1773062357774946304,61.49632930755615,-0.5912933349609375,-0.6616363525390625,-0.809478759765625
1773062357784984064,61.506367206573486,-0.5634765625,-0.563201904296875,-0.7214813232421875
1773062357795021312,61.51640439033508,-0.5120697021484375,-0.5239105224609375,-0.7632598876953125
1773062357805060352,61.52644348144531,-0.420562744140625,-0.506744384765625,-0.845489501953125
1773062357815097600,61.53648066520691,-0.3347625732421875,-0.53131103515625,-0.873443603515625
1773062357825135360,61.54651856422424,-0.2704315185546875,-0.552734375,-0.8595733642578125
1773062357835172352,61.55655550956726,-0.2453155517578125,-0.5452423095703125,-0.822357177734375
1773062357845210624,61.566593647003174,-0.26800537109375,-0.533172607421875,-0.8230743408203125
1773062357855247616,61.57663059234619,-0.30938720703125,-0.5095367431640625,-0.8072509765625
1773062357865285376,61.586668491363525,-0.2643890380859375,-0.466461181640625,-0.7650604248046875
1773062357875322624,61.59670567512512,-0.1585693359375,-0.4241485595703125,-0.8008575439453125
1773062357885359616,61.60674262046814,-0.0778350830078125,-0.462615966796875,-0.9666900634765625
1773062357895397376,61.616780519485474,-0.0238494873046875,-0.48065185546875,-0.9599456787109375
1773062357905434624,61.62681770324707,-0.0017547607421875,-0.4638824462890625,-0.800323486328125
1773062357915472384,61.636855602264404,-0.003082275390625,-0.4812164306640625,-0.788299560546875
1773062357925509376,61.64689254760742,0.0100860595703125,-0.436737060546875,-0.755645751953125
1773062357935547648,61.656930685043335,0.0458526611328125,-0.33563232421875,-0.6920318603515625
1773062357945584640,61.66696763038635,0.09100341796875,-0.291961669921875,-0.7249755859375
1773062357955622400,61.67700552940369,0.14447021484375,-0.321533203125,-0.8780364990234375
1773062357965659392,61.687042474746704,0.2095489501953125,-0.3589935302734375,-0.957489013671875
1773062357975697408,61.69708061218262,0.23779296875,-0.406097412109375,-0.9388885498046875
1773062357985734400,61.707117557525635,0.203338623046875,-0.4329986572265625,-0.8985748291015625
1773062357995771392,61.71715450286865,0.164031982421875,-0.3980712890625,-0.725982666015625
1773062358005809664,61.727192640304565,0.17547607421875,-0.331512451171875,-0.6600341796875
1773062358015846400,61.73722958564758,0.220916748046875,-0.24005126953125,-0.631866455078125
1773062358025884416,61.74726748466492,0.302490234375,-0.189910888671875,-0.6341400146484375
1773062358035921664,61.757304668426514,0.4034423828125,-0.168426513671875,-0.65087890625
1773062358045959424,61.76734256744385,0.474639892578125,-0.208709716796875,-0.7774810791015625
1773062358055996416,61.777379512786865,0.47113037109375,-0.3163299560546875,-0.888214111328125
1773062358066034432,61.78741765022278,0.3968505859375,-0.369781494140625,-0.9109954833984375
1773062358076071424,61.797454595565796,0.3009185791015625,-0.3384857177734375,-0.7576751708984375
1773062358086108416,61.80749154090881,0.259796142578125,-0.2783660888671875,-0.658782958984375
1773062358096146688,61.81752967834473,0.3061676025390625,-0.144744873046875,-0.5223236083984375
1773062358106183424,61.827566623687744,0.4187164306640625,-0.0493316650390625,-0.533966064453125
1773062358116221440,61.83760452270508,0.537933349609375,-0.0221099853515625,-0.60113525390625
1773062358126258688,61.847641706466675,0.6219482421875,-0.04632568359375,-0.6186065673828125
1773062358136296448,61.85767960548401,0.63568115234375,-0.147369384765625,-0.7057037353515625
1773062358146333440,61.867716550827026,0.59716796875,-0.2239990234375,-0.6739654541015625
1773062358156371712,61.87775468826294,0.511566162109375,-0.3189849853515625,-0.6270294189453125
1773062358166408448,61.88779163360596,0.4396514892578125,-0.3390960693359375,-0.51202392578125
1773062358176446464,61.89782953262329,0.4529571533203125,-0.2179718017578125,-0.365814208984375
1773062358186483456,61.90786647796631,0.51824951171875,-0.0890655517578125,-0.3468170166015625
1773062358196521472,61.91790461540222,0.6254119873046875,0.0019683837890625,-0.3466644287109375
1773062358206558464,61.92794156074524,0.724700927734375,0.0326385498046875,-0.380340576171875
1773062358216595456,61.93797850608826,0.778656005859375,-0.010772705078125,-0.47198486328125
1773062358226633472,61.94801664352417,0.7747955322265625,-0.092376708984375,-0.5648651123046875
1773062358236670464,61.95805358886719,0.7135162353515625,-0.1597900390625,-0.61541748046875
1773062358246708480,61.96809148788452,0.63775634765625,-0.1326904296875,-0.4586334228515625
1773062358256745472,61.97812867164612,0.6080169677734375,-0.05596923828125,-0.212982177734375
1773062358266783488,61.98816657066345,0.6408538818359375,-0.033935546875,-0.241302490234375
1773062358276820480,61.99820351600647,0.7015228271484375,-0.013824462890625,-0.2971343994140625
1773062358286858496,62.00824165344238,0.7739410400390625,0.0463409423828125,-0.2320404052734375
1773062358296895488,62.0182785987854,0.8191680908203125,0.0953521728515625,-0.1546630859375
1773062358306932480,62.02831554412842,0.8520355224609375,0.0818023681640625,-0.2181243896484375
1773062358316970496,62.03835368156433,0.85601806640625,0.0517578125,-0.2801666259765625
1773062358327007488,62.04839062690735,0.829498291015625,0.033172607421875,-0.2671356201171875
1773062358337045504,62.05842852592468,0.804046630859375,0.0044097900390625,-0.2886199951171875
1773062358347082496,62.0684654712677,0.77984619140625,-0.02301025390625,-0.218414306640625
1773062358357120512,62.07850360870361,0.7777099609375,-0.0341339111328125,-0.19451904296875
1773062358367157504,62.08854055404663,0.81134033203125,-0.005767822265625,-0.1633148193359375
1773062358377195520,62.098578691482544,0.868804931640625,0.0623016357421875,-0.0843658447265625
1773062358387232512,62.10861563682556,0.921600341796875,0.121856689453125,-0.0784149169921875
1773062358397270528,62.118653535842896,0.94866943359375,0.1520538330078125,-0.1096343994140625
1773062358407307264,62.12869048118591,0.949462890625,0.1406097412109375,-0.1419677734375
1773062358417344512,62.13872766494751,0.9275360107421875,0.1052703857421875,-0.1391143798828125
1773062358427382528,62.148765563964844,0.8758087158203125,0.0723876953125,-0.0419464111328125
1773062358437419520,62.15880250930786,0.8558807373046875,0.0433197021484375,0.0427703857421875
1773062358447457536,62.168840646743774,0.8846435546875,0.02899169921875,0.0064239501953125
1773062358457494528,62.17887759208679,0.917388916015625,0.06494140625,0.0655517578125
1773062358467532288,62.188915491104126,0.97406005859375,0.109161376953125,0.131805419921875
1773062358477569536,62.19895267486572,1.0167388916015625,0.1458892822265625,0.0983123779296875
1773062358487607552,62.20899057388306,1.0334625244140625,0.1897735595703125,0.12213134765625
1773062358497644544,62.219027519226074,1.0645904541015625,0.201904296875,0.13714599609375
1773062358507682560,62.22906565666199,1.07293701171875,0.1674957275390625,0.0571136474609375
1773062358517719552,62.239102602005005,1.02935791015625,0.1174163818359375,0.044097900390625
1773062358527756544,62.24913954734802,0.980316162109375,0.07958984375,0.060943603515625
1773062358537794560,62.259177684783936,0.930145263671875,0.0733489990234375,0.09796142578125
1773062358547831552,62.26921463012695,0.9211883544921875,0.1038360595703125,0.138458251953125
1773062358557869312,62.27925252914429,0.970306396484375,0.1501312255859375,0.1865234375
1773062358567906304,62.289289474487305,1.0381317138671875,0.189544677734375,0.1829986572265625
1773062358577944576,62.29932761192322,1.074371337890625,0.2187957763671875,0.1734619140625
1773062358587981568,62.309364557266235,1.0761871337890625,0.22589111328125,0.1731414794921875
1773062358598019584,62.31940269470215,1.0572509765625,0.206329345703125,0.169921875
1773062358608056576,62.329439640045166,1.0152435302734375,0.1667938232421875,0.175048828125
1773062358618093568,62.339476585388184,0.9751739501953125,0.1284637451171875,0.1754608154296875
1773062358628131328,62.34951448440552,0.95745849609375,0.123291015625,0.1984100341796875
1773062358638168576,62.359551668167114,0.972991943359375,0.1545257568359375,0.222412109375
1773062358648206592,62.36958956718445,1.0173797607421875,0.188690185546875,0.2063751220703125
1773062358658243328,62.379626512527466,1.0391693115234375,0.211181640625,0.185546875
1773062358668281600,62.38966464996338,1.035369873046875,0.2250213623046875,0.187591552734375
1773062358678318592,62.3997015953064,1.023101806640625,0.2149505615234375,0.2005615234375
1773062358688356352,62.40973949432373,1.0107879638671875,0.18414306640625,0.1869964599609375
1773062358698393600,62.41977667808533,0.9673004150390625,0.1450653076171875,0.191436767578125
1773062358708431360,62.42981457710266,0.933502197265625,0.1187591552734375,0.1987457275390625
1773062358718468352,62.43985152244568,0.9254302978515625,0.1162567138671875,0.173431396484375
1773062358728506624,62.44988965988159,0.9340972900390625,0.1274871826171875,0.1623382568359375
1773062358738543616,62.45992660522461,0.95697021484375,0.15155029296875,0.1812591552734375
1773062358748580352,62.46996355056763,0.9954681396484375,0.17401123046875,0.197784423828125
1773062358758618624,62.48000168800354,1.014892578125,0.173614501953125,0.19342041015625
1773062358768655616,62.49003863334656,0.9941864013671875,0.165985107421875,0.1904449462890625
1773062358778693376,62.50007653236389,0.9564361572265625,0.1500701904296875,0.1870880126953125
1773062358788730368,62.51011347770691,0.9325714111328125,0.125579833984375,0.1586456298828125
1773062358798768640,62.52015161514282,0.9210205078125,0.110992431640625,0.1590576171875
1773062358808804864,62.5301878452301,0.930877685546875,0.1056365966796875,0.15625
1773062358818842624,62.54022574424744,0.9483184814453125,0.1164093017578125,0.16229248046875
1773062358828879616,62.550262689590454,0.9569549560546875,0.128997802734375,0.15557861328125
1773062358838916864,62.56029987335205,0.94464111328125,0.1389007568359375,0.151458740234375
1773062358848954624,62.570337772369385,0.9400634765625,0.1456146240234375,0.166595458984375
1773062358858991616,62.5803747177124,0.947601318359375,0.1356353759765625,0.1727142333984375
1773062358869029888,62.590412855148315,0.9525299072265625,0.1216583251953125,0.1643218994140625
1773062358879066624,62.60044980049133,0.94525146484375,0.1217193603515625,0.1808929443359375
1773062358889104640,62.61048769950867,0.9477691650390625,0.132415771484375,0.2062835693359375
1773062358899141888,62.620524883270264,0.9647216796875,0.138641357421875,0.1953277587890625
1773062358909179648,62.6305627822876,0.9700164794921875,0.133941650390625,0.1777801513671875
1773062358919216640,62.640599727630615,0.953765869140625,0.132476806640625,0.205810546875
1773062358929254656,62.65063786506653,0.952117919921875,0.147613525390625,0.203521728515625
1773062358939291648,62.660674810409546,0.9661102294921875,0.1576690673828125,0.1761322021484375
1773062358949328640,62.67071175575256,0.97271728515625,0.149871826171875,0.196197509765625
1773062358959366912,62.68074989318848,0.9804534912109375,0.1360015869140625,0.1990203857421875
1773062358969403648,62.690786838531494,0.97216796875,0.1288909912109375,0.193115234375
1773062358979441664,62.70082473754883,0.95159912109375,0.133514404296875,0.2001953125
1773062358989478656,62.710861682891846,0.9474945068359375,0.1471710205078125,0.20526123046875
1773062358999516672,62.72089982032776,0.9687652587890625,0.1625213623046875,0.2015380859375
1773062359009553664,62.730936765670776,0.9903411865234375,0.1653594970703125,0.1985931396484375
1773062359019591936,62.74097490310669,1.002227783203125,0.1640777587890625,0.1871185302734375
1773062359029628672,62.75101184844971,0.9913177490234375,0.160736083984375,0.195648193359375
1773062359039665664,62.761048793792725,0.9770965576171875,0.147430419921875,0.1745758056640625
1773062359049703680,62.77108669281006,0.960174560546875,0.1356353759765625,0.1541290283203125
1773062359059740672,62.781123876571655,0.956939697265625,0.1412200927734375,0.1734619140625
1773062359069778688,62.79116177558899,0.9713134765625,0.1402740478515625,0.170257568359375
1773062359079815680,62.80119872093201,0.9792022705078125,0.1367950439453125,0.1529541015625
1773062359089853696,62.81123685836792,0.971435546875,0.1347503662109375,0.1424713134765625
1773062359099890688,62.82127380371094,0.961517333984375,0.134765625,0.1415557861328125
1773062359109928704,62.83131170272827,0.9592742919921875,0.1299591064453125,0.1023406982421875
1773062359119965696,62.84134888648987,0.9461517333984375,0.1213836669921875,0.075775146484375
1773062359130003712,62.8513867855072,0.9328460693359375,0.1230010986328125,0.0679473876953125
1773062359140040704,62.86142373085022,0.929840087890625,0.1314239501953125,0.06024169921875
1773062359150077696,62.871460914611816,0.9368743896484375,0.1351470947265625,0.048248291015625
1773062359160115712,62.88149881362915,0.94708251953125,0.1374359130859375,0.0206451416015625
1773062359170152704,62.89153575897217,0.9485931396484375,0.14459228515625,0.0335540771484375
1773062359180190720,62.90157389640808,0.9640045166015625,0.1382293701171875,0.0389251708984375
1773062359190227712,62.9116108417511,0.9764404296875,0.128692626953125,0.011322021484375
1773062359200265728,62.92164874076843,0.97625732421875,0.141510009765625,0.0413665771484375
1773062359210302464,62.93168568611145,0.9882049560546875,0.15460205078125,0.03607177734375
1773062359220340736,62.94172382354736,0.987030029296875,0.15325927734375,-0.0176849365234375
1773062359230377728,62.95176076889038,0.9679107666015625,0.13177490234375,-0.0372467041015625
1773062359240415744,62.961798906326294,0.9533538818359375,0.0933837890625,-0.056732177734375
1773062359250452736,62.97183585166931,0.9282989501953125,0.059600830078125,-0.08740234375
1773062359260489728,62.98187279701233,0.9105682373046875,0.0516510009765625,-0.0990447998046875
1773062359270527488,62.99191069602966,0.9219512939453125,0.06231689453125,-0.0887451171875
1773062359280564736,63.00194787979126,0.9485931396484375,0.0802001953125,-0.0883331298828125
1773062359290602752,63.011985778808594,0.971343994140625,0.0983734130859375,-0.09490966796875
1773062359300639744,63.02202272415161,0.9915618896484375,0.1096038818359375,-0.143157958984375
1773062359310677760,63.032060861587524,0.9901580810546875,0.1146392822265625,-0.1601715087890625
1773062359320714752,63.04209780693054,0.9612579345703125,0.123046875,-0.114532470703125
1773062359330752512,63.052135705947876,0.9397125244140625,0.12188720703125,-0.1591796875
1773062359340789760,63.06217288970947,0.9209442138671875,0.1001129150390625,-0.2259674072265625
1773062359350827776,63.07221078872681,0.8996734619140625,0.065338134765625,-0.2710723876953125
1773062359360864512,63.082247734069824,0.8706512451171875,0.04644775390625,-0.2666168212890625
1773062359370901504,63.09228467941284,0.845703125,0.0582275390625,-0.2381439208984375
1773062359380939776,63.102322816848755,0.847930908203125,0.1004791259765625,-0.2069244384765625
1773062359390976768,63.11235976219177,0.87750244140625,0.1470489501953125,-0.1759185791015625
1773062359401014784,63.122397899627686,0.9132080078125,0.1765594482421875,-0.13873291015625
1773062359411051776,63.1324348449707,0.934326171875,0.1416473388671875,-0.23785400390625
1773062359421089536,63.14247274398804,0.8891143798828125,0.0552825927734375,-0.34759521484375
1773062359431126528,63.152509689331055,0.7949981689453125,-0.024200439453125,-0.3718719482421875
1773062359441164800,63.16254782676697,0.704437255859375,-0.0761260986328125,-0.4235992431640625
1773062359451201792,63.172584772109985,0.63226318359375,-0.0785064697265625,-0.38983154296875
1773062359461238528,63.182621717453,0.635650634765625,-0.018463134765625,-0.2688140869140625
1773062359471276800,63.192659854888916,0.696746826171875,0.009552001953125,-0.312744140625
1773062359481313792,63.202696800231934,0.7383270263671875,0.014984130859375,-0.400146484375
1773062359491351552,63.21273469924927,0.7577056884765625,-0.0013885498046875,-0.4499969482421875
1773062359501388800,63.222771883010864,0.7197418212890625,-0.0701446533203125,-0.515045166015625
1773062359511426560,63.2328097820282,0.62890625,-0.12286376953125,-0.5089569091796875
1773062359521463552,63.242846727371216,0.5693206787109375,-0.1454010009765625,-0.487457275390625
1773062359531501824,63.25288486480713,0.55059814453125,-0.1554107666015625,-0.5081634521484375
1773062359541538816,63.26292181015015,0.5604248046875,-0.1342315673828125,-0.5162811279296875
1773062359551576576,63.27295970916748,0.588531494140625,-0.1214752197265625,-0.5465087890625
1773062359561613824,63.28299689292908,0.59619140625,-0.1380462646484375,-0.624755859375
1773062359571650816,63.293033838272095,0.56060791015625,-0.1144256591796875,-0.554229736328125
1773062359581688576,63.30307173728943,0.530120849609375,-0.085296630859375,-0.5024871826171875
1773062359591725568,63.313108682632446,0.5088348388671875,-0.12890625,-0.56317138671875
1773062359601763840,63.32314682006836,0.4942779541015625,-0.2117767333984375,-0.7772369384765625
1773062359611800576,63.33318376541138,0.440185546875,-0.289642333984375,-0.83404541015625
1773062359621838848,63.34322190284729,0.382965087890625,-0.2731781005859375,-0.761932373046875
1773062359631875840,63.35325884819031,0.381561279296875,-0.182373046875,-0.6669464111328125
1773062359641913600,63.36329674720764,0.422821044921875,-0.1452789306640625,-0.6884918212890625
1773062359651950592,63.37333369255066,0.4602813720703125,-0.126495361328125,-0.689910888671875
1773062359661988608,63.38337182998657,0.465118408203125,-0.1615142822265625,-0.7056732177734375
1773062359672025600,63.39340877532959,0.399932861328125,-0.293304443359375,-0.857635498046875
1773062359682062592,63.40344572067261,0.2999725341796875,-0.371856689453125,-0.8950958251953125
1773062359692100864,63.41348385810852,0.23321533203125,-0.3366546630859375,-0.8318328857421875
1773062359702137600,63.42352080345154,0.2033233642578125,-0.2873077392578125,-0.7246551513671875
1773062359712175616,63.43355870246887,0.2281341552734375,-0.242218017578125,-0.639862060546875
1773062359722212864,63.44359588623047,0.290740966796875,-0.2136688232421875,-0.601043701171875
1773062359732250624,63.4536337852478,0.32122802734375,-0.267303466796875,-0.730072021484375
1773062359742287616,63.46367073059082,0.276336669921875,-0.3992156982421875,-0.970458984375
1773062359752325888,63.47370886802673,0.1335601806640625,-0.5591583251953125,-1.11932373046875
1773062359762362624,63.48374581336975,-0.0507965087890625,-0.62799072265625,-1.051361083984375
1773062359772399616,63.49378275871277,-0.130767822265625,-0.5243682861328125,-0.8632965087890625
1773062359782437888,63.50382089614868,-0.06463623046875,-0.2746734619140625,-0.640380859375
1773062359792474624,63.5138578414917,0.0723876953125,-0.099212646484375,-0.5951080322265625
1773062359802512384,63.523895502090454,0.2179107666015625,-0.1527557373046875,-0.801361083984375
1773062359812549376,63.53393244743347,0.25726318359375,-0.30303955078125,-1.0230865478515625
1773062359822587136,63.543970346450806,0.0872039794921875,-0.4276580810546875,-0.985595703125
1773062359832624384,63.5540075302124,-0.1563568115234375,-0.5740966796875,-1.01690673828125
1773062359842662400,63.564045429229736,-0.3228912353515625,-0.697357177734375,-1.050048828125
1773062359852699392,63.574082374572754,-0.3875885009765625,-0.6751556396484375,-0.94580078125
1773062359862737408,63.58412051200867,-0.356048583984375,-0.541778564453125,-0.8297882080078125
1773062359872774400,63.594157457351685,-0.231231689453125,-0.3368682861328125,-0.6239166259765625
1773062359882811392,63.6041944026947,-0.0972747802734375,-0.203948974609375,-0.6249237060546875
1773062359892849408,63.614232540130615,-0.0167236328125,-0.25286865234375,-0.7808074951171875
1773062359902886400,63.62426948547363,-0.0815887451171875,-0.3873291015625,-0.927978515625
1773062359912924416,63.63430738449097,-0.260986328125,-0.523895263671875,-0.9838409423828125
1773062359922961152,63.644344329833984,-0.44903564453125,-0.690185546875,-0.9749755859375
1773062359932999424,63.6543824672699,-0.56671142578125,-0.7711334228515625,-0.93743896484375
1773062359943036416,63.664419412612915,-0.5740814208984375,-0.6575469970703125,-0.67987060546875
1773062359953074176,63.67445731163025,-0.479736328125,-0.441680908203125,-0.5970001220703125
1773062359963111424,63.684494495391846,-0.3568878173828125,-0.212982177734375,-0.67041015625
1773062359973149184,63.69453239440918,-0.28515625,-0.0844879150390625,-0.7890777587890625
1773062359983186176,63.7045693397522,-0.332794189453125,-0.221649169921875,-1.0353851318359375
1773062359993223424,63.714606523513794,-0.50506591796875,-0.53375244140625,-1.210784912109375
1773062360003261440,63.72464442253113,-0.707794189453125,-0.760528564453125,-1.034912109375
1773062360013298176,63.734681367874146,-0.8045196533203125,-0.7695159912109375,-0.6831817626953125
1773062360023336448,63.74471950531006,-0.7719573974609375,-0.681304931640625,-0.5536346435546875
1773062360033373440,63.754756450653076,-0.642547607421875,-0.52423095703125,-0.633758544921875
1773062360043411200,63.76479434967041,-0.5081634521484375,-0.2725830078125,-0.62933349609375
1773062360053448448,63.77483153343201,-0.48590087890625,-0.102996826171875,-0.714813232421875
1773062360063486464,63.78486943244934,-0.584716796875,-0.1679840087890625,-0.9044342041015625
1773062360073523200,63.79490637779236,-0.7567291259765625,-0.4080963134765625,-0.987457275390625
1773062360083560192,63.804943323135376,-0.8856353759765625,-0.6097259521484375,-0.8582763671875
1773062360093598464,63.81498146057129,-0.896240234375,-0.6804656982421875,-0.674407958984375
1773062360103635200,63.82501840591431,-0.84100341796875,-0.6303253173828125,-0.6122894287109375
1773062360113673216,63.83505630493164,-0.7929840087890625,-0.4986724853515625,-0.65765380859375
1773062360123710464,63.84509348869324,-0.7814178466796875,-0.354766845703125,-0.712982177734375
1773062360133748224,63.85513138771057,-0.8148956298828125,-0.2316131591796875,-0.6926116943359375
1773062360143785216,63.86516833305359,-0.8951263427734375,-0.1910400390625,-0.6482086181640625
1773062360153823488,63.8752064704895,-0.9555816650390625,-0.2944183349609375,-0.734283447265625
1773062360163860224,63.88524341583252,-0.9062042236328125,-0.408477783203125,-0.805816650390625
1773062360173898240,63.89528131484985,-0.80413818359375,-0.42266845703125,-0.7520904541015625
1773062360183935488,63.90531849861145,-0.7917022705078125,-0.432586669921875,-0.7419586181640625
1773062360193972224,63.91535544395447,-0.8655242919921875,-0.457427978515625,-0.7542724609375
1773062360204010240,63.9253933429718,-0.931060791015625,-0.40472412109375,-0.5998077392578125
1773062360214047488,63.9354305267334,-0.9829254150390625,-0.363311767578125,-0.4933319091796875
1773062360224085248,63.94546842575073,-0.9716796875,-0.4156036376953125,-0.562744140625
1773062360234122240,63.95550537109375,-0.894775390625,-0.4495697021484375,-0.6078033447265625
1773062360244160512,63.96554350852966,-0.8509674072265625,-0.377227783203125,-0.5534210205078125
1773062360254197248,63.97558045387268,-0.8727569580078125,-0.27313232421875,-0.5728759765625
1773062360264235264,63.985618352890015,-0.8994140625,-0.23541259765625,-0.6809234619140625
1773062360274272512,63.99565553665161,-0.90936279296875,-0.2850189208984375,-0.7775726318359375
1773062360284309504,64.00569248199463,-0.9217071533203125,-0.3850555419921875,-0.74176025390625
1773062360294347264,64.01573038101196,-0.9521636962890625,-0.4719390869140625,-0.6237335205078125
1773062360304384256,64.02576732635498,-0.947052001953125,-0.4654541015625,-0.4842376708984375
1773062360314422272,64.0358054637909,-0.907379150390625,-0.389495849609375,-0.4232177734375
1773062360324459264,64.04584240913391,-0.86407470703125,-0.355682373046875,-0.5265960693359375
1773062360334497280,64.05588030815125,-0.86376953125,-0.3356170654296875,-0.6269683837890625
1773062360344534272,64.06591749191284,-0.90008544921875,-0.321075439453125,-0.651123046875
1773062360354572288,64.07595539093018,-0.9152679443359375,-0.32611083984375,-0.648712158203125
1773062360364609280,64.0859923362732,-0.8974151611328125,-0.3241424560546875,-0.62567138671875
1773062360374647296,64.0960304737091,-0.88458251953125,-0.3217315673828125,-0.5820770263671875
1773062360384684288,64.10606741905212,-0.896514892578125,-0.3233184814453125,-0.544219970703125
1773062360394722304,64.11610531806946,-0.914154052734375,-0.3333587646484375,-0.56805419921875
1773062360404759296,64.12614250183105,-0.9350128173828125,-0.329376220703125,-0.593719482421875
1773062360414796288,64.13617944717407,-0.9664459228515625,-0.3306884765625,-0.577239990234375
1773062360424834304,64.1462173461914,-0.9789276123046875,-0.3087615966796875,-0.555511474609375
1773062360434871552,64.156254529953,-0.96917724609375,-0.292205810546875,-0.5574493408203125
1773062360444909312,64.16629242897034,-0.9384918212890625,-0.3320465087890625,-0.6273651123046875
1773062360454946304,64.17632937431335,-0.888153076171875,-0.37554931640625,-0.6734771728515625
1773062360464984320,64.18636751174927,-0.861297607421875,-0.3692779541015625,-0.5833587646484375
1773062360475021312,64.19640445709229,-0.885955810546875,-0.3702545166015625,-0.5276336669921875
1773062360485059328,64.20644235610962,-0.908843994140625,-0.410369873046875,-0.6005859375
1773062360495096320,64.21647953987122,-0.914947509765625,-0.4086456298828125,-0.6402587890625
1773062360505133312,64.22651648521423,-0.95068359375,-0.3982696533203125,-0.6503448486328125
1773062360515171328,64.23655438423157,-0.977996826171875,-0.420654296875,-0.6683502197265625
1773062360525208320,64.24659132957458,-0.955474853515625,-0.42169189453125,-0.6099853515625
1773062360535246336,64.2566294670105,-0.9224395751953125,-0.3706512451171875,-0.5521240234375
1773062360545283328,64.26666641235352,-0.8936614990234375,-0.336517333984375,-0.554046630859375
1773062360555321344,64.27670431137085,-0.8796844482421875,-0.3789215087890625,-0.6644744873046875
1773062360565358336,64.28674149513245,-0.8600311279296875,-0.4561920166015625,-0.7341461181640625
1773062360575396352,64.29677939414978,-0.87158203125,-0.5086669921875,-0.71185302734375
1773062360585433344,64.3068163394928,-0.9037933349609375,-0.514984130859375,-0.6195220947265625
1773062360595470336,64.3168535232544,-0.9329833984375,-0.47430419921875,-0.5707550048828125
1773062360605508352,64.32689142227173,-0.939361572265625,-0.4104156494140625,-0.5816802978515625
1773062360615545344,64.33692836761475,-0.9466552734375,-0.366119384765625,-0.624542236328125
1773062360625583360,64.34696650505066,-0.954315185546875,-0.397308349609375,-0.74786376953125
1773062360635620352,64.35700345039368,-0.933807373046875,-0.4518890380859375,-0.811920166015625
1773062360645658368,64.36704134941101,-0.9189910888671875,-0.4929656982421875,-0.7317657470703125
1773062360655695360,64.37707853317261,-0.921722412109375,-0.5151824951171875,-0.605499267578125
1773062360665733376,64.38711643218994,-0.905120849609375,-0.49127197265625,-0.4990997314453125
1773062360675770368,64.39715337753296,-0.8946685791015625,-0.48394775390625,-0.5532379150390625
1773062360685808384,64.40719151496887,-0.8974609375,-0.4913482666015625,-0.71728515625
1773062360695845376,64.41722846031189,-0.8950347900390625,-0.4064483642578125,-0.70111083984375
1773062360705882368,64.42726540565491,-0.9330291748046875,-0.3449249267578125,-0.689208984375
1773062360715920128,64.43730330467224,-0.9676666259765625,-0.43511962890625,-0.7949676513671875
1773062360725957376,64.44734048843384,-0.954803466796875,-0.57244873046875,-0.7952728271484375
1773062360735995392,64.45737838745117,-0.92083740234375,-0.631072998046875,-0.6708526611328125
1773062360746032128,64.46741533279419,-0.891326904296875,-0.6253662109375,-0.604583740234375
1773062360756070400,64.4774534702301,-0.857025146484375,-0.5490570068359375,-0.5343780517578125
1773062360766107392,64.48749041557312,-0.8507080078125,-0.5028533935546875,-0.561187744140625
1773062360776145152,64.49752831459045,-0.8372955322265625,-0.5312652587890625,-0.7620391845703125
1773062360786182400,64.50756549835205,-0.792572021484375,-0.5223388671875,-0.83575439453125
1773062360796220416,64.51760339736938,-0.78631591796875,-0.529327392578125,-0.814544677734375
1773062360806258176,64.52764129638672,-0.8258819580078125,-0.582244873046875,-0.8090972900390625
1773062360816295168,64.53767824172974,-0.874237060546875,-0.59820556640625,-0.76068115234375
1773062360826333184,64.54771637916565,-0.8578948974609375,-0.5478057861328125,-0.6553802490234375
1773062360836370176,64.55775332450867,-0.7569427490234375,-0.4957275390625,-0.6465911865234375
1773062360846408192,64.567791223526,-0.6228485107421875,-0.520355224609375,-0.7693328857421875
1773062360856445440,64.5778284072876,-0.5506439208984375,-0.6090850830078125,-0.8916168212890625
1773062360866483200,64.58786630630493,-0.5821380615234375,-0.65521240234375,-0.84735107421875
1773062360876520192,64.59790325164795,-0.69036865234375,-0.6385345458984375,-0.7561798095703125
1773062360886558208,64.60794138908386,-0.72772216796875,-0.58013916015625,-0.7504425048828125
1773062360896595200,64.61797833442688,-0.6525726318359375,-0.4976959228515625,-0.753662109375
1773062360906632192,64.6280152797699,-0.562469482421875,-0.449981689453125,-0.808624267578125
1773062360916670208,64.63805317878723,-0.505706787109375,-0.4613800048828125,-0.8843841552734375
1773062360926707200,64.64809036254883,-0.43536376953125,-0.5334930419921875,-0.8532562255859375
1773062360936745216,64.65812826156616,-0.361663818359375,-0.587432861328125,-0.7754974365234375
1773062360946782208,64.66816520690918,-0.300567626953125,-0.5853118896484375,-0.64520263671875
1773062360956820224,64.67820334434509,-0.2847442626953125,-0.6153717041015625,-0.7005615234375
1773062360966857216,64.68824028968811,-0.310302734375,-0.6079254150390625,-0.7996673583984375
1773062360976894976,64.69827818870544,-0.3252716064453125,-0.5079803466796875,-0.7742919921875
1773062360986932224,64.70831537246704,-0.307037353515625,-0.4304046630859375,-0.8059844970703125
1773062360996970240,64.71835327148438,-0.24383544921875,-0.407318115234375,-0.87060546875
1773062361007007232,64.72839021682739,-0.14862060546875,-0.4078369140625,-0.8521881103515625
1773062361017044224,64.73842740058899,-0.0731964111328125,-0.4189910888671875,-0.775299072265625
1773062361027082240,64.74846529960632,-0.03253173828125,-0.454742431640625,-0.7988739013671875
1773062361037119232,64.75850224494934,-0.0198516845703125,-0.468017578125,-0.751251220703125
1773062361047157248,64.76854038238525,-0.021453857421875,-0.4674224853515625,-0.7456512451171875
1773062361057194240,64.77857732772827,0.0012969970703125,-0.441162109375,-0.7354583740234375
1773062361067232256,64.7886152267456,0.0450286865234375,-0.422149658203125,-0.79925537109375
1773062361077269248,64.7986524105072,0.0806121826171875,-0.405059814453125,-0.908050537109375
1773062361087307264,64.80869030952454,0.127288818359375,-0.311859130859375,-0.7958526611328125
1773062361097344256,64.81872725486755,0.18096923828125,-0.2115020751953125,-0.7244720458984375
1773062361107380992,64.82876420021057,0.2136993408203125,-0.18780517578125,-0.767822265625
1773062361117419264,64.83880233764648,0.2292633056640625,-0.226715087890625,-0.813873291015625
1773062361127456256,64.8488392829895,0.22772216796875,-0.306182861328125,-0.819000244140625
1773062361137494016,64.85887718200684,0.22760009765625,-0.3776397705078125,-0.7636566162109375
1773062361147531264,64.86891436576843,0.2632904052734375,-0.3905487060546875,-0.6989593505859375
1773062361157569280,64.87895226478577,0.3112335205078125,-0.36236572265625,-0.731781005859375
1773062361167606016,64.88898921012878,0.3235321044921875,-0.357208251953125,-0.917083740234375
1773062361177644288,64.8990273475647,0.3259735107421875,-0.254241943359375,-0.7913055419921875
1773062361187681280,64.90906429290771,0.347869873046875,-0.1278228759765625,-0.5703887939453125
1773062361197719040,64.91910219192505,0.3755340576171875,-0.1514739990234375,-0.705657958984375
1773062361207756288,64.92913937568665,0.4218597412109375,-0.1927337646484375,-0.795989990234375
1773062361217793280,64.93917632102966,0.433197021484375,-0.1959075927734375,-0.6987152099609375
1773062361227831040,64.949214220047,0.4176177978515625,-0.2098846435546875,-0.6402435302734375
1773062361237868288,64.9592514038086,0.4212493896484375,-0.240264892578125,-0.69293212890625
1773062361247906304,64.96928930282593,0.46820068359375,-0.2214508056640625,-0.6561279296875
1773062361257943040,64.97932624816895,0.5173187255859375,-0.225921630859375,-0.690155029296875
1773062361267981312,64.98936438560486,0.5352935791015625,-0.2050323486328125,-0.615509033203125
1773062361278018304,64.99940133094788,0.538665771484375,-0.1076812744140625,-0.499359130859375
1773062361288056064,65.00943922996521,0.5603485107421875,-0.05535888671875,-0.443817138671875
1773062361298093312,65.0194764137268,0.631378173828125,-0.089385986328125,-0.5264129638671875
1773062361308130304,65.02951335906982,0.6654052734375,-0.1557159423828125,-0.6167449951171875
1773062361318168064,65.03955125808716,0.6499481201171875,-0.2031402587890625,-0.6345367431640625
1773062361328205056,65.04958820343018,0.617950439453125,-0.1928863525390625,-0.615478515625
1773062361338243328,65.05962634086609,0.5750732421875,-0.159515380859375,-0.6487274169921875
1773062361348280064,65.0696632862091,0.56036376953125,-0.130615234375,-0.615478515625
1773062361358318080,65.07970118522644,0.5989227294921875,-0.107757568359375,-0.56878662109375
1773062361368355328,65.08973836898804,0.6414794921875,-0.0691070556640625,-0.446502685546875
1773062361378393088,65.09977626800537,0.680755615234375,-0.0216522216796875,-0.286376953125
1773062361388430080,65.10981321334839,0.7297210693359375,-0.0110321044921875,-0.26849365234375
1773062361398468352,65.1198513507843,0.7725372314453125,-0.023590087890625,-0.35906982421875
1773062361408505088,65.12988829612732,0.786773681640625,-0.009307861328125,-0.3983306884765625
1773062361418542080,65.13992524147034,0.76800537109375,0.023895263671875,-0.3280029296875
1773062361428580352,65.14996337890625,0.745361328125,0.0191192626953125,-0.33294677734375
1773062361438617344,65.16000032424927,0.7260284423828125,-0.0164947509765625,-0.398681640625
1773062361448655104,65.1700382232666,0.7015228271484375,-0.0523834228515625,-0.370330810546875
1773062361458692352,65.1800754070282,0.69097900390625,-0.0370941162109375,-0.2100677490234375
1773062361468730112,65.19011330604553,0.7299652099609375,-0.006317138671875,-0.1393890380859375
1773062361478767104,65.20015025138855,0.795989990234375,0.0182952880859375,-0.1699371337890625
1773062361488805376,65.21018838882446,0.8490142822265625,0.0442962646484375,-0.2256927490234375
1773062361498842112,65.22022533416748,0.8649749755859375,0.0725860595703125,-0.2349700927734375
1773062361508879104,65.2302622795105,0.8444061279296875,0.0686187744140625,-0.2533416748046875
1773062361518917120,65.24030017852783,0.8066253662109375,0.0462799072265625,-0.239044189453125
1773062361528954368,65.25033736228943,0.7847137451171875,0.0314483642578125,-0.1820220947265625
1773062361538992128,65.26037526130676,0.802490234375,0.01495361328125,-0.1407318115234375
1773062361549029120,65.27041220664978,0.8260345458984375,0.0109100341796875,-0.09881591796875
1773062361559067136,65.2804503440857,0.857696533203125,0.0435943603515625,-0.0380096435546875
1773062361569104128,65.29048728942871,0.9081268310546875,0.0894012451171875,-0.032745361328125
1773062361579142144,65.30052518844604,0.9735870361328125,0.1162261962890625,-0.030731201171875
1773062361589179392,65.31056237220764,1.01385498046875,0.1151123046875,-0.032073974609375
1773062361599217152,65.32060027122498,1.017303466796875,0.104339599609375,-0.0009613037109375
1773062361609254144,65.330637216568,1.0110321044921875,0.1062164306640625,0.0289764404296875
1773062361619291392,65.34067440032959,1.021392822265625,0.104278564453125,0.0390777587890625
1773062361629329152,65.35071229934692,1.034942626953125,0.1102752685546875,0.0641632080078125
1773062361639366144,65.36074924468994,1.052978515625,0.10931396484375,0.0576629638671875
1773062361649404160,65.37078738212585,1.057342529296875,0.1009979248046875,0.08026123046875
1773062361659441152,65.38082432746887,1.06201171875,0.09912109375,0.07208251953125
1773062361669479168,65.3908622264862,1.0676116943359375,0.1033782958984375,0.0654449462890625
1773062361679516416,65.4008994102478,1.062042236328125,0.1147613525390625,0.0818939208984375
1773062361689554176,65.41093730926514,1.0807647705078125,0.1334381103515625,0.1131744384765625
1773062361699591168,65.42097425460815,1.1194000244140625,0.156585693359375,0.12835693359375
1773062361709628160,65.43101119995117,1.14739990234375,0.17352294921875,0.1352386474609375
1773062361719666176,65.44104933738708,1.148345947265625,0.1685638427734375,0.1162567138671875
1773062361729703168,65.4510862827301,1.10772705078125,0.1455230712890625,0.0846710205078125
1773062361739741184,65.46112418174744,1.041900634765625,0.1096038818359375,0.06439208984375
1773062361749778176,65.47116136550903,0.9913177490234375,0.0786285400390625,0.057403564453125
1773062361759816192,65.48119926452637,0.9781036376953125,0.069610595703125,0.0753936767578125
1773062361769853184,65.49123620986938,0.9984283447265625,0.077392578125,0.0675811767578125
1773062361779891200,65.5012743473053,1.012451171875,0.0999603271484375,0.065521240234375
1773062361789928192,65.51131129264832,1.0090179443359375,0.1231536865234375,0.0860443115234375
1773062361799966208,65.52134919166565,1.0006866455078125,0.1302337646484375,0.0719451904296875
1773062361810002944,65.53138613700867,0.9907073974609375,0.1231689453125,0.0557708740234375
1773062361820039936,65.54142308235168,0.978973388671875,0.1153106689453125,0.059112548828125
1773062361830077952,65.55146098136902,0.97369384765625,0.1065216064453125,0.043548583984375
1773062361840114944,65.56149816513062,0.96478271484375,0.10296630859375,0.0168914794921875
1773062361850152960,65.57153606414795,0.9429168701171875,0.1113128662109375,0.025390625
1773062361860189952,65.58157300949097,0.9495086669921875,0.1217193603515625,0.0389404296875
1773062361870227968,65.59161114692688,0.968780517578125,0.12420654296875,0.059417724609375
1773062361880264960,65.6016480922699,0.9858551025390625,0.1146697998046875,0.0544586181640625
1773062361890302976,65.61168599128723,0.9859771728515625,0.097747802734375,0.025390625
1773062361900339968,65.62172317504883,0.95263671875,0.093597412109375,0.0208892822265625
1773062361910376960,65.63176012039185,0.9311981201171875,0.0886077880859375,0.02789306640625
1773062361920414976,65.64179801940918,0.936279296875,0.085205078125,0.01116943359375
1773062361930452224,65.65183520317078,0.949066162109375,0.0908050537109375,0.013946533203125
1773062361940489984,65.66187310218811,0.96136474609375,0.1125030517578125,0.044586181640625
1773062361950526976,65.67191004753113,0.9745025634765625,0.1352081298828125,0.0540618896484375
1773062361960564992,65.68194818496704,0.991363525390625,0.133544921875,0.0418853759765625
1773062361970601984,65.69198513031006,0.981475830078125,0.117919921875,0.0484619140625
1773062361980640000,65.70202302932739,0.9605865478515625,0.1075439453125,0.04931640625
1773062361990676992,65.71205997467041,0.950927734375,0.112213134765625,0.040863037109375
1773062362000713984,65.722097158432,0.961090087890625,0.1203765869140625,0.0207672119140625
1773062362010752000,65.73213505744934,0.978790283203125,0.12841796875,0.0380706787109375
1773062362020788992,65.74217200279236,0.994384765625,0.1300048828125,0.0521087646484375
1773062362030827008,65.75221014022827,1.00189208984375,0.1228179931640625,0.0472259521484375
1773062362040864000,65.76224708557129,0.9891510009765625,0.1148223876953125,0.0443878173828125
1773062362050902016,65.77228498458862,0.9647216796875,0.11920166015625,0.0626220703125
1773062362060939008,65.78232216835022,0.9712371826171875,0.1271209716796875,0.0653839111328125
1773062362070977024,65.79236006736755,0.9946441650390625,0.134765625,0.063232421875
1773062362081014016,65.80239701271057,1.00274658203125,0.1361846923828125,0.064910888671875
1773062362091052032,65.81243515014648,1.000244140625,0.131378173828125,0.07122802734375
1773062362101089024,65.8224720954895,0.9952392578125,0.12384033203125,0.078643798828125
1773062362111126016,65.83250904083252,0.991058349609375,0.113037109375,0.05035400390625
1773062362121164032,65.84254717826843,0.98333740234375,0.117462158203125,0.054901123046875
1773062362131201024,65.85258412361145,0.9847259521484375,0.1218719482421875,0.055084228515625
1773062362141239040,65.86262202262878,0.9904632568359375,0.1192779541015625,0.05108642578125
1773062362151276032,65.87265920639038,0.9893035888671875,0.1134796142578125,0.059967041015625
1773062362161314048,65.88269710540771,0.986907958984375,0.1071929931640625,0.05560302734375
1773062362171351040,65.89273405075073,0.979583740234375,0.10748291015625,0.052459716796875
1773062362181389056,65.90277218818665,0.9794464111328125,0.1188812255859375,0.05279541015625
1773062362191426048,65.91280913352966,0.978118896484375,0.1266021728515625,0.055389404296875
1773062362201463040,65.92284607887268,0.9811859130859375,0.1323394775390625,0.05303955078125
1773062362211500800,65.93288397789001,0.99114990234375,0.1368255615234375,0.052154541015625
1773062362221538048,65.94292116165161,0.9924774169921875,0.133087158203125,0.0517120361328125
1773062362231576064,65.95295906066895,0.9823150634765625,0.123687744140625,0.05145263671875
1773062362241612800,65.96299600601196,0.9698638916015625,0.1127471923828125,0.04034423828125
1773062362251651072,65.97303414344788,0.963897705078125,0.1051483154296875,0.0356292724609375
1773062362261688064,65.9830710887909,0.959503173828125,0.0976409912109375,0.0395050048828125
1773062362271725824,65.99310898780823,0.9611358642578125,0.10211181640625,0.0526580810546875
1773062362281763072,66.00314617156982,0.9728240966796875,0.1160430908203125,0.073638916015625
1773062362291800064,66.01318311691284,0.98297119140625,0.1338958740234375,0.0904083251953125
1773062362301837824,66.02322101593018,0.9867095947265625,0.1550140380859375,0.072509765625
1773062362311875072,66.03325819969177,0.99566650390625,0.160430908203125,0.076995849609375
1773062362321913088,66.0432960987091,0.9863433837890625,0.1516571044921875,0.1147918701171875
1773062362331949824,66.05333304405212,0.9824066162109375,0.1342620849609375,0.1027679443359375
1773062362341988096,66.06337118148804,0.9936370849609375,0.1293792724609375,0.106048583984375
1773062362352025088,66.07340812683105,1.0030059814453125,0.125518798828125,0.1078948974609375
1773062362362062848,66.08344602584839,0.99884033203125,0.1104888916015625,0.0864105224609375
1773062362372099840,66.0934829711914,0.9776153564453125,0.10797119140625,0.0945892333984375
1773062362382138112,66.10352110862732,0.9740447998046875,0.11822509765625,0.0965118408203125
1773062362392174848,66.11355805397034,0.9883880615234375,0.12408447265625,0.1003265380859375
1773062362402211840,66.12359499931335,1.005615234375,0.1201019287109375,0.1173248291015625
1773062362412250112,66.13363313674927,1.004241943359375,0.1103668212890625,0.1216888427734375
1773062362422287104,66.14367008209229,0.9962615966796875,0.10784912109375,0.1094207763671875
1773062362432324864,66.15370798110962,0.9911041259765625,0.1128387451171875,0.097076416015625
1773062362442362112,66.16374516487122,0.9954376220703125,0.119964599609375,0.0924835205078125
1773062362452399872,66.17378306388855,0.9960174560546875,0.1189117431640625,0.054534912109375
1773062362462436864,66.18382000923157,0.9807891845703125,0.1137542724609375,0.030517578125
1773062362472475136,66.19385814666748,0.9659423828125,0.1005401611328125,0.0174560546875
1773062362482511872,66.2038950920105,0.9468994140625,0.079681396484375,0.0140228271484375
1773062362492548864,66.21393203735352,0.9361572265625,0.0590667724609375,-0.0041961669921875
1773062362502587136,66.22397017478943,0.9358978271484375,0.0486602783203125,-0.0168914794921875
1773062362512624128,66.23400712013245,0.940826416015625,0.0455322265625,-0.0348663330078125
1773062362522661888,66.24404501914978,0.9403839111328125,0.0472412109375,-0.0572052001953125
1773062362532699136,66.25408220291138,0.9438018798828125,0.0525970458984375,-0.085784912109375
1773062362542736896,66.26412010192871,0.9395599365234375,0.0555419921875,-0.111053466796875
1773062362552773888,66.27415704727173,0.939300537109375,0.0623931884765625,-0.109832763671875
1773062362562812160,66.28419518470764,0.949859619140625,0.04736328125,-0.129974365234375
1773062362572849152,66.29423213005066,0.9388275146484375,0.0127410888671875,-0.1548919677734375
1773062362582886912,66.304270029068,0.914794921875,-0.0150299072265625,-0.1738433837890625
1773062362592923904,66.31430697441101,0.8928985595703125,-0.0330352783203125,-0.2135467529296875
1773062362602961152,66.32434415817261,0.86883544921875,-0.0189056396484375,-0.2204742431640625
1773062362612998912,66.33438205718994,0.87908935546875,0.0030059814453125,-0.23114013671875
1773062362623035904,66.34441900253296,0.9112396240234375,0.0009613037109375,-0.253326416015625
1773062362633073920,66.35445713996887,0.9272003173828125,-0.002532958984375,-0.2556610107421875
1773062362643110912,66.36449408531189,0.9294891357421875,0.005523681640625,-0.2579498291015625
1773062362653148928,66.37453198432922,0.92095947265625,0.0397491455078125,-0.221405029296875
1773062362663186176,66.38456916809082,0.9316864013671875,0.063140869140625,-0.21630859375
1773062362673223936,66.39460706710815,0.926971435546875,0.0754547119140625,-0.2137298583984375
1773062362683260928,66.40464401245117,0.9151763916015625,0.06817626953125,-0.23040771484375
1773062362693298176,66.41468119621277,0.8772430419921875,0.024993896484375,-0.313690185546875
1773062362703335936,66.4247190952301,0.819427490234375,-0.0166473388671875,-0.35723876953125
1773062362713372928,66.43475604057312,0.7682342529296875,-0.0540924072265625,-0.3545074462890625
1773062362723411200,66.44479417800903,0.739959716796875,-0.061737060546875,-0.31884765625
1773062362733447936,66.45483112335205,0.7679901123046875,-0.0036773681640625,-0.2037353515625
1773062362743485952,66.46486902236938,0.83721923828125,0.0362548828125,-0.196441650390625
1773062362753523200,66.47490620613098,0.8671722412109375,-0.0163116455078125,-0.370697021484375
1773062362763560960,66.48494410514832,0.797576904296875,-0.05938720703125,-0.4020538330078125
1773062362773597952,66.49498105049133,0.7121124267578125,-0.0838775634765625,-0.4144287109375
1773062362783634944,66.50501799583435,0.62762451171875,-0.165069580078125,-0.573272705078125
1773062362793672960,66.51505613327026,0.5626068115234375,-0.2237396240234375,-0.583099365234375
1773062362803709952,66.52509307861328,0.5574798583984375,-0.2316436767578125,-0.5068206787109375
1773062362813748480,66.53513169288635,0.565582275390625,-0.2236328125,-0.4661712646484375
1773062362823785472,66.54516863822937,0.5856475830078125,-0.162933349609375,-0.3641204833984375
1773062362833823744,66.55520677566528,0.6362457275390625,-0.1053466796875,-0.404296875
1773062362843860736,66.5652437210083,0.66558837890625,-0.0552978515625,-0.4751129150390625
1773062362853898496,66.57528162002563,0.65655517578125,-0.068389892578125,-0.5625
1773062362863935744,66.58531880378723,0.5851898193359375,-0.1539154052734375,-0.697357177734375
1773062362873972736,66.59535574913025,0.471221923828125,-0.2854461669921875,-0.8102569580078125
1773062362884010496,66.60539364814758,0.3419342041015625,-0.43817138671875,-0.86370849609375
1773062362894047744,66.61543083190918,0.2403106689453125,-0.5258331298828125,-0.7982635498046875
1773062362904085760,66.62546873092651,0.2059326171875,-0.4608917236328125,-0.6269989013671875
1773062362914122496,66.63550567626953,0.2862396240234375,-0.2153167724609375,-0.3625335693359375
1773062362924160768,66.64554381370544,0.4698486328125,0.01568603515625,-0.3558807373046875
1773062362934197760,66.65558075904846,0.636016845703125,0.0608978271484375,-0.68048095703125
1773062362944235520,66.6656186580658,0.6299285888671875,-0.0619964599609375,-0.977783203125
1773062362954272512,66.67565560340881,0.4199066162109375,-0.309814453125,-1.15283203125
1773062362964310528,66.68569374084473,0.0996246337890625,-0.5583038330078125,-1.048492431640625
1773062362974347520,66.69573068618774,-0.1143951416015625,-0.6589202880859375,-0.8507080078125
1773062362984384512,66.70576763153076,-0.119598388671875,-0.6091156005859375,-0.6833953857421875
1773062362994422784,66.71580576896667,0.0657958984375,-0.3761444091796875,-0.517120361328125
1773062363004459520,66.72584271430969,0.29852294921875,-0.1221466064453125,-0.5288543701171875
1773062363014497536,66.73588061332703,0.4615936279296875,-0.0606536865234375,-0.7701568603515625
1773062363024534784,66.74591779708862,0.4193878173828125,-0.17919921875,-1.08349609375
1773062363034572544,66.75595569610596,0.1632843017578125,-0.4190521240234375,-1.216064453125
1773062363044609536,66.76599264144897,-0.1256103515625,-0.6163787841796875,-1.0677490234375
1773062363054647808,66.77603077888489,-0.2701416015625,-0.6634979248046875,-0.8916778564453125
1773062363064684544,66.7860677242279,-0.2531890869140625,-0.62744140625,-0.826629638671875
1773062363074721536,66.79610466957092,-0.1301116943359375,-0.4356536865234375,-0.8035125732421875
1773062363084759808,66.80614280700684,0.0323638916015625,-0.1301116943359375,-0.6524810791015625
1773062363094796544,66.81617975234985,0.1761016845703125,0.014739990234375,-0.66973876953125
1773062363104834560,66.82621765136719,0.1978302001953125,-0.1023406982421875,-0.8724212646484375
1773062363114871552,66.8362545967102,0.0629425048828125,-0.3389434814453125,-0.9920806884765625
1773062363124909568,66.84629273414612,-0.1368408203125,-0.609100341796875,-1.031005859375
1773062363134946560,66.85632967948914,-0.322845458984375,-0.826873779296875,-1.0466156005859375
1773062363144984832,66.86636781692505,-0.4122772216796875,-0.832061767578125,-0.9709014892578125
1773062363155021568,66.87640476226807,-0.384490966796875,-0.6133880615234375,-0.8184967041015625
1773062363165059584,66.8864426612854,-0.26885986328125,-0.35369873046875,-0.7596435546875
1773062363175096576,66.89647960662842,-0.142181396484375,-0.1870269775390625,-0.8141937255859375
1773062363185133568,66.90651679039001,-0.0728607177734375,-0.1572418212890625,-0.883575439453125
1773062363195171584,66.91655468940735,-0.1305999755859375,-0.291534423828125,-0.94378662109375
1773062363205208576,66.92659163475037,-0.2832183837890625,-0.470428466796875,-0.9687347412109375
1773062363215246592,66.93662977218628,-0.4003448486328125,-0.5818939208984375,-0.9799346923828125
1773062363225283584,66.9466667175293,-0.439300537109375,-0.623748779296875,-0.96881103515625
1773062363235321600,66.95670461654663,-0.4539337158203125,-0.5864715576171875,-0.94207763671875
1773062363245358592,66.96674180030823,-0.45147705078125,-0.491180419921875,-0.9307861328125
1773062363255396608,66.97677969932556,-0.4196929931640625,-0.377777099609375,-0.8616180419921875
1773062363265433600,66.98681664466858,-0.4002838134765625,-0.30804443359375,-0.7733917236328125
1773062363275470848,66.99685382843018,-0.400115966796875,-0.3306732177734375,-0.719818115234375
1773062363285508608,67.00689172744751,-0.4376220703125,-0.434234619140625,-0.808441162109375
1773062363295545600,67.01692867279053,-0.5100250244140625,-0.5264434814453125,-0.87982177734375
1773062363305583616,67.02696681022644,-0.5811920166015625,-0.52911376953125,-0.87725830078125
1773062363315620608,67.03700375556946,-0.6137847900390625,-0.495330810546875,-0.9355010986328125
1773062363325658624,67.04704165458679,-0.6244659423828125,-0.4492645263671875,-0.929534912109375
1773062363335695616,67.05707859992981,-0.641845703125,-0.388214111328125,-0.8307037353515625
1773062363345733632,67.06711673736572,-0.6416168212890625,-0.3595733642578125,-0.7508697509765625
1773062363355770624,67.07715368270874,-0.606903076171875,-0.3311920166015625,-0.705291748046875
1773062363365807616,67.08719062805176,-0.59185791015625,-0.331298828125,-0.68780517578125
1773062363375845632,67.09722876548767,-0.650177001953125,-0.4010009765625,-0.82958984375
1773062363385882624,67.10726571083069,-0.7407073974609375,-0.4649658203125,-0.892791748046875
1773062363395920640,67.11730360984802,-0.8160400390625,-0.475616455078125,-0.8592681884765625
1773062363405957632,67.12734079360962,-0.8443603515625,-0.4653778076171875,-0.8793182373046875
1773062363415995648,67.13737869262695,-0.8370208740234375,-0.461883544921875,-0.8351898193359375
1773062363426032640,67.14741563796997,-0.81915283203125,-0.42425537109375,-0.7033233642578125
1773062363436070656,67.15745377540588,-0.7804412841796875,-0.35040283203125,-0.57379150390625
1773062363446107648,67.1674907207489,-0.7373199462890625,-0.329132080078125,-0.6102752685546875
1773062363456144640,67.17752766609192,-0.7205352783203125,-0.349517822265625,-0.7325439453125
1773062363466182656,67.18756580352783,-0.7587738037109375,-0.3292083740234375,-0.7823638916015625
1773062363476219648,67.19760274887085,-0.8181915283203125,-0.297393798828125,-0.8079071044921875
1773062363486257664,67.20764064788818,-0.85986328125,-0.346221923828125,-0.8304901123046875
1773062363496294656,67.21767783164978,-0.8783416748046875,-0.433929443359375,-0.799041748046875
1773062363506332672,67.22771573066711,-0.888580322265625,-0.471527099609375,-0.6935882568359375
1773062363516369664,67.23775267601013,-0.852264404296875,-0.43292236328125,-0.550750732421875
1773062363526407680,67.24779081344604,-0.7883758544921875,-0.3437957763671875,-0.49560546875
1773062363536444672,67.25782775878906,-0.739654541015625,-0.2816925048828125,-0.5636444091796875
1773062363546482688,67.2678656578064,-0.737457275390625,-0.3102874755859375,-0.7147674560546875
1773062363556519424,67.27790260314941,-0.76263427734375,-0.381256103515625,-0.8037261962890625
1773062363566556672,67.28793978691101,-0.790191650390625,-0.420440673828125,-0.77899169921875
1773062363576594688,67.29797768592834,-0.8040313720703125,-0.4366607666015625,-0.7072296142578125
1773062363586631424,67.30801463127136,-0.799468994140625,-0.378875732421875,-0.622772216796875
1773062363596669696,67.31805276870728,-0.776031494140625,-0.288238525390625,-0.5795440673828125
1773062363606706688,67.3280897140503,-0.7542572021484375,-0.257598876953125,-0.5707550048828125
1773062363616744448,67.33812761306763,-0.7607421875,-0.294586181640625,-0.5958709716796875
1773062363626781696,67.34816479682922,-0.790252685546875,-0.3720245361328125,-0.594024658203125
1773062363636819712,67.35820269584656,-0.8280487060546875,-0.438079833984375,-0.5786895751953125
1773062363646856448,67.36823964118958,-0.8551483154296875,-0.4484710693359375,-0.58734130859375
1773062363656893696,67.37827682495117,-0.8529510498046875,-0.391510009765625,-0.605072021484375
1773062363666931712,67.3883147239685,-0.8414154052734375,-0.3036956787109375,-0.581817626953125
1773062363676968448,67.39835166931152,-0.8459625244140625,-0.24542236328125,-0.541595458984375
1773062363687006720,67.40838980674744,-0.86541748046875,-0.23541259765625,-0.533111572265625
1773062363697043712,67.41842675209045,-0.882720947265625,-0.258758544921875,-0.5172271728515625
1773062363707081472,67.42846465110779,-0.91510009765625,-0.29425048828125,-0.4883880615234375
1773062363717118464,67.4385015964508,-0.97027587890625,-0.311553955078125,-0.4683990478515625
1773062363727156736,67.44853973388672,-1.0005950927734375,-0.307586669921875,-0.4813079833984375
1773062363737193472,67.45857667922974,-0.968841552734375,-0.29022216796875,-0.52044677734375
1773062363747230464,67.46861362457275,-0.8966064453125,-0.253570556640625,-0.4918670654296875
1773062363757268736,67.47865176200867,-0.8657684326171875,-0.21624755859375,-0.4465179443359375
1773062363767305728,67.48868870735168,-0.9100189208984375,-0.217315673828125,-0.46197509765625
1773062363777343488,67.49872660636902,-0.964111328125,-0.2299957275390625,-0.4796142578125
1773062363787380736,67.50876379013062,-0.9769439697265625,-0.222412109375,-0.4387969970703125
1773062363797418496,67.51880168914795,-0.95355224609375,-0.2540130615234375,-0.4519805908203125
1773062363807454976,67.52883815765381,-0.900665283203125,-0.3014678955078125,-0.522613525390625
1773062363817492992,67.53887605667114,-0.863861083984375,-0.3032073974609375,-0.4623260498046875
1773062363827529984,67.54891300201416,-0.882659912109375,-0.282470703125,-0.4078521728515625
1773062363837566976,67.55895018577576,-0.90325927734375,-0.2667694091796875,-0.4315185546875
1773062363847604992,67.56898808479309,-0.8956451416015625,-0.2395172119140625,-0.4304656982421875
1773062363857641984,67.57902503013611,-0.8861541748046875,-0.20745849609375,-0.4268341064453125
1773062363867680000,67.58906316757202,-0.8797607421875,-0.2094268798828125,-0.4228515625
1773062363877716992,67.59910011291504,-0.8672027587890625,-0.2246856689453125,-0.4196319580078125
1773062363887755008,67.60913801193237,-0.8715362548828125,-0.239715576171875,-0.413787841796875
1773062363897792000,67.61917519569397,-0.8834381103515625,-0.2795562744140625,-0.463470458984375
1773062363907830016,67.6292130947113,-0.8990478515625,-0.30572509765625,-0.479278564453125
1773062363917867008,67.63925004005432,-0.9300994873046875,-0.273895263671875,-0.4312896728515625
1773062363927905024,67.64928817749023,-0.9547576904296875,-0.2172393798828125,-0.38836669921875
1773062363937942016,67.65932512283325,-0.939544677734375,-0.1551666259765625,-0.385345458984375
1773062363947979008,67.66936206817627,-0.9050140380859375,-0.114044189453125,-0.3814849853515625
1773062363958017024,67.67940020561218,-0.9062347412109375,-0.151763916015625,-0.4151458740234375
1773062363968054016,67.6894371509552,-0.9361114501953125,-0.2630462646484375,-0.5066070556640625
1773062363978092032,67.69947504997253,-0.9541168212890625,-0.3632354736328125,-0.5342559814453125
1773062363988129024,67.70951199531555,-0.9733734130859375,-0.379852294921875,-0.49676513671875
1773062363998167040,67.71955013275146,-0.9766693115234375,-0.303436279296875,-0.4190826416015625
1773062364008204032,67.72958707809448,-0.9513092041015625,-0.191375732421875,-0.3924713134765625
1773062364018241792,67.73962497711182,-0.926666259765625,-0.130340576171875,-0.430023193359375
1773062364028279040,67.74966216087341,-0.919219970703125,-0.134368896484375,-0.4792327880859375
1773062364038316032,67.75969910621643,-0.92315673828125,-0.1895751953125,-0.4664764404296875
1773062364048353792,67.76973700523376,-0.9336700439453125,-0.2931671142578125,-0.5099945068359375
1773062364058391040,67.77977418899536,-0.9398956298828125,-0.3983154296875,-0.583709716796875
1773062364068429056,67.7898120880127,-0.98651123046875,-0.4559326171875,-0.5836944580078125
1773062364078466048,67.79984903335571,-1.0387420654296875,-0.4281768798828125,-0.521881103515625
1773062364088504064,67.80988717079163,-1.028839111328125,-0.322998046875,-0.4231109619140625
1773062364098541056,67.81992411613464,-0.97607421875,-0.21624755859375,-0.4261322021484375
1773062364108578816,67.82996201515198,-0.9462890625,-0.1827545166015625,-0.53076171875
1773062364118616064,67.83999919891357,-0.95184326171875,-0.2376251220703125,-0.61614990234375
1773062364128653056,67.85003614425659,-1.0047760009765625,-0.358367919921875,-0.6312713623046875
1773062364138691072,67.86007404327393,-1.046539306640625,-0.4813232421875,-0.6421356201171875
1773062364148727808,67.87011098861694,-1.0375213623046875,-0.5133819580078125,-0.560150146484375
1773062364158766080,67.88014912605286,-1.0186920166015625,-0.465179443359375,-0.486572265625
1773062364168803072,67.89018607139587,-0.9922943115234375,-0.398681640625,-0.533966064453125
1773062364178840832,67.90022397041321,-0.9874114990234375,-0.3354034423828125,-0.5825958251953125
1773062364188878080,67.9102611541748,-0.9821014404296875,-0.28802490234375,-0.6326141357421875
1773062364198915840,67.92029905319214,-0.9656829833984375,-0.30255126953125,-0.64727783203125
1773062364208952832,67.93033599853516,-0.9569244384765625,-0.410614013671875,-0.6977386474609375
1773062364218990080,67.94037318229675,-0.9814300537109375,-0.50103759765625,-0.6609039306640625
1773062364229028096,67.95041108131409,-1.019287109375,-0.5616912841796875,-0.5922393798828125
1773062364239064832,67.9604480266571,-1.0079193115234375,-0.5848846435546875,-0.6473236083984375
1773062364249103104,67.97048616409302,-0.916473388671875,-0.490264892578125,-0.60882568359375
1773062364259140096,67.98052310943604,-0.8765716552734375,-0.3993988037109375,-0.58184814453125
1773062364269177856,67.99056100845337,-0.889892578125,-0.43756103515625,-0.7007598876953125
1773062364279215104,68.00059819221497,-0.8854827880859375,-0.51348876953125,-0.782501220703125
1773062364289253120,68.0106360912323,-0.878265380859375,-0.5457763671875,-0.69171142578125
1773062364299289856,68.02067303657532,-0.9049224853515625,-0.5615081787109375,-0.63824462890625
1773062364309328128,68.03071117401123,-0.91497802734375,-0.5628509521484375,-0.65911865234375
1773062364319365120,68.04074811935425,-0.904022216796875,-0.50665283203125,-0.6294097900390625
1773062364329401856,68.05078506469727,-0.872283935546875,-0.4606475830078125,-0.6494293212890625
1773062364339440128,68.06082320213318,-0.8007049560546875,-0.4544677734375,-0.7558441162109375
1773062364349477120,68.0708601474762,-0.710235595703125,-0.4967498779296875,-0.794464111328125
1773062364359514880,68.08089804649353,-0.6538238525390625,-0.5677642822265625,-0.8264312744140625
1773062364369551872,68.09093499183655,-0.68206787109375,-0.56365966796875,-0.785308837890625
1773062364379590144,68.10097312927246,-0.7801361083984375,-0.5188751220703125,-0.718841552734375
1773062364389626880,68.11101007461548,-0.8170166015625,-0.5155181884765625,-0.787567138671875
1773062364399664896,68.12104797363281,-0.7463531494140625,-0.471099853515625,-0.7492828369140625
1773062364409702144,68.13108515739441,-0.673065185546875,-0.4780426025390625,-0.7499847412109375
1773062364419738880,68.14112210273743,-0.6137237548828125,-0.548309326171875,-0.830596923828125
1773062364429776896,68.15116000175476,-0.5444183349609375,-0.5573577880859375,-0.773590087890625
1773062364439814144,68.16119718551636,-0.520782470703125,-0.5541534423828125,-0.7624053955078125
1773062364449851904,68.17123508453369,-0.529541015625,-0.5629119873046875,-0.8852386474609375
1773062364459888896,68.18127202987671,-0.54840087890625,-0.5593109130859375,-0.9053192138671875
1773062364469927168,68.19131016731262,-0.5511016845703125,-0.5086822509765625,-0.762908935546875
1773062364479963904,68.20134711265564,-0.5264739990234375,-0.446044921875,-0.701202392578125
1773062364490001920,68.21138501167297,-0.4869384765625,-0.47491455078125,-0.8504180908203125
1773062364500039168,68.22142219543457,-0.4068450927734375,-0.5237579345703125,-0.9901275634765625
1773062364510076160,68.23145914077759,-0.325225830078125,-0.533447265625,-0.90771484375
1773062364520113920,68.24149703979492,-0.2991943359375,-0.521331787109375,-0.826446533203125
1773062364530150912,68.25153398513794,-0.319488525390625,-0.46673583984375,-0.732940673828125
1773062364540188928,68.26157212257385,-0.336334228515625,-0.466522216796875,-0.8208770751953125
1773062364550225920,68.27160906791687,-0.2935638427734375,-0.452239990234375,-0.88043212890625
1773062364560264192,68.28164720535278,-0.2310333251953125,-0.405181884765625,-0.8534698486328125
1773062364570300928,68.2916841506958,-0.1633148193359375,-0.373443603515625,-0.8581085205078125
1773062364580338944,68.30172204971313,-0.1049957275390625,-0.4225616455078125,-0.9145965576171875
1773062364590375936,68.31175899505615,-0.052581787109375,-0.4659271240234375,-0.9088897705078125
1773062364600413952,68.32179713249207,-0.0241546630859375,-0.449005126953125,-0.7942047119140625
1773062364610450944,68.33183407783508,-0.0228271484375,-0.4679107666015625,-0.8193511962890625
1773062364620487936,68.3418710231781,-0.0389404296875,-0.4857330322265625,-0.9109039306640625
1773062364630525952,68.35190916061401,-0.05908203125,-0.445556640625,-0.8903656005859375
1773062364640562944,68.36194610595703,-0.0225677490234375,-0.3304901123046875,-0.766632080078125
1773062364650600960,68.37198400497437,0.05975341796875,-0.2348480224609375,-0.729644775390625
1773062364660638208,68.38202118873596,0.148773193359375,-0.2093048095703125,-0.8510589599609375
1773062364670675968,68.3920590877533,0.230194091796875,-0.2443389892578125,-0.8897857666015625
1773062364680712960,68.40209603309631,0.2729034423828125,-0.3208770751953125,-0.8520355224609375
1773062364690750976,68.41213417053223,0.2434844970703125,-0.380706787109375,-0.760345458984375
1773062364700787968,68.42217111587524,0.18365478515625,-0.4249267578125,-0.7421112060546875
1773062364710824960,68.43220806121826,0.15887451171875,-0.4011993408203125,-0.716064453125
1773062364720862976,68.44224619865417,0.19586181640625,-0.2764434814453125,-0.65032958984375
1773062364730899968,68.45228314399719,0.272552490234375,-0.1483154296875,-0.6815032958984375
1773062364740937984,68.46232104301453,0.3729095458984375,-0.0767669677734375,-0.730133056640625
1773062364750974976,68.47235798835754,0.471649169921875,-0.1189117431640625,-0.7907562255859375
1773062364761012992,68.48239612579346,0.5281829833984375,-0.2325439453125,-0.7684783935546875
1773062364771049984,68.49243307113647,0.5074615478515625,-0.332122802734375,-0.7366790771484375
1773062364781088000,68.50247097015381,0.40472412109375,-0.3854827880859375,-0.7302398681640625
1773062364791124992,68.5125081539154,0.3107757568359375,-0.3403167724609375,-0.660552978515625
1773062364801161984,68.52254509925842,0.31536865234375,-0.2091522216796875,-0.597412109375
1773062364811198208,68.5325813293457,0.3922576904296875,-0.10760498046875,-0.652374267578125
1773062364821235456,68.5426185131073,0.475555419921875,-0.0544586181640625,-0.736541748046875
1773062364831273216,68.55265641212463,0.515655517578125,-0.0370025634765625,-0.6879119873046875
1773062364841310208,68.56269335746765,0.54827880859375,-0.016754150390625,-0.4976043701171875
1773062364851348480,68.57273149490356,0.5978851318359375,-0.0654144287109375,-0.4043426513671875
1773062364861385472,68.58276844024658,0.638336181640625,-0.1845703125,-0.4784088134765625
1773062364871423232,68.59280633926392,0.6444091796875,-0.2428131103515625,-0.439697265625
1773062364881460480,68.60284352302551,0.6244964599609375,-0.2261199951171875,-0.35638427734375
1773062364891497472,68.61288046836853,0.5838165283203125,-0.199981689453125,-0.4605865478515625
1773062364901535232,68.62291836738586,0.5472259521484375,-0.1200103759765625,-0.476654052734375
1773062364911572224,68.63295531272888,0.570098876953125,-0.03076171875,-0.4901885986328125
1773062364921610240,68.6429934501648,0.6194610595703125,0.0261077880859375,-0.4704132080078125
1773062364931647232,68.65303039550781,0.6786041259765625,0.0623626708984375,-0.3770751953125
1773062364941685504,68.66306853294373,0.732208251953125,0.0670166015625,-0.300445556640625
1773062364951722496,68.67310547828674,0.781768798828125,0.03253173828125,-0.23358154296875
1773062364961760256,68.68314337730408,0.811370849609375,-0.03118896484375,-0.279266357421875
1773062364971797248,68.6931803226471,0.7927398681640625,-0.0610809326171875,-0.3431243896484375
1773062364981835264,68.70321846008301,0.7440948486328125,-0.022979736328125,-0.2658843994140625
1773062364991872256,68.71325540542603,0.7049407958984375,-0.0122528076171875,-0.33892822265625
1773062365001909248,68.72329235076904,0.693695068359375,0.0084991455078125,-0.342681884765625
1773062365011947520,68.73333048820496,0.7556304931640625,0.03900146484375,-0.2733612060546875
1773062365021984256,68.74336743354797,0.8149566650390625,0.003265380859375,-0.3087921142578125
1773062365032022272,68.75340533256531,0.8112945556640625,-0.0184173583984375,-0.2574005126953125
1773062365042059520,68.7634425163269,0.8045196533203125,0.0345611572265625,-0.125457763671875
1773062365052097280,68.77348041534424,0.83123779296875,0.11175537109375,-0.0802001953125
1773062365062134272,68.78351736068726,0.900970458984375,0.1766815185546875,-0.045074462890625
1773062365072172288,68.79355549812317,0.99273681640625,0.1739044189453125,-0.09942626953125
1773062365082209280,68.80359244346619,1.0125885009765625,0.109375,-0.1898040771484375
1773062365092246272,68.8136293888092,0.94500732421875,0.040679931640625,-0.2177581787109375
1773062365102284544,68.82366752624512,0.8399658203125,-0.0106658935546875,-0.18988037109375
1773062365112321280,68.83370447158813,0.767730712890625,-0.0290069580078125,-0.1363677978515625
1773062365122359296,68.84374237060547,0.78948974609375,-0.003875732421875,-0.086395263671875
1773062365132396288,68.85377931594849,0.894500732421875,0.05975341796875,-0.00909423828125
1773062365142434304,68.8638174533844,1.0292205810546875,0.1309356689453125,0.052093505859375
1773062365152471296,68.87385439872742,1.134735107421875,0.17529296875,0.0625457763671875
1773062365162509568,68.88389253616333,1.1651458740234375,0.16754150390625,-0.0012969970703125
1773062365172546304,68.89392948150635,1.119384765625,0.1339569091796875,-0.044097900390625
1773062365182583296,68.90396642684937,1.0052490234375,0.09368896484375,-0.063812255859375
1773062365192621312,68.9140043258667,0.901153564453125,0.054534912109375,-0.06005859375
1773062365202658304,68.9240415096283,0.88507080078125,0.0308837890625,-0.0010833740234375
1773062365212696320,68.93407940864563,0.9514923095703125,0.03118896484375,0.0473480224609375
1773062365222733312,68.94411635398865,1.0467681884765625,0.056427001953125,0.0665283203125
1773062365232771328,68.95415449142456,1.11029052734375,0.1169891357421875,0.07989501953125
1773062365242808320,68.96419143676758,1.1328125,0.1692047119140625,0.0486907958984375
1773062365252846336,68.97422933578491,1.0984344482421875,0.1923980712890625,0.033782958984375
1773062365262883328,68.98426651954651,1.0429840087890625,0.17974853515625,0.0388946533203125
1773062365272920320,68.99430346488953,1.0045166015625,0.13037109375,0.062042236328125
1773062365282958336,69.00434136390686,0.98785400390625,0.068572998046875,0.073150634765625
1773062365292995328,69.01437830924988,0.9719696044921875,0.033447265625,0.05743408203125
1773062365303033344,69.02441644668579,0.9510955810546875,0.037445068359375,0.0643157958984375
1773062365313070336,69.03445339202881,0.9554595947265625,0.072723388671875,0.0690155029296875
1773062365323108352,69.04449152946472,0.984710693359375,0.1184844970703125,0.0930023193359375
1773062365333145344,69.05452847480774,1.019378662109375,0.1355438232421875,0.10772705078125
1773062365343183360,69.06456637382507,1.04345703125,0.1246490478515625,0.10870361328125
1773062365353220352,69.07460331916809,1.0273895263671875,0.1116180419921875,0.1103668212890625
1773062365363258368,69.084641456604,0.97381591796875,0.0960540771484375,0.103363037109375
1773062365373295360,69.09467840194702,0.93267822265625,0.0832672119140625,0.095794677734375
1773062365383332352,69.10471534729004,0.930511474609375,0.0787811279296875,0.101318359375
1773062365393370368,69.11475348472595,0.9510498046875,0.079254150390625,0.10174560546875
1773062365403407360,69.12479043006897,0.98291015625,0.0911407470703125,0.1069183349609375
1773062365413445120,69.1348283290863,1.0043182373046875,0.1002197265625,0.11444091796875
1773062365423482368,69.1448655128479,1.00213623046875,0.1036834716796875,0.09564208984375
1773062365433520384,69.15490341186523,0.97882080078125,0.09881591796875,0.079803466796875
1773062365443557376,69.16494035720825,0.9582366943359375,0.0866851806640625,0.0641937255859375
1773062365453595392,69.17497849464417,0.947784423828125,0.0793609619140625,0.0605010986328125
1773062365463632384,69.18501543998718,0.95428466796875,0.094207763671875,0.0796356201171875
1773062365473669376,69.1950523853302,0.986785888671875,0.1139068603515625,0.0803680419921875
1773062365483707392,69.20509052276611,1.0129241943359375,0.1296539306640625,0.0886077880859375
1773062365493744384,69.21512746810913,1.0284576416015625,0.1286468505859375,0.104156494140625
1773062365503782400,69.22516536712646,1.019683837890625,0.101654052734375,0.0923919677734375
1773062365513819136,69.23520231246948,0.9864501953125,0.067840576171875,0.067718505859375
1773062365523857408,69.2452404499054,0.95849609375,0.05078125,0.0474090576171875
1773062365533894400,69.25527739524841,0.952606201171875,0.067962646484375,0.0565948486328125
1773062365543932416,69.26531553268433,0.980865478515625,0.099884033203125,0.073333740234375
1773062365553969408,69.27535247802734,1.02783203125,0.117156982421875,0.0901947021484375
1773062365564006400,69.28538942337036,1.0543670654296875,0.1098480224609375,0.0992279052734375
1773062365574044160,69.2954273223877,1.046478271484375,0.0861053466796875,0.0981292724609375
1773062365584081408,69.30546450614929,1.0204925537109375,0.0673828125,0.1128997802734375
1773062365594119424,69.31550240516663,0.991058349609375,0.054290771484375,0.0950469970703125
1773062365604156160,69.32553935050964,0.9735870361328125,0.05010986328125,0.0812225341796875
1773062365614194432,69.33557748794556,0.9693756103515625,0.060272216796875,0.0858612060546875
1773062365624231424,69.34561443328857,0.986663818359375,0.070831298828125,0.0729827880859375
1773062365634269184,69.35565233230591,1.0032806396484375,0.0906829833984375,0.0963592529296875
1773062365644306432,69.3656895160675,1.01434326171875,0.10308837890625,0.1013641357421875
1773062365654343424,69.37572646141052,1.020660400390625,0.10687255859375,0.1040191650390625
1773062365664381184,69.38576436042786,1.0150909423828125,0.0985565185546875,0.1183013916015625
1773062365674418176,69.39580130577087,1.0058441162109375,0.0855865478515625,0.1025543212890625
1773062365684456448,69.40583944320679,0.9878692626953125,0.079681396484375,0.0876617431640625
1773062365694493184,69.4158763885498,0.9722900390625,0.0783233642578125,0.0858306884765625
1773062365704531456,69.42591452598572,0.9698944091796875,0.0773162841796875,0.0867156982421875
1773062365714568448,69.43595147132874,0.97784423828125,0.0747528076171875,0.0891265869140625
1773062365724606208,69.44598937034607,0.9866180419921875,0.0798797607421875,0.09454345703125
1773062365734643200,69.45602631568909,0.9993438720703125,0.099212646484375,0.11865234375
1773062365744680448,69.46606349945068,1.0070037841796875,0.1072998046875,0.124114990234375
1773062365754718208,69.47610139846802,1.00323486328125,0.096771240234375,0.1176300048828125
1773062365764755200,69.48613834381104,0.985260009765625,0.0797271728515625,0.105072021484375
1773062365774793472,69.49617648124695,0.963043212890625,0.06781005859375,0.100494384765625
1773062365784830208,69.50621342658997,0.956024169921875,0.0665283203125,0.1077728271484375
1773062365794868224,69.5162513256073,0.961212158203125,0.0689849853515625,0.094940185546875
1773062365804905472,69.5262885093689,0.9659576416015625,0.0698089599609375,0.0998687744140625
1773062365814944512,69.53632760047913,0.9652099609375,0.0749053955078125,0.1259002685546875
1773062365824981760,69.54636478424072,0.9717864990234375,0.0819854736328125,0.1307830810546875
1773062365835018752,69.55640172958374,0.9772796630859375,0.0912933349609375,0.137969970703125
1773062365845056512,69.56643962860107,0.9791107177734375,0.0971527099609375,0.1534423828125
1773062365855093760,69.57647681236267,0.975860595703125,0.1054840087890625,0.155029296875
1773062365865131520,69.58651471138,0.9742584228515625,0.11236572265625,0.151092529296875
1773062365875168512,69.59655165672302,0.9835357666015625,0.1110687255859375,0.166839599609375
1773062365885206784,69.60658979415894,0.9842071533203125,0.0959320068359375,0.173065185546875
1773062365895243520,69.61662673950195,0.977508544921875,0.07525634765625,0.1569061279296875
1773062365905281536,69.62666463851929,0.964019775390625,0.06927490234375,0.1443328857421875
1773062365915318784,69.63670182228088,0.9496612548828125,0.0802154541015625,0.1536712646484375
1773062365925355776,69.6467387676239,0.954498291015625,0.09136962890625,0.1502838134765625
1773062365935393536,69.65677666664124,0.9612579345703125,0.0971527099609375,0.14727783203125
1773062365945430528,69.66681361198425,0.9702911376953125,0.095489501953125,0.1649322509765625
1773062365955468544,69.67685174942017,0.975921630859375,0.0872650146484375,0.178070068359375
1773062365965505536,69.68688869476318,0.985626220703125,0.077789306640625,0.159088134765625
1773062365975543808,69.6969268321991,0.9891815185546875,0.0715484619140625,0.13653564453125
1773062365985580800,69.70696377754211,0.9732666015625,0.0632781982421875,0.1277008056640625
1773062365995618560,69.71700167655945,0.9459228515625,0.048248291015625,0.092498779296875
1773062366005655552,69.72703862190247,0.9181671142578125,0.0461578369140625,0.0714263916015625
1773062366015692800,69.73707580566406,0.9201812744140625,0.0558624267578125,0.061614990234375
1773062366025730560,69.7471137046814,0.9356231689453125,0.0626983642578125,0.0521240234375
1773062366035767552,69.75715065002441,0.9536590576171875,0.0732879638671875,0.0240936279296875
1773062366045805568,69.76718878746033,0.9627227783203125,0.0886383056640625,0.01373291015625
1773062366055842560,69.77722573280334,0.9634246826171875,0.0964202880859375,0.013519287109375
1773062366065880576,69.78726363182068,0.9757843017578125,0.0849609375,0.006561279296875
1773062366075917824,69.79730081558228,0.9806365966796875,0.0485382080078125,-0.012481689453125
1773062366085955584,69.80733871459961,0.9479217529296875,0.0142822265625,-0.04638671875
1773062366095992576,69.81737565994263,0.911651611328125,0.0093994140625,-0.075958251953125
1773062366106030592,69.82741379737854,0.9071044921875,0.0128326416015625,-0.0983734130859375
1773062366116067584,69.83745074272156,0.9144287109375,0.00909423828125,-0.1276092529296875
1773062366126104576,69.84748768806458,0.923492431640625,-0.0014801025390625,-0.156341552734375
1773062366136142848,69.85752582550049,0.9412994384765625,-0.0087890625,-0.13690185546875
1773062366146179584,69.8675627708435,0.952117919921875,-0.0140380859375,-0.148284912109375
1773062366156217600,69.87760066986084,0.94073486328125,-0.0195465087890625,-0.2076568603515625
1773062366166254592,69.88763761520386,0.9149322509765625,-0.020782470703125,-0.2365570068359375
1773062366176292608,69.89767575263977,0.894561767578125,-0.0114288330078125,-0.23480224609375
1773062366186329600,69.90771269798279,0.8785400390625,-0.0042877197265625,-0.273895263671875
1773062366196367616,69.91775059700012,0.877471923828125,0.01458740234375,-0.2890777587890625
1773062366206404608,69.92778778076172,0.907928466796875,0.022552490234375,-0.2908782958984375
1773062366216441600,69.93782472610474,0.9388427734375,-0.00103759765625,-0.33251953125
1773062366226479616,69.94786262512207,0.9334259033203125,-0.014404296875,-0.3039703369140625
1773062366236516608,69.95789980888367,0.9010009765625,-0.023223876953125,-0.29486083984375
1773062366246554624,69.967937707901,0.863433837890625,-0.0360260009765625,-0.321441650390625
1773062366256591616,69.97797465324402,0.8396453857421875,-0.0294189453125,-0.3271484375
1773062366266629632,69.98801279067993,0.8350677490234375,-0.011871337890625,-0.40606689453125
1773062366276666624,69.99804973602295,0.831695556640625,0.0196990966796875,-0.4687042236328125
1773062366286704640,70.00808763504028,0.8501434326171875,0.0726318359375,-0.35308837890625
1773062366296741632,70.01812481880188,0.876373291015625,0.0507354736328125,-0.363616943359375
1773062366306778624,70.0281617641449,0.851898193359375,-0.015716552734375,-0.444183349609375
1773062366316816640,70.03819966316223,0.809783935546875,-0.037628173828125,-0.4448394775390625
1773062366326853632,70.04823660850525,0.765289306640625,-0.0591888427734375,-0.4257965087890625
1773062366336891648,70.05827474594116,0.725799560546875,-0.0529632568359375,-0.4123687744140625
1773062366346928640,70.06831169128418,0.7171478271484375,-0.0224151611328125,-0.4061126708984375
1773062366356966656,70.07834982872009,0.7331390380859375,-0.030853271484375,-0.3682861328125
1773062366367003648,70.08838677406311,0.7440948486328125,-0.06048583984375,-0.4280853271484375
1773062366377041664,70.09842467308044,0.71337890625,-0.0739288330078125,-0.478179931640625
1773062366387078400,70.10846161842346,0.6797637939453125,-0.068511962890625,-0.4396820068359375
1773062366397115648,70.11849880218506,0.6537017822265625,-0.08685302734375,-0.4972381591796875
1773062366407153664,70.12853670120239,0.6048126220703125,-0.1459808349609375,-0.623565673828125
1773062366417190656,70.13857364654541,0.5481109619140625,-0.1955108642578125,-0.681396484375
1773062366427228672,70.14861178398132,0.493133544921875,-0.1824798583984375,-0.6465606689453125
1773062366437265664,70.15864872932434,0.4731292724609375,-0.1471099853515625,-0.527923583984375
1773062366447303424,70.16868662834167,0.5067291259765625,-0.1384429931640625,-0.524871826171875
1773062366457340672,70.17872381210327,0.5443572998046875,-0.1194000244140625,-0.589508056640625
1773062366467378688,70.1887617111206,0.558197021484375,-0.0907745361328125,-0.5519866943359375
1773062366477415680,70.19879865646362,0.54034423828125,-0.09283447265625,-0.557159423828125
1773062366487452416,70.20883560180664,0.4806671142578125,-0.1938934326171875,-0.7440338134765625
1773062366497490688,70.21887373924255,0.369873046875,-0.3113250732421875,-0.8315582275390625
1773062366507527680,70.22891068458557,0.27325439453125,-0.34429931640625,-0.7468414306640625
1773062366517565696,70.23894882202148,0.2306365966796875,-0.3706817626953125,-0.7880401611328125
1773062366527602688,70.2489857673645,0.228515625,-0.3435516357421875,-0.8138580322265625
1773062366537640448,70.25902366638184,0.276947021484375,-0.1810760498046875,-0.663055419921875
1773062366547677440,70.26906061172485,0.355499267578125,-0.06640625,-0.5351715087890625
1773062366557715712,70.27909874916077,0.41033935546875,-0.1035919189453125,-0.592071533203125
1773062366567752704,70.28913569450378,0.399658203125,-0.224517822265625,-0.798431396484375
1773062366577789440,70.2991726398468,0.295166015625,-0.3857421875,-0.9603271484375
1773062366587827712,70.30921077728271,0.12945556640625,-0.5255889892578125,-1.03118896484375
1773062366597864704,70.31924772262573,-0.0426025390625,-0.5493316650390625,-1.039520263671875
1773062366607902464,70.32928562164307,-0.116546630859375,-0.39404296875,-0.8672637939453125
1773062366617939712,70.33932280540466,-0.057342529296875,-0.1758575439453125,-0.6598968505859375
1773062366627977728,70.349360704422,0.0714111328125,-0.077850341796875,-0.6312103271484375
1773062366638014464,70.35939764976501,0.2066497802734375,-0.159820556640625,-0.741485595703125
1773062366648052736,70.36943578720093,0.2204437255859375,-0.305328369140625,-0.808502197265625
1773062366658089728,70.37947273254395,0.09100341796875,-0.45391845703125,-0.905181884765625
1773062366668126464,70.38950967788696,-0.093780517578125,-0.6079864501953125,-1.0068359375
1773062366678164736,70.39954781532288,-0.245147705078125,-0.61566162109375,-1.030548095703125
1773062366688201728,70.4095847606659,-0.306549072265625,-0.4077606201171875,-0.92755126953125
1773062366698239488,70.41962265968323,-0.287750244140625,-0.2100372314453125,-0.8910675048828125
1773062366708276480,70.42965960502625,-0.229522705078125,-0.1819000244140625,-0.850555419921875
1773062366718314752,70.43969774246216,-0.170654296875,-0.25689697265625,-0.834197998046875
1773062366728351488,70.44973468780518,-0.1584930419921875,-0.3726654052734375,-0.8065032958984375
1773062366738389760,70.45977282524109,-0.2178497314453125,-0.5637054443359375,-0.8840179443359375
1773062366748426752,70.4698097705841,-0.3274383544921875,-0.676727294921875,-0.9399566650390625
1773062366758464512,70.47984766960144,-0.4210662841796875,-0.5926666259765625,-0.8582305908203125
1773062366768501504,70.48988461494446,-0.462677001953125,-0.4492034912109375,-0.7742767333984375
1773062366778538752,70.49992179870605,-0.4745025634765625,-0.3399505615234375,-0.7238616943359375
1773062366788576512,70.50995969772339,-0.4597320556640625,-0.252044677734375,-0.6927642822265625
1773062366798613504,70.5199966430664,-0.4054718017578125,-0.233154296875,-0.677093505859375
1773062366808652288,70.53003525733948,-0.3803863525390625,-0.2707366943359375,-0.719390869140625
1773062366818689024,70.5400722026825,-0.4539642333984375,-0.409393310546875,-0.8871002197265625
1773062366828727040,70.55011010169983,-0.5880126953125,-0.6086883544921875,-1.0393218994140625
1773062366838764288,70.56014728546143,-0.723052978515625,-0.7164154052734375,-1.0153045654296875
1773062366848802048,70.57018518447876,-0.8104705810546875,-0.713104248046875,-0.95599365234375
1773062366858839040,70.58022212982178,-0.7862701416015625,-0.4940185546875,-0.627899169921875
1773062366868876032,70.5902590751648,-0.708892822265625,-0.1693878173828125,-0.3083343505859375
1773062366878914048,70.60029721260071,-0.612762451171875,-0.0321502685546875,-0.345855712890625
1773062366888951040,70.61033415794373,-0.517822265625,-0.1802978515625,-0.839599609375
1773062366898989056,70.62037205696106,-0.563873291015625,-0.474853515625,-1.1502685546875
1773062366909026048,70.63040924072266,-0.79620361328125,-0.642791748046875,-0.9766998291015625
1773062366919064064,70.64044713973999,-1.02850341796875,-0.6930999755859375,-0.78375244140625
1773062366929101056,70.65048408508301,-1.1041412353515625,-0.652435302734375,-0.651336669921875
1773062366939138048,70.6605212688446,-1.0751953125,-0.4437713623046875,-0.532501220703125
1773062366949176064,70.67055916786194,-0.962432861328125,-0.175384521484375,-0.4692840576171875
1773062366959213056,70.68059611320496,-0.83721923828125,-0.04669189453125,-0.5191802978515625
1773062366969251072,70.69063425064087,-0.8087005615234375,-0.182342529296875,-0.7894439697265625
1773062366979288064,70.70067119598389,-0.8727569580078125,-0.423004150390625,-0.9137725830078125
1773062366989326080,70.71070909500122,-1.0096588134765625,-0.561126708984375,-0.7577056884765625
1773062366999363072,70.72074627876282,-1.115692138671875,-0.617584228515625,-0.624114990234375
1773062367009401088,70.73078417778015,-1.100128173828125,-0.5461273193359375,-0.582305908203125
1773062367019438080,70.74082112312317,-1.0310821533203125,-0.3663482666015625,-0.5911712646484375
1773062367029475072,70.75085806846619,-0.95001220703125,-0.201019287109375,-0.656158447265625
1773062367039513088,70.7608962059021,-0.8944549560546875,-0.0841064453125,-0.636962890625
1773062367049550080,70.77093315124512,-0.917572021484375,-0.108551025390625,-0.6919708251953125
1773062367059588096,70.78097128868103,-0.944793701171875,-0.2914886474609375,-0.7994232177734375
1773062367069625088,70.79100823402405,-0.9625396728515625,-0.4792633056640625,-0.75531005859375
1773062367079663104,70.80104613304138,-0.990875244140625,-0.5732574462890625,-0.6091156005859375
1773062367089700096,70.8110830783844,-0.97222900390625,-0.568878173828125,-0.497650146484375
1773062367099738112,70.82112121582031,-0.907806396484375,-0.45465087890625,-0.4571990966796875
1773062367109775104,70.83115816116333,-0.84405517578125,-0.280731201171875,-0.4916839599609375
1773062367119812096,70.84119510650635,-0.81768798828125,-0.1608123779296875,-0.5859375
1773062367129850112,70.85123324394226,-0.853729248046875,-0.1450042724609375,-0.706268310546875
1773062367139887104,70.86127018928528,-0.91290283203125,-0.228118896484375,-0.7792205810546875
1773062367149925120,70.87130808830261,-0.937835693359375,-0.3460845947265625,-0.732818603515625
1773062367159962112,70.88134527206421,-0.9177703857421875,-0.4161529541015625,-0.637664794921875
1773062367170000128,70.89138317108154,-0.87689208984375,-0.4312591552734375,-0.571319580078125
1773062367180037120,70.90142011642456,-0.846771240234375,-0.420623779296875,-0.5752410888671875
1773062367190075136,70.91145825386047,-0.846466064453125,-0.387939453125,-0.6258087158203125
1773062367200112128,70.92149519920349,-0.8721771240234375,-0.3792266845703125,-0.6832275390625
1773062367210149888,70.93153309822083,-0.910858154296875,-0.4152374267578125,-0.7217559814453125
1773062367220187136,70.94157028198242,-0.9173736572265625,-0.4188690185546875,-0.6914520263671875
1773062367230224128,70.95160722732544,-0.9192962646484375,-0.38446044921875,-0.6444091796875
1773062367240262144,70.96164512634277,-0.9509429931640625,-0.3824920654296875,-0.7142333984375
1773062367250298880,70.97168207168579,-0.9762725830078125,-0.3873291015625,-0.73583984375
1773062367260337152,70.9817202091217,-0.980560302734375,-0.3695220947265625,-0.668792724609375
1773062367270374144,70.99175715446472,-0.969696044921875,-0.3925628662109375,-0.610687255859375
1773062367280412160,71.00179529190063,-0.9443817138671875,-0.46209716796875,-0.6282806396484375
1773062367290449152,71.01183223724365,-0.8979949951171875,-0.5487823486328125,-0.6793670654296875
1773062367300487168,71.02187013626099,-0.8726806640625,-0.6002960205078125,-0.7250213623046875
1773062367310523904,71.031907081604,-0.9157562255859375,-0.59857177734375,-0.781768798828125
1773062367320561152,71.0419442653656,-0.956817626953125,-0.547637939453125,-0.7550048828125
1773062367330599168,71.05198216438293,-0.9804534912109375,-0.484375,-0.7138214111328125
1773062367340635904,71.06201910972595,-0.9875030517578125,-0.4440765380859375,-0.674957275390625
1773062367350674176,71.07205724716187,-0.9700775146484375,-0.444122314453125,-0.6365203857421875
1773062367360711168,71.08209419250488,-0.9319915771484375,-0.47113037109375,-0.645721435546875
1773062367370748928,71.09213209152222,-0.8943328857421875,-0.50115966796875,-0.661773681640625
1773062367380786176,71.10216927528381,-0.9134521484375,-0.5681610107421875,-0.75714111328125
1773062367390824192,71.11220717430115,-0.9470367431640625,-0.63043212890625,-0.82568359375
1773062367400860928,71.12224411964417,-0.9525146484375,-0.6348114013671875,-0.756317138671875
1773062367410897920,71.13228106498718,-0.9371490478515625,-0.5935516357421875,-0.664215087890625
1773062367420936192,71.1423192024231,-0.901275634765625,-0.5529937744140625,-0.595794677734375
1773062367430972928,71.15235614776611,-0.883331298828125,-0.559661865234375,-0.63507080078125
1773062367441011200,71.16239428520203,-0.8954925537109375,-0.565399169921875,-0.6544647216796875
1773062367451048192,71.17243123054504,-0.927001953125,-0.54302978515625,-0.624847412109375
1773062367461085952,71.18246912956238,-0.9551544189453125,-0.5202178955078125,-0.6748504638671875
1773062367471122944,71.1925060749054,-0.9575958251953125,-0.5427703857421875,-0.8067474365234375
1773062367481161216,71.20254421234131,-0.945587158203125,-0.56378173828125,-0.872955322265625
1773062367491197952,71.21258115768433,-0.9548187255859375,-0.579620361328125,-0.7955474853515625
1773062367501234944,71.22261810302734,-0.9438323974609375,-0.6024169921875,-0.748565673828125
1773062367511273216,71.23265624046326,-0.8601837158203125,-0.5654296875,-0.6294403076171875
1773062367521310208,71.24269318580627,-0.785888671875,-0.5386199951171875,-0.6223907470703125
1773062367531347968,71.25273108482361,-0.768890380859375,-0.59375,-0.792327880859375
1773062367541385216,71.2627682685852,-0.779388427734375,-0.6126251220703125,-0.882415771484375
1773062367551422976,71.27280616760254,-0.8101654052734375,-0.5760498046875,-0.822235107421875
1773062367561459968,71.28284311294556,-0.8206939697265625,-0.5479736328125,-0.7901153564453125
1773062367571498240,71.29288125038147,-0.7725677490234375,-0.5447845458984375,-0.782867431640625
1773062367581534976,71.30291819572449,-0.6829376220703125,-0.5868988037109375,-0.7659149169921875
1773062367591571968,71.3129551410675,-0.5892333984375,-0.6254119873046875,-0.7987060546875
1773062367601610240,71.32299327850342,-0.524017333984375,-0.6136627197265625,-0.7542724609375
1773062367611647232,71.33303022384644,-0.5179443359375,-0.6078948974609375,-0.7249603271484375
1773062367621684992,71.34306812286377,-0.542999267578125,-0.60369873046875,-0.808441162109375
1773062367631721984,71.35310506820679,-0.56512451171875,-0.5316925048828125,-0.837860107421875
1773062367641760000,71.3631432056427,-0.5519866943359375,-0.4605255126953125,-0.89813232421875
1773062367651796992,71.37318015098572,-0.4979095458984375,-0.4257965087890625,-0.8963165283203125
1773062367661835264,71.38321828842163,-0.4216766357421875,-0.4627685546875,-0.8406982421875
1773062367671872256,71.39325523376465,-0.3196868896484375,-0.5303497314453125,-0.760406494140625
1773062367681908992,71.40329217910767,-0.220123291015625,-0.56494140625,-0.690216064453125
1773062367691947008,71.413330078125,-0.1582489013671875,-0.5862579345703125,-0.7083587646484375
1773062367701984256,71.4233672618866,-0.1451568603515625,-0.5647430419921875,-0.796173095703125
1773062367712022016,71.43340516090393,-0.17138671875,-0.479095458984375,-0.8449249267578125
1773062367722059008,71.44344210624695,-0.2121124267578125,-0.4068603515625,-0.9001617431640625
1773062367732097024,71.45348024368286,-0.2060089111328125,-0.3652191162109375,-0.9043426513671875
1773062367742134016,71.46351718902588,-0.1361541748046875,-0.3404998779296875,-0.844207763671875
1773062367752172032,71.47355508804321,-0.0411529541015625,-0.3556060791015625,-0.781524658203125
1773062367762209280,71.48359227180481,0.0460357666015625,-0.403961181640625,-0.7453460693359375
1773062367772246016,71.49362921714783,0.1059722900390625,-0.425140380859375,-0.680572509765625
1773062367782284032,71.50366711616516,0.1435699462890625,-0.42333984375,-0.669158935546875
1773062367792321024,71.51370406150818,0.1607818603515625,-0.40277099609375,-0.71978759765625
1773062367802359040,71.52374219894409,0.146331787109375,-0.3502197265625,-0.7679443359375
1773062367812395776,71.53377890586853,0.116912841796875,-0.2744140625,-0.8300323486328125
1773062367822433792,71.54381680488586,0.122222900390625,-0.208831787109375,-0.831085205078125
1773062367832470784,71.55385398864746,0.1772613525390625,-0.1904449462890625,-0.7705841064453125
1773062367842508800,71.5638918876648,0.2572479248046875,-0.2211456298828125,-0.7681732177734375
1773062367852545792,71.57392883300781,0.327972412109375,-0.2727508544921875,-0.696075439453125
1773062367862583040,71.58396601676941,0.3658447265625,-0.3199615478515625,-0.65203857421875
1773062367872620800,71.59400391578674,0.3697509765625,-0.3505706787109375,-0.638671875
1773062367882657792,71.60404086112976,0.37042236328125,-0.346710205078125,-0.6657257080078125
1773062367892695808,71.61407899856567,0.35174560546875,-0.3206787109375,-0.7163848876953125
1773062367902732800,71.62411594390869,0.3257904052734375,-0.26800537109375,-0.6883392333984375
1773062367912770816,71.63415384292603,0.3163299560546875,-0.21038818359375,-0.652679443359375
1773062367922807808,71.64419102668762,0.33233642578125,-0.1756591796875,-0.6444244384765625
1773062367932845824,71.65422892570496,0.3836212158203125,-0.086761474609375,-0.514434814453125
1773062367942882816,71.66426587104797,0.4693603515625,-0.022735595703125,-0.4042205810546875
1773062367952919808,71.67430281639099,0.5622711181640625,-0.0733184814453125,-0.5115966796875
1773062367962957824,71.6843409538269,0.6251220703125,-0.1372833251953125,-0.5367889404296875
1773062367972994816,71.69437789916992,0.6391754150390625,-0.1583709716796875,-0.4769287109375
1773062367983032832,71.70441603660583,0.5930023193359375,-0.1574554443359375,-0.4522247314453125
1773062367993069824,71.71445298194885,0.5370635986328125,-0.159423828125,-0.491363525390625
1773062368003107840,71.72449088096619,0.5074005126953125,-0.141326904296875,-0.454925537109375
1773062368013144832,71.7345278263092,0.5241851806640625,-0.1049346923828125,-0.39691162109375
1773062368023181824,71.7445650100708,0.5539398193359375,-0.070098876953125,-0.369537353515625
1773062368033219840,71.75460290908813,0.614959716796875,-0.0178375244140625,-0.3475189208984375
1773062368043256832,71.76463985443115,0.684844970703125,0.0132598876953125,-0.3408050537109375
1773062368053294848,71.77467799186707,0.73223876953125,0.0191650390625,-0.31134033203125
1773062368063331840,71.78471493721008,0.7638702392578125,0.023468017578125,-0.2856903076171875
1773062368073369856,71.79475283622742,0.775848388671875,0.016754150390625,-0.2434844970703125
1773062368083406848,71.80479001998901,0.7894439697265625,0.010772705078125,-0.232330322265625
1773062368093444864,71.81482791900635,0.78173828125,0.0031585693359375,-0.2921142578125
1773062368103481856,71.82486486434937,0.7613525390625,-0.0103302001953125,-0.3322296142578125
1773062368113519872,71.83490300178528,0.7347259521484375,-0.012054443359375,-0.3358612060546875
1773062368123556864,71.8449399471283,0.722564697265625,0.010406494140625,-0.28118896484375
1773062368133593856,71.85497689247131,0.7479400634765625,0.0304718017578125,-0.236114501953125
1773062368143631872,71.86501502990723,0.79376220703125,0.0406494140625,-0.2140655517578125
1773062368153668864,71.87505197525024,0.848968505859375,0.0751800537109375,-0.1547393798828125
1773062368163706880,71.88508987426758,0.912567138671875,0.1254730224609375,-0.0640106201171875
1773062368173743616,71.8951268196106,0.9852447509765625,0.13629150390625,-0.0472564697265625
1773062368183781888,71.90516495704651,1.0260162353515625,0.09808349609375,-0.080352783203125
1773062368193818880,71.91520190238953,1.006561279296875,0.045379638671875,-0.0836029052734375
1773062368203856896,71.92524003982544,0.965362548828125,0.0101165771484375,-0.07232666015625
1773062368213893888,71.93527698516846,0.9314422607421875,0.0042877197265625,-0.05987548828125
1773062368223930880,71.94531393051147,0.931427001953125,0.0252838134765625,-0.0532379150390625
1773062368233968640,71.95535182952881,0.987060546875,0.0666046142578125,-0.045989990234375
1773062368244005888,71.9653890132904,1.0530242919921875,0.1095428466796875,-0.0067138671875
1773062368254043904,71.97542691230774,1.1090087890625,0.1345367431640625,0.0262908935546875
1773062368264080640,71.98546385765076,1.1479034423828125,0.141082763671875,0.0259246826171875
1773062368274118912,71.99550199508667,1.15020751953125,0.1279449462890625,0.0201568603515625
1773062368284155904,72.00553894042969,1.1402130126953125,0.0997772216796875,0.0152587890625
1773062368294193664,72.01557683944702,1.1249237060546875,0.06640625,-0.007568359375
1773062368304230912,72.02561402320862,1.09271240234375,0.0409698486328125,-0.052886962890625
1773062368314267904,72.03565096855164,1.0651397705078125,0.0374298095703125,-0.049835205078125
1773062368324305664,72.04568886756897,1.0577239990234375,0.0341033935546875,-0.0476531982421875
1773062368334342656,72.05572581291199,1.0434722900390625,0.030731201171875,-0.0579681396484375
1773062368344380928,72.0657639503479,1.0332794189453125,0.0465850830078125,-0.0506134033203125
1773062368354417920,72.07580089569092,1.0386505126953125,0.0706939697265625,-0.048858642578125
1773062368364455936,72.08583903312683,1.046661376953125,0.092254638671875,-0.0692596435546875
1773062368374492928,72.09587597846985,1.045806884765625,0.1102447509765625,-0.06976318359375
1773062368384530688,72.10591387748718,1.02960205078125,0.1064910888671875,-0.087554931640625
1773062368394567680,72.1159508228302,0.992584228515625,0.0802764892578125,-0.09326171875
1773062368404604928,72.1259880065918,0.960693359375,0.0433349609375,-0.0877838134765625
1773062368414642688,72.13602590560913,0.9391937255859375,0.014892578125,-0.1054229736328125
1773062368424679680,72.14606285095215,0.9158935546875,0.0152435302734375,-0.0913543701171875
1773062368434717952,72.15610098838806,0.90814208984375,0.035003662109375,-0.082427978515625
1773062368444754944,72.16613793373108,0.912750244140625,0.0558929443359375,-0.1074066162109375
1773062368454792704,72.17617583274841,0.9141082763671875,0.08270263671875,-0.10614013671875
1773062368464829952,72.18621301651001,0.9255523681640625,0.09912109375,-0.10723876953125
1773062368474866944,72.19624996185303,0.9288330078125,0.0886993408203125,-0.1241607666015625
1773062368484904704,72.20628786087036,0.9237518310546875,0.0739288330078125,-0.0943450927734375
1773062368494941696,72.21632480621338,0.9250946044921875,0.0608673095703125,-0.068634033203125
1773062368504979968,72.22636294364929,0.931854248046875,0.0378875732421875,-0.0969390869140625
1773062368515016704,72.23639988899231,0.912750244140625,0.0263214111328125,-0.1146240234375
1773062368525054976,72.24643802642822,0.883056640625,0.0359649658203125,-0.124481201171875
1773062368535091968,72.25647497177124,0.8734893798828125,0.05548095703125,-0.1324462890625
1773062368545129728,72.26651287078857,0.896942138671875,0.070343017578125,-0.1158294677734375
1773062368555166720,72.27654981613159,0.9415130615234375,0.0755767822265625,-0.1012115478515625
1773062368565203968,72.28658699989319,0.978363037109375,0.0790863037109375,-0.057342529296875
1773062368575241728,72.29662489891052,0.996734619140625,0.0701751708984375,-0.054046630859375
1773062368585278720,72.30666184425354,0.9707794189453125,0.04779052734375,-0.0781707763671875
1773062368595316992,72.31669998168945,0.935638427734375,0.0328216552734375,-0.0718994140625
1773062368605353728,72.32673692703247,0.9304962158203125,0.0390167236328125,-0.0504302978515625
1773062368615391744,72.3367748260498,0.9598388671875,0.052703857421875,-0.037872314453125
1773062368625428992,72.3468120098114,1.0106201171875,0.0695343017578125,-0.0123748779296875
1773062368635466752,72.35684990882874,1.0478363037109375,0.0776214599609375,-0.0166778564453125
1773062368645503744,72.36688685417175,1.0513916015625,0.0768890380859375,-0.01397705078125
1773062368655540992,72.37692403793335,1.01849365234375,0.0699462890625,0.02569580078125
1773062368665578752,72.38696193695068,0.9927825927734375,0.0792388916015625,0.0362091064453125
1773062368675615744,72.3969988822937,1.01739501953125,0.103668212890625,0.05487060546875
1773062368685654016,72.40703701972961,1.072052001953125,0.136138916015625,0.08868408203125
1773062368695690752,72.41707396507263,1.117523193359375,0.1460723876953125,0.06329345703125
1773062368705728768,72.42711186408997,1.127227783203125,0.1220855712890625,0.0504150390625
1773062368715765760,72.43714880943298,1.09686279296875,0.0750579833984375,0.04290771484375
1773062368725803776,72.4471869468689,1.0309295654296875,0.034393310546875,0.019927978515625
1773062368735840768,72.45722389221191,0.986724853515625,0.02008056640625,0.019805908203125
1773062368745877760,72.46726083755493,0.9748992919921875,0.01513671875,0.0226593017578125
1773062368755915776,72.47729897499084,0.9809417724609375,0.0219879150390625,0.0166473388671875
1773062368765952768,72.48733592033386,0.99462890625,0.026763916015625,0.0007781982421875
1773062368775990784,72.4973738193512,0.994384765625,0.0356903076171875,-0.021484375
1773062368786028032,72.5074110031128,0.9745025634765625,0.055511474609375,-0.03411865234375
1773062368796065792,72.51744890213013,0.9557952880859375,0.0645904541015625,-0.072418212890625
1773062368806102784,72.52748584747314,0.9260406494140625,0.0599517822265625,-0.105621337890625
1773062368816141568,72.5375247001648,0.90765380859375,0.043853759765625,-0.1103057861328125
1773062368826178560,72.54756164550781,0.899017333984375,0.0117340087890625,-0.1060791015625
1773062368836215552,72.55759859085083,0.8827667236328125,-0.0077056884765625,-0.1187896728515625
1773062368846253568,72.56763672828674,0.878570556640625,-0.0094146728515625,-0.1397552490234375
1773062368856290560,72.57767367362976,0.879058837890625,0.0046234130859375,-0.185791015625
1773062368866328576,72.5877115726471,0.861083984375,0.03521728515625,-0.2341766357421875
1773062368876365568,72.59774875640869,0.8426666259765625,0.0573272705078125,-0.2231903076171875
1773062368886403584,72.60778665542603,0.8529205322265625,0.0526275634765625,-0.190673828125
1773062368896440576,72.61782360076904,0.8732452392578125,0.0237884521484375,-0.2314605712890625
1773062368906478592,72.62786173820496,0.87066650390625,0.00299072265625,-0.2602386474609375
1773062368916515584,72.63789868354797,0.8650665283203125,0.0131378173828125,-0.23150634765625
1773062368926552576,72.64793562889099,0.8666229248046875,0.022552490234375,-0.2729949951171875
1773062368936590592,72.6579737663269,0.8533477783203125,0.012725830078125,-0.29522705078125
1773062368946627584,72.66801071166992,0.84393310546875,0.022735595703125,-0.2209320068359375
1773062368956665600,72.67804861068726,0.852203369140625,0.0193939208984375,-0.2952728271484375
1773062368966702336,72.68808555603027,0.840057373046875,0.00238037109375,-0.4174957275390625
1773062368976740608,72.69812369346619,0.816802978515625,0.01806640625,-0.3636016845703125
1773062368986777600,72.7081606388092,0.8072662353515625,0.01617431640625,-0.3674774169921875
1773062368996815616,72.71819877624512,0.7849273681640625,0.0164794921875,-0.36859130859375
1773062369006852608,72.72823572158813,0.7934417724609375,0.066436767578125,-0.3063812255859375
1773062369016889600,72.73827266693115,0.829803466796875,0.1119842529296875,-0.2952423095703125
1773062369026927360,72.74831056594849,0.856048583984375,0.12628173828125,-0.3413238525390625
1773062369036964608,72.75834774971008,0.8581695556640625,0.0865325927734375,-0.4395294189453125
1773062369047002624,72.76838564872742,0.818145751953125,0.0647125244140625,-0.4266357421875
1773062369057039616,72.77842259407043,0.75775146484375,0.0858154296875,-0.2817535400390625
1773062369067077632,72.78846073150635,0.728424072265625,0.0797271728515625,-0.2606353759765625
1773062369077114624,72.79849767684937,0.7145843505859375,0.0235443115234375,-0.3160400390625
1773062369087152384,72.8085355758667,0.6855316162109375,-0.024810791015625,-0.35235595703125
1773062369097189632,72.8185727596283,0.6516571044921875,-0.05035400390625,-0.3917236328125
1773062369107226624,72.82860970497131,0.6318359375,-0.100921630859375,-0.4470062255859375
1773062369117264384,72.83864760398865,0.5818023681640625,-0.1901092529296875,-0.538360595703125
1773062369127301632,72.84868478775024,0.4903564453125,-0.201568603515625,-0.4509429931640625
1773062369137339648,72.85872268676758,0.45654296875,-0.16705322265625,-0.4025421142578125
1773062369147376640,72.8687596321106,0.4500579833984375,-0.1944732666015625,-0.464508056640625
1773062369157414656,72.87879776954651,0.4542999267578125,-0.2667694091796875,-0.6563873291015625
1773062369167451648,72.88883471488953,0.41455078125,-0.33984375,-0.7882080078125
1773062369177488640,72.89887166023254,0.3243255615234375,-0.2740020751953125,-0.581573486328125
1773062369187526400,72.90890955924988,0.2722015380859375,-0.1463623046875,-0.4210205078125
1773062369197563648,72.91894674301147,0.2582855224609375,-0.157440185546875,-0.4837799072265625
1773062369207601664,72.92898464202881,0.2642059326171875,-0.2422332763671875,-0.67266845703125
1773062369217638400,72.93902158737183,0.2486419677734375,-0.371826171875,-0.85687255859375
1773062369227676672,72.94905972480774,0.153411865234375,-0.4689788818359375,-0.86419677734375
1773062369237713664,72.95909667015076,0.062347412109375,-0.451202392578125,-0.789093017578125
1773062369247751424,72.96913456916809,0.0054779052734375,-0.4187164306640625,-0.7238006591796875
1773062369257788672,72.97917175292969,-0.0284423828125,-0.379730224609375,-0.744232177734375
1773062369267825664,72.9892086982727,-0.045501708984375,-0.362548828125,-0.7569580078125
1773062369277863424,72.99924659729004,-0.047698974609375,-0.36981201171875,-0.777740478515625
1773062369287900672,73.00928378105164,-0.05487060546875,-0.3410797119140625,-0.74505615234375
1773062369297938688,73.01932168006897,-0.0433197021484375,-0.2883148193359375,-0.543182373046875
1773062369307975424,73.02935862541199,-0.026153564453125,-0.324310302734375,-0.562835693359375
1773062369318013696,73.0393967628479,-0.037811279296875,-0.4853057861328125,-0.8777008056640625
1773062369328050688,73.04943370819092,-0.16058349609375,-0.6401519775390625,-1.055999755859375
1773062369338088448,73.05947160720825,-0.3551788330078125,-0.6658935546875,-1.01776123046875
1773062369348125696,73.06950879096985,-0.490203857421875,-0.66986083984375,-1.0294952392578125
1773062369358162688,73.07954573631287,-0.5191192626953125,-0.661346435546875,-1.062896728515625
1773062369368200448,73.0895836353302,-0.481231689453125,-0.5491943359375,-0.92791748046875
1773062369378237440,73.09962058067322,-0.3775634765625,-0.3126678466796875,-0.6202392578125
1773062369388275712,73.10965871810913,-0.2393798828125,-0.0764923095703125,-0.330413818359375
1773062369398312448,73.11969566345215,-0.16351318359375,-0.0843505859375,-0.4374847412109375
1773062369408350464,73.12973356246948,-0.2287139892578125,-0.372283935546875,-1.0033721923828125
1773062369418387712,73.13977074623108,-0.4487152099609375,-0.6553192138671875,-1.2171478271484375
1773062369428425472,73.14980864524841,-0.671630859375,-0.8048095703125,-1.0292205810546875
1773062369438462464,73.15984559059143,-0.766937255859375,-0.8119964599609375,-0.7799835205078125
1773062369448499712,73.16988277435303,-0.73443603515625,-0.6735382080078125,-0.618560791015625
1773062369458537472,73.17992067337036,-0.6168975830078125,-0.462982177734375,-0.588104248046875
1773062369468574464,73.18995761871338,-0.4896697998046875,-0.2482452392578125,-0.608612060546875
1773062369478612736,73.19999575614929,-0.4692535400390625,-0.14935302734375,-0.7111663818359375
1773062369488649728,73.21003270149231,-0.6022186279296875,-0.2956085205078125,-0.9729461669921875
1773062369498687488,73.22007060050964,-0.8019561767578125,-0.564178466796875,-1.0728912353515625
1773062369508724736,73.23010778427124,-0.93017578125,-0.6624908447265625,-0.8564300537109375
1773062369518761728,73.24014472961426,-0.9335174560546875,-0.651580810546875,-0.639190673828125
1773062369528799488,73.25018262863159,-0.8679962158203125,-0.6327362060546875,-0.605072021484375
1773062369538836480,73.26021957397461,-0.8153228759765625,-0.5737152099609375,-0.6991424560546875
1773062369548874496,73.27025771141052,-0.7635345458984375,-0.4641876220703125,-0.7421112060546875
1773062369558911488,73.28029465675354,-0.7804718017578125,-0.3007354736328125,-0.6441192626953125
1773062369568949504,73.29033255577087,-0.8898773193359375,-0.179168701171875,-0.648529052734375
1773062369578986752,73.30036973953247,-1.01824951171875,-0.202362060546875,-0.6618499755859375
1773062369589024512,73.3104076385498,-1.1324310302734375,-0.3513641357421875,-0.718353271484375
1773062369599061504,73.32044458389282,-1.163848876953125,-0.5021209716796875,-0.7828826904296875
1773062369609098752,73.33048176765442,-1.1016998291015625,-0.5369873046875,-0.6741943359375
1773062369619136512,73.34051966667175,-1.047149658203125,-0.4478302001953125,-0.569183349609375
1773062369629173504,73.35055661201477,-1.0013275146484375,-0.3199310302734375,-0.5634765625
1773062369639211776,73.36059474945068,-0.98089599609375,-0.23785400390625,-0.6247100830078125
1773062369649248512,73.3706316947937,-1.0254364013671875,-0.2447509765625,-0.716156005859375
1773062369659286528,73.38066959381104,-1.0712890625,-0.3017578125,-0.71282958984375
1773062369669323776,73.39070677757263,-1.0731964111328125,-0.362548828125,-0.6188812255859375
1773062369679361536,73.40074467658997,-1.0406494140625,-0.3963623046875,-0.5594482421875
1773062369689398528,73.41078162193298,-0.981842041015625,-0.35369873046875,-0.54058837890625
1773062369699436544,73.4208197593689,-0.9493560791015625,-0.31982421875,-0.601318359375
1773062369709473536,73.43085670471191,-0.9392547607421875,-0.3316497802734375,-0.706024169921875
1773062369719510528,73.44089365005493,-0.9452667236328125,-0.354888916015625,-0.7197723388671875
1773062369729548800,73.45093178749084,-0.9652252197265625,-0.387451171875,-0.6424713134765625
1773062369739585536,73.46096873283386,-0.9689178466796875,-0.4147796630859375,-0.5866546630859375
1773062369749623552,73.4710066318512,-0.928314208984375,-0.4033203125,-0.5507354736328125
1773062369759660544,73.48104357719421,-0.86968994140625,-0.3486328125,-0.556488037109375
1773062369769698560,73.49108171463013,-0.8412322998046875,-0.2920379638671875,-0.62646484375
1773062369779735552,73.50111865997314,-0.8587799072265625,-0.274627685546875,-0.69171142578125
1773062369789772544,73.51115560531616,-0.910736083984375,-0.3204345703125,-0.718597412109375
1773062369799810560,73.52119374275208,-0.9485626220703125,-0.36767578125,-0.65142822265625
1773062369809847552,73.53123068809509,-0.965850830078125,-0.408477783203125,-0.5384063720703125
1773062369819884288,73.54126739501953,-0.9660797119140625,-0.4459686279296875,-0.517333984375
1773062369829921280,73.55130434036255,-0.9254150390625,-0.43853759765625,-0.5457000732421875
1773062369839959296,73.56134247779846,-0.8987274169921875,-0.394622802734375,-0.5747222900390625
1773062369849996288,73.57137942314148,-0.90380859375,-0.35870361328125,-0.6589508056640625
1773062369860034304,73.58141732215881,-0.9157562255859375,-0.321563720703125,-0.693206787109375
1773062369870071296,73.59145450592041,-0.9569854736328125,-0.301605224609375,-0.687744140625
1773062369880108288,73.60149145126343,-1.0049285888671875,-0.283599853515625,-0.61962890625
1773062369890146304,73.61152935028076,-1.0131072998046875,-0.2522125244140625,-0.501007080078125
1773062369900183552,73.62156653404236,-0.9745635986328125,-0.254425048828125,-0.4709930419921875
1773062369910221312,73.63160443305969,-0.9291839599609375,-0.281494140625,-0.5371551513671875
1773062369920258304,73.64164137840271,-0.9151763916015625,-0.3336639404296875,-0.6118927001953125
1773062369930296320,73.65167951583862,-0.92767333984375,-0.402557373046875,-0.693878173828125
1773062369940333312,73.66171646118164,-0.930908203125,-0.4542236328125,-0.7010040283203125
1773062369950371328,73.67175436019897,-0.9284210205078125,-0.479736328125,-0.6555633544921875
1773062369960408320,73.68179130554199,-0.9182281494140625,-0.4451751708984375,-0.6101531982421875
1773062369970445312,73.69182848930359,-0.920166015625,-0.3553314208984375,-0.54266357421875
1773062369980483328,73.70186638832092,-0.9430084228515625,-0.2688446044921875,-0.5172271728515625
1773062369990520320,73.71190333366394,-0.9755859375,-0.217071533203125,-0.5158538818359375
1773062370000558336,73.72194147109985,-1.0211181640625,-0.2647705078125,-0.58837890625
1773062370010595328,73.73197841644287,-1.036102294921875,-0.377166748046875,-0.644195556640625
1773062370020633344,73.7420163154602,-1.0149993896484375,-0.462493896484375,-0.6866455078125
1773062370030670336,73.7520534992218,-0.974517822265625,-0.4808197021484375,-0.663909912109375
1773062370040708352,73.76209139823914,-0.9767913818359375,-0.472808837890625,-0.6153411865234375
1773062370050745344,73.77212834358215,-0.98687744140625,-0.448150634765625,-0.617889404296875
1773062370060782336,73.78216552734375,-0.960723876953125,-0.3736724853515625,-0.600250244140625
1773062370070820352,73.79220342636108,-0.961151123046875,-0.285919189453125,-0.5415802001953125
1773062370080857344,73.8022403717041,-1.0097198486328125,-0.3039703369140625,-0.5966033935546875
1773062370090895360,73.81227850914001,-1.0464324951171875,-0.4177398681640625,-0.716888427734375
1773062370100932352,73.82231545448303,-1.0589141845703125,-0.4992523193359375,-0.69134521484375
1773062370110970368,73.83235335350037,-1.073028564453125,-0.5152435302734375,-0.6196746826171875
1773062370121007360,73.84239053726196,-1.05267333984375,-0.5061492919921875,-0.5934906005859375
1773062370131045376,73.8524284362793,-1.0139617919921875,-0.492523193359375,-0.601776123046875
1773062370141082368,73.86246538162231,-0.976898193359375,-0.4500732421875,-0.5886383056640625
1773062370151119360,73.87250232696533,-0.993438720703125,-0.4105987548828125,-0.59954833984375
1773062370161157376,73.88254046440125,-1.0208282470703125,-0.4599456787109375,-0.685943603515625
1773062370171194368,73.89257740974426,-0.9844512939453125,-0.4898834228515625,-0.65985107421875
1773062370181232128,73.9026153087616,-0.964935302734375,-0.482330322265625,-0.5942840576171875
1773062370191269376,73.9126524925232,-0.980194091796875,-0.5112152099609375,-0.636138916015625
1773062370201307392,73.92269039154053,-0.9486846923828125,-0.4957733154296875,-0.6456451416015625
1773062370211344128,73.93272733688354,-0.9101104736328125,-0.4556121826171875,-0.6524200439453125
1773062370221381376,73.94276452064514,-0.902069091796875,-0.481658935546875,-0.753997802734375
1773062370231419392,73.95280241966248,-0.873931884765625,-0.5099334716796875,-0.7427825927734375
1773062370241456384,73.9628393650055,-0.86175537109375,-0.5473175048828125,-0.6514892578125
1773062370251494400,73.9728775024414,-0.863372802734375,-0.611358642578125,-0.6893768310546875
1773062370261531392,73.98291444778442,-0.818450927734375,-0.612823486328125,-0.66766357421875
1773062370271569152,73.99295234680176,-0.7487335205078125,-0.5522918701171875,-0.637786865234375
1773062370281606400,74.00298953056335,-0.7108612060546875,-0.5413665771484375,-0.71563720703125
1773062370291644416,74.01302742958069,-0.6778717041015625,-0.5987548828125,-0.843475341796875
1773062370301681408,74.0230643749237,-0.637725830078125,-0.5823516845703125,-0.7606658935546875
1773062370311719424,74.03310251235962,-0.62469482421875,-0.5493316650390625,-0.6613922119140625
1773062370321756416,74.04313945770264,-0.5847625732421875,-0.5200347900390625,-0.65081787109375
1773062370331793408,74.05317640304565,-0.519775390625,-0.4872894287109375,-0.6907806396484375
1773062370341831424,74.06321454048157,-0.4530029296875,-0.49676513671875,-0.77294921875
1773062370351868416,74.07325148582458,-0.403594970703125,-0.495025634765625,-0.7674102783203125
1773062370361906176,74.08328938484192,-0.38232421875,-0.483489990234375,-0.7952880859375
1773062370371943168,74.09332633018494,-0.3780517578125,-0.47247314453125,-0.842987060546875
1773062370381981440,74.10336446762085,-0.358978271484375,-0.443878173828125,-0.791778564453125
1773062370392018432,74.11340141296387,-0.3182220458984375,-0.447357177734375,-0.7744293212890625
1773062370402055168,74.12343835830688,-0.24664306640625,-0.4694976806640625,-0.8056488037109375
1773062370412093440,74.1334764957428,-0.159393310546875,-0.4834747314453125,-0.778228759765625
1773062370422130432,74.14351344108582,-0.0933685302734375,-0.4885101318359375,-0.7607421875
1773062370432168192,74.15355134010315,-0.069671630859375,-0.4840545654296875,-0.7295684814453125
1773062370442205440,74.16358852386475,-0.055877685546875,-0.4793853759765625,-0.7248687744140625
1773062370452243456,74.17362642288208,-0.055023193359375,-0.4587249755859375,-0.751861572265625
1773062370462280192,74.1836633682251,-0.068328857421875,-0.4150543212890625,-0.77984619140625
1773062370472318464,74.19370150566101,-0.0535888671875,-0.35595703125,-0.797637939453125
1773062370482355456,74.20373845100403,-0.0032501220703125,-0.3041839599609375,-0.8260498046875
1773062370492392192,74.21377539634705,0.0607147216796875,-0.2930908203125,-0.83612060546875
1773062370502430464,74.22381353378296,0.114288330078125,-0.317657470703125,-0.851409912109375
1773062370512467456,74.23385047912598,0.134735107421875,-0.3405914306640625,-0.8013153076171875
1773062370522505216,74.24388837814331,0.125457763671875,-0.382049560546875,-0.772552490234375
1773062370532542208,74.25392532348633,0.102874755859375,-0.42340087890625,-0.7767791748046875
1773062370542580480,74.26396346092224,0.083740234375,-0.408935546875,-0.7345428466796875
1773062370552617216,74.27400040626526,0.1072998046875,-0.3772430419921875,-0.77239990234375
1773062370562655232,74.28403830528259,0.1676177978515625,-0.3576507568359375,-0.8685455322265625
1773062370572692480,74.29407548904419,0.2315216064453125,-0.352813720703125,-0.875091552734375
1773062370582729216,74.3041124343872,0.2831878662109375,-0.3070220947265625,-0.7999114990234375
1773062370592767232,74.31415033340454,0.3028106689453125,-0.226348876953125,-0.7232666015625
1773062370602804480,74.32418751716614,0.320068359375,-0.1769256591796875,-0.7029876708984375
1773062370612842240,74.33422541618347,0.3480377197265625,-0.187957763671875,-0.7172698974609375
1773062370622879232,74.34426236152649,0.36212158203125,-0.2301025390625,-0.7215576171875
1773062370632917504,74.3543004989624,0.33868408203125,-0.277008056640625,-0.7832489013671875
1773062370642954240,74.36433744430542,0.32208251953125,-0.2738037109375,-0.759735107421875
1773062370652992256,74.37437534332275,0.33135986328125,-0.2666168212890625,-0.7509002685546875
1773062370663029504,74.38441252708435,0.3918304443359375,-0.2254638671875,-0.6712493896484375
1773062370673066496,74.39444947242737,0.482818603515625,-0.221954345703125,-0.6981201171875
1773062370683104256,74.4044873714447,0.519927978515625,-0.2570648193359375,-0.7547454833984375
1773062370693141248,74.41452431678772,0.52008056640625,-0.212921142578125,-0.5916595458984375
1773062370703179264,74.42456245422363,0.509765625,-0.16729736328125,-0.5164642333984375
1773062370713216256,74.43459939956665,0.49871826171875,-0.1550445556640625,-0.6273193359375
1773062370723254528,74.44463753700256,0.4954681396484375,-0.153076171875,-0.7252655029296875
1773062370733291264,74.45467448234558,0.50323486328125,-0.1251983642578125,-0.66912841796875
1773062370743329280,74.46471238136292,0.5253143310546875,-0.0753936767578125,-0.5591583251953125
1773062370753366272,74.47474932670593,0.5716094970703125,-0.0927886962890625,-0.581939697265625
1773062370763403520,74.48478651046753,0.6384735107421875,-0.1416778564453125,-0.6069183349609375
1773062370773441280,74.49482440948486,0.680755615234375,-0.1591644287109375,-0.53692626953125
1773062370783478272,74.50486135482788,0.68731689453125,-0.153961181640625,-0.5090179443359375
1773062370793516288,74.5148994922638,0.653717041015625,-0.1557464599609375,-0.48333740234375
1773062370803553280,74.52493643760681,0.63873291015625,-0.1262359619140625,-0.46002197265625
1773062370813592576,74.53497576713562,0.6469573974609375,-0.0609893798828125,-0.4436798095703125
1773062370823629568,74.54501271247864,0.6744842529296875,-0.0078582763671875,-0.46826171875
1773062370833666560,74.55504965782166,0.70733642578125,0.007537841796875,-0.4659881591796875
1773062370843704576,74.56508755683899,0.7307891845703125,-0.008941650390625,-0.4427337646484375
1773062370853741568,74.57512474060059,0.73065185546875,-0.037689208984375,-0.45196533203125
1773062370863779584,74.58516263961792,0.72705078125,-0.0488739013671875,-0.36749267578125
1773062370873816576,74.59519958496094,0.7444610595703125,-0.0523529052734375,-0.3268280029296875
1773062370883854592,74.60523772239685,0.763641357421875,-0.0283966064453125,-0.2774200439453125
1773062370893891584,74.61527466773987,0.795440673828125,0.023101806640625,-0.2362823486328125
1773062370903929344,74.6253125667572,0.822357177734375,0.0653228759765625,-0.2338104248046875
1773062370913966592,74.6353497505188,0.8448638916015625,0.07293701171875,-0.251434326171875
1773062370924003584,74.64538669586182,0.8437652587890625,0.052215576171875,-0.2758331298828125
1773062370934041600,74.65542459487915,0.8399505615234375,0.0241546630859375,-0.27899169921875
1773062370944078592,74.66546177864075,0.8380279541015625,-0.01141357421875,-0.2532806396484375
1773062370954116608,74.67549967765808,0.8379974365234375,-0.034332275390625,-0.21710205078125
1773062370964153600,74.6855366230011,0.8418426513671875,-0.029266357421875,-0.2024993896484375
1773062370974191616,74.69557476043701,0.869781494140625,0.01190185546875,-0.1365814208984375
1773062370984228608,74.70561170578003,0.9217376708984375,0.065460205078125,-0.0740509033203125
1773062370994266624,74.71564960479736,0.9832916259765625,0.0771942138671875,-0.1129913330078125
1773062371004303616,74.72568678855896,1.005340576171875,0.0611114501953125,-0.159454345703125
1773062371014340608,74.73572373390198,0.9785308837890625,0.057891845703125,-0.14556884765625
1773062371024378624,74.74576163291931,0.94317626953125,0.0828704833984375,-0.0877685546875
1773062371034415360,74.75579857826233,0.9511871337890625,0.099273681640625,-0.091552734375
1773062371044453632,74.76583671569824,1.010986328125,0.0932159423828125,-0.0870208740234375
1773062371054490624,74.77587366104126,1.0638580322265625,0.0630645751953125,-0.0552825927734375
1773062371064528384,74.7859115600586,1.0715789794921875,0.0387420654296875,-0.0262908935546875
1773062371074565632,74.79594874382019,1.052490234375,0.047088623046875,-0.03216552734375
1773062371084602624,74.80598568916321,1.0264739990234375,0.085845947265625,-0.01458740234375
1773062371094640384,74.81602358818054,1.03155517578125,0.1248626708984375,-0.002044677734375
1773062371104677632,74.82606077194214,1.0543060302734375,0.1378326416015625,-3.0517578125e-05
1773062371114715648,74.83609867095947,1.057342529296875,0.1202239990234375,-0.0121612548828125
1773062371124752640,74.84613561630249,1.044921875,0.086395263671875,-4.57763671875e-05
1773062371134790656,74.8561737537384,1.0194244384765625,0.06268310546875,0.0145111083984375
1773062371144827648,74.86621069908142,1.0062713623046875,0.0397796630859375,0.01806640625
1773062371154865408,74.87624859809875,0.9999847412109375,0.0269927978515625,0.038177490234375
1773062371164902656,74.88628578186035,1.0065155029296875,0.0316314697265625,0.049102783203125
1773062371174939648,74.89632272720337,1.0112457275390625,0.0491943359375,0.038909912109375
1773062371184977408,74.9063606262207,1.0118255615234375,0.072601318359375,0.026214599609375
1773062371195014400,74.91639757156372,1.0078277587890625,0.096282958984375,0.0325469970703125
1773062371205052672,74.92643570899963,1.0138397216796875,0.101593017578125,0.0295867919921875
1773062371215089664,74.93647265434265,1.00335693359375,0.082916259765625,0.030853271484375
1773062371225127680,74.94651079177856,0.972564697265625,0.0520782470703125,0.0212860107421875
1773062371235164672,74.95654773712158,0.9403839111328125,0.0257568359375,-0.0006866455078125
1773062371245202432,74.96658563613892,0.9222564697265625,0.020843505859375,-0.0007781982421875
1773062371255239424,74.97662258148193,0.9249420166015625,0.0351715087890625,-7.62939453125e-05
1773062371265276672,74.98665976524353,0.945098876953125,0.0635986328125,-0.0088043212890625
1773062371275314688,74.99669766426086,0.9834442138671875,0.0910491943359375,-0.001312255859375
1773062371285351424,75.00673460960388,1.0152587890625,0.0994873046875,0.0108184814453125
1773062371295389696,75.0167727470398,1.021087646484375,0.07763671875,0.01007080078125
1773062371305426688,75.02680969238281,0.9903564453125,0.038330078125,-0.0200042724609375
1773062371315464448,75.03684759140015,0.9418182373046875,0.0087738037109375,-0.03924560546875
1773062371325501696,75.04688477516174,0.9130401611328125,0.0079345703125,-0.03363037109375
1773062371335539456,75.05692267417908,0.9271392822265625,0.0272674560546875,-0.02838134765625
1773062371345576448,75.0669596195221,0.9702606201171875,0.0481414794921875,-0.0218048095703125
1773062371355613440,75.07699656486511,1.02667236328125,0.0720367431640625,-0.0080108642578125
1773062371365651712,75.08703470230103,1.0626220703125,0.089508056640625,-0.019561767578125
1773062371375688448,75.09707164764404,1.0593109130859375,0.0771331787109375,-0.0488128662109375
1773062371385726720,75.10710978507996,1.0167999267578125,0.04864501953125,-0.06298828125
1773062371395763712,75.11714673042297,0.9677886962890625,0.014007568359375,-0.086029052734375
1773062371405801472,75.12718462944031,0.94940185546875,0.0030670166015625,-0.0925140380859375
1773062371415838464,75.13722157478333,0.9658050537109375,0.0197601318359375,-0.072540283203125
1773062371425875712,75.14725875854492,1.0083465576171875,0.0465850830078125,-0.0593719482421875
1773062371435913472,75.15729665756226,1.0418853759765625,0.0595703125,-0.0420379638671875
1773062371445950464,75.16733360290527,1.0552215576171875,0.0678253173828125,-0.042694091796875
1773062371455988736,75.17737174034119,1.0471649169921875,0.06634521484375,-0.062744140625
1773062371466025472,75.1874086856842,1.0251312255859375,0.0600433349609375,-0.059539794921875
1773062371476063488,75.19744658470154,1.0037689208984375,0.044677734375,-0.07208251953125
1773062371486100736,75.20748376846313,0.9909210205078125,0.0282135009765625,-0.082427978515625
1773062371496138496,75.21752166748047,0.9818115234375,0.0235443115234375,-0.0733795166015625
1773062371506175488,75.22755861282349,0.9873199462890625,0.033843994140625,-0.0661163330078125
1773062371516212480,75.2375955581665,1.0086517333984375,0.050445556640625,-0.04876708984375
1773062371526250496,75.24763369560242,1.0257415771484375,0.0571441650390625,-0.0404510498046875
1773062371536287488,75.25767064094543,1.0216522216796875,0.04498291015625,-0.0542449951171875
1773062371546325760,75.26770877838135,0.993011474609375,0.0242156982421875,-0.0715179443359375
1773062371556362752,75.27774572372437,0.9560699462890625,0.017608642578125,-0.0699310302734375
1773062371566400512,75.2877836227417,0.9478302001953125,0.026336669921875,-0.0567626953125
1773062371576437504,75.29782056808472,0.9603271484375,0.03143310546875,-0.0560455322265625
1773062371586474752,75.30785775184631,0.9742889404296875,0.0300750732421875,-0.0592193603515625
1773062371596512512,75.31789565086365,0.9702606201171875,0.0319976806640625,-0.0291595458984375
1773062371606549504,75.32793259620667,0.958251953125,0.0381317138671875,-0.0195770263671875
1773062371616587520,75.33797073364258,0.9564208984375,0.053192138671875,-0.0151824951171875
1773062371626624512,75.3480076789856,0.963897705078125,0.0660552978515625,-0.0010986328125
1773062371636662528,75.35804557800293,0.97930908203125,0.072479248046875,0.0076141357421875
1773062371646699776,75.36808276176453,0.9790496826171875,0.0624847412109375,0.0072479248046875
1773062371656737536,75.37812066078186,0.9539031982421875,0.04150390625,0.0056610107421875
1773062371666774528,75.38815760612488,0.9254913330078125,0.032379150390625,0.03656005859375
1773062371676811776,75.39819478988647,0.91925048828125,0.0298004150390625,0.0423431396484375
1773062371686849536,75.40823268890381,0.9374237060546875,0.0385894775390625,0.0277557373046875
1773062371696886528,75.41826963424683,0.9633026123046875,0.066009521484375,0.0480804443359375
1773062371706924800,75.42830777168274,0.9836578369140625,0.076904296875,0.0614471435546875
1773062371716961536,75.43834471702576,0.985504150390625,0.0610198974609375,0.0680999755859375
1773062371726999552,75.44838261604309,0.985198974609375,0.03155517578125,0.07781982421875
1773062371737036544,75.45841956138611,0.9788055419921875,0.010498046875,0.058990478515625
1773062371747073536,75.4684567451477,0.9626007080078125,0.0172119140625,0.0323944091796875
1773062371757111552,75.47849464416504,0.9459075927734375,0.0377044677734375,0.013580322265625
1773062371767148544,75.48853158950806,0.9454193115234375,0.061431884765625,-0.0150604248046875
1773062371777186560,75.49856972694397,0.9619903564453125,0.0687103271484375,-0.0651397705078125
1773062371787223552,75.50860667228699,0.97113037109375,0.061279296875,-0.0725555419921875
1773062371797261568,75.51864457130432,0.971588134765625,0.01806640625,-0.0780792236328125
1773062371807298560,75.52868175506592,0.95880126953125,-0.019195556640625,-0.1136627197265625
1773062371817336832,75.53871989250183,0.940948486328125,-0.0240936279296875,-0.108428955078125
1773062371827373824,75.54875683784485,0.943267822265625,-0.015472412109375,-0.1020355224609375
1773062371837410816,75.55879378318787,0.9534149169921875,-0.0166168212890625,-0.1645660400390625
1773062371847448576,75.5688316822052,0.956298828125,-0.013580322265625,-0.2041015625
1773062371857485824,75.5788688659668,0.9665679931640625,-0.0058441162109375,-0.216094970703125
1773062371867523584,75.58890676498413,0.9651947021484375,-0.0029754638671875,-0.22027587890625
1773062371877560576,75.59894371032715,0.958282470703125,-0.0099639892578125,-0.228607177734375
1773062371887598848,75.60898184776306,0.9458465576171875,-0.02886962890625,-0.264495849609375
1773062371897635584,75.61901879310608,0.9132843017578125,-0.0357513427734375,-0.291900634765625
1773062371907673600,75.62905669212341,0.8958282470703125,-0.0273895263671875,-0.299407958984375
1773062371917710848,75.63909387588501,0.902740478515625,-0.0242919921875,-0.3291473388671875
1773062371927747840,75.64913082122803,0.91217041015625,-0.0305938720703125,-0.338836669921875
1773062371937785600,75.65916872024536,0.9308929443359375,-0.02496337890625,-0.326446533203125
1773062371947822848,75.66920590400696,0.940643310546875,-0.032958984375,-0.3306121826171875
1773062371957860608,75.67924380302429,0.905181884765625,-0.0536041259765625,-0.3261260986328125
1773062371967897600,75.68928074836731,0.853851318359375,-0.060546875,-0.333587646484375
1773062371977935872,75.69931888580322,0.82623291015625,-0.0756072998046875,-0.364013671875
1773062371987972864,75.70935583114624,0.8063201904296875,-0.1002044677734375,-0.425537109375
1773062371998009600,75.71939277648926,0.7908935546875,-0.0822906494140625,-0.423126220703125
1773062372008047872,75.72943091392517,0.8084716796875,-0.0654754638671875,-0.4274749755859375
1773062372018084864,75.73946785926819,0.8026275634765625,-0.064849853515625,-0.439178466796875
1773062372028122624,75.74950575828552,0.78839111328125,-0.057830810546875,-0.3813629150390625
1773062372038159616,75.75954270362854,0.7727203369140625,-0.0782623291015625,-0.384979248046875
1773062372048197632,75.76958084106445,0.753936767578125,-0.098846435546875,-0.40032958984375
1773062372058234624,75.77961778640747,0.7353973388671875,-0.1097412109375,-0.412353515625
1773062372068272640,75.7896556854248,0.720855712890625,-0.1215362548828125,-0.5074462890625
1773062372078309888,75.7996928691864,0.6864166259765625,-0.122894287109375,-0.5556182861328125
1773062372088346624,75.80972981452942,0.65814208984375,-0.1084136962890625,-0.5025634765625
1773062372098384640,75.81976771354675,0.6351165771484375,-0.077117919921875,-0.4348297119140625
1773062372108421888,75.82980489730835,0.6423492431640625,-0.052734375,-0.4056243896484375
1773062372118459648,75.83984279632568,0.6695556640625,-0.05926513671875,-0.44110107421875
1773062372128496640,75.8498797416687,0.6662750244140625,-0.11480712890625,-0.580078125
1773062372138534912,75.85991787910461,0.58819580078125,-0.2018890380859375,-0.7075653076171875
1773062372148571648,75.86995482444763,0.4842071533203125,-0.2228851318359375,-0.695587158203125
1773062372158608640,75.87999176979065,0.4337310791015625,-0.173614501953125,-0.5750885009765625
1773062372168646912,75.89002990722656,0.46026611328125,-0.1190948486328125,-0.466461181640625
1773062372178683648,75.90006685256958,0.528106689453125,-0.11773681640625,-0.4656829833984375
1773062372188721664,75.91010475158691,0.57489013671875,-0.1749725341796875,-0.542327880859375
1773062372198758656,75.92014169692993,0.536773681640625,-0.2409515380859375,-0.6064300537109375
1773062372208796672,75.93017983436584,0.4284210205078125,-0.2646331787109375,-0.6194000244140625
1773062372218833664,75.94021677970886,0.333099365234375,-0.32720947265625,-0.820587158203125
1773062372228871680,75.9502546787262,0.2303466796875,-0.39678955078125,-0.91583251953125
1773062372238908672,75.9602918624878,0.1649322509765625,-0.3776397705078125,-0.828338623046875
1773062372248945664,75.97032880783081,0.1605987548828125,-0.3365631103515625,-0.7333526611328125
1773062372258983680,75.98036670684814,0.226348876953125,-0.203033447265625,-0.4718780517578125
1773062372269020672,75.99040389060974,0.3555755615234375,-0.0810546875,-0.393798828125
1773062372279058688,76.00044178962708,0.47906494140625,-0.1357879638671875,-0.6691131591796875
1773062372289095680,76.01047873497009,0.434906005859375,-0.27850341796875,-0.9261627197265625
1773062372299133696,76.020516872406,0.1943359375,-0.40850830078125,-0.9915008544921875
1773062372309170688,76.03055381774902,-0.0675811767578125,-0.51837158203125,-0.9804840087890625
1773062372319207680,76.04059076309204,-0.2130126953125,-0.583526611328125,-0.949249267578125
1773062372329245696,76.05062890052795,-0.2126312255859375,-0.5407867431640625,-0.84033203125
1773062372339282688,76.06066584587097,-0.065460205078125,-0.29132080078125,-0.5951080322265625
1773062372349320704,76.0707037448883,0.132537841796875,-0.0297393798828125,-0.3840179443359375
1773062372359357696,76.08074069023132,0.28076171875,-0.042266845703125,-0.63714599609375
1773062372369395712,76.09077882766724,0.225830078125,-0.3230133056640625,-1.1714324951171875
1773062372379432704,76.10081577301025,-0.095489501953125,-0.59393310546875,-1.289764404296875
1773062372389470720,76.11085391044617,-0.4049224853515625,-0.7327728271484375,-1.1184539794921875
1773062372399507712,76.12089085578918,-0.531219482421875,-0.8416900634765625,-1.0123291015625
1773062372409544704,76.1309278011322,-0.5023956298828125,-0.7793426513671875,-0.987060546875
1773062372419582720,76.14096570014954,-0.3397674560546875,-0.345245361328125,-0.5867767333984375
1773062372429619712,76.15100288391113,-0.125030517578125,0.027801513671875,-0.2855987548828125
1773062372439657728,76.16104078292847,0.073486328125,0.0652008056640625,-0.4979705810546875
1773062372449694720,76.17107772827148,0.145965576171875,-0.14117431640625,-1.0149078369140625
1773062372459732736,76.1811158657074,-0.1118621826171875,-0.4426116943359375,-1.3150787353515625
1773062372469769728,76.19115281105042,-0.52032470703125,-0.727020263671875,-1.200347900390625
1773062372479806720,76.20118975639343,-0.78851318359375,-0.899932861328125,-0.9068756103515625
1773062372489844736,76.21122789382935,-0.831085205078125,-0.880584716796875,-0.7327880859375
1773062372499881728,76.22126483917236,-0.639862060546875,-0.6656951904296875,-0.62945556640625
1773062372509919744,76.2313027381897,-0.3596954345703125,-0.3258056640625,-0.4981842041015625
1773062372519956480,76.24133968353271,-0.1749725341796875,-0.084197998046875,-0.5202789306640625
1773062372529994752,76.25137782096863,-0.1406707763671875,-0.0904541015625,-0.8983154296875
1773062372540031744,76.26141476631165,-0.3378143310546875,-0.31976318359375,-1.26129150390625
1773062372550069760,76.27145290374756,-0.6812591552734375,-0.5098419189453125,-1.112030029296875
1773062372560106752,76.28148984909058,-0.9358062744140625,-0.6177978515625,-0.8605804443359375
1773062372570143744,76.2915267944336,-0.9714508056640625,-0.702911376953125,-0.71551513671875
1773062372580181504,76.30156469345093,-0.84490966796875,-0.640045166015625,-0.60870361328125
1773062372590218752,76.31160187721252,-0.641876220703125,-0.423004150390625,-0.50830078125
1773062372600256768,76.32163977622986,-0.494415283203125,-0.1970672607421875,-0.523956298828125
1773062372610293504,76.33167672157288,-0.504852294921875,-0.118743896484375,-0.687225341796875
1773062372620331776,76.34171485900879,-0.6780242919921875,-0.268096923828125,-0.9516143798828125
1773062372630368768,76.3517518043518,-0.92047119140625,-0.466827392578125,-0.9480438232421875
1773062372640405760,76.36178874969482,-1.07818603515625,-0.5469970703125,-0.6958160400390625
1773062372650443776,76.37182688713074,-1.082305908203125,-0.59820556640625,-0.5543212890625
1773062372660480768,76.38186383247375,-0.9606170654296875,-0.5767059326171875,-0.571746826171875
1773062372670518528,76.39190173149109,-0.827178955078125,-0.3964996337890625,-0.567718505859375
1773062372680555776,76.40193891525269,-0.7653045654296875,-0.15093994140625,-0.571014404296875
1773062372690593792,76.41197681427002,-0.830047607421875,-0.075531005859375,-0.6773529052734375
1773062372700630784,76.42201375961304,-0.958740234375,-0.2310028076171875,-0.85968017578125
1773062372710668800,76.43205189704895,-1.0605010986328125,-0.41033935546875,-0.7835845947265625
1773062372720705792,76.44208884239197,-1.089202880859375,-0.4921722412109375,-0.561981201171875
1773062372730742784,76.45212578773499,-1.0147857666015625,-0.5035400390625,-0.4912261962890625
1773062372740780544,76.46216368675232,-0.87860107421875,-0.45111083984375,-0.551055908203125
1773062372750817792,76.47220087051392,-0.7938232421875,-0.32666015625,-0.61474609375
1773062372760855552,76.48223876953125,-0.8287200927734375,-0.182403564453125,-0.6085052490234375
1773062372770892544,76.49227571487427,-0.9556884765625,-0.1662750244140625,-0.6090545654296875
1773062372780930816,76.50231385231018,-1.072418212890625,-0.277862548828125,-0.61431884765625
1773062372790967808,76.5123507976532,-1.0656890869140625,-0.359130859375,-0.5154266357421875
1773062372801004544,76.52238774299622,-0.99530029296875,-0.3900604248046875,-0.41412353515625
1773062372811042816,76.53242588043213,-0.9425506591796875,-0.417327880859375,-0.5108489990234375
1773062372821079040,76.54246211051941,-0.899200439453125,-0.35723876953125,-0.5475921630859375
1773062372831116800,76.55250000953674,-0.9127349853515625,-0.25811767578125,-0.509979248046875
1773062372841153792,76.56253695487976,-0.9849395751953125,-0.2545623779296875,-0.591766357421875
1773062372851192064,76.57257509231567,-1.0425262451171875,-0.3103790283203125,-0.6768035888671875
1773062372861229056,76.58261203765869,-1.0786590576171875,-0.334075927734375,-0.5774688720703125
1773062372871266816,76.59264993667603,-1.1069488525390625,-0.3022003173828125,-0.422607421875
1773062372881304064,76.60268712043762,-1.0869598388671875,-0.2458648681640625,-0.348907470703125
1773062372891341056,76.61272406578064,-1.01409912109375,-0.210693359375,-0.40301513671875
1773062372901378816,76.62276196479797,-0.9529266357421875,-0.196807861328125,-0.48370361328125
1773062372911416064,76.63279914855957,-0.9564666748046875,-0.2113037109375,-0.501983642578125
1773062372921454080,76.6428370475769,-1.002838134765625,-0.2663726806640625,-0.5312957763671875
1773062372931490816,76.65287399291992,-1.016265869140625,-0.3040008544921875,-0.5153350830078125
1773062372941529088,76.66291213035583,-1.000091552734375,-0.3074951171875,-0.4545745849609375
1773062372951566080,76.67294907569885,-0.97528076171875,-0.305694580078125,-0.4542236328125
1773062372961602816,76.68298602104187,-0.96319580078125,-0.28338623046875,-0.45330810546875
1773062372971641088,76.69302415847778,-0.9842987060546875,-0.2685089111328125,-0.4470672607421875
1773062372981678080,76.7030611038208,-0.9832916259765625,-0.281036376953125,-0.44927978515625
1773062372991715840,76.71309900283813,-0.95794677734375,-0.2833709716796875,-0.4568328857421875
1773062373001752832,76.72313594818115,-0.941864013671875,-0.2696990966796875,-0.4776153564453125
1773062373011791104,76.73317408561707,-0.945526123046875,-0.2681884765625,-0.52545166015625
1773062373021827840,76.74321103096008,-0.9567413330078125,-0.228790283203125,-0.5312652587890625
1773062373031865856,76.75324892997742,-0.9716339111328125,-0.17535400390625,-0.47113037109375
1773062373041903104,76.76328611373901,-0.9855194091796875,-0.1706085205078125,-0.4420928955078125
1773062373051939840,76.77332305908203,-0.98028564453125,-0.2179107666015625,-0.448822021484375
1773062373061977856,76.78336095809937,-0.9734954833984375,-0.2491455078125,-0.427337646484375
1773062373072015104,76.79339814186096,-0.999969482421875,-0.2239990234375,-0.397613525390625
1773062373082052864,76.8034360408783,-1.0293426513671875,-0.189208984375,-0.4055328369140625
1773062373092089856,76.81347298622131,-1.022430419921875,-0.2027435302734375,-0.4870147705078125
1773062373102128128,76.82351112365723,-1.00701904296875,-0.27935791015625,-0.62445068359375
1773062373112164864,76.83354806900024,-0.9823455810546875,-0.3396759033203125,-0.640472412109375
1773062373122201856,76.84358501434326,-0.9929962158203125,-0.3303680419921875,-0.5040740966796875
1773062373132240128,76.85362315177917,-1.041473388671875,-0.3254547119140625,-0.4088897705078125
1773062373142277120,76.86366009712219,-1.068603515625,-0.305511474609375,-0.4153594970703125
1773062373152314880,76.87369799613953,-1.049102783203125,-0.2188262939453125,-0.413726806640625
1773062373162351872,76.88373494148254,-1.0243377685546875,-0.1426239013671875,-0.4327545166015625
1773062373172389888,76.89377307891846,-1.0117950439453125,-0.1847991943359375,-0.531585693359375
1773062373182426880,76.90381002426147,-1.0234527587890625,-0.3212127685546875,-0.6248626708984375
1773062373192463872,76.91384696960449,-1.053070068359375,-0.4459991455078125,-0.591339111328125
1773062373202501888,76.9238851070404,-1.093414306640625,-0.5081329345703125,-0.523162841796875
1773062373212538880,76.93392205238342,-1.1009979248046875,-0.50262451171875,-0.4915924072265625
1773062373222576896,76.94395995140076,-1.0345611572265625,-0.3799285888671875,-0.46441650390625
1773062373232614144,76.95399713516235,-0.9937896728515625,-0.2500762939453125,-0.4539947509765625
1773062373242651904,76.96403503417969,-1.0531463623046875,-0.2876739501953125,-0.6387939453125
1773062373252688896,76.9740719795227,-1.1028594970703125,-0.391571044921875,-0.758514404296875
1773062373262726912,76.98411011695862,-1.1041107177734375,-0.428955078125,-0.6124420166015625
1773062373272763904,76.99414706230164,-1.143463134765625,-0.47808837890625,-0.5079193115234375
1773062373282800896,77.00418400764465,-1.1284332275390625,-0.519256591796875,-0.4982757568359375
1773062373292839168,77.01422214508057,-1.0497283935546875,-0.476226806640625,-0.47564697265625
1773062373302875904,77.02425909042358,-0.974090576171875,-0.3905487060546875,-0.5297088623046875
1773062373312913920,77.03429698944092,-0.9600982666015625,-0.34649658203125,-0.6427764892578125
1773062373322950912,77.04433393478394,-0.9948272705078125,-0.386474609375,-0.71612548828125
1773062373332988928,77.05437207221985,-1.0352630615234375,-0.4498748779296875,-0.723052978515625
1773062373343025920,77.06440901756287,-1.028289794921875,-0.5152435302734375,-0.6858062744140625
1773062373353063936,77.07444715499878,-0.9924163818359375,-0.5335235595703125,-0.5802459716796875
1773062373363100928,77.0844841003418,-0.99896240234375,-0.5389862060546875,-0.53955078125
1773062373373137920,77.09452104568481,-1.0074005126953125,-0.549713134765625,-0.60968017578125
1773062373383175936,77.10455894470215,-0.9685821533203125,-0.5281219482421875,-0.622161865234375
1773062373393212928,77.11459612846375,-0.8957061767578125,-0.533935546875,-0.6443023681640625
1773062373403250944,77.12463402748108,-0.7836151123046875,-0.5260467529296875,-0.70501708984375
1773062373413287936,77.1346709728241,-0.7450408935546875,-0.5265655517578125,-0.7102813720703125
1773062373423325952,77.14470911026001,-0.8211212158203125,-0.6027679443359375,-0.821197509765625
1773062373433362944,77.15474605560303,-0.87738037109375,-0.639404296875,-0.7781219482421875
1773062373443399936,77.16478300094604,-0.845733642578125,-0.5885467529296875,-0.6552734375
1773062373453437952,77.17482113838196,-0.7469329833984375,-0.4877166748046875,-0.5974884033203125
1773062373463474944,77.18485808372498,-0.65093994140625,-0.4273834228515625,-0.6138763427734375
1773062373473512960,77.19489598274231,-0.592620849609375,-0.43585205078125,-0.7287139892578125
1773062373483549952,77.2049331665039,-0.55767822265625,-0.450592041015625,-0.7801666259765625
1773062373493587968,77.21497106552124,-0.5666046142578125,-0.509765625,-0.8626861572265625
1773062373503624960,77.22500801086426,-0.6035919189453125,-0.5746917724609375,-0.9429931640625
1773062373513662976,77.23504614830017,-0.59991455078125,-0.5587310791015625,-0.8326568603515625
1773062373523699968,77.24508309364319,-0.5228424072265625,-0.5203094482421875,-0.758148193359375
1773062373533736960,77.2551200389862,-0.4339141845703125,-0.49615478515625,-0.7373809814453125
1773062373543774720,77.26515793800354,-0.3646392822265625,-0.4868927001953125,-0.7289581298828125
1773062373553811968,77.27519512176514,-0.2972869873046875,-0.457794189453125,-0.7952117919921875
1773062373563849984,77.28523302078247,-0.2537078857421875,-0.4189605712890625,-0.8313446044921875
1773062373573886976,77.29526996612549,-0.2411651611328125,-0.452606201171875,-0.8395233154296875
1773062373583924992,77.3053081035614,-0.2425689697265625,-0.5107574462890625,-0.888397216796875
1773062373593961984,77.31534504890442,-0.2598114013671875,-0.48687744140625,-0.83941650390625
1773062373603998976,77.32538199424744,-0.2433013916015625,-0.4158782958984375,-0.752593994140625
1773062373614036992,77.33542013168335,-0.165618896484375,-0.3900146484375,-0.8174285888671875
1773062373624073984,77.34545707702637,-0.073577880859375,-0.3778076171875,-0.8435211181640625
1773062373634112000,77.3554949760437,-0.01593017578125,-0.376922607421875,-0.7862396240234375
1773062373644148992,77.3655321598053,0.0261688232421875,-0.389190673828125,-0.7531585693359375
1773062373654187008,77.37557005882263,0.0651092529296875,-0.3947296142578125,-0.684844970703125
1773062373664224000,77.38560700416565,0.08599853515625,-0.4242401123046875,-0.722564697265625
1773062373674262016,77.39564514160156,0.0843353271484375,-0.4311676025390625,-0.778533935546875
1773062373684299008,77.40568208694458,0.095489501953125,-0.3762664794921875,-0.771240234375
1773062373694336000,77.4157190322876,0.1230316162109375,-0.29852294921875,-0.8181915283203125
1773062373704373760,77.42575693130493,0.149139404296875,-0.2683258056640625,-0.8988189697265625
1773062373714411008,77.43579411506653,0.19537353515625,-0.2529754638671875,-0.8304595947265625
1773062373724449024,77.44583201408386,0.2625885009765625,-0.230560302734375,-0.7608795166015625
1773062373734485760,77.45586895942688,0.3135986328125,-0.24298095703125,-0.7245025634765625
1773062373744524032,77.4659070968628,0.3377838134765625,-0.2826995849609375,-0.68365478515625
1773062373754561024,77.47594404220581,0.3331756591796875,-0.3287811279296875,-0.7069244384765625
1773062373764598016,77.48598098754883,0.29791259765625,-0.3465728759765625,-0.7317657470703125
1773062373774636032,77.49601912498474,0.284149169921875,-0.3122711181640625,-0.689422607421875
1773062373784673024,77.50605607032776,0.30419921875,-0.2282257080078125,-0.69451904296875
1773062373794710784,77.51609396934509,0.353271484375,-0.1326904296875,-0.65399169921875
1773062373804748032,77.52613115310669,0.4400634765625,-0.093017578125,-0.6454315185546875
1773062373814786048,77.53616905212402,0.507965087890625,-0.137725830078125,-0.6226806640625
1773062373824823296,77.5462064743042,0.5455780029296875,-0.187225341796875,-0.5506439208984375
1773062373834860288,77.55624341964722,0.5411529541015625,-0.2468109130859375,-0.56072998046875
1773062373844898304,77.56628131866455,0.4911346435546875,-0.2958984375,-0.6223907470703125
1773062373854935296,77.57631850242615,0.4583282470703125,-0.209686279296875,-0.5298309326171875
1773062373864973312,77.58635640144348,0.4546661376953125,-0.1132659912109375,-0.547821044921875
1773062373875010304,77.5963933467865,0.479766845703125,-0.0989990234375,-0.6417236328125
1773062373885048320,77.60643148422241,0.5385894775390625,-0.09344482421875,-0.6219482421875
1773062373895085312,77.61646842956543,0.5964202880859375,-0.093597412109375,-0.4754486083984375
1773062373905123328,77.62650632858276,0.6693267822265625,-0.1262969970703125,-0.4136962890625
1773062373915160320,77.63654351234436,0.7364044189453125,-0.1682586669921875,-0.4225006103515625
1773062373925197312,77.64658045768738,0.7442626953125,-0.1624603271484375,-0.401031494140625
1773062373935235328,77.65661835670471,0.696136474609375,-0.1134490966796875,-0.4423370361328125
1773062373945272320,77.66665554046631,0.65386962890625,-0.02728271484375,-0.4127044677734375
1773062373955310336,77.67669343948364,0.64508056640625,0.0359954833984375,-0.4434051513671875
1773062373965347328,77.68673038482666,0.6597137451171875,0.016082763671875,-0.5719757080078125
1773062373975385344,77.69676852226257,0.697052001953125,-0.0095977783203125,-0.4859161376953125
1773062373985422336,77.70680546760559,0.73553466796875,-0.022216796875,-0.329437255859375
1773062373995459328,77.71684241294861,0.768951416015625,-0.0676727294921875,-0.27911376953125
1773062374005497344,77.72688031196594,0.8043365478515625,-0.0885009765625,-0.247650146484375
1773062374015534336,77.73691749572754,0.8366241455078125,-0.051513671875,-0.1927032470703125
1773062374025572352,77.74695539474487,0.84661865234375,-0.0005950927734375,-0.180938720703125
1773062374035609344,77.75699234008789,0.8431396484375,0.0555419921875,-0.232818603515625
1773062374045647360,77.7670304775238,0.8471221923828125,0.09326171875,-0.3231048583984375
1773062374055684352,77.77706742286682,0.821319580078125,0.0863037109375,-0.3997955322265625
1773062374065721344,77.78710436820984,0.76470947265625,0.0677032470703125,-0.3886566162109375
1773062374075759360,77.79714250564575,0.7465362548828125,0.0462799072265625,-0.28662109375
1773062374085796352,77.80717945098877,0.7829742431640625,0.0240936279296875,-0.207855224609375
1773062374095834368,77.8172173500061,0.8621063232421875,0.012725830078125,-0.1179351806640625
1773062374105871360,77.8272545337677,0.9385833740234375,0.007354736328125,-0.0851898193359375
1773062374115909376,77.83729243278503,0.971343994140625,0.015777587890625,-0.100372314453125
1773062374125946368,77.84732937812805,0.9573822021484375,0.0367584228515625,-0.11761474609375
1773062374135984384,77.85736751556396,0.910400390625,0.060943603515625,-0.16009521484375
1773062374146021376,77.86740446090698,0.8813323974609375,0.08074951171875,-0.2083892822265625
1773062374156058368,77.87744140625,0.878173828125,0.0943603515625,-0.1736907958984375
1773062374166096128,77.88747930526733,0.9035797119140625,0.068206787109375,-0.1542510986328125
1773062374176133376,77.89751648902893,0.9375152587890625,0.027313232421875,-0.10833740234375
1773062374186171392,77.90755438804626,0.968597412109375,0.013580322265625,-0.045684814453125
1773062374196208128,77.91759133338928,0.9960784912109375,0.0271759033203125,-0.0526580810546875
1773062374206246400,77.9276294708252,1.0101776123046875,0.069549560546875,-0.0561065673828125
1773062374216283392,77.93766641616821,1.02642822265625,0.123138427734375,-0.0385284423828125
1773062374226320384,77.94770336151123,1.0375213623046875,0.1495361328125,-0.0382843017578125
1773062374236358400,77.95774149894714,1.0393524169921875,0.125701904296875,-0.0640869140625
1773062374246395392,77.96777844429016,1.0289306640625,0.0844268798828125,-0.04559326171875
1773062374256433152,77.9778163433075,1.0100555419921875,0.048187255859375,-0.0263519287109375
1773062374266470400,77.98785352706909,1.00543212890625,0.023773193359375,-0.0191650390625
1773062374276508416,77.99789142608643,1.0144500732421875,0.0258636474609375,0.0076751708984375
1773062374286545152,78.00792837142944,1.03302001953125,0.04254150390625,0.0072021484375
1773062374296583424,78.01796650886536,1.040496826171875,0.0598297119140625,0.01019287109375
1773062374306620416,78.02800345420837,1.0302886962890625,0.067901611328125,0.0193023681640625
1773062374316657408,78.03804039955139,1.0267791748046875,0.0779266357421875,0.024261474609375
1773062374326695424,78.0480785369873,1.030517578125,0.079803466796875,0.0272216796875
1773062374336732416,78.05811548233032,1.029815673828125,0.0827789306640625,0.0370330810546875
1773062374346770176,78.06815338134766,1.016754150390625,0.07684326171875,0.0443878173828125
1773062374356807168,78.07819032669067,1.00067138671875,0.0631866455078125,0.0463409423828125
1773062374366845440,78.08822846412659,0.9786376953125,0.051422119140625,0.0512542724609375
1773062374376882432,78.0982654094696,0.96392822265625,0.050506591796875,0.0458984375
1773062374386919168,78.10830235481262,0.96600341796875,0.0534820556640625,0.066986083984375
1773062374396957440,78.11834049224854,0.9855194091796875,0.0576019287109375,0.0889739990234375
1773062374406994432,78.12837743759155,0.9910736083984375,0.04876708984375,0.0858306884765625
1773062374417032192,78.13841533660889,0.9623260498046875,0.0301361083984375,0.0709381103515625
1773062374427069440,78.14845252037048,0.9223785400390625,0.0200042724609375,0.0669708251953125
1773062374437107200,78.15849041938782,0.9010772705078125,0.02239990234375,0.0653076171875
1773062374447144192,78.16852736473083,0.921539306640625,0.041351318359375,0.087066650390625
1773062374457181184,78.17856431007385,0.973358154296875,0.0761871337890625,0.102569580078125
1773062374467219456,78.18860244750977,1.011566162109375,0.1033477783203125,0.093414306640625
1773062374477256192,78.19863939285278,1.0100250244140625,0.100372314453125,0.0751495361328125
1773062374487294464,78.2086775302887,0.977691650390625,0.07366943359375,0.0709686279296875
1773062374497331456,78.21871447563171,0.94354248046875,0.042938232421875,0.0573883056640625
1773062374507369216,78.22875237464905,0.9427337646484375,0.03057861328125,0.055084228515625
1773062374517406208,78.23878931999207,0.9698028564453125,0.0418853759765625,0.0742950439453125
1773062374527444480,78.24882745742798,0.9980010986328125,0.057464599609375,0.0723114013671875
1773062374537481216,78.258864402771,1.00762939453125,0.0643157958984375,0.069793701171875
1773062374547518208,78.26890134811401,1.008544921875,0.063812255859375,0.065704345703125
1773062374557556480,78.27893948554993,0.9990692138671875,0.0550079345703125,0.0582733154296875
1773062374567593216,78.28897643089294,0.9964599609375,0.0445709228515625,0.0578155517578125
1773062374577631232,78.29901432991028,1.00616455078125,0.044403076171875,0.0601348876953125
1773062374587668480,78.30905151367188,1.02044677734375,0.042572021484375,0.0532073974609375
1773062374597706240,78.31908941268921,1.0266876220703125,0.0426788330078125,0.041412353515625
1773062374607743232,78.32912635803223,1.0188751220703125,0.0549163818359375,0.0488433837890625
1773062374617780480,78.33916354179382,1.0268096923828125,0.0785369873046875,0.064300537109375
1773062374627818240,78.34920144081116,1.0379638671875,0.0849456787109375,0.060943603515625
1773062374637855232,78.35923838615417,1.0455169677734375,0.075714111328125,0.062652587890625
1773062374647893504,78.36927652359009,1.03497314453125,0.0584564208984375,0.0589141845703125
1773062374657930496,78.3793134689331,1.008392333984375,0.042266845703125,0.0345611572265625
1773062374667968256,78.38935136795044,0.9940948486328125,0.0350341796875,0.02874755859375
1773062374678005248,78.39938831329346,0.9936065673828125,0.03961181640625,0.031646728515625
1773062374688043264,78.40942645072937,1.012420654296875,0.0536651611328125,0.0350494384765625
1773062374698080256,78.41946339607239,1.02703857421875,0.066802978515625,0.0422821044921875
1773062374708117248,78.4295003414154,1.030364990234375,0.0708160400390625,0.03948974609375
1773062374718155264,78.43953847885132,1.0155792236328125,0.0551910400390625,0.0275421142578125
1773062374728192256,78.44957542419434,0.988922119140625,0.0407867431640625,0.0254058837890625
1773062374738230272,78.45961332321167,0.9662628173828125,0.0310516357421875,0.0224456787109375
1773062374748267520,78.46965050697327,0.9607391357421875,0.0280609130859375,0.0112762451171875
1773062374758305280,78.4796884059906,0.9639739990234375,0.03076171875,0.0167236328125
1773062374768342272,78.48972535133362,0.967193603515625,0.0357818603515625,0.02252197265625
1773062374778379520,78.49976253509521,0.9676666259765625,0.0497283935546875,0.012908935546875
1773062374788417280,78.50980043411255,0.9700775146484375,0.06365966796875,0.02203369140625
1773062374798454272,78.51983737945557,0.975341796875,0.0548858642578125,0.0197906494140625
1773062374808492544,78.52987551689148,0.972381591796875,0.038909912109375,0.01947021484375
1773062374818528256,78.5399112701416,0.96392822265625,0.0273284912109375,0.01385498046875
1773062374828566016,78.54994916915894,0.9582977294921875,0.0188751220703125,0.00750732421875
1773062374838603008,78.55998611450195,0.954742431640625,0.014190673828125,0.007537841796875
1773062374848641280,78.57002425193787,0.9577484130859375,0.0136871337890625,0.02667236328125
1773062374858678016,78.58006119728088,0.96490478515625,0.0196380615234375,0.0382843017578125
1773062374868715008,78.5900981426239,0.972869873046875,0.0261383056640625,0.03411865234375
1773062374878753280,78.60013628005981,0.9781036376953125,0.03826904296875,0.0461578369140625
1773062374888790016,78.61017322540283,0.986328125,0.049774169921875,0.04962158203125
1773062374898828032,78.62021112442017,1.0000762939453125,0.0540313720703125,0.0539398193359375
1773062374908865024,78.63024806976318,1.01251220703125,0.0547332763671875,0.0747528076171875
1773062374918903040,78.6402862071991,1.0274658203125,0.0543212890625,0.09027099609375
1773062374928940032,78.65032315254211,1.041534423828125,0.04150390625,0.088134765625
1773062374938977024,78.66036009788513,1.0341033935546875,0.0258636474609375,0.088775634765625
1773062374949015040,78.67039823532104,1.0155487060546875,0.020660400390625,0.06988525390625
1773062374959052032,78.68043518066406,0.99810791015625,0.0204620361328125,0.0523223876953125
1773062374969090048,78.6904730796814,0.9932708740234375,0.02178955078125,0.062652587890625
1773062374979127296,78.700510263443,1.0077667236328125,0.023651123046875,0.0692901611328125
1773062374989165056,78.71054816246033,1.03302001953125,0.02960205078125,0.0728759765625
1773062374999202048,78.72058510780334,1.052093505859375,0.0452423095703125,0.0902099609375
1773062375009240064,78.73062324523926,1.0465087890625,0.044464111328125,0.0839996337890625
1773062375019277056,78.74066019058228,1.0324249267578125,0.038482666015625,0.064788818359375
1773062375029314048,78.7506971359253,1.0200653076171875,0.0421905517578125,0.053009033203125
1773062375039352064,78.7607352733612,1.00372314453125,0.0359954833984375,0.048583984375
1773062375049389056,78.77077221870422,0.9974212646484375,0.0279998779296875,0.0419921875
1773062375059427072,78.78081011772156,0.998748779296875,0.0279541015625,0.035308837890625
1773062375069464064,78.79084706306458,0.9993133544921875,0.027801513671875,0.038665771484375
1773062375079502080,78.80088520050049,1.003143310546875,0.021148681640625,0.035888671875
1773062375089539072,78.8109221458435,1.0022735595703125,0.0238189697265625,0.01947021484375
1773062375099576064,78.82095909118652,0.992156982421875,0.0345306396484375,0.0034637451171875
1773062375109614080,78.83099722862244,0.9788818359375,0.0391387939453125,-0.03021240234375
1773062375119651072,78.84103417396545,0.955047607421875,0.0286102294921875,-0.0735626220703125
1773062375129689088,78.85107207298279,0.9293212890625,0.0089874267578125,-0.072723388671875
1773062375139726080,78.86110925674438,0.91778564453125,-0.016326904296875,-0.0814208984375
1773062375149764096,78.87114715576172,0.920806884765625,-0.0266265869140625,-0.1125946044921875
1773062375159801088,78.88118410110474,0.9216461181640625,-0.0116729736328125,-0.0980072021484375
1773062375169838080,78.89122128486633,0.9227447509765625,0.0021820068359375,-0.11370849609375
1773062375179876096,78.90125918388367,0.9130401611328125,0.0072174072265625,-0.1507415771484375
1773062375189913088,78.91129612922668,0.88995361328125,0.011016845703125,-0.1712799072265625
1773062375199951104,78.9213342666626,0.8810882568359375,0.006561279296875,-0.1804656982421875
1773062375209988096,78.93137121200562,0.8887786865234375,0.007415771484375,-0.189483642578125
1773062375220026112,78.94140911102295,0.9059295654296875,0.0049285888671875,-0.1989898681640625
1773062375230062848,78.95144605636597,0.922027587890625,-0.0058135986328125,-0.19769287109375
1773062375240101120,78.96148419380188,0.9184112548828125,-0.0067291259765625,-0.1880340576171875
1773062375250138112,78.9715211391449,0.9082794189453125,-0.0069732666015625,-0.2093048095703125
1773062375260175104,78.98155808448792,0.890869140625,-0.0096893310546875,-0.2363433837890625
1773062375270213120,78.99159622192383,0.86968994140625,-0.016998291015625,-0.2625274658203125
1773062375280250112,79.00163316726685,0.848876953125,-0.034454345703125,-0.2894744873046875
1773062375290287872,79.01167106628418,0.8392181396484375,-0.0399932861328125,-0.3097686767578125
1773062375300325120,79.02170825004578,0.8558807373046875,-0.0333709716796875,-0.27203369140625
1773062375310363136,79.03174614906311,0.89031982421875,-0.01373291015625,-0.194244384765625
1773062375320399872,79.04178309440613,0.91217041015625,0.003204345703125,-0.203155517578125
1773062375330437120,79.05182027816772,0.9008636474609375,0.0212249755859375,-0.251861572265625
1773062375340475136,79.06185817718506,0.8666839599609375,0.0249176025390625,-0.326385498046875
1773062375350512128,79.07189512252808,0.8118743896484375,0.005584716796875,-0.3975067138671875
1773062375360550144,79.08193325996399,0.7581329345703125,-0.013427734375,-0.4219818115234375
1773062375370587136,79.091970205307,0.7413177490234375,-0.0287628173828125,-0.4339141845703125
1773062375380624896,79.10200810432434,0.757354736328125,-0.014678955078125,-0.3607330322265625
1773062375390662144,79.11204528808594,0.800811767578125,-0.0020904541015625,-0.351654052734375
1773062375400699136,79.12208223342896,0.8268280029296875,-0.0138397216796875,-0.3437652587890625
1773062375410737152,79.13212013244629,0.819580078125,-0.0346221923828125,-0.3646240234375
1773062375420773888,79.1421570777893,0.771392822265625,-0.0904541015625,-0.5019683837890625
1773062375430812160,79.15219521522522,0.68389892578125,-0.122039794921875,-0.565032958984375
1773062375440849152,79.16223216056824,0.6251068115234375,-0.09075927734375,-0.5542755126953125
1773062375450886912,79.17227005958557,0.612213134765625,-0.074737548828125,-0.5711212158203125
1773062375460924160,79.18230724334717,0.6392059326171875,-0.03851318359375,-0.485382080078125
1773062375470961152,79.19234418869019,0.6994476318359375,-0.020751953125,-0.413726806640625
1773062375480998912,79.20238208770752,0.72265625,-0.0863800048828125,-0.5171356201171875
1773062375491036160,79.21241927146912,0.65875244140625,-0.14410400390625,-0.553253173828125
1773062375501074176,79.22245717048645,0.5810546875,-0.1504669189453125,-0.5880889892578125
1773062375511110912,79.23249411582947,0.517669677734375,-0.140899658203125,-0.63751220703125
1773062375521149184,79.24253225326538,0.4907989501953125,-0.0609893798828125,-0.5490570068359375
1773062375531186176,79.2525691986084,0.505126953125,0.005523681640625,-0.474456787109375
1773062375541223936,79.26260709762573,0.5035552978515625,-0.048583984375,-0.5084228515625
1773062375551261184,79.27264428138733,0.4598236083984375,-0.1585845947265625,-0.54107666015625
1773062375561298176,79.28268122673035,0.3964691162109375,-0.25640869140625,-0.5731353759765625
1773062375571335936,79.29271912574768,0.3089752197265625,-0.385223388671875,-0.696929931640625
1773062375581372928,79.3027560710907,0.1977996826171875,-0.4676361083984375,-0.7946014404296875
1773062375591411200,79.31279420852661,0.11846923828125,-0.383575439453125,-0.7548675537109375
1773062375601447936,79.32283115386963,0.1117706298828125,-0.2292022705078125,-0.6027374267578125
1773062375611486208,79.33286929130554,0.1309356689453125,-0.2131500244140625,-0.647674560546875
1773062375621523200,79.34290623664856,0.15277099609375,-0.243377685546875,-0.670135498046875
1773062375631560192,79.35294318199158,0.182220458984375,-0.22442626953125,-0.625274658203125
1773062375641597952,79.36298108100891,0.1772918701171875,-0.298675537109375,-0.787017822265625
1773062375651635200,79.37301826477051,0.093536376953125,-0.454254150390625,-0.9824371337890625
1773062375661672960,79.38305616378784,-0.0439910888671875,-0.5336761474609375,-1.05145263671875
1773062375671709952,79.39309310913086,-0.16766357421875,-0.4844970703125,-0.9731597900390625
1773062375681748224,79.40313124656677,-0.1930694580078125,-0.3207855224609375,-0.707061767578125
1773062375691785216,79.41316819190979,-0.1302642822265625,-0.20037841796875,-0.5095062255859375
1773062375701822976,79.42320609092712,-0.0054168701171875,-0.2066802978515625,-0.5633087158203125
1773062375711860224,79.43324327468872,0.108795166015625,-0.218231201171875,-0.685577392578125
1773062375721897216,79.44328022003174,0.081756591796875,-0.2754364013671875,-0.880218505859375
1773062375731934976,79.45331811904907,-0.133880615234375,-0.496551513671875,-1.1463775634765625
1773062375741971968,79.46335506439209,-0.406219482421875,-0.666351318359375,-1.1598663330078125
1773062375752009984,79.473393201828,-0.5894622802734375,-0.684234619140625,-1.0202484130859375
1773062375762046976,79.48343014717102,-0.6160736083984375,-0.575103759765625,-0.8114471435546875
1773062375772085248,79.49346828460693,-0.49884033203125,-0.3259124755859375,-0.5037994384765625
1773062375782122240,79.50350522994995,-0.3181304931640625,-0.1126251220703125,-0.3907470703125
1773062375792158976,79.51354217529297,-0.1563568115234375,-0.0929718017578125,-0.601165771484375
1773062375802196992,79.5235800743103,-0.1689605712890625,-0.2258453369140625,-0.9785614013671875
1773062375812234240,79.5336172580719,-0.377593994140625,-0.4157867431640625,-1.0923004150390625
1773062375822273024,79.54365611076355,-0.6282501220703125,-0.621551513671875,-0.98101806640625
1773062375832310016,79.55369305610657,-0.7978668212890625,-0.72601318359375,-0.8810272216796875
1773062375842347776,79.5637309551239,-0.8334503173828125,-0.6459808349609375,-0.7108612060546875
1773062375852385024,79.5737681388855,-0.7716827392578125,-0.427520751953125,-0.6092681884765625
1773062375862422016,79.58380508422852,-0.6690521240234375,-0.1871337890625,-0.5890045166015625
1773062375872459776,79.59384298324585,-0.572296142578125,-0.106170654296875,-0.7523040771484375
1773062375882496768,79.60387992858887,-0.5711669921875,-0.2429962158203125,-1.0076141357421875
1773062375892535040,79.61391806602478,-0.7258148193359375,-0.4539031982421875,-0.9739227294921875
1773062375902572032,79.6239550113678,-0.9001007080078125,-0.5896453857421875,-0.7563323974609375
1773062375912610048,79.63399314880371,-0.9676971435546875,-0.6644439697265625,-0.662445068359375
1773062375922647040,79.64403009414673,-0.9369964599609375,-0.6623077392578125,-0.7152557373046875
1773062375932684032,79.65406703948975,-0.873138427734375,-0.527191162109375,-0.681549072265625
1773062375942721792,79.66410493850708,-0.8374481201171875,-0.3307037353515625,-0.62884521484375
1773062375952759040,79.67414212226868,-0.8271636962890625,-0.1602325439453125,-0.65234375
1773062375962796800,79.68418002128601,-0.851165771484375,-0.1021728515625,-0.708099365234375
1773062375972833792,79.69421696662903,-0.91815185546875,-0.210968017578125,-0.8281402587890625
1773062375982872064,79.70425510406494,-0.99127197265625,-0.3894195556640625,-0.9068603515625
1773062375992909056,79.71429204940796,-1.0561370849609375,-0.5449676513671875,-0.81732177734375
1773062376002946816,79.7243299484253,-1.0952606201171875,-0.5592498779296875,-0.624420166015625
1773062376012984064,79.73436713218689,-1.0731964111328125,-0.4300537109375,-0.4769134521484375
1773062376023021056,79.74440407752991,-1.016357421875,-0.3131866455078125,-0.516571044921875
1773062376033058816,79.75444197654724,-0.9618988037109375,-0.2472991943359375,-0.632781982421875
1773062376043096064,79.76447916030884,-0.952362060546875,-0.175811767578125,-0.6142730712890625
1773062376053134080,79.77451705932617,-1.0128631591796875,-0.183868408203125,-0.559234619140625
1773062376063170816,79.78455400466919,-1.056854248046875,-0.3025970458984375,-0.5949859619140625
1773062376073209088,79.7945921421051,-1.0252227783203125,-0.3923492431640625,-0.59991455078125
1773062376083246080,79.80462908744812,-1.01495361328125,-0.4209442138671875,-0.5943450927734375
1773062376093282816,79.81466603279114,-1.0435943603515625,-0.3996734619140625,-0.573028564453125
1773062376103320832,79.82470393180847,-1.0201568603515625,-0.279571533203125,-0.4995574951171875
1773062376113358080,79.83474111557007,-0.9754638671875,-0.153411865234375,-0.4650115966796875
1773062376123395840,79.8447790145874,-0.9493408203125,-0.1103668212890625,-0.5579986572265625
1773062376133432832,79.85481595993042,-0.927093505859375,-0.138336181640625,-0.5828704833984375
1773062376143471104,79.86485409736633,-0.9545135498046875,-0.228363037109375,-0.5839080810546875
1773062376153507840,79.87489104270935,-1.00286865234375,-0.3106689453125,-0.5431060791015625
1773062376163544832,79.88492798805237,-1.0353240966796875,-0.360687255859375,-0.4799957275390625
1773062376173583104,79.89496612548828,-1.0279998779296875,-0.397674560546875,-0.4659271240234375
1773062376183620096,79.9050030708313,-0.9708709716796875,-0.3814697265625,-0.4516754150390625
1773062376193657856,79.91504096984863,-0.9307098388671875,-0.3283233642578125,-0.4546356201171875
1773062376203695104,79.92507815361023,-0.9442291259765625,-0.28375244140625,-0.50335693359375
1773062376213732864,79.93511605262756,-0.9459075927734375,-0.2124786376953125,-0.523895263671875
1773062376223769856,79.94515299797058,-0.9446868896484375,-0.1330718994140625,-0.47723388671875
1773062376233808128,79.9551911354065,-0.9855804443359375,-0.12249755859375,-0.47821044921875
1773062376243844864,79.96522808074951,-1.0256500244140625,-0.148529052734375,-0.508941650390625
1773062376253881856,79.97526502609253,-1.04229736328125,-0.1548614501953125,-0.4300537109375
1773062376263920128,79.98530316352844,-1.0360870361328125,-0.1527099609375,-0.3505096435546875
1773062376273957120,79.99534010887146,-1.020782470703125,-0.172760009765625,-0.3321380615234375
1773062376283994880,80.0053780078888,-1.022705078125,-0.24566650390625,-0.414794921875
1773062376294031872,80.01541495323181,-1.05181884765625,-0.311859130859375,-0.506927490234375
1773062376304069888,80.02545309066772,-1.089019775390625,-0.3099365234375,-0.531646728515625
1773062376314106880,80.03549003601074,-1.0800323486328125,-0.2130126953125,-0.5013275146484375
1773062376324143872,80.04552698135376,-1.0423736572265625,-0.0975799560546875,-0.4409637451171875
1773062376334182144,80.05556511878967,-1.017333984375,-0.0590362548828125,-0.427642822265625
1773062376344218880,80.06560206413269,-1.0235443115234375,-0.0954742431640625,-0.4277496337890625
1773062376354256896,80.07563996315002,-1.052001953125,-0.1857452392578125,-0.4310150146484375
1773062376364294144,80.08567714691162,-1.052581787109375,-0.2709503173828125,-0.452850341796875
1773062376374331904,80.09571504592896,-1.009613037109375,-0.281585693359375,-0.44403076171875
1773062376384368896,80.10575199127197,-0.9959869384765625,-0.2140655517578125,-0.441650390625
1773062376394405888,80.11578893661499,-1.0257720947265625,-0.150054931640625,-0.503387451171875
1773062376404443904,80.1258270740509,-1.0535430908203125,-0.14361572265625,-0.551483154296875
1773062376414480896,80.13586401939392,-1.0773773193359375,-0.199310302734375,-0.5620574951171875
1773062376424519168,80.14590215682983,-1.058319091796875,-0.263824462890625,-0.48052978515625
1773062376434555904,80.15593910217285,-0.999786376953125,-0.2834014892578125,-0.398101806640625
1773062376444593920,80.16597700119019,-0.9266204833984375,-0.3058013916015625,-0.437591552734375
1773062376454630912,80.1760139465332,-0.898284912109375,-0.3509063720703125,-0.565673828125
1773062376464668928,80.18605208396912,-0.928192138671875,-0.3729248046875,-0.6401824951171875
1773062376474705920,80.19608902931213,-1.006195068359375,-0.345458984375,-0.5964813232421875
1773062376484742912,80.20612597465515,-1.0828094482421875,-0.3131256103515625,-0.5231475830078125
1773062376494780928,80.21616411209106,-1.0933380126953125,-0.287994384765625,-0.481597900390625
1773062376504817920,80.22620105743408,-1.063507080078125,-0.2483062744140625,-0.48260498046875
1773062376514855936,80.23623895645142,-1.059112548828125,-0.255645751953125,-0.5365753173828125
1773062376524892928,80.24627614021301,-1.0902099609375,-0.3193817138671875,-0.6764373779296875
1773062376534930944,80.25631403923035,-1.117431640625,-0.39337158203125,-0.698272705078125
1773062376544967936,80.26635098457336,-1.1425933837890625,-0.4292144775390625,-0.629730224609375
1773062376555004928,80.27638792991638,-1.1444549560546875,-0.410369873046875,-0.5128936767578125
1773062376565042944,80.2864260673523,-1.1148681640625,-0.37603759765625,-0.44354248046875
1773062376575079936,80.29646301269531,-1.110076904296875,-0.3728179931640625,-0.444580078125
1773062376585117952,80.30650115013123,-1.1233367919921875,-0.4023284912109375,-0.566375732421875
1773062376595154944,80.31653809547424,-1.1020660400390625,-0.3701324462890625,-0.641845703125
1773062376605192960,80.32657599449158,-1.0958251953125,-0.31280517578125,-0.607025146484375
1773062376615229952,80.3366129398346,-1.1137542724609375,-0.341766357421875,-0.6688995361328125
1773062376625266944,80.34665012359619,-1.1099395751953125,-0.4232330322265625,-0.70770263671875
1773062376635304960,80.35668802261353,-1.1006622314453125,-0.5138702392578125,-0.6798248291015625
1773062376645341952,80.36672496795654,-1.0721282958984375,-0.55633544921875,-0.59210205078125
1773062376655379968,80.37676310539246,-1.0084686279296875,-0.5365447998046875,-0.4656524658203125
1773062376665416960,80.38680005073547,-0.919158935546875,-0.5147552490234375,-0.499725341796875
1773062376675454976,80.39683794975281,-0.835601806640625,-0.4980621337890625,-0.6316986083984375
1773062376685491968,80.4068751335144,-0.7910308837890625,-0.4817352294921875,-0.6895751953125
1773062376695528960,80.41691207885742,-0.81500244140625,-0.4649658203125,-0.7207794189453125
1773062376705566976,80.42694997787476,-0.897491455078125,-0.4878082275390625,-0.7073211669921875
1773062376715603968,80.43698716163635,-0.971771240234375,-0.5480804443359375,-0.7015228271484375
1773062376725641984,80.44702506065369,-0.928009033203125,-0.5767059326171875,-0.6603546142578125
1773062376735678976,80.4570620059967,-0.800994873046875,-0.57806396484375,-0.6790618896484375
1773062376745716992,80.46710014343262,-0.6605224609375,-0.5633087158203125,-0.6945953369140625
1773062376755753984,80.47713708877563,-0.5792999267578125,-0.56219482421875,-0.64654541015625
1773062376765792000,80.48717498779297,-0.559814453125,-0.5460205078125,-0.6279296875
1773062376775828736,80.49721193313599,-0.6060943603515625,-0.5251007080078125,-0.62860107421875
1773062376785865984,80.50724911689758,-0.6768341064453125,-0.560028076171875,-0.7530364990234375
1773062376795904000,80.51728701591492,-0.6973419189453125,-0.5309600830078125,-0.8186798095703125
1773062376805940992,80.52732396125793,-0.65460205078125,-0.45367431640625,-0.75616455078125
1773062376815979008,80.53736209869385,-0.5492706298828125,-0.41259765625,-0.7220916748046875
1773062376826015488,80.5473985671997,-0.4502105712890625,-0.4387664794921875,-0.7124786376953125
1773062376836053504,80.55743670463562,-0.4005584716796875,-0.5075836181640625,-0.709808349609375
1773062376846090496,80.56747364997864,-0.376495361328125,-0.5748443603515625,-0.6927032470703125
1773062376856127488,80.57751059532166,-0.3405914306640625,-0.5950775146484375,-0.6968536376953125
1773062376866165504,80.58754849433899,-0.30267333984375,-0.57989501953125,-0.7039642333984375
1773062376876202496,80.59758567810059,-0.2839813232421875,-0.5344696044921875,-0.7584686279296875
1773062376886240512,80.60762357711792,-0.2976226806640625,-0.49285888671875,-0.82470703125
1773062376896277504,80.61766052246094,-0.27947998046875,-0.4225006103515625,-0.7796783447265625
1773062376906315520,80.62769865989685,-0.1949005126953125,-0.3458099365234375,-0.70599365234375
1773062376916352512,80.63773560523987,-0.0976104736328125,-0.3292999267578125,-0.7713470458984375
1773062376926389504,80.64777255058289,-0.0308074951171875,-0.3245849609375,-0.771697998046875
1773062376936427520,80.6578106880188,-0.0067596435546875,-0.37152099609375,-0.78118896484375
1773062376946464512,80.66784763336182,-0.0048370361328125,-0.4178314208984375,-0.794464111328125
1773062376956502528,80.67788553237915,-0.0205078125,-0.4492034912109375,-0.8236541748046875
1773062376966539264,80.68792247772217,-0.022705078125,-0.4551239013671875,-0.8502197265625
1773062376976577536,80.69796061515808,0.001556396484375,-0.3761749267578125,-0.7738494873046875
1773062376986614528,80.7079975605011,0.030975341796875,-0.250579833984375,-0.669219970703125
1773062376996651520,80.71803450584412,0.07855224609375,-0.1981048583984375,-0.6790313720703125
1773062377006689536,80.72807264328003,0.16094970703125,-0.2295074462890625,-0.772247314453125
1773062377016726528,80.73810958862305,0.2420806884765625,-0.2703857421875,-0.7343292236328125
1773062377026764288,80.74814748764038,0.2916717529296875,-0.337677001953125,-0.729461669921875
1773062377036801536,80.75818467140198,0.3011322021484375,-0.4217529296875,-0.764801025390625
1773062377046839552,80.76822257041931,0.2554931640625,-0.4232177734375,-0.803924560546875
1773062377056876544,80.77825951576233,0.1532745361328125,-0.339080810546875,-0.8192138671875
1773062377066914560,80.78829765319824,0.097564697265625,-0.2601165771484375,-0.767547607421875
1773062377076951552,80.79833459854126,0.1826629638671875,-0.1878814697265625,-0.687957763671875
1773062377086988544,80.80837154388428,0.34063720703125,-0.1552886962890625,-0.62432861328125
1773062377097026560,80.81840968132019,0.4628753662109375,-0.2092437744140625,-0.71624755859375
1773062377107063552,80.82844662666321,0.5170440673828125,-0.262542724609375,-0.6874847412109375
1773062377117101312,80.83848452568054,0.51171875,-0.2988128662109375,-0.6737060546875
1773062377127138304,80.84852147102356,0.4117584228515625,-0.358489990234375,-0.802093505859375
1773062377137176576,80.85855960845947,0.305572509765625,-0.3389739990234375,-0.7467193603515625
1773062377147213568,80.86859655380249,0.2960662841796875,-0.2151641845703125,-0.520843505859375
1773062377157250304,80.87863349914551,0.3951568603515625,-0.1502532958984375,-0.5226287841796875
1773062377167288576,80.88867163658142,0.54345703125,-0.158355712890625,-0.6295318603515625
1773062377177325568,80.89870858192444,0.6654205322265625,-0.1466064453125,-0.6550750732421875
1773062377187363328,80.90874648094177,0.7001190185546875,-0.153778076171875,-0.643310546875
1773062377197400576,80.91878366470337,0.6621551513671875,-0.177398681640625,-0.586883544921875
1773062377207438592,80.9288215637207,0.600799560546875,-0.230316162109375,-0.642974853515625
1773062377217475328,80.93885850906372,0.5304412841796875,-0.24176025390625,-0.5847320556640625
1773062377227512576,80.94889569282532,0.522613525390625,-0.1914825439453125,-0.5085601806640625
1773062377237550592,80.95893359184265,0.5772857666015625,-0.1689910888671875,-0.5530853271484375
1773062377247587328,80.96897053718567,0.667572021484375,-0.148712158203125,-0.5548858642578125
1773062377257625600,80.97900867462158,0.749176025390625,-0.1078338623046875,-0.4362335205078125
1773062377267662592,80.9890456199646,0.8103485107421875,-0.09307861328125,-0.399322509765625
1773062377277700352,80.99908351898193,0.861114501953125,-0.088104248046875,-0.416778564453125
1773062377287737600,81.00912070274353,0.8799896240234375,-0.0681304931640625,-0.3859710693359375
1773062377297774592,81.01915764808655,0.839630126953125,-0.10009765625,-0.44964599609375
1773062377307812352,81.02919554710388,0.747772216796875,-0.161041259765625,-0.5025177001953125
1773062377317849344,81.0392324924469,0.6807708740234375,-0.15826416015625,-0.442840576171875
1773062377327887616,81.04927062988281,0.67547607421875,-0.11566162109375,-0.3963623046875
1773062377337924608,81.05930757522583,0.734283447265625,-0.0421600341796875,-0.2952117919921875
1773062377347962368,81.06934547424316,0.8443450927734375,-0.006103515625,-0.26837158203125
1773062377357999616,81.07938265800476,0.9213409423828125,-0.0199127197265625,-0.2929840087890625
1773062377368036608,81.08941960334778,0.9099273681640625,-0.0402374267578125,-0.2585601806640625
1773062377378074368,81.09945750236511,0.85430908203125,-0.0498199462890625,-0.24481201171875
1773062377388111616,81.10949468612671,0.80194091796875,-0.0490875244140625,-0.2812957763671875
1773062377398149376,81.11953258514404,0.7800445556640625,-0.0456695556640625,-0.280914306640625
1773062377408186368,81.12956953048706,0.7867279052734375,-0.0653839111328125,-0.23663330078125
1773062377418224640,81.13960766792297,0.8156890869140625,-0.077362060546875,-0.221649169921875
1773062377428261632,81.14964461326599,0.85125732421875,-0.0643310546875,-0.19549560546875
1773062377438299392,81.15968251228333,0.8798980712890625,-0.0565948486328125,-0.153594970703125
1773062377448336640,81.16971969604492,0.8984527587890625,-0.041473388671875,-0.140960693359375
1773062377458373632,81.17975664138794,0.900604248046875,-0.0267486572265625,-0.13641357421875
1773062377468411392,81.18979454040527,0.8998870849609375,-0.0251007080078125,-0.09490966796875
1773062377478448384,81.19983148574829,0.9075775146484375,-0.02105712890625,-0.051727294921875
1773062377488486656,81.2098696231842,0.937774658203125,-0.00823974609375,-0.055816650390625
1773062377498523392,81.21990656852722,0.968353271484375,-0.000457763671875,-0.0843505859375
1773062377508561664,81.22994470596313,0.96917724609375,-0.0248260498046875,-0.0734710693359375
1773062377518598656,81.23998165130615,0.9478912353515625,-0.0457000732421875,-0.0499725341796875
1773062377528635392,81.25001859664917,0.938507080078125,-0.0588836669921875,-0.0365142822265625
1773062377538673408,81.2600564956665,0.9407958984375,-0.05517578125,0.008270263671875
1773062377548710656,81.2700936794281,0.9794769287109375,-0.0297698974609375,0.040557861328125
1773062377558748416,81.28013157844543,1.035736083984375,0.005889892578125,0.0558319091796875
1773062377568785408,81.29016852378845,1.0557098388671875,0.0231170654296875,0.0478973388671875
1773062377578823680,81.30020666122437,1.049530029296875,0.0240936279296875,0.0294952392578125
1773062377588860416,81.31024360656738,1.0352630615234375,0.0263214111328125,0.0595245361328125
1773062377598897408,81.3202805519104,1.0276031494140625,0.031524658203125,0.0994415283203125
1773062377608935680,81.33031868934631,1.042144775390625,0.0189971923828125,0.1096649169921875
1773062377618972416,81.34035563468933,1.052459716796875,-0.0164337158203125,0.11932373046875
1773062377629010432,81.35039353370667,1.021881103515625,-0.05047607421875,0.130950927734375
1773062377639047424,81.36043047904968,0.982940673828125,-0.058990478515625,0.13909912109375
1773062377649085440,81.3704686164856,0.962249755859375,-0.04327392578125,0.1399078369140625
1773062377659122432,81.38050556182861,0.9747161865234375,-0.00384521484375,0.1541900634765625
1773062377669159424,81.39054250717163,1.018768310546875,0.039459228515625,0.1769256591796875
1773062377679197440,81.40058064460754,1.0507659912109375,0.0585784912109375,0.1911468505859375
1773062377689234432,81.41061758995056,1.0591583251953125,0.0551300048828125,0.18804931640625
1773062377699272448,81.4206554889679,1.0446929931640625,0.0249481201171875,0.1715850830078125
1773062377709309696,81.43069267272949,0.9963836669921875,-0.01568603515625,0.1582183837890625
1773062377719347456,81.44073057174683,0.944915771484375,-0.038330078125,0.146484375
1773062377729384448,81.45076751708984,0.9307098388671875,-0.0294036865234375,0.1533203125
1773062377739421696,81.46080470085144,0.9473114013671875,0.0002288818359375,0.1571807861328125
1773062377749459456,81.47084259986877,0.980865478515625,0.035247802734375,0.163116455078125
1773062377759496448,81.48087954521179,0.9997406005859375,0.0494384765625,0.16534423828125
1773062377769534464,81.4909176826477,0.9989166259765625,0.0415496826171875,0.16741943359375
1773062377779571456,81.50095462799072,0.977874755859375,0.0204620361328125,0.1688232421875
1773062377789609472,81.51099252700806,0.9482574462890625,0.001190185546875,0.1614990234375
1773062377799646464,81.52102947235107,0.9409332275390625,-0.007843017578125,0.15814208984375
1773062377809684480,81.53106760978699,0.95458984375,-0.0080413818359375,0.150360107421875
1773062377819721984,81.54110503196716,0.970550537109375,0.000335693359375,0.148406982421875
1773062377829758976,81.55114197731018,0.976531982421875,0.0133056640625,0.1381072998046875
1773062377839796736,81.56117987632751,0.98406982421875,0.038330078125,0.1488037109375
1773062377849833728,81.57121682167053,0.998565673828125,0.064239501953125,0.16790771484375
1773062377859871744,81.58125495910645,1.0087432861328125,0.0570068359375,0.1493988037109375
1773062377869908736,81.59129190444946,1.0033416748046875,0.0380401611328125,0.1431732177734375
1773062377879946752,81.6013298034668,0.974945068359375,0.0248260498046875,0.1305389404296875
1773062377889984000,81.6113669872284,0.9518585205078125,0.0261993408203125,0.116119384765625
1773062377900020736,81.62140393257141,0.9620513916015625,0.0408172607421875,0.1405181884765625
1773062377910058752,81.63144183158875,0.989013671875,0.0473785400390625,0.1507415771484375
1773062377920096000,81.64147901535034,1.0148162841796875,0.0451507568359375,0.151458740234375
1773062377930133760,81.65151691436768,1.031097412109375,0.0429229736328125,0.17279052734375
1773062377940170752,81.6615538597107,1.0268096923828125,0.03717041015625,0.165496826171875
1773062377950209024,81.6715919971466,1.007171630859375,0.0301513671875,0.15057373046875
1773062377960245760,81.68162894248962,0.9779510498046875,0.0283050537109375,0.164581298828125
1773062377970282752,81.69166588783264,0.9701385498046875,0.0279541015625,0.1608123779296875
1773062377980321024,81.70170402526855,0.982421875,0.0370941162109375,0.1703033447265625
1773062377990357760,81.71174097061157,0.9964141845703125,0.043426513671875,0.18359375
1773062378000395776,81.7217788696289,1.0034027099609375,0.0345611572265625,0.17919921875
1773062378010432768,81.73181581497192,0.9994354248046875,0.016632080078125,0.176483154296875
1773062378020470784,81.74185395240784,0.986602783203125,0.0169677734375,0.17840576171875
1773062378030507776,81.75189089775085,0.976776123046875,0.0226593017578125,0.164703369140625
1773062378040544768,81.76192784309387,0.97607421875,0.0293731689453125,0.1591033935546875
1773062378050582784,81.77196598052979,0.974090576171875,0.0340576171875,0.1675262451171875
1773062378060619776,81.7820029258728,0.97723388671875,0.0364532470703125,0.170257568359375
1773062378070657792,81.79204082489014,0.984619140625,0.0384521484375,0.1710052490234375
1773062378080695040,81.80207800865173,0.987762451171875,0.040313720703125,0.1598358154296875
1773062378090732800,81.81211590766907,0.98388671875,0.0364837646484375,0.1505126953125
1773062378100769792,81.82215285301208,0.9642791748046875,0.024566650390625,0.1541748046875
1773062378110807040,81.83219003677368,0.9534454345703125,0.0180816650390625,0.15216064453125
1773062378120844800,81.84222793579102,0.9511260986328125,0.0090179443359375,0.149658203125
1773062378130881792,81.85226488113403,0.949981689453125,0.0024261474609375,0.1542816162109375
1773062378140919808,81.86230301856995,0.9574432373046875,0.0090484619140625,0.151702880859375
1773062378150956800,81.87233996391296,0.9596405029296875,0.0213623046875,0.147796630859375
1773062378160994816,81.8823778629303,0.9607086181640625,0.030792236328125,0.140167236328125
1773062378171031808,81.89241480827332,0.967071533203125,0.031524658203125,0.1400604248046875
1773062378181069824,81.90245294570923,0.96575927734375,0.0232391357421875,0.1545257568359375
1773062378191106816,81.91248989105225,0.9730072021484375,0.0085601806640625,0.1543121337890625
1773062378201143808,81.92252683639526,0.983306884765625,0.0068359375,0.161956787109375
1773062378211181824,81.93256497383118,0.975799560546875,0.0194244384765625,0.169891357421875
1773062378221218816,81.9426019191742,0.9710540771484375,0.0249176025390625,0.1532135009765625
1773062378231256832,81.95263981819153,0.9801177978515625,0.0225677490234375,0.1522369384765625
1773062378241293824,81.96267700195312,0.977508544921875,0.0174102783203125,0.15875244140625
1773062378251331840,81.97271490097046,0.9835357666015625,0.01568603515625,0.1504974365234375
1773062378261368832,81.98275184631348,0.987060546875,0.0194854736328125,0.1506500244140625
1773062378271405824,81.99278903007507,0.986572265625,0.0172119140625,0.14520263671875
1773062378281443840,82.00282692909241,0.9802398681640625,0.017547607421875,0.1658782958984375
1773062378291480832,82.01286387443542,0.971588134765625,0.024444580078125,0.1775665283203125
1773062378301518848,82.02290201187134,0.9759521484375,0.029327392578125,0.1804656982421875
1773062378311555840,82.03293895721436,0.9997100830078125,0.053863525390625,0.171966552734375
1773062378321593856,82.04297685623169,1.02203369140625,0.070220947265625,0.14288330078125
1773062378331630848,82.05301403999329,1.02142333984375,0.0542755126953125,0.1488037109375
1773062378341667840,82.0630509853363,1.005889892578125,0.02496337890625,0.1595458984375
1773062378351705856,82.07308888435364,0.99462890625,0.0040435791015625,0.1544952392578125
1773062378361742848,82.08312582969666,0.9930419921875,0.001708984375,0.1583251953125
1773062378371780864,82.09316396713257,0.9956817626953125,0.017547607421875,0.1678466796875
1773062378381817856,82.10320091247559,1.0026702880859375,0.0400543212890625,0.148773193359375
1773062378391855616,82.11323881149292,1.002105712890625,0.04913330078125,0.1368560791015625
1773062378401892864,82.12327599525452,0.9921722412109375,0.047393798828125,0.131195068359375
1773062378411929856,82.13331294059753,0.9885711669921875,0.0370635986328125,0.1219482421875
1773062378421967872,82.14335083961487,0.9824066162109375,0.021636962890625,0.116180419921875
1773062378432004864,82.15338802337646,0.971099853515625,0.007598876953125,0.086151123046875
1773062378442042880,82.1634259223938,0.9610595703125,0.010406494140625,0.0710601806640625
1773062378452079872,82.17346286773682,0.9482574462890625,0.02459716796875,0.0720977783203125
1773062378462117888,82.18350100517273,0.94219970703125,0.03411865234375,0.049407958984375
1773062378472154880,82.19353795051575,0.9415283203125,0.042755126953125,0.0256500244140625
1773062378482191872,82.20357489585876,0.942352294921875,0.04815673828125,0.0084075927734375
1773062378492229888,82.21361303329468,0.9322357177734375,0.046661376953125,-0.0159912109375
1773062378502266880,82.2236499786377,0.9095916748046875,0.0346832275390625,-0.045562744140625
1773062378512304896,82.23368787765503,0.8849029541015625,0.009674072265625,-0.052642822265625
1773062378522341632,82.24372482299805,0.8722991943359375,-0.024749755859375,-0.0726470947265625
1773062378532379904,82.25376296043396,0.8718719482421875,-0.0318756103515625,-0.0968170166015625
1773062378542416896,82.26379990577698,0.8752593994140625,-0.009368896484375,-0.0747528076171875
1773062378552453632,82.27383685112,0.8908233642578125,0.00323486328125,-0.1008453369140625
1773062378562491904,82.28387498855591,0.8939056396484375,0.008880615234375,-0.1519317626953125
1773062378572528896,82.29391193389893,0.8849334716796875,0.0295562744140625,-0.1727447509765625
1773062378582566656,82.30394983291626,0.8779296875,0.034423828125,-0.1782379150390625
1773062378592603904,82.31398701667786,0.8854522705078125,0.0165557861328125,-0.2152557373046875
1773062378602641920,82.32402491569519,0.898223876953125,0.003570556640625,-0.2346038818359375
1773062378612678656,82.33406186103821,0.9126129150390625,0.003814697265625,-0.204864501953125
1773062378622715648,82.34409880638123,0.9358367919921875,-0.0062103271484375,-0.2028045654296875
1773062378632753920,82.35413694381714,0.9424285888671875,-0.0225067138671875,-0.2316131591796875
1773062378642790912,82.36417388916016,0.921234130859375,0.0012969970703125,-0.2269134521484375
1773062378652828928,82.37421202659607,0.897247314453125,0.0269927978515625,-0.21148681640625
1773062378662865920,82.38424897193909,0.875579833984375,0.0303802490234375,-0.27130126953125
1773062378672903680,82.39428687095642,0.8538360595703125,0.0322265625,-0.3140869140625
1773062378682940672,82.40432381629944,0.8433074951171875,0.0538177490234375,-0.331451416015625
1773062378692978944,82.41436195373535,0.8381500244140625,0.0877227783203125,-0.3327789306640625
1773062378703015680,82.42439889907837,0.842529296875,0.11285400390625,-0.2837677001953125
1773062378713052672,82.43443584442139,0.8529815673828125,0.07659912109375,-0.3177337646484375
1773062378723090944,82.4444739818573,0.83172607421875,-0.0130767822265625,-0.4174957275390625
1773062378733127936,82.45451092720032,0.774658203125,-0.098419189453125,-0.461181640625
1773062378743165696,82.46454882621765,0.714599609375,-0.0672607421875,-0.3496246337890625
1773062378753202944,82.47458600997925,0.7174835205078125,0.026580810546875,-0.2808990478515625
1773062378763240704,82.48462390899658,0.7515869140625,0.058197021484375,-0.2820587158203125
1773062378773277696,82.4946608543396,0.7701568603515625,0.0748291015625,-0.28997802734375
1773062378783314944,82.5046980381012,0.7534027099609375,0.0766143798828125,-0.3505706787109375
1773062378793352960,82.51473593711853,0.7017822265625,0.0225067138671875,-0.4388275146484375
1773062378803389696,82.52477288246155,0.6190185546875,-0.084716796875,-0.544952392578125
1773062378813427968,82.53481101989746,0.5056610107421875,-0.16827392578125,-0.5472259521484375
1773062378823465472,82.54484844207764,0.4290924072265625,-0.1884613037109375,-0.4290008544921875
1773062378833503488,82.55488657951355,0.4060516357421875,-0.2030029296875,-0.3569183349609375
1773062378843540480,82.56492352485657,0.4234771728515625,-0.2339630126953125,-0.4142608642578125
1773062378853577472,82.57496047019958,0.447662353515625,-0.283050537109375,-0.5683135986328125
1773062378863615232,82.58499836921692,0.4167327880859375,-0.297088623046875,-0.64459228515625
1773062378873652480,82.59503555297852,0.3594818115234375,-0.2477569580078125,-0.6591644287109375
1773062378883690240,82.60507345199585,0.2947540283203125,-0.1856842041015625,-0.6281890869140625
1773062378893727232,82.61511039733887,0.242401123046875,-0.1737823486328125,-0.65960693359375
1773062378903765504,82.62514853477478,0.196990966796875,-0.2311859130859375,-0.6239166259765625
1773062378913802496,82.6351854801178,0.171356201171875,-0.249053955078125,-0.556610107421875
1773062378923839232,82.64522242546082,0.1680450439453125,-0.2551116943359375,-0.4819488525390625
1773062378933877504,82.65526056289673,0.169708251953125,-0.3422393798828125,-0.6111907958984375
1773062378943914496,82.66529750823975,0.135345458984375,-0.4419708251953125,-0.7937164306640625
1773062378953952256,82.67533540725708,0.039154052734375,-0.488616943359375,-0.8677825927734375
1773062378963989248,82.6853723526001,-0.0990447998046875,-0.5411529541015625,-0.9171600341796875
1773062378974027520,82.69541049003601,-0.21209716796875,-0.543212890625,-0.9293365478515625
1773062378984064256,82.70544743537903,-0.22833251953125,-0.3621826171875,-0.7306976318359375
1773062378994101248,82.71548438072205,-0.1482696533203125,-0.1408538818359375,-0.4935760498046875
1773062379004139520,82.72552251815796,-0.0546722412109375,-0.1023406982421875,-0.4890289306640625
1773062379014176256,82.73555946350098,-0.032379150390625,-0.285919189453125,-0.852813720703125
1773062379024214272,82.74559736251831,-0.152587890625,-0.529083251953125,-1.071624755859375
1773062379034251520,82.75563454627991,-0.356170654296875,-0.6787109375,-1.013458251953125
1773062379044289280,82.76567244529724,-0.4971466064453125,-0.7348785400390625,-0.8353424072265625
1773062379054326272,82.77570939064026,-0.5246429443359375,-0.643768310546875,-0.67437744140625
1773062379064363520,82.78574657440186,-0.461090087890625,-0.4302215576171875,-0.5561065673828125
1773062379074401280,82.79578447341919,-0.388580322265625,-0.2970733642578125,-0.5792999267578125
1773062379084438272,82.8058214187622,-0.375457763671875,-0.3572235107421875,-0.8900909423828125
1773062379094476544,82.81585955619812,-0.467193603515625,-0.521087646484375,-1.101959228515625
1773062379104513280,82.82589650154114,-0.6257171630859375,-0.5952911376953125,-1.0058135986328125
1773062379114551296,82.83593440055847,-0.7181396484375,-0.59185791015625,-0.8168487548828125
1773062379124588288,82.84597134590149,-0.7127227783203125,-0.55853271484375,-0.7590179443359375
1773062379134625536,82.85600852966309,-0.651763916015625,-0.47845458984375,-0.69537353515625
1773062379144663296,82.86604642868042,-0.6068878173828125,-0.4287109375,-0.702789306640625
1773062379154700288,82.87608337402344,-0.620880126953125,-0.4580078125,-0.785858154296875
1773062379164738304,82.88612151145935,-0.7143707275390625,-0.5282440185546875,-0.814208984375
1773062379174775296,82.89615845680237,-0.8339385986328125,-0.5251922607421875,-0.73779296875
1773062379184813312,82.9061963558197,-0.9297332763671875,-0.52435302734375,-0.7535400390625
1773062379194850560,82.9162335395813,-0.980743408203125,-0.5487823486328125,-0.82135009765625
1773062379204887296,82.92627048492432,-1.00244140625,-0.4827423095703125,-0.7796478271484375
1773062379214925312,82.93630838394165,-0.9935455322265625,-0.3727569580078125,-0.6900482177734375
1773062379224962560,82.94634556770325,-0.9747467041015625,-0.34832763671875,-0.6811370849609375
1773062379235000320,82.95638346672058,-0.899322509765625,-0.39630126953125,-0.702880859375
1773062379245037312,82.9664204120636,-0.8077392578125,-0.4671478271484375,-0.672637939453125
1773062379255075328,82.97645854949951,-0.8466796875,-0.55084228515625,-0.7110595703125
1773062379265112320,82.98649549484253,-0.98712158203125,-0.593109130859375,-0.7413330078125
1773062379275150336,82.99653339385986,-1.13494873046875,-0.5641632080078125,-0.749664306640625
1773062379285187584,83.00657057762146,-1.1995697021484375,-0.4732818603515625,-0.7041778564453125
1773062379295224320,83.01660752296448,-1.1256103515625,-0.2969207763671875,-0.6025543212890625
1773062379305262336,83.02664542198181,-0.9850616455078125,-0.130401611328125,-0.503387451171875
1773062379315299328,83.03668236732483,-0.897064208984375,-0.1391448974609375,-0.5825347900390625
1773062379325337344,83.04672050476074,-0.8821258544921875,-0.3040924072265625,-0.725921630859375
1773062379335374336,83.05675745010376,-0.922027587890625,-0.4753265380859375,-0.6999053955078125
1773062379345412352,83.0667953491211,-0.993499755859375,-0.5785064697265625,-0.5663604736328125
1773062379355449344,83.07683253288269,-1.0269012451171875,-0.5532379150390625,-0.520172119140625
1773062379365486336,83.08686947822571,-1.007720947265625,-0.392486572265625,-0.4548797607421875
1773062379375524352,83.09690737724304,-0.9883575439453125,-0.2635650634765625,-0.4501495361328125
1773062379385561344,83.10694456100464,-1.0006256103515625,-0.286895751953125,-0.5626220703125
1773062379395599360,83.11698246002197,-0.9958038330078125,-0.356842041015625,-0.627960205078125
1773062379405636352,83.12701940536499,-0.9432373046875,-0.3464508056640625,-0.554718017578125
1773062379415674368,83.1370575428009,-0.8698883056640625,-0.309661865234375,-0.560760498046875
1773062379425711360,83.14709448814392,-0.80450439453125,-0.2852630615234375,-0.6343994140625
1773062379435748352,83.15713143348694,-0.8365631103515625,-0.302734375,-0.6862945556640625
1773062379445786368,83.16716957092285,-0.93096923828125,-0.352752685546875,-0.6472625732421875
1773062379455823360,83.17720651626587,-0.988311767578125,-0.36981201171875,-0.4517974853515625
1773062379465861376,83.1872444152832,-0.9810333251953125,-0.383026123046875,-0.2884674072265625
1773062379475898368,83.19728136062622,-0.927490234375,-0.4050445556640625,-0.2843017578125
1773062379485936384,83.20731949806213,-0.89508056640625,-0.3892059326171875,-0.3481903076171875
1773062379495973376,83.21735644340515,-0.91845703125,-0.3119659423828125,-0.45361328125
1773062379506010368,83.22739338874817,-0.9681549072265625,-0.2164764404296875,-0.6047821044921875
1773062379516048384,83.23743152618408,-1.015960693359375,-0.1479034423828125,-0.685394287109375
1773062379526085376,83.2474684715271,-1.059783935546875,-0.12030029296875,-0.6484527587890625
1773062379536123392,83.25750637054443,-1.0908966064453125,-0.1676483154296875,-0.528411865234375
1773062379546160384,83.26754355430603,-1.0999755859375,-0.248138427734375,-0.3614044189453125
1773062379556198400,83.27758145332336,-1.0719146728515625,-0.302398681640625,-0.2224578857421875
1773062379566235392,83.28761839866638,-1.0301513671875,-0.3212127685546875,-0.2254180908203125
1773062379576272384,83.29765558242798,-1.0056304931640625,-0.29180908203125,-0.3264923095703125
1773062379586310400,83.30769348144531,-1.010955810546875,-0.231781005859375,-0.44036865234375
1773062379596347392,83.31773042678833,-1.025665283203125,-0.18450927734375,-0.5442657470703125
1773062379606385408,83.32776856422424,-1.018280029296875,-0.171539306640625,-0.6024932861328125
1773062379616422400,83.33780550956726,-0.9922943115234375,-0.16693115234375,-0.5390167236328125
1773062379626460416,83.3478434085846,-0.972137451171875,-0.1897125244140625,-0.4219512939453125
1773062379636497152,83.35788035392761,-0.9528656005859375,-0.247528076171875,-0.3755645751953125
1773062379646534400,83.36791753768921,-0.9290771484375,-0.2893524169921875,-0.3562164306640625
1773062379656572416,83.37795543670654,-0.9088287353515625,-0.2977752685546875,-0.3614349365234375
1773062379666609408,83.38799238204956,-0.8916168212890625,-0.2780303955078125,-0.3998870849609375
1773062379676647424,83.39803051948547,-0.898681640625,-0.2742156982421875,-0.4856414794921875
1773062379686684416,83.40806746482849,-0.91815185546875,-0.2971038818359375,-0.5660400390625
1773062379696722176,83.41810536384583,-0.9365692138671875,-0.325775146484375,-0.55889892578125
1773062379706759424,83.42814254760742,-0.97039794921875,-0.342864990234375,-0.478729248046875
1773062379716796416,83.43817949295044,-0.99530029296875,-0.3433990478515625,-0.4173431396484375
1773062379726834176,83.44821739196777,-0.995025634765625,-0.2862396240234375,-0.3779296875
1773062379736871424,83.45825457572937,-0.9850006103515625,-0.1893157958984375,-0.3775787353515625
1773062379746909440,83.4682924747467,-0.9744415283203125,-0.131805419921875,-0.4412689208984375
1773062379756946432,83.47832942008972,-0.9878387451171875,-0.1689910888671875,-0.5652008056640625
1773062379766984448,83.48836755752563,-1.0125732421875,-0.28564453125,-0.6130218505859375
1773062379777021440,83.49840450286865,-1.0480194091796875,-0.369537353515625,-0.525054931640625
1773062379787058432,83.50844144821167,-1.102874755859375,-0.41217041015625,-0.4255218505859375
1773062379797096192,83.518479347229,-1.1244049072265625,-0.4111328125,-0.384002685546875
1773062379807133440,83.5285165309906,-1.0863800048828125,-0.3447265625,-0.391693115234375
1773062379817171456,83.53855443000793,-1.0364990234375,-0.2514801025390625,-0.4532470703125
1773062379827207936,83.54859113693237,-1.030548095703125,-0.2216949462890625,-0.5552978515625
1773062379837245952,83.5586290359497,-1.0523529052734375,-0.30169677734375,-0.6873931884765625
1773062379847282944,83.56866598129272,-1.0614471435546875,-0.38983154296875,-0.666656494140625
1773062379857320960,83.57870411872864,-1.09088134765625,-0.4354400634765625,-0.49053955078125
1773062379867357952,83.58874106407166,-1.1308746337890625,-0.46575927734375,-0.3747711181640625
1773062379877394944,83.59877800941467,-1.127593994140625,-0.46282958984375,-0.3642120361328125
1773062379887432960,83.60881614685059,-1.064056396484375,-0.3890533447265625,-0.417938232421875
1773062379897469952,83.6188530921936,-1.0161285400390625,-0.307861328125,-0.5400238037109375
1773062379907507968,83.62889099121094,-1.0048675537109375,-0.28912353515625,-0.6548614501953125
1773062379917544960,83.63892793655396,-1.023681640625,-0.3873443603515625,-0.6946258544921875
1773062379927582976,83.64896607398987,-1.066925048828125,-0.5292510986328125,-0.656646728515625
1773062379937619968,83.65900301933289,-1.0936737060546875,-0.5999603271484375,-0.5159149169921875
1773062379947656960,83.6690399646759,-1.0625,-0.6127471923828125,-0.443389892578125
1773062379957694976,83.67907810211182,-0.979156494140625,-0.56719970703125,-0.4523468017578125
1773062379967731968,83.68911504745483,-0.9276885986328125,-0.480926513671875,-0.51300048828125
1773062379977769728,83.69915294647217,-0.9435577392578125,-0.39569091796875,-0.5509185791015625
1773062379987806976,83.70919013023376,-0.9810333251953125,-0.3997955322265625,-0.6048126220703125
1773062379997844992,83.7192280292511,-0.9651336669921875,-0.4544677734375,-0.695648193359375
1773062380007881984,83.72926497459412,-0.9207305908203125,-0.465423583984375,-0.6760101318359375
1773062380017918976,83.73930215835571,-0.9073028564453125,-0.4728546142578125,-0.6960906982421875
1773062380027956992,83.74934005737305,-0.913238525390625,-0.5267791748046875,-0.6894683837890625
1773062380037993984,83.75937700271606,-0.9214935302734375,-0.5976104736328125,-0.6165618896484375
1773062380048032000,83.76941514015198,-0.8989410400390625,-0.6190643310546875,-0.6066131591796875
1773062380058068992,83.779452085495,-0.8204193115234375,-0.5663604736328125,-0.5101165771484375
1773062380068107008,83.78948998451233,-0.765167236328125,-0.5823211669921875,-0.528839111328125
1773062380078143744,83.79952692985535,-0.6880950927734375,-0.599822998046875,-0.701171875
1773062380088180992,83.80956411361694,-0.6639862060546875,-0.55487060546875,-0.774169921875
1773062380098219008,83.81960201263428,-0.7342529296875,-0.490478515625,-0.8270416259765625
1773062380108255744,83.8296389579773,-0.8132781982421875,-0.4219512939453125,-0.8225555419921875
1773062380118294016,83.83967709541321,-0.8211212158203125,-0.391021728515625,-0.8200836181640625
1773062380128331008,83.84971404075623,-0.7210540771484375,-0.3736419677734375,-0.6672515869140625
1773062380138368768,83.85975193977356,-0.5843048095703125,-0.4520416259765625,-0.6370697021484375
1773062380148406016,83.86978912353516,-0.47149658203125,-0.5831146240234375,-0.6556854248046875
1773062380158443008,83.87982606887817,-0.4156494140625,-0.6710357666015625,-0.702545166015625
1773062380168480768,83.88986396789551,-0.41290283203125,-0.677093505859375,-0.730377197265625
1773062380178518016,83.8999011516571,-0.455535888671875,-0.6161956787109375,-0.806488037109375
1773062380188556032,83.90993905067444,-0.4782867431640625,-0.5117034912109375,-0.8082122802734375
1773062380198593024,83.91997599601746,-0.4727325439453125,-0.3986663818359375,-0.7503814697265625
1773062380208631040,83.93001413345337,-0.4306793212890625,-0.3774871826171875,-0.788360595703125
1773062380218668032,83.94005107879639,-0.3324127197265625,-0.4072418212890625,-0.7735137939453125
1773062380228705024,83.9500880241394,-0.224517822265625,-0.457672119140625,-0.7437744140625
1773062380238743040,83.96012616157532,-0.13702392578125,-0.5523834228515625,-0.74664306640625
1773062380248780032,83.97016310691833,-0.1065216064453125,-0.6051483154296875,-0.7802886962890625
1773062380258817792,83.98020100593567,-0.1433258056640625,-0.5560760498046875,-0.7364654541015625
1773062380268854784,83.99023795127869,-0.195068359375,-0.437774658203125,-0.73382568359375
1773062380278893056,84.0002760887146,-0.1977691650390625,-0.3444976806640625,-0.769073486328125
1773062380288930048,84.01031303405762,-0.1288299560546875,-0.309600830078125,-0.81591796875
1773062380298967808,84.02035093307495,-0.0142059326171875,-0.337860107421875,-0.8292999267578125
1773062380309005056,84.03038811683655,0.0964813232421875,-0.4559326171875,-0.824920654296875
1773062380319042048,84.04042506217957,0.1533660888671875,-0.5622100830078125,-0.7554779052734375
1773062380329079808,84.0504629611969,0.118988037109375,-0.5545501708984375,-0.6869964599609375
1773062380339117056,84.0605001449585,0.017852783203125,-0.474334716796875,-0.76715087890625
1773062380349155072,84.07053804397583,-0.0480194091796875,-0.326690673828125,-0.8197479248046875
1773062380359191808,84.08057498931885,-0.032806396484375,-0.19183349609375,-0.8101959228515625
1773062380369228800,84.09061193466187,0.05657958984375,-0.15692138671875,-0.8722686767578125
1773062380379267072,84.10065007209778,0.189666748046875,-0.1809844970703125,-0.8580169677734375
1773062380389303808,84.1106870174408,0.3105926513671875,-0.253387451171875,-0.7630767822265625
1773062380399342080,84.12072515487671,0.403289794921875,-0.393585205078125,-0.7849273681640625
1773062380409379072,84.13076210021973,0.39739990234375,-0.5348968505859375,-0.820159912109375
1773062380419416832,84.14079999923706,0.3067169189453125,-0.5572662353515625,-0.7525634765625
1773062380429453824,84.15083694458008,0.1973419189453125,-0.4384918212890625,-0.6745758056640625
1773062380439492096,84.16087508201599,0.1443939208984375,-0.296356201171875,-0.82568359375
1773062380449528832,84.17091202735901,0.16107177734375,-0.1915740966796875,-0.8755035400390625
1773062380459565824,84.18094897270203,0.2810516357421875,-0.1187744140625,-0.70941162109375
1773062380469604096,84.19098711013794,0.4312591552734375,-0.134796142578125,-0.68817138671875
1773062380479641088,84.20102405548096,0.545196533203125,-0.2444915771484375,-0.757537841796875
1773062380489678848,84.21106195449829,0.601043701171875,-0.3467864990234375,-0.688629150390625
1773062380499716096,84.22109913825989,0.553558349609375,-0.3962249755859375,-0.62005615234375
1773062380509753856,84.23113703727722,0.4243621826171875,-0.383758544921875,-0.63299560546875
1773062380519790848,84.24117398262024,0.33660888671875,-0.300689697265625,-0.67767333984375
1773062380529828096,84.25121116638184,0.333740234375,-0.197479248046875,-0.678955078125
1773062380539865856,84.26124906539917,0.411407470703125,-0.1415557861328125,-0.64166259765625
1773062380549902848,84.27128601074219,0.528350830078125,-0.1191864013671875,-0.6488189697265625
1773062380559941120,84.2813241481781,0.6419219970703125,-0.1375579833984375,-0.69317626953125
1773062380569978112,84.29136109352112,0.7385101318359375,-0.2267608642578125,-0.64776611328125
1773062380580015872,84.30139899253845,0.741241455078125,-0.3572845458984375,-0.622100830078125
1773062380590052864,84.31143593788147,0.632476806640625,-0.407501220703125,-0.5676727294921875
1773062380600090112,84.32147312164307,0.521148681640625,-0.351837158203125,-0.510833740234375
1773062380610127872,84.3315110206604,0.486297607421875,-0.218505859375,-0.5219879150390625
1773062380620164864,84.34154796600342,0.5372772216796875,-0.074737548828125,-0.5153656005859375
1773062380630203136,84.35158610343933,0.6623992919921875,-0.0174102783203125,-0.49920654296875
1773062380640239872,84.36162304878235,0.795196533203125,-0.0520782470703125,-0.481353759765625
1773062380650277888,84.37166094779968,0.8856353759765625,-0.1111602783203125,-0.4145965576171875
1773062380660315136,84.38169813156128,0.8805084228515625,-0.2065582275390625,-0.43524169921875
1773062380670351872,84.3917350769043,0.7903289794921875,-0.257568359375,-0.395233154296875
1773062380680389888,84.40177297592163,0.6909027099609375,-0.2305755615234375,-0.3353424072265625
1773062380690427136,84.41181015968323,0.6327667236328125,-0.168365478515625,-0.34967041015625
1773062380700464896,84.42184805870056,0.6509552001953125,-0.1086578369140625,-0.3523712158203125
1773062380710501888,84.43188500404358,0.721099853515625,-0.06085205078125,-0.2928924560546875
1773062380720540160,84.44192314147949,0.7766265869140625,-0.0511474609375,-0.25213623046875
1773062380730576896,84.45196008682251,0.791168212890625,-0.0748443603515625,-0.239593505859375
1773062380740614912,84.46199798583984,0.8166961669921875,-0.061187744140625,-0.1675262451171875
1773062380750651904,84.47203493118286,0.8607177734375,-0.0465240478515625,-0.1504058837890625
1773062380760688896,84.48207211494446,0.8801727294921875,-0.0646820068359375,-0.184814453125
1773062380770726912,84.49211001396179,0.836456298828125,-0.1124267578125,-0.2282257080078125
1773062380780763904,84.50214695930481,0.7455902099609375,-0.15203857421875,-0.2035064697265625
1773062380790801920,84.51218509674072,0.6711578369140625,-0.1487884521484375,-0.1428680419921875
1773062380800838912,84.52222204208374,0.6756744384765625,-0.11810302734375,-0.1438140869140625
1773062380810875904,84.53225898742676,0.7358856201171875,-0.0780181884765625,-0.1130828857421875
1773062380820913920,84.54229712486267,0.80291748046875,-0.0556488037109375,-0.044403076171875
1773062380830950656,84.55233383178711,0.8782958984375,-0.0580291748046875,-0.0313873291015625
1773062380840988672,84.56237173080444,0.924224853515625,-0.0664825439453125,0.0154876708984375
1773062380851025920,84.57240891456604,0.9414825439453125,-0.054779052734375,0.06146240234375
1773062380861063680,84.58244681358337,0.953033447265625,-0.030426025390625,0.0894775390625
1773062380871100672,84.59248375892639,0.9472503662109375,-0.011199951171875,0.0826568603515625
1773062380881138688,84.6025218963623,0.935546875,-0.003997802734375,0.0433807373046875
1773062380891175680,84.61255884170532,0.912261962890625,-0.0091552734375,0.0957183837890625
1773062380901212672,84.62259578704834,0.9112701416015625,-0.024749755859375,0.145751953125
1773062380911250688,84.63263368606567,0.945220947265625,-0.027496337890625,0.16357421875
1773062380921287680,84.64267086982727,0.9796142578125,0.0119171142578125,0.17205810546875
1773062380931325696,84.6527087688446,1.0209808349609375,0.0761566162109375,0.218353271484375
1773062380941362688,84.66274571418762,1.0680999755859375,0.12286376953125,0.275146484375
1773062380951400704,84.67278385162354,1.1381988525390625,0.139617919921875,0.3257293701171875
1773062380961437696,84.68282079696655,1.1843109130859375,0.1161651611328125,0.3510894775390625
1773062380971474688,84.69285774230957,1.1296844482421875,0.06396484375,0.349700927734375
1773062380981512704,84.70289587974548,1.0417022705078125,0.0342254638671875,0.341644287109375
1773062380991549696,84.7129328250885,0.9710845947265625,0.017547607421875,0.3148956298828125
1773062381001587712,84.72297072410583,0.953094482421875,0.015472412109375,0.3236236572265625
1773062381011624704,84.73300790786743,0.9764251708984375,0.0282135009765625,0.3562164306640625
1773062381021662720,84.74304580688477,1.0300140380859375,0.0560150146484375,0.356353759765625
1773062381031699712,84.75308275222778,1.0766448974609375,0.08758544921875,0.3590850830078125
1773062381041736704,84.7631196975708,1.080963134765625,0.11187744140625,0.3585968017578125
1773062381051774720,84.77315783500671,1.052276611328125,0.112823486328125,0.3365478515625
1773062381061811712,84.78319478034973,0.99456787109375,0.0891876220703125,0.3108367919921875
1773062381071849472,84.79323267936707,0.9477691650390625,0.0558624267578125,0.2729949951171875
1773062381081886720,84.80326986312866,0.9256744384765625,0.0459136962890625,0.2602996826171875
1773062381091924736,84.813307762146,0.9399261474609375,0.0594024658203125,0.2610931396484375
1773062381101961728,84.82334470748901,0.9627685546875,0.0751495361328125,0.248931884765625
1773062381111998720,84.83338189125061,0.96337890625,0.0717010498046875,0.2219085693359375
1773062381122036736,84.84341979026794,0.9449920654296875,0.05963134765625,0.2265472412109375
1773062381132073728,84.85345673561096,0.930389404296875,0.05609130859375,0.2353973388671875
1773062381142111744,84.86349487304688,0.9315338134765625,0.0529632568359375,0.2286529541015625
1773062381152148736,84.87353181838989,0.9395599365234375,0.052764892578125,0.2244415283203125
1773062381162186496,84.88356971740723,0.9409027099609375,0.0502166748046875,0.20489501953125
1773062381172223744,84.89360690116882,0.9244232177734375,0.0535430908203125,0.1855316162109375
1773062381182260736,84.90364384651184,0.9181060791015625,0.059722900390625,0.18365478515625
1773062381192298752,84.91368174552917,0.924560546875,0.0542144775390625,0.1785125732421875
1773062381202335488,84.92371869087219,0.9281005859375,0.0380706787109375,0.1774444580078125
1773062381212373760,84.9337568283081,0.92181396484375,0.0227203369140625,0.1837158203125
1773062381222410752,84.94379377365112,0.915374755859375,0.030120849609375,0.1964263916015625
1773062381232448768,84.95383191108704,0.9214630126953125,0.0540008544921875,0.1905364990234375
1773062381242485760,84.96386885643005,0.9463958740234375,0.0769195556640625,0.19500732421875
1773062381252522752,84.97390580177307,0.9700927734375,0.0927886962890625,0.2028961181640625
1773062381262560512,84.9839437007904,0.9735260009765625,0.0848846435546875,0.1900787353515625
1773062381272597760,84.993980884552,0.9640655517578125,0.0642547607421875,0.1904144287109375
1773062381282635776,85.00401878356934,0.9593505859375,0.04791259765625,0.1947174072265625
1773062381292672512,85.01405572891235,0.9543914794921875,0.03448486328125,0.2038726806640625
1773062381302710784,85.02409386634827,0.94647216796875,0.0189056396484375,0.2205963134765625
1773062381312747776,85.03413081169128,0.9504547119140625,0.015899658203125,0.2217559814453125
1773062381322784768,85.0441677570343,0.95111083984375,0.0250244140625,0.233001708984375
1773062381332822784,85.05420589447021,0.9511871337890625,0.0383758544921875,0.2469940185546875
1773062381342859776,85.06424283981323,0.9674530029296875,0.04931640625,0.2408294677734375
1773062381352897536,85.07428073883057,0.9794464111328125,0.0570068359375,0.2597198486328125
1773062381362934528,85.08431768417358,0.9781036376953125,0.0575103759765625,0.28546142578125
1773062381372972800,85.0943558216095,0.9688262939453125,0.05035400390625,0.271636962890625
1773062381383009792,85.10439276695251,0.958160400390625,0.0439300537109375,0.2697906494140625
1773062381393046528,85.11442971229553,0.94342041015625,0.033111572265625,0.2891082763671875
1773062381403084800,85.12446784973145,0.9416351318359375,0.0222930908203125,0.2894744873046875
1773062381413121792,85.13450479507446,0.96246337890625,0.02752685546875,0.2808380126953125
1773062381423159552,85.1445426940918,0.96697998046875,0.0382080078125,0.29986572265625
1773062381433196800,85.1545798778534,0.9692230224609375,0.0532379150390625,0.29449462890625
1773062381443234560,85.16461777687073,0.9631500244140625,0.071044921875,0.284210205078125
1773062381453271552,85.17465472221375,0.964996337890625,0.0782318115234375,0.292999267578125
1773062381463308800,85.18469190597534,0.980804443359375,0.0677947998046875,0.29132080078125
1773062381473346816,85.19472980499268,0.9823150634765625,0.04052734375,0.293365478515625
1773062381483383552,85.2047667503357,0.9599609375,0.01495361328125,0.3005523681640625
1773062381493421824,85.2148048877716,0.951416015625,0.0157470703125,0.2723846435546875
1773062381503458816,85.22484183311462,0.9430389404296875,0.0394439697265625,0.2714080810546875
1773062381513496576,85.23487973213196,0.940765380859375,0.056121826171875,0.265594482421875
1773062381523533824,85.24491691589355,0.9770965576171875,0.0687408447265625,0.2644500732421875
1773062381533570816,85.25495386123657,1.0103912353515625,0.067169189453125,0.2784881591796875
1773062381543608576,85.2649917602539,1.0171966552734375,0.047637939453125,0.2641143798828125
1773062381553645568,85.27502870559692,0.992462158203125,0.02996826171875,0.237548828125
1773062381563683840,85.28506684303284,0.9521026611328125,0.0171356201171875,0.2253570556640625
1773062381573720576,85.29510378837585,0.9171295166015625,0.002166748046875,0.202056884765625
1773062381583758592,85.30514168739319,0.9065093994140625,0.000762939453125,0.1737060546875
1773062381593795840,85.31517887115479,0.91064453125,0.0110321044921875,0.1558685302734375
1773062381603832832,85.3252158164978,0.9218597412109375,0.023773193359375,0.1506195068359375
1773062381613870592,85.33525371551514,0.9297027587890625,0.02880859375,0.1318511962890625
1773062381623907840,85.34529089927673,0.924530029296875,0.026123046875,0.0898895263671875
1773062381633945600,85.35532879829407,0.9056396484375,0.021392822265625,0.0731353759765625
1773062381643982592,85.36536574363708,0.8814849853515625,0.0109710693359375,0.0547637939453125
1773062381654020864,85.375403881073,0.873291015625,-0.007232666015625,0.0116119384765625
1773062381664057856,85.38544082641602,0.8733062744140625,-0.0206146240234375,-0.0269012451171875
1773062381674094592,85.39547777175903,0.8672943115234375,-0.0272064208984375,-0.0237884521484375
1773062381684132864,85.40551590919495,0.854949951171875,-0.0364532470703125,-0.0214996337890625
1773062381694169856,85.41555285453796,0.8556976318359375,-0.03619384765625,-0.055816650390625
1773062381704207616,85.4255907535553,0.8649749755859375,-0.01531982421875,-0.07208251953125
1773062381714244608,85.43562769889832,0.8905029296875,-0.001373291015625,-0.079376220703125
1773062381724282624,85.44566583633423,0.90594482421875,-0.02197265625,-0.1273956298828125
1773062381734319616,85.45570278167725,0.8879852294921875,-0.0573883056640625,-0.16558837890625
1773062381744356608,85.46573972702026,0.8493194580078125,-0.0880584716796875,-0.2014617919921875
1773062381754394880,85.47577786445618,0.8228912353515625,-0.0952301025390625,-0.2259521484375
1773062381764431616,85.4858148097992,0.8354949951171875,-0.082183837890625,-0.1910552978515625
1773062381774469632,85.49585270881653,0.877471923828125,-0.0820465087890625,-0.179962158203125
1773062381784506880,85.50588989257812,0.8919525146484375,-0.09503173828125,-0.25421142578125
1773062381794544640,85.51592779159546,0.8807525634765625,-0.08056640625,-0.251251220703125
1773062381804581632,85.52596473693848,0.8973541259765625,-0.0506134033203125,-0.217437744140625
1773062381814618624,85.5360016822815,0.9102020263671875,-0.0380859375,-0.28466796875
1773062381824656896,85.54604005813599,0.8904266357421875,-0.01080322265625,-0.258941650390625
1773062381834694144,85.55607724189758,0.872833251953125,0.0057525634765625,-0.2480010986328125
1773062381844732160,85.56611514091492,0.84381103515625,-0.01715087890625,-0.3233642578125
1773062381854768896,85.57615208625793,0.799041748046875,-0.0047454833984375,-0.3300323486328125
1773062381864807168,85.58619022369385,0.7832794189453125,0.020111083984375,-0.2908172607421875
1773062381874844160,85.59622716903687,0.7795562744140625,-0.0053863525390625,-0.3536529541015625
1773062381884880896,85.60626411437988,0.7621002197265625,0.0109100341796875,-0.3167724609375
1773062381894919168,85.6163022518158,0.7641754150390625,0.042877197265625,-0.2508544921875
1773062381904956160,85.62633919715881,0.7476959228515625,-0.0164642333984375,-0.3620758056640625
1773062381914993920,85.63637709617615,0.6619873046875,-0.102813720703125,-0.466583251953125
1773062381925031168,85.64641427993774,0.57025146484375,-0.1757659912109375,-0.51300048828125
1773062381935069184,85.65645217895508,0.52850341796875,-0.204925537109375,-0.4302520751953125
1773062381945105920,85.6664891242981,0.53729248046875,-0.2056427001953125,-0.379852294921875
1773062381955142912,85.67652606964111,0.5365753173828125,-0.239349365234375,-0.44573974609375
1773062381965181184,85.68656420707703,0.537750244140625,-0.209991455078125,-0.405914306640625
1773062381975218176,85.69660115242004,0.5567169189453125,-0.1503753662109375,-0.4258575439453125
1773062381985256192,85.70663928985596,0.543426513671875,-0.1619873046875,-0.5878143310546875
1773062381995293184,85.71667623519897,0.491851806640625,-0.22589111328125,-0.7304229736328125
1773062382005330944,85.72671413421631,0.404296875,-0.257720947265625,-0.6431427001953125
1773062382015367936,85.73675107955933,0.33843994140625,-0.2674713134765625,-0.5155181884765625
1773062382025405184,85.74678826332092,0.3299407958984375,-0.268341064453125,-0.4247283935546875
1773062382035442944,85.75682616233826,0.3574676513671875,-0.2790069580078125,-0.3948516845703125
1773062382045479936,85.76686310768127,0.3535308837890625,-0.3785247802734375,-0.6360626220703125
1773062382055518208,85.77690124511719,0.2691192626953125,-0.46783447265625,-0.8227081298828125
1773062382065555200,85.7869381904602,0.15887451171875,-0.4130401611328125,-0.810455322265625
1773062382075592960,85.79697608947754,0.0682220458984375,-0.381317138671875,-0.86993408203125
1773062382085630208,85.80701327323914,0.0293426513671875,-0.291748046875,-0.7487640380859375
1773062382095667200,85.81705021858215,0.0662384033203125,-0.1741943359375,-0.55792236328125
1773062382105704960,85.82708811759949,0.1493988037109375,-0.2418975830078125,-0.57806396484375
1773062382115741952,85.8371250629425,0.189971923828125,-0.400177001953125,-0.6612548828125
1773062382125780224,85.84716320037842,0.099517822265625,-0.5384521484375,-0.7678375244140625
1773062382135816960,85.85720014572144,-0.089874267578125,-0.6641845703125,-0.9290924072265625
1773062382145855232,85.86723828315735,-0.3021240234375,-0.726226806640625,-1.011138916015625
1773062382155892224,85.87727522850037,-0.4477081298828125,-0.6761322021484375,-0.98199462890625
1773062382165928960,85.88731217384338,-0.4540252685546875,-0.4485626220703125,-0.7163238525390625
1773062382175966976,85.89735007286072,-0.36529541015625,-0.2076873779296875,-0.4486541748046875
1773062382186004224,85.90738725662231,-0.2322540283203125,-0.1264495849609375,-0.3577880859375
1773062382196041984,85.91742515563965,-0.129150390625,-0.2140045166015625,-0.6179656982421875
1773062382206078976,85.92746210098267,-0.1794891357421875,-0.4454498291015625,-1.0546417236328125
1773062382216117248,85.93750023841858,-0.410919189453125,-0.6723175048828125,-1.173492431640625
1773062382226153984,85.9475371837616,-0.69464111328125,-0.77862548828125,-0.9753265380859375
1773062382236192000,85.95757508277893,-0.8891143798828125,-0.76531982421875,-0.780426025390625
1773062382246229248,85.96761226654053,-0.900787353515625,-0.598724365234375,-0.61920166015625
1773062382256266240,85.97764921188354,-0.8020172119140625,-0.359527587890625,-0.47119140625
1773062382266304000,85.98768711090088,-0.70465087890625,-0.2590179443359375,-0.5330963134765625
1773062382276340992,85.9977240562439,-0.6551971435546875,-0.3210296630859375,-0.762603759765625
1773062382286379008,86.00776219367981,-0.7160491943359375,-0.4397125244140625,-0.8674163818359375
1773062382296416000,86.01779913902283,-0.8639678955078125,-0.6083984375,-0.8904266357421875
1773062382306454272,86.02783727645874,-0.98040771484375,-0.734649658203125,-0.827484130859375
1773062382316491008,86.03787422180176,-1.05267333984375,-0.733123779296875,-0.7368621826171875
1773062382326528000,86.04791116714478,-1.0892486572265625,-0.70526123046875,-0.7334136962890625
1773062382336566016,86.05794906616211,-1.074249267578125,-0.63555908203125,-0.70367431640625
1773062382346603264,86.0679862499237,-1.0021514892578125,-0.4062957763671875,-0.5388946533203125
1773062382356641024,86.07802414894104,-0.988800048828125,-0.1534576416015625,-0.4069366455078125
1773062382366678016,86.08806109428406,-1.0583343505859375,-0.0945587158203125,-0.559967041015625
1773062382376716032,86.09809923171997,-1.0970916748046875,-0.248077392578125,-0.836029052734375
1773062382386753024,86.10813617706299,-1.097625732421875,-0.458648681640625,-0.928985595703125
1773062382396790016,86.118173122406,-1.1134185791015625,-0.582916259765625,-0.754364013671875
1773062382406828288,86.12821125984192,-1.1397857666015625,-0.610809326171875,-0.5864715576171875
1773062382416865024,86.13824820518494,-1.081573486328125,-0.5434417724609375,-0.5635833740234375
1773062382426903040,86.14828610420227,-0.9758453369140625,-0.35467529296875,-0.560028076171875
1773062382436940288,86.15832328796387,-0.932830810546875,-0.1950836181640625,-0.59954833984375
1773062382446978048,86.1683611869812,-0.96484375,-0.2006683349609375,-0.6940765380859375
1773062382457015040,86.17839813232422,-1.013824462890625,-0.3323211669921875,-0.732513427734375
1773062382467052032,86.18843507766724,-1.0368804931640625,-0.49359130859375,-0.6798858642578125
1773062382477090048,86.19847321510315,-1.0022735595703125,-0.6218414306640625,-0.6106414794921875
1773062382487127040,86.20851016044617,-0.9109344482421875,-0.609527587890625,-0.49835205078125
1773062382497165056,86.2185480594635,-0.848175048828125,-0.46514892578125,-0.4262542724609375
1773062382507202048,86.2285852432251,-0.84814453125,-0.332977294921875,-0.590118408203125
1773062382517240064,86.23862314224243,-0.888916015625,-0.2586669921875,-0.7354583740234375
1773062382527277056,86.24866008758545,-0.971466064453125,-0.2422027587890625,-0.70733642578125
1773062382537314304,86.25869727134705,-1.048736572265625,-0.2904052734375,-0.59857177734375
1773062382547352064,86.26873517036438,-1.04010009765625,-0.3651885986328125,-0.487884521484375
1773062382557389056,86.2787721157074,-0.9775848388671875,-0.42694091796875,-0.4416351318359375
1773062382567427072,86.28881025314331,-0.933685302734375,-0.4596099853515625,-0.4573822021484375
1773062382577464064,86.29884719848633,-0.9314117431640625,-0.458343505859375,-0.519500732421875
1773062382587502080,86.30888509750366,-0.952667236328125,-0.4162750244140625,-0.595855712890625
1773062382597539072,86.31892228126526,-0.9860076904296875,-0.366729736328125,-0.641204833984375
1773062382607576064,86.32895922660828,-1.013916015625,-0.3304901123046875,-0.622589111328125
1773062382617614080,86.33899712562561,-1.0252227783203125,-0.3115234375,-0.5424041748046875
1773062382627651072,86.34903407096863,-1.0114898681640625,-0.3044281005859375,-0.468963623046875
1773062382637689088,86.35907220840454,-0.952972412109375,-0.2956390380859375,-0.4312286376953125
1773062382647726080,86.36910915374756,-0.91552734375,-0.298309326171875,-0.4638824462890625
1773062382657764096,86.37914729118347,-0.9217987060546875,-0.338134765625,-0.5619049072265625
1773062382667801088,86.38918423652649,-0.9622955322265625,-0.35858154296875,-0.5514984130859375
1773062382677838080,86.3992211818695,-1.0147857666015625,-0.3467864990234375,-0.4944915771484375
1773062382687876096,86.40925908088684,-1.022979736328125,-0.3460540771484375,-0.5410614013671875
1773062382697913088,86.41929626464844,-0.99371337890625,-0.3404998779296875,-0.6201934814453125
1773062382707951104,86.42933416366577,-0.9836883544921875,-0.3214569091796875,-0.5700225830078125
1773062382717988096,86.43937110900879,-0.996795654296875,-0.295318603515625,-0.460174560546875
1773062382728026112,86.4494092464447,-1.015777587890625,-0.2951812744140625,-0.416534423828125
1773062382738063104,86.45944619178772,-0.98748779296875,-0.33538818359375,-0.483612060546875
1773062382748100096,86.46948313713074,-0.9430694580078125,-0.3882904052734375,-0.550018310546875
1773062382758138112,86.47952127456665,-0.9659423828125,-0.4129486083984375,-0.5782470703125
1773062382768175104,86.48955821990967,-1.0563812255859375,-0.381134033203125,-0.5440216064453125
1773062382778213120,86.499596118927,-1.130889892578125,-0.3430023193359375,-0.4853057861328125
1773062382788249856,86.50963306427002,-1.132781982421875,-0.3438568115234375,-0.5234832763671875
1773062382798288128,86.51967120170593,-1.094818115234375,-0.329254150390625,-0.56298828125
1773062382808325120,86.52970814704895,-1.1141510009765625,-0.3125457763671875,-0.5315704345703125
1773062382818362112,86.53974509239197,-1.1378173828125,-0.3907318115234375,-0.5777740478515625
1773062382828400896,86.54978394508362,-1.10888671875,-0.46942138671875,-0.6186981201171875
1773062382838437888,86.55982089042664,-1.1004486083984375,-0.4687957763671875,-0.532196044921875
1773062382848475904,86.56985902786255,-1.1317901611328125,-0.4756622314453125,-0.4212646484375
1773062382858512896,86.57989597320557,-1.146209716796875,-0.5247802734375,-0.431915283203125
1773062382868550656,86.5899338722229,-1.1060943603515625,-0.546173095703125,-0.5015716552734375
1773062382878587648,86.59997081756592,-1.08258056640625,-0.5345306396484375,-0.5468597412109375
1773062382888624896,86.61000800132751,-1.0908355712890625,-0.488311767578125,-0.501708984375
1773062382898662912,86.62004590034485,-1.12261962890625,-0.4439849853515625,-0.502593994140625
1773062382908699648,86.63008284568787,-1.12994384765625,-0.4330291748046875,-0.59454345703125
1773062382918737920,86.64012098312378,-1.127166748046875,-0.4441070556640625,-0.6676788330078125
1773062382928774912,86.6501579284668,-1.111846923828125,-0.5202178955078125,-0.7052764892578125
1773062382938812672,86.66019582748413,-1.0380096435546875,-0.5821380615234375,-0.6563873291015625
1773062382948849920,86.67023301124573,-0.951690673828125,-0.59271240234375,-0.5779876708984375
1773062382958886912,86.68026995658875,-0.8974456787109375,-0.5657806396484375,-0.58843994140625
1773062382968924672,86.69030785560608,-0.8624267578125,-0.51885986328125,-0.577056884765625
1773062382978961920,86.70034503936768,-0.890777587890625,-0.491973876953125,-0.6046600341796875
1773062382988999936,86.71038293838501,-0.9536895751953125,-0.545989990234375,-0.7138214111328125
1773062382999036672,86.72041988372803,-0.9500274658203125,-0.5855560302734375,-0.7100830078125
1773062383009074944,86.73045802116394,-0.900543212890625,-0.533203125,-0.6525421142578125
1773062383019111936,86.74049496650696,-0.8666839599609375,-0.505889892578125,-0.7036895751953125
1773062383029148928,86.75053191184998,-0.8223114013671875,-0.4841766357421875,-0.7023468017578125
1773062383039186688,86.76056981086731,-0.7742919921875,-0.46002197265625,-0.64984130859375
1773062383049223936,86.7706069946289,-0.7218017578125,-0.4962005615234375,-0.7076873779296875
1773062383059261696,86.78064489364624,-0.633026123046875,-0.49261474609375,-0.686004638671875
1773062383069298688,86.79068183898926,-0.565582275390625,-0.4449920654296875,-0.582305908203125
1773062383079336960,86.80071997642517,-0.545654296875,-0.4787139892578125,-0.6796112060546875
1773062383089373952,86.81075692176819,-0.5057525634765625,-0.49176025390625,-0.7747955322265625
1773062383099410688,86.8207938671112,-0.491973876953125,-0.427215576171875,-0.7552032470703125
1773062383109448960,86.83083200454712,-0.5174560546875,-0.411285400390625,-0.72100830078125
1773062383119485952,86.84086894989014,-0.5119171142578125,-0.4189605712890625,-0.6839752197265625
1773062383129523712,86.85090684890747,-0.4684906005859375,-0.4020233154296875,-0.6359405517578125
1773062383139560960,86.86094403266907,-0.3839263916015625,-0.378814697265625,-0.618865966796875
1773062383149598720,86.8709819316864,-0.27618408203125,-0.3756256103515625,-0.656097412109375
1773062383159635712,86.88101887702942,-0.1650390625,-0.403106689453125,-0.7108154296875
1773062383169672704,86.89105582237244,-0.0853118896484375,-0.4493255615234375,-0.7259979248046875
1773062383179710976,86.90109395980835,-0.0583038330078125,-0.5028228759765625,-0.74725341796875
1773062383189747712,86.91113090515137,-0.0415802001953125,-0.4639739990234375,-0.6895599365234375
1773062383199785728,86.9211688041687,-0.051177978515625,-0.3130645751953125,-0.6046600341796875
1773062383209822976,86.9312059879303,-0.062042236328125,-0.173248291015625,-0.6404266357421875
1773062383219860736,86.94124388694763,-0.00262451171875,-0.099334716796875,-0.7353668212890625
1773062383229897728,86.95128083229065,0.096923828125,-0.1087646484375,-0.8045654296875
1773062383239934976,86.96131801605225,0.2081298828125,-0.1808013916015625,-0.8119964599609375
1773062383249972736,86.97135591506958,0.300323486328125,-0.2729644775390625,-0.725677490234375
1773062383260009728,86.9813928604126,0.32635498046875,-0.343170166015625,-0.73187255859375
1773062383270048000,86.99143099784851,0.2773590087890625,-0.386993408203125,-0.796600341796875
1773062383280084736,87.00146794319153,0.23590087890625,-0.3365478515625,-0.8074951171875
1773062383290122752,87.01150584220886,0.2438507080078125,-0.1988983154296875,-0.7794647216796875
1773062383300160000,87.02154302597046,0.32232666015625,-0.1126251220703125,-0.79119873046875
1773062383310196992,87.03157997131348,0.4498443603515625,-0.103515625,-0.7779998779296875
1773062383320234752,87.04161787033081,0.563568115234375,-0.133148193359375,-0.7394561767578125
1773062383330271744,87.05165481567383,0.605438232421875,-0.1655731201171875,-0.7423858642578125
1773062383340309760,87.06169295310974,0.5870208740234375,-0.1874847412109375,-0.72369384765625
1773062383350346752,87.07172989845276,0.5400390625,-0.2110137939453125,-0.712738037109375
1773062383360385024,87.08176803588867,0.483245849609375,-0.2504119873046875,-0.7378997802734375
1773062383370421760,87.09180498123169,0.4831695556640625,-0.2630767822265625,-0.7584381103515625
1773062383380458752,87.1018419265747,0.543487548828125,-0.2336578369140625,-0.715118408203125
1773062383390496768,87.11187982559204,0.6142578125,-0.1881256103515625,-0.6719207763671875
1773062383400534016,87.12191700935364,0.69189453125,-0.143310546875,-0.61083984375
1773062383410571776,87.13195490837097,0.7474517822265625,-0.145599365234375,-0.562896728515625
1773062383420608768,87.14199185371399,0.73272705078125,-0.197906494140625,-0.639251708984375
1773062383430646784,87.1520299911499,0.690216064453125,-0.2137451171875,-0.57177734375
1773062383440683776,87.16206693649292,0.6351776123046875,-0.2113037109375,-0.5283660888671875
1773062383450720768,87.17210388183594,0.6094207763671875,-0.19866943359375,-0.5226898193359375
1773062383460759040,87.18214201927185,0.6148834228515625,-0.184326171875,-0.5341796875
1773062383470795776,87.19217896461487,0.6019134521484375,-0.175140380859375,-0.5536346435546875
1773062383480833792,87.2022168636322,0.5930938720703125,-0.1501617431640625,-0.522064208984375
1773062383490870784,87.21225380897522,0.6017608642578125,-0.1153411865234375,-0.5518646240234375
1773062383500908800,87.22229194641113,0.595733642578125,-0.09320068359375,-0.50347900390625
1773062383510945792,87.23232889175415,0.56732177734375,-0.0821990966796875,-0.4129638671875
1773062383520982784,87.24236583709717,0.5541839599609375,-0.0690765380859375,-0.399658203125
1773062383531020800,87.25240397453308,0.5646820068359375,-0.044403076171875,-0.3662872314453125
1773062383541057792,87.2624409198761,0.6113433837890625,-0.01458740234375,-0.3259429931640625
1773062383551095808,87.27247881889343,0.67486572265625,0.008148193359375,-0.33941650390625
1773062383561132800,87.28251600265503,0.709197998046875,-0.004425048828125,-0.4212799072265625
1773062383571170816,87.29255390167236,0.7084197998046875,-0.055328369140625,-0.4467010498046875
1773062383581207808,87.30259084701538,0.6636810302734375,-0.1171875,-0.4086151123046875
1773062383591245056,87.31262803077698,0.6230316162109375,-0.17388916015625,-0.431182861328125
1773062383601282816,87.32266592979431,0.6533966064453125,-0.196044921875,-0.45135498046875
1773062383611319808,87.33270287513733,0.6955108642578125,-0.1988983154296875,-0.4759979248046875
1773062383621357824,87.34274101257324,0.67889404296875,-0.200469970703125,-0.4732513427734375
1773062383631394816,87.35277795791626,0.665252685546875,-0.1938323974609375,-0.431610107421875
1773062383641432832,87.3628158569336,0.6908721923828125,-0.1788330078125,-0.406829833984375
1773062383651469824,87.37285304069519,0.7731170654296875,-0.162689208984375,-0.4102783203125
1773062383661506816,87.38288998603821,0.87249755859375,-0.1552581787109375,-0.3791961669921875
1773062383671544832,87.39292788505554,0.9496917724609375,-0.1667633056640625,-0.385467529296875
1773062383681581824,87.40296483039856,0.9993438720703125,-0.174407958984375,-0.3851470947265625
1773062383691619840,87.41300296783447,1.000518798828125,-0.1725921630859375,-0.3914642333984375
1773062383701656832,87.42303991317749,0.936279296875,-0.2045745849609375,-0.4590606689453125
1773062383711694592,87.43307781219482,0.838043212890625,-0.256378173828125,-0.543792724609375
1773062383721731840,87.44311499595642,0.7686309814453125,-0.2767486572265625,-0.5854034423828125
1773062383731768832,87.45315194129944,0.7748870849609375,-0.275360107421875,-0.6057891845703125
1773062383741806848,87.46318984031677,0.818939208984375,-0.256134033203125,-0.560943603515625
1773062383751843840,87.47322702407837,0.88330078125,-0.2278289794921875,-0.54736328125
1773062383761881856,87.4832649230957,0.894256591796875,-0.246978759765625,-0.56787109375
1773062383771918848,87.49330186843872,0.81158447265625,-0.2841033935546875,-0.6111297607421875
1773062383781956864,87.50334000587463,0.69500732421875,-0.3138580322265625,-0.6674652099609375
1773062383791993856,87.51337695121765,0.6047515869140625,-0.300262451171875,-0.632293701171875
1773062383802030848,87.52341389656067,0.5724334716796875,-0.2642974853515625,-0.6290130615234375
1773062383812068864,87.53345203399658,0.5975494384765625,-0.2379913330078125,-0.6152496337890625
1773062383822105856,87.5434889793396,0.647674560546875,-0.2386322021484375,-0.5740966796875
1773062383832142848,87.55352592468262,0.673492431640625,-0.2481231689453125,-0.55926513671875
1773062383842179840,87.56356287002563,0.6827545166015625,-0.2500762939453125,-0.5506134033203125
1773062383852217856,87.57360100746155,0.6592864990234375,-0.276123046875,-0.59417724609375
1773062383862254848,87.58363795280457,0.6187896728515625,-0.3108062744140625,-0.621124267578125
1773062383872291840,87.59367489814758,0.58111572265625,-0.343505859375,-0.6468963623046875
1773062383882329856,87.6037130355835,0.569549560546875,-0.36834716796875,-0.6715850830078125
1773062383892366848,87.61374998092651,0.5651397705078125,-0.391265869140625,-0.6772308349609375
1773062383902404864,87.62378787994385,0.54376220703125,-0.401580810546875,-0.692352294921875
1773062383912441856,87.63382506370544,0.50830078125,-0.3665313720703125,-0.6743316650390625
1773062383922479872,87.64386296272278,0.5194091796875,-0.3140869140625,-0.654144287109375
1773062383932516864,87.6538999080658,0.57562255859375,-0.2899322509765625,-0.671295166015625
1773062383942553856,87.66393685340881,0.6377105712890625,-0.286285400390625,-0.664306640625
1773062383952591872,87.67397499084473,0.6570281982421875,-0.2975616455078125,-0.6361846923828125
1773062383962628864,87.68401193618774,0.624053955078125,-0.3021087646484375,-0.619537353515625
1773062383972666880,87.69405007362366,0.5915374755859375,-0.3118743896484375,-0.6251983642578125
1773062383982703872,87.70408701896667,0.576263427734375,-0.3216552734375,-0.63201904296875
1773062383992741888,87.71412491798401,0.6004180908203125,-0.3267974853515625,-0.6319580078125
1773062384002778880,87.72416186332703,0.6543731689453125,-0.34002685546875,-0.6723785400390625
1773062384012815872,87.73419904708862,0.678558349609375,-0.3682708740234375,-0.6758270263671875
1773062384022853888,87.74423694610596,0.65594482421875,-0.3956298828125,-0.6381072998046875
1773062384032890880,87.75427389144897,0.614501953125,-0.4172210693359375,-0.683258056640625
1773062384042928896,87.76431202888489,0.5947265625,-0.4169158935546875,-0.706024169921875
1773062384052965888,87.7743489742279,0.6139678955078125,-0.3934326171875,-0.6806182861328125
1773062384063003904,87.78438687324524,0.6337127685546875,-0.3862762451171875,-0.698516845703125
1773062384073040896,87.79442405700684,0.6403961181640625,-0.39019775390625,-0.7089385986328125
1773062384083077888,87.80446100234985,0.6177520751953125,-0.4021759033203125,-0.7136383056640625
1773062384093115904,87.81449890136719,0.6067657470703125,-0.4182586669921875,-0.7135467529296875
1773062384103152640,87.8245358467102,0.6236572265625,-0.446075439453125,-0.717620849609375
1773062384113190912,87.83457398414612,0.6387481689453125,-0.47186279296875,-0.713104248046875
1773062384123227904,87.84461092948914,0.6401519775390625,-0.491607666015625,-0.690826416015625
1773062384133265920,87.85464906692505,0.61236572265625,-0.5045318603515625,-0.692474365234375
1773062384143302912,87.86468601226807,0.6052093505859375,-0.48626708984375,-0.6763916015625
1773062384153339904,87.87472295761108,0.6459503173828125,-0.460205078125,-0.6759490966796875
1773062384163377664,87.88476085662842,0.651763916015625,-0.4687042236328125,-0.71514892578125
1773062384173414912,87.89479804039001,0.609100341796875,-0.49700927734375,-0.7191162109375
1773062384183452928,87.90483593940735,0.554229736328125,-0.52899169921875,-0.710968017578125
1773062384193489664,87.91487288475037,0.5253753662109375,-0.5437469482421875,-0.6896209716796875
1773062384203527936,87.92491102218628,0.543426513671875,-0.520660400390625,-0.6767578125
1773062384213564928,87.9349479675293,0.579071044921875,-0.4775238037109375,-0.6598052978515625
1773062384223601920,87.94498491287231,0.5966796875,-0.441436767578125,-0.7177734375
1773062384233639936,87.95502305030823,0.41607666015625,-0.37646484375,-1.313018798828125
1773062384243676928,87.96505999565125,-0.1086883544921875,-0.627349853515625,-1.322113037109375
1773062384253714688,87.97509789466858,-0.1828765869140625,-0.9474334716796875,-0.92333984375
1773062384263751936,87.98513507843018,0.2137451171875,-0.8129730224609375,-0.701324462890625
1773062384273788928,87.9951720237732,0.5091094970703125,-0.5534210205078125,-0.594879150390625
1773062384283826944,88.00520992279053,0.6596221923828125,-0.4940643310546875,-0.7079620361328125
1773062384293863680,88.01524686813354,0.9123077392578125,-0.4015960693359375,-0.6787261962890625
1773062384303901952,88.02528500556946,0.866241455078125,-0.281585693359375,-0.557281494140625
1773062384313938944,88.03532195091248,0.56951904296875,-0.2926025390625,-0.761566162109375
1773062384323976704,88.04535984992981,0.38958740234375,-0.3908233642578125,-0.7748870849609375
1773062384334013952,88.0553970336914,0.401947021484375,-0.4866485595703125,-0.7160186767578125
1773062384344050944,88.06543397903442,0.3546142578125,-0.554168701171875,-0.743377685546875
1773062384354088704,88.07547187805176,0.311309814453125,-0.5775299072265625,-0.7215423583984375
1773062384364125952,88.08550906181335,0.385772705078125,-0.543426513671875,-0.711181640625
1773062384374163968,88.09554696083069,0.50634765625,-0.4961700439453125,-0.711883544921875
1773062384384200704,88.1055839061737,0.5451812744140625,-0.461639404296875,-0.7060089111328125
1773062384394238976,88.11562204360962,0.50433349609375,-0.44207763671875,-0.7415313720703125
1773062384404275968,88.12565898895264,0.461273193359375,-0.427490234375,-0.774078369140625
1773062384414312960,88.13569593429565,0.4259033203125,-0.432861328125,-0.7431793212890625
1773062384424350976,88.14573407173157,0.4256744384765625,-0.4749908447265625,-0.7252349853515625
1773062384434387968,88.15577101707458,0.4508514404296875,-0.524932861328125,-0.72711181640625
1773062384444425728,88.16580891609192,0.44482421875,-0.5758056640625,-0.7572174072265625
1773062384454462720,88.17584586143494,0.416839599609375,-0.5952911376953125,-0.7442169189453125
1773062384464500992,88.18588399887085,0.389312744140625,-0.5612945556640625,-0.764739990234375
1773062384474537728,88.19592094421387,0.37579345703125,-0.509979248046875,-0.8065643310546875
1773062384484574720,88.20595788955688,0.39739990234375,-0.45672607421875,-0.8332672119140625
1773062384494612992,88.2159960269928,0.416748046875,-0.43853759765625,-0.858428955078125
1773062384504649984,88.22603297233582,0.40673828125,-0.45562744140625,-0.8740386962890625
1773062384514687744,88.23607087135315,0.3920440673828125,-0.4838714599609375,-0.880523681640625
1773062384524724992,88.24610805511475,0.34423828125,-0.4767913818359375,-0.91754150390625
1773062384534762752,88.25614595413208,0.2947845458984375,-0.584869384765625,-0.987640380859375
1773062384544799744,88.2661828994751,0.4735870361328125,-0.5596771240234375,-0.7958984375
1773062384554836992,88.2762200832367,0.473785400390625,-0.425872802734375,-0.851470947265625
1773062384564875008,88.28625798225403,0.29925537109375,-0.481048583984375,-1.067169189453125
1773062384574911744,88.29629492759705,0.3537139892578125,-0.458465576171875,-0.8913726806640625
1773062384584950016,88.30633306503296,0.363372802734375,-0.4463348388671875,-0.85498046875
1773062384594987008,88.31637001037598,0.3727569580078125,-0.474761962890625,-0.9267425537109375
1773062384605024768,88.32640790939331,0.435760498046875,-0.4870452880859375,-0.856201171875
1773062384615061760,88.33644485473633,0.405364990234375,-0.5073699951171875,-0.8329010009765625
1773062384625099008,88.34648203849792,0.2938232421875,-0.511138916015625,-0.83905029296875
1773062384635136768,88.35651993751526,0.2654266357421875,-0.4884490966796875,-0.7975311279296875
1773062384645173760,88.36655688285828,0.3167724609375,-0.4660186767578125,-0.7996063232421875
1773062384655212032,88.37659502029419,0.357879638671875,-0.43719482421875,-0.7686614990234375
1773062384665248768,88.3866319656372,0.3455047607421875,-0.435546875,-0.805267333984375
1773062384675286784,88.39666986465454,0.3219451904296875,-0.444000244140625,-0.8358612060546875
1773062384685324032,88.40670704841614,0.2922821044921875,-0.4486541748046875,-0.8083953857421875
1773062384695361024,88.41674399375916,0.280029296875,-0.47784423828125,-0.81634521484375
1773062384705398784,88.42678189277649,0.2808074951171875,-0.48516845703125,-0.8236083984375
1773062384715436032,88.43681907653809,0.2689666748046875,-0.4654693603515625,-0.7891845703125
1773062384725473792,88.44685697555542,0.2698516845703125,-0.4405975341796875,-0.792022705078125
1773062384735510784,88.45689392089844,0.279754638671875,-0.4355926513671875,-0.801300048828125
1773062384745549056,88.46693205833435,0.2949371337890625,-0.4268798828125,-0.7514190673828125
1773062384755585792,88.47696900367737,0.2866973876953125,-0.4168548583984375,-0.752166748046875
1773062384765622784,88.48700594902039,0.2694854736328125,-0.41986083984375,-0.7982025146484375
1773062384775660800,88.49704384803772,0.307403564453125,-0.4210205078125,-0.8000335693359375
1773062384785698048,88.50708103179932,0.3204498291015625,-0.4437408447265625,-0.8065338134765625
1773062384795735808,88.51711893081665,0.279693603515625,-0.4803924560546875,-0.829376220703125
1773062384805772800,88.52715587615967,0.2476959228515625,-0.4978485107421875,-0.8436737060546875
1773062384815810816,88.53719401359558,0.2584075927734375,-0.483978271484375,-0.8104400634765625
1773062384825847808,88.5472309589386,0.2498626708984375,-0.4685821533203125,-0.8088836669921875
1773062384835883520,88.55726671218872,0.24810791015625,-0.4715576171875,-0.8350067138671875
1773062384845921536,88.56730461120605,0.2801513671875,-0.456787109375,-0.8213043212890625
1773062384855958528,88.57734155654907,0.2709503173828125,-0.4654693603515625,-0.852569580078125
1773062384865996544,88.58737969398499,0.2593231201171875,-0.498443603515625,-0.875335693359375
1773062384876033536,88.597416639328,0.2553558349609375,-0.51409912109375,-0.8397369384765625
1773062384886071808,88.60745477676392,0.222442626953125,-0.51690673828125,-0.8318023681640625
1773062384896108544,88.61749172210693,0.156982421875,-0.5614013671875,-1.0899200439453125
1773062384906145536,88.62752866744995,0.2291717529296875,-0.686676025390625,-1.3975982666015625
1773062384916183552,88.63756656646729,0.4620361328125,-0.510345458984375,-0.5027923583984375
1773062384926220544,88.64760375022888,0.456695556640625,-0.5184173583984375,-0.9299163818359375
1773062384936258560,88.65764164924622,0.5513763427734375,-0.3688812255859375,-0.884796142578125
1773062384946295552,88.66767859458923,0.3586883544921875,-0.2378082275390625,-0.69537353515625
1773062384956333568,88.67771673202515,0.0329742431640625,-0.444610595703125,-1.0507354736328125
1773062384966370560,88.68775367736816,0.0636138916015625,-0.477142333984375,-0.8558502197265625
1773062384976407552,88.69779062271118,0.1263427734375,-0.4474945068359375,-0.734039306640625
1773062384986445568,88.7078287601471,0.2119598388671875,-0.4550018310546875,-0.8579254150390625
1773062384996482560,88.71786570549011,0.3384857177734375,-0.405029296875,-0.8394317626953125
1773062385006520576,88.72790360450745,0.3233184814453125,-0.3555755615234375,-0.79388427734375
1773062385016557568,88.73794078826904,0.23321533203125,-0.364532470703125,-0.8363037109375
1773062385026595584,88.74797868728638,0.2354888916015625,-0.386993408203125,-0.8087615966796875
1773062385036632576,88.7580156326294,0.286163330078125,-0.3984222412109375,-0.7791290283203125
1773062385046669568,88.76805257797241,0.2711944580078125,-0.4346466064453125,-0.946044921875
1773062385056707584,88.77809071540833,0.2577056884765625,-0.5478363037109375,-1.16265869140625
1773062385066744576,88.78812766075134,0.348175048828125,-0.5098114013671875,-0.8433380126953125
1773062385076782592,88.79816555976868,0.29290771484375,-0.4602508544921875,-0.9860992431640625
1773062385086819584,88.80820274353027,0.2039031982421875,-0.3629302978515625,-0.751617431640625
1773062385096856576,88.81823968887329,0.0938873291015625,-0.3668365478515625,-0.8350982666015625
1773062385106894592,88.82827758789062,0.1389312744140625,-0.4916839599609375,-1.2124176025390625
1773062385116931584,88.83831477165222,0.386077880859375,-0.3781585693359375,-0.58465576171875
1773062385126969600,88.84835267066956,0.2995452880859375,-0.3444061279296875,-0.6932830810546875
1773062385137006592,88.85838961601257,0.20123291015625,-0.463470458984375,-1.1823883056640625
1773062385147044608,88.86842775344849,0.317596435546875,-0.3509063720703125,-0.6903076171875
1773062385157081600,88.8784646987915,0.151336669921875,-0.3853607177734375,-0.857421875
1773062385167118592,88.88850164413452,0.1507568359375,-0.4559783935546875,-1.0408477783203125
1773062385177156608,88.89853978157043,0.2869720458984375,-0.3945465087890625,-0.80938720703125
1773062385187193600,88.90857672691345,0.2110595703125,-0.4298553466796875,-0.905181884765625
1773062385197231616,88.91861462593079,0.189697265625,-0.4365692138671875,-0.89569091796875
1773062385207268352,88.9286515712738,0.2254638671875,-0.4176025390625,-0.843902587890625
1773062385217306624,88.93868970870972,0.1858673095703125,-0.426483154296875,-0.931427001953125
1773062385227343616,88.94872665405273,0.20880126953125,-0.420867919921875,-0.881805419921875
1773062385237380608,88.95876359939575,0.2020721435546875,-0.4164276123046875,-0.8798370361328125
1773062385247418624,88.96880173683167,0.192626953125,-0.4020233154296875,-0.863861083984375
1773062385257455616,88.97883868217468,0.208984375,-0.3858642578125,-0.86279296875
1773062385267493376,88.98887658119202,0.2218475341796875,-0.4026336669921875,-0.9649505615234375
1773062385277530624,88.99891376495361,0.2852630615234375,-0.377685546875,-0.8678741455078125
1773062385287568640,89.00895166397095,0.2705841064453125,-0.342315673828125,-0.8349151611328125
1773062385297605632,89.01898860931396,0.2428741455078125,-0.3348236083984375,-0.8782196044921875
1773062385307642368,89.02902555465698,0.2415618896484375,-0.3316650390625,-0.8982086181640625
1773062385317680640,89.0390636920929,0.2272796630859375,-0.34014892578125,-0.9379425048828125
1773062385327717632,89.04910063743591,0.20758056640625,-0.3686676025390625,-0.950225830078125
1773062385337755648,89.05913877487183,0.2134857177734375,-0.3969573974609375,-0.9743194580078125
1773062385347792640,89.06917572021484,0.19903564453125,-0.434417724609375,-0.99725341796875
1773062385357830400,89.07921361923218,0.1456298828125,-0.477447509765625,-1.026702880859375
1773062385367867392,89.0892505645752,0.08502197265625,-0.524139404296875,-1.0565948486328125
1773062385377904640,89.09928774833679,0.026123046875,-0.569580078125,-1.072113037109375
1773062385387942656,89.10932564735413,-0.041229248046875,-0.6221160888671875,-1.1107940673828125
1773062385397979392,89.11936259269714,-0.1052703857421875,-0.6546173095703125,-1.1201934814453125
1773062385408017664,89.12940073013306,-0.1548919677734375,-0.6506805419921875,-1.12481689453125
1773062385418054656,89.13943767547607,-0.1438751220703125,-0.6214752197265625,-1.1556854248046875
1773062385428092416,89.14947557449341,-0.1007080078125,-0.579315185546875,-1.13287353515625
1773062385438129664,89.159512758255,-0.061126708984375,-0.5416717529296875,-1.105224609375
1773062385448166656,89.16954970359802,-0.0168914794921875,-0.505828857421875,-1.1151275634765625
1773062385458204416,89.17958760261536,0.0105743408203125,-0.4770050048828125,-1.1318359375
1773062385468241664,89.18962478637695,0.0339508056640625,-0.4535064697265625,-1.10943603515625
1773062385478279680,89.19966268539429,0.0788116455078125,-0.406097412109375,-0.95062255859375
1773062385488316416,89.2096996307373,0.1536407470703125,-0.3347930908203125,-0.6795654296875
1773062385498354688,89.21973776817322,0.1925506591796875,-0.29010009765625,-0.533935546875
1773062385508391680,89.22977471351624,0.2320098876953125,-0.3824310302734375,-0.7247314453125
1773062385518428672,89.23981165885925,0.2867431640625,-0.478302001953125,-0.742462158203125
1773062385528466432,89.24984955787659,0.243438720703125,-0.5176544189453125,-0.755950927734375
1773062385538503680,89.25988674163818,0.185150146484375,-0.6158447265625,-0.8756866455078125
1773062385548541440,89.26992464065552,0.1337127685546875,-0.8045501708984375,-0.9834442138671875
1773062385558578432,89.27996158599854,0.11370849609375,-0.9389190673828125,-0.9728546142578125
1773062385568615680,89.28999876976013,0.100067138671875,-0.9293975830078125,-0.972381591796875
1773062385578653696,89.30003666877747,0.1497344970703125,-0.8064727783203125,-0.8663330078125
1773062385588690432,89.31007361412048,0.2648773193359375,-0.5522918701171875,-0.7921905517578125
1773062385598728704,89.3201117515564,0.38262939453125,-0.37353515625,-0.7252197265625
1773062385608765696,89.33014869689941,0.4070281982421875,-0.5357208251953125,-0.85101318359375
1773062385618803456,89.34018659591675,0.368560791015625,-0.872772216796875,-0.8454437255859375
1773062385628840704,89.35022377967834,0.3056182861328125,-1.1496429443359375,-0.6930694580078125
1773062385638877696,89.36026072502136,0.3895416259765625,-1.1720733642578125,-0.575958251953125
1773062385648915456,89.3702986240387,0.4606475830078125,-0.9522705078125,-0.4620819091796875
1773062385658952448,89.38033556938171,0.392791748046875,-0.773590087890625,-0.539031982421875
1773062385668990720,89.39037370681763,0.3701629638671875,-0.64422607421875,-0.694610595703125
1773062385679027456,89.40041065216064,0.39202880859375,-0.5215606689453125,-0.7833709716796875
1773062385689065728,89.41044878959656,0.42242431640625,-0.451080322265625,-0.845001220703125
1773062385699102720,89.42048573493958,0.4747467041015625,-0.3692779541015625,-0.83599853515625
1773062385709139712,89.43052268028259,0.501617431640625,-0.276702880859375,-0.8032073974609375
1773062385719177472,89.44056057929993,0.465240478515625,-0.184539794921875,-0.7844085693359375
1773062385729214720,89.45059776306152,0.397552490234375,-0.1055145263671875,-0.7650299072265625
1773062385739252480,89.46063566207886,0.32940673828125,-0.06134033203125,-0.7794189453125
1773062385749289472,89.47067260742188,0.269287109375,-0.0860595703125,-0.7250518798828125
1773062385759327744,89.48071074485779,0.213592529296875,-0.102325439453125,-0.58453369140625
1773062385769364480,89.4907476902008,0.165313720703125,-0.0844573974609375,-0.54632568359375
1773062385779401472,89.50078463554382,0.1394805908203125,-0.0287322998046875,-0.6175079345703125
1773062385789439744,89.51082277297974,0.1067352294921875,0.0445709228515625,-0.7380523681640625
1773062385799476736,89.52085971832275,0.0740509033203125,0.12823486328125,-0.8634033203125
1773062385809514496,89.53089761734009,0.05908203125,0.2027740478515625,-0.9876556396484375
1773062385819551488,89.5409345626831,0.043975830078125,0.259063720703125,-1.0953521728515625
1773062385829591040,89.5509741306305,0.0149688720703125,0.2990264892578125,-1.18365478515625
1773062385839628032,89.56101107597351,-0.0176544189453125,0.3225555419921875,-1.199615478515625
1773062385849665024,89.57104802131653,-0.061126708984375,0.3424835205078125,-1.1676788330078125
1773062385859703040,89.58108615875244,-0.1025848388671875,0.3645782470703125,-1.1418304443359375
1773062385869740032,89.59112310409546,-0.1198577880859375,0.3973846435546875,-1.1154937744140625
1773062385879777792,89.6011610031128,-0.1069793701171875,0.43450927734375,-1.088897705078125
1773062385889814784,89.61119794845581,-0.0639495849609375,0.4569091796875,-1.0490570068359375
1773062385899853056,89.62123608589172,-0.0063323974609375,0.473480224609375,-1.0235443115234375
1773062385909890048,89.63127303123474,0.026641845703125,0.4516448974609375,-1.025604248046875
1773062385919926784,89.64130997657776,0.0149383544921875,0.3905487060546875,-1.0090179443359375
1773062385929965056,89.65134811401367,-0.0308380126953125,0.3605804443359375,-0.9624176025390625
1773062385940002048,89.66138505935669,-0.0851287841796875,0.3474578857421875,-0.937042236328125
1773062385950039808,89.67142295837402,-0.102508544921875,0.3706817626953125,-0.882843017578125
1773062385960077056,89.68146014213562,-0.104888916015625,0.477630615234375,-0.7751312255859375
1773062385970115072,89.69149804115295,-0.4367523193359375,0.73577880859375,-0.68304443359375
1773062385980151808,89.70153498649597,-1.3507537841796875,1.5955047607421875,-1.071380615234375
1773062385990188800,89.71157193183899,0.8322906494140625,0.75146484375,-1.5955352783203125
1773062386000227072,89.7216100692749,0.5057830810546875,0.4907684326171875,-1.0590972900390625
1773062386010263808,89.73164701461792,0.1618804931640625,0.148101806640625,-0.7613525390625
1773062386020302080,89.74168515205383,-0.185394287109375,-0.2137298583984375,-0.754638671875
1773062386030339072,89.75172209739685,-0.2335052490234375,-0.3403778076171875,-0.3743743896484375
1773062386040376064,89.76175904273987,0.086395263671875,0.075531005859375,-0.9356842041015625
1773062386050413824,89.7717969417572,0.1326751708984375,0.410888671875,-1.2608489990234375
1773062386060451072,89.7818341255188,0.10882568359375,0.3056182861328125,-1.2380218505859375
1773062386070488832,89.79187202453613,0.1417999267578125,0.422149658203125,-1.0199737548828125
1773062386080525824,89.80190896987915,0.132049560546875,0.4623260498046875,-0.99444580078125
1773062386090564096,89.81194710731506,0.1250152587890625,0.3825531005859375,-1.0107269287109375
1773062386100600832,89.82198405265808,0.11553955078125,0.2935791015625,-0.972198486328125
1773062386110637824,89.8320209980011,0.009857177734375,0.1752471923828125,-0.97015380859375
1773062386120676096,89.84205913543701,-0.0874176025390625,0.1764984130859375,-0.981201171875
1773062386130713088,89.85209608078003,-0.0427703857421875,0.2239990234375,-0.931915283203125
1773062386140750848,89.86213397979736,0.01654052734375,0.2520599365234375,-0.955474853515625
1773062386150788096,89.87217116355896,0.0070037841796875,0.288970947265625,-0.970458984375
1773062386160825856,89.8822090625763,-0.022003173828125,0.305328369140625,-0.9678192138671875
1773062386170862848,89.89224600791931,-0.00726318359375,0.3179168701171875,-1.031982421875
1773062386180899840,89.90228295326233,0.051055908203125,0.3451995849609375,-1.071014404296875
1773062386190938112,89.91232109069824,0.0589141845703125,0.343658447265625,-1.0299835205078125
1773062386200974848,89.92235803604126,0.0659027099609375,0.3089599609375,-0.987060546875
1773062386211012864,89.9323959350586,0.022064208984375,0.276763916015625,-0.7870635986328125
1773062386221050112,89.94243311882019,-0.0878753662109375,0.1859588623046875,-0.7403717041015625
1773062386231087872,89.95247101783752,0.292999267578125,0.239013671875,-1.0308990478515625
1773062386241124864,89.96250796318054,-0.0686187744140625,0.334808349609375,-0.9126739501953125
1773062386251162112,89.97254514694214,0.1375274658203125,0.35540771484375,-0.88287353515625
1773062386261199872,89.98258304595947,0.1013641357421875,0.2863922119140625,-0.916229248046875
1773062386271236864,89.99261999130249,0.0007781982421875,0.2040557861328125,-0.878082275390625
1773062386281275136,90.0026581287384,-0.0230255126953125,0.229949951171875,-0.8615570068359375
1773062386291311872,90.01269507408142,0.03399658203125,0.326751708984375,-0.946929931640625
1773062386301349888,90.02273297309875,0.1031494140625,0.3857421875,-0.9859466552734375
1773062386311387136,90.03277015686035,0.109649658203125,0.4201507568359375,-0.8803253173828125
1773062386321424128,90.04280710220337,0.131378173828125,0.4181060791015625,-0.9005584716796875
1773062386331461888,90.0528450012207,0.1025848388671875,0.4259490966796875,-0.9261474609375
1773062386341498880,90.06288194656372,0.0882110595703125,0.42919921875,-0.8815155029296875
1773062386351536896,90.07292008399963,0.0811920166015625,0.444976806640625,-0.87646484375
1773062386361573888,90.08295702934265,0.1051788330078125,0.4577789306640625,-0.8620452880859375
1773062386371610880,90.09299397468567,0.069732666015625,0.427337646484375,-0.848236083984375
1773062386381648896,90.10303211212158,0.0412750244140625,0.3886871337890625,-0.8243255615234375
1773062386391685888,90.1130690574646,0.041290283203125,0.3960418701171875,-0.8332061767578125
1773062386401723904,90.12310695648193,0.056915283203125,0.4146270751953125,-0.845184326171875
1773062386411761152,90.13314414024353,0.059295654296875,0.4104766845703125,-0.86053466796875
1773062386421798912,90.14318203926086,0.0552520751953125,0.4227447509765625,-0.872406005859375
1773062386431835904,90.15321898460388,0.052032470703125,0.424591064453125,-0.8936614990234375
1773062386441872896,90.1632559299469,0.0735931396484375,0.4412384033203125,-0.8773040771484375
1773062386451910912,90.17329406738281,0.0706329345703125,0.46343994140625,-0.865234375
1773062386461947904,90.18333101272583,0.04083251953125,0.4727783203125,-0.8638153076171875
1773062386471986176,90.19336915016174,0.045257568359375,0.497650146484375,-0.8374176025390625
1773062386482022912,90.20340609550476,0.0550384521484375,0.5081634521484375,-0.8153076171875
1773062386492060928,90.2134439945221,0.0401153564453125,0.502288818359375,-0.80389404296875
1773062386502097920,90.22348093986511,0.0286102294921875,0.5103302001953125,-0.82012939453125
1773062386512134912,90.23351812362671,0.032470703125,0.522308349609375,-0.839874267578125
1773062386522172928,90.24355602264404,0.033599853515625,0.504730224609375,-0.848876953125
1773062386532209920,90.25359296798706,0.018280029296875,0.48748779296875,-0.8496551513671875
1773062386542247936,90.26363110542297,0.01995849609375,0.4942169189453125,-0.862640380859375
1773062386552284928,90.27366805076599,0.0319671630859375,0.515289306640625,-0.8679962158203125
1773062386562322944,90.28370594978333,0.0306396484375,0.514312744140625,-0.852020263671875
1773062386572359936,90.29374313354492,0.01995849609375,0.49493408203125,-0.8365325927734375
1773062386582396928,90.30378007888794,-0.0003204345703125,0.4698028564453125,-0.8072509765625
1773062386592434944,90.31381797790527,-0.01275634765625,0.4481658935546875,-0.774993896484375
1773062386602472192,90.32385516166687,-0.0045166015625,0.4264984130859375,-0.7349395751953125
1773062386612509952,90.3338930606842,-0.01507568359375,0.414825439453125,-0.719635009765625
1773062386622546944,90.34393000602722,-0.0148468017578125,0.39910888671875,-0.70013427734375
1773062386632584960,90.35396814346313,-0.0401153564453125,0.3861236572265625,-0.6853179931640625
1773062386642621952,90.36400508880615,-0.042083740234375,0.3663177490234375,-0.64508056640625
1773062386652658944,90.37404203414917,-0.0479583740234375,0.3475799560546875,-0.603240966796875
1773062386662696960,90.3840799331665,-0.0552520751953125,0.334259033203125,-0.573699951171875
1773062386672733952,90.3941171169281,-0.0700836181640625,0.324920654296875,-0.55621337890625
1773062386682771968,90.40415501594543,-0.0997314453125,0.3047943115234375,-0.525054931640625
1773062386692808960,90.41419196128845,-0.1184234619140625,0.26080322265625,-0.524688720703125
1773062386702846976,90.42423009872437,-0.1034393310546875,0.2424774169921875,-0.50140380859375
1773062386712883968,90.43426704406738,-0.1151580810546875,0.2613372802734375,-0.43115234375
1773062386722920960,90.4443039894104,-0.215850830078125,0.297698974609375,-0.4103851318359375
1773062386732958976,90.45434212684631,-0.3180999755859375,0.370849609375,-0.3188934326171875
1773062386742995968,90.46437907218933,-0.6400909423828125,0.3075408935546875,-0.5260009765625
1773062386753033984,90.47441697120667,-0.87359619140625,0.59381103515625,-0.8465118408203125
1773062386763070976,90.48445415496826,-0.1186370849609375,0.624298095703125,-0.624786376953125
1773062386773108992,90.4944920539856,0.0182037353515625,0.4344940185546875,-0.53973388671875
1773062386783145984,90.50452899932861,-0.0605316162109375,0.26239013671875,-0.2788238525390625
1773062386793182976,90.51456594467163,-0.146759033203125,0.087066650390625,-0.1429443359375
1773062386803220992,90.52460408210754,-0.100494384765625,-0.028839111328125,-0.03265380859375
1773062386813257984,90.53464102745056,-0.0762176513671875,-0.0688934326171875,-0.0377960205078125
1773062386823296000,90.54467916488647,-0.1276397705078125,-0.029052734375,-0.152008056640625
1773062386833333760,90.55471682548523,-0.1462554931640625,0.1108856201171875,-0.256134033203125
1773062386843371776,90.56475496292114,-0.1555633544921875,0.2465057373046875,-0.308441162109375
1773062386853408768,90.57479190826416,-0.201812744140625,0.3073883056640625,-0.3503265380859375
1773062386863445760,90.58482885360718,-0.2850494384765625,0.3353424072265625,-0.3283843994140625
1773062386873483776,90.59486699104309,-0.3848876953125,0.334716796875,-0.2257080078125
1773062386883520768,90.60490393638611,-0.46588134765625,0.275726318359375,-0.1527862548828125
1773062386893558784,90.61494183540344,-0.54559326171875,0.2181396484375,-0.11712646484375
1773062386903596032,90.62497901916504,-0.6892852783203125,0.236602783203125,-0.0063629150390625
1773062386913633792,90.63501691818237,-0.886688232421875,0.2370452880859375,0.012298583984375
1773062386923670784,90.64505386352539,-1.043426513671875,0.1921844482421875,-0.0009307861328125
1773062386933707776,90.65509080886841,-1.20928955078125,0.1448516845703125,0.033905029296875
1773062386943745792,90.66512894630432,-1.420013427734375,0.093505859375,0.0880889892578125
1773062386953782784,90.67516589164734,-1.64947509765625,0.0287628173828125,0.1783294677734375
1773062386963821056,90.68520402908325,-1.8887939453125,-0.040740966796875,0.2436676025390625
1773062386973857792,90.69524097442627,-2.1620330810546875,-0.1191558837890625,0.2899932861328125
1773062386983895808,90.7052788734436,-2.467376708984375,-0.19866943359375,0.367889404296875
1773062386993932800,90.71531581878662,-2.7428131103515625,-0.266632080078125,0.4354400634765625
1773062387003969792,90.72535300254822,-2.976318359375,-0.3259735107421875,0.511322021484375
1773062387014007808,90.73539090156555,-3.179595947265625,-0.3969268798828125,0.6045989990234375
1773062387024044800,90.74542784690857,-3.2892608642578125,-0.4750823974609375,0.741363525390625
1773062387034082816,90.75546598434448,-3.3101654052734375,-0.5786895751953125,0.8076324462890625
1773062387044119808,90.7655029296875,-3.160400390625,-0.6568756103515625,0.697113037109375
1773062387054157824,90.77554082870483,-3.0496826171875,-0.281494140625,-0.1959991455078125
1773062387064194816,90.78557801246643,-3.08056640625,-0.0364532470703125,0.6164093017578125
1773062387074231808,90.79561495780945,-3.2065277099609375,-0.312957763671875,1.2173004150390625
1773062387084269824,90.80565285682678,-3.024810791015625,-1.106719970703125,1.676666259765625
1773062387094307072,90.81569004058838,-2.5101470947265625,-1.820892333984375,2.035888671875
1773062387104344832,90.82572793960571,-1.7541351318359375,-2.0908660888671875,1.8324127197265625
1773062387114381824,90.83576488494873,-1.763824462890625,-2.019287109375,1.0615081787109375
1773062387124419840,90.84580302238464,-0.8582000732421875,-1.4124603271484375,0.402374267578125
1773062387134456832,90.85583996772766,-0.763214111328125,-0.5217132568359375,-0.227020263671875
1773062387144493824,90.86587691307068,-1.251129150390625,-0.05596923828125,0.4696807861328125
1773062387154531840,90.87591481208801,-1.239349365234375,0.223419189453125,0.3147125244140625
1773062387164568832,90.88595199584961,-1.5624542236328125,0.1637115478515625,0.6255035400390625
1773062387174606848,90.89598989486694,-1.543426513671875,-0.0481414794921875,0.4496612548828125
1773062387184643840,90.90602684020996,-1.4871673583984375,-0.3166656494140625,0.446563720703125
1773062387194681856,90.91606497764587,-1.0325927734375,-0.4339752197265625,0.48431396484375
1773062387204718848,90.92610192298889,-1.0969390869140625,-0.4940948486328125,0.7029876708984375
1773062387214756608,90.93613982200623,-1.2700958251953125,-0.5377960205078125,0.7139892578125
1773062387224793856,90.94617700576782,-1.2554473876953125,-0.5040740966796875,0.5725555419921875
1773062387234830848,90.95621395111084,-1.2200927734375,-0.489288330078125,0.56768798828125
1773062387244868864,90.96625185012817,-1.1943206787109375,-0.4529876708984375,0.6937713623046875
1773062387254905856,90.97628903388977,-1.2677459716796875,-0.4059600830078125,0.771636962890625
1773062387264943872,90.9863269329071,-1.352783203125,-0.396331787109375,0.6868438720703125
1773062387274980864,90.99636387825012,-1.2949981689453125,-0.3907012939453125,0.6107025146484375
1773062387285018880,91.00640201568604,-1.090423583984375,-0.37091064453125,0.5819244384765625
1773062387295055872,91.01643896102905,-0.9738006591796875,-0.3382110595703125,0.478912353515625
1773062387305092864,91.02647590637207,-0.9391632080078125,-0.294342041015625,0.36187744140625
1773062387315130624,91.0365138053894,-0.8384857177734375,-0.240081787109375,0.281524658203125
1773062387325167872,91.046550989151,-0.70941162109375,-0.1997222900390625,0.2056427001953125
1773062387335205888,91.05658888816833,-0.6214141845703125,-0.1897735595703125,0.1026153564453125
1773062387345242624,91.06662583351135,-0.55987548828125,-0.2022552490234375,0.030792236328125
1773062387355280896,91.07666397094727,-0.529327392578125,-0.2408294677734375,0.0279541015625
1773062387365317888,91.08670091629028,-0.5228729248046875,-0.33172607421875,0.037261962890625
1773062387375354880,91.0967378616333,-0.5146331787109375,-0.4458160400390625,-0.0425262451171875
1773062387385392896,91.10677599906921,-0.4948883056640625,-0.547760009765625,-0.047821044921875
1773062387395429888,91.11681294441223,-0.57183837890625,-0.65155029296875,0.0106353759765625
1773062387405467648,91.12685084342957,-0.6872100830078125,-0.7586517333984375,0.0769805908203125
1773062387415504896,91.13688802719116,-0.724456787109375,-0.8402862548828125,0.1181793212890625
1773062387425542912,91.1469259262085,-0.769683837890625,-0.8808135986328125,0.117706298828125
1773062387435579904,91.15696287155151,-0.7688751220703125,-0.8778533935546875,0.1620025634765625
1773062387445617920,91.16700100898743,-0.759979248046875,-0.8569793701171875,0.235809326171875
1773062387455654912,91.17703795433044,-0.7761077880859375,-0.833831787109375,0.2987060546875
1773062387465691904,91.18707489967346,-0.803619384765625,-0.8345184326171875,0.3737030029296875
1773062387475729920,91.19711303710938,-0.8003997802734375,-0.870452880859375,0.37322998046875
1773062387485766912,91.20714998245239,-0.8301544189453125,-0.928070068359375,0.288787841796875
1773062387495804672,91.21718788146973,-0.89453125,-0.9533233642578125,0.2207183837890625
1773062387505841664,91.22722482681274,-0.9697113037109375,-0.912017822265625,0.202880859375
1773062387515879936,91.23726296424866,-1.0560150146484375,-0.8156280517578125,0.2078094482421875
1773062387525916928,91.24729990959167,-1.1539459228515625,-0.710357666015625,0.215576171875
1773062387535953664,91.25733685493469,-1.2698822021484375,-0.64398193359375,0.22796630859375
1773062387545991936,91.2673749923706,-1.390106201171875,-0.637115478515625,0.183746337890625
1773062387556028928,91.27741193771362,-1.47662353515625,-0.6524505615234375,0.0675201416015625
1773062387566066688,91.28744983673096,-1.540557861328125,-0.633758544921875,-0.0450286865234375
1773062387576103936,91.29748702049255,-1.574737548828125,-0.5823974609375,-0.0398101806640625
1773062387586141952,91.30752491950989,-1.678314208984375,-0.537750244140625,0.042633056640625
1773062387596178688,91.3175618648529,-1.84271240234375,-0.53955078125,0.108062744140625
1773062387606216960,91.32760000228882,-1.9585418701171875,-0.577178955078125,0.148529052734375
1773062387616253952,91.33763694763184,-2.0036468505859375,-0.5937652587890625,0.1558380126953125
1773062387626290688,91.34767389297485,-2.0347137451171875,-0.5635528564453125,0.10882568359375
1773062387636328960,91.35771203041077,-2.0761871337890625,-0.478912353515625,0.062225341796875
1773062387646365952,91.36774897575378,-2.089935302734375,-0.337188720703125,-0.022674560546875
1773062387656403712,91.37778687477112,-2.087799072265625,-0.205596923828125,-0.112884521484375
1773062387666440704,91.38782382011414,-2.0794830322265625,-0.1133575439453125,-0.1627655029296875
1773062387676478976,91.39786195755005,-2.0474853515625,-0.0746612548828125,-0.1722259521484375
1773062387686515712,91.40789890289307,-1.96405029296875,-0.0720672607421875,-0.222686767578125
1773062387696553984,91.41793704032898,-1.8778228759765625,-0.111358642578125,-0.2794036865234375
1773062387706590976,91.427973985672,-1.7668609619140625,-0.1446533203125,-0.2812042236328125
1773062387716627712,91.43801093101501,-1.6737060546875,-0.1237640380859375,-0.3109283447265625
1773062387726665728,91.44804883003235,-1.606689453125,-0.0891265869140625,-0.365875244140625
1773062387736702976,91.45808601379395,-1.526611328125,-0.0453948974609375,-0.413330078125
1773062387746740736,91.46812391281128,-1.4297637939453125,-0.005126953125,-0.4496002197265625
1773062387756777728,91.4781608581543,-1.3302154541015625,0.0167083740234375,-0.474212646484375
1773062387766816000,91.48819899559021,-1.2299652099609375,0.0442657470703125,-0.447998046875
1773062387776852736,91.49823594093323,-1.1611175537109375,0.0612945556640625,-0.463409423828125
1773062387786890752,91.50827383995056,-1.0966033935546875,0.0435943603515625,-0.501617431640625
1773062387796928000,91.51831102371216,-1.0248260498046875,-0.0079345703125,-0.5721435546875
1773062387806964992,91.52834796905518,-0.9669189453125,-0.0800018310546875,-0.6223907470703125
1773062387817002752,91.53838586807251,-0.9256134033203125,-0.1486968994140625,-0.604949951171875
1773062387827039744,91.54842281341553,-0.877166748046875,-0.17950439453125,-0.5496978759765625
1773062387837076736,91.55845975875854,-0.7911376953125,-0.1832122802734375,-0.5248565673828125
1773062387847113728,91.56849694252014,-0.6805572509765625,-0.1737518310546875,-0.525634765625
1773062387857151744,91.57853484153748,-0.59619140625,-0.154571533203125,-0.5391998291015625
1773062387867188736,91.5885717868805,-0.54217529296875,-0.1349639892578125,-0.5569000244140625
1773062387877225728,91.59860873222351,-0.502105712890625,-0.1113433837890625,-0.5740509033203125
1773062387887263744,91.60864686965942,-0.476776123046875,-0.0866546630859375,-0.58099365234375
1773062387897300736,91.61868381500244,-0.456085205078125,-0.086090087890625,-0.6138153076171875
1773062387907338752,91.62872195243835,-0.4167022705078125,-0.101654052734375,-0.611114501953125
1773062387917375744,91.63875889778137,-0.3804168701171875,-0.0980987548828125,-0.595123291015625
1773062387927413760,91.6487967967987,-0.336517333984375,-0.0854339599609375,-0.58538818359375
1773062387937450752,91.65883374214172,-0.280120849609375,-0.072662353515625,-0.5902557373046875
1773062387947488768,91.66887187957764,-0.2324676513671875,-0.05084228515625,-0.608306884765625
1773062387957525760,91.67890882492065,-0.198577880859375,-0.015350341796875,-0.6094512939453125
1773062387967562752,91.68894577026367,-0.167877197265625,0.0217132568359375,-0.6355133056640625
1773062387977600768,91.69898390769958,-0.1336517333984375,0.0365142822265625,-0.6605224609375
1773062387987637760,91.7090208530426,-0.10174560546875,0.034423828125,-0.668609619140625
1773062387997675776,91.71905875205994,-0.06817626953125,0.022674560546875,-0.6746826171875
1773062388007712768,91.72909593582153,-0.0230560302734375,0.0200958251953125,-0.6785888671875
1773062388017750784,91.73913383483887,0.0289306640625,0.0477447509765625,-0.6735992431640625
1773062388027787776,91.74917078018188,0.07659912109375,0.1040496826171875,-0.6707611083984375
1773062388037825792,91.7592089176178,0.1108245849609375,0.1675567626953125,-0.6873016357421875
1773062388047862784,91.76924586296082,0.1318817138671875,0.221954345703125,-0.713165283203125
1773062388057899776,91.77928280830383,0.1370697021484375,0.2566680908203125,-0.727447509765625
1773062388067937792,91.78932094573975,0.1410980224609375,0.2626495361328125,-0.7225341796875
1773062388077974784,91.79935789108276,0.1483154296875,0.2310638427734375,-0.7162628173828125
1773062388088012800,91.8093957901001,0.1566925048828125,0.1936187744140625,-0.69732666015625
1773062388098049536,91.81943273544312,0.178955078125,0.182464599609375,-0.6624298095703125
1773062388108087808,91.82947087287903,0.2137451171875,0.191680908203125,-0.6586761474609375
1773062388118124800,91.83950781822205,0.23944091796875,0.2137908935546875,-0.694122314453125
1773062388128162816,91.84954595565796,0.2464141845703125,0.233795166015625,-0.7598724365234375
1773062388138199808,91.85958290100098,0.2254638671875,0.2356414794921875,-0.8260498046875
1773062388148236800,91.869619846344,0.191802978515625,0.22698974609375,-0.8502960205078125
1773062388158274560,91.87965774536133,0.1637725830078125,0.230712890625,-0.8289947509765625
1773062388168311808,91.88969492912292,0.167022705078125,0.237884521484375,-0.8161163330078125
1773062388178349824,91.89973282814026,0.201416015625,0.2397918701171875,-0.801910400390625
1773062388188386560,91.90976977348328,0.23590087890625,0.2539520263671875,-0.7867279052734375
1773062388198424832,91.91980791091919,0.2637939453125,0.263031005859375,-0.778228759765625
1773062388208461824,91.9298448562622,0.2810516357421875,0.2525634765625,-0.7704010009765625
1773062388218499584,91.93988275527954,0.2783203125,0.225311279296875,-0.797576904296875
1773062388228536832,91.94991993904114,0.259368896484375,0.18511962890625,-0.8253936767578125
1773062388238574848,91.95995783805847,0.2349700927734375,0.1469573974609375,-0.8572235107421875
1773062388248611584,91.96999478340149,0.216827392578125,0.1284637451171875,-0.8638916015625
1773062388258648576,91.9800317287445,0.2191925048828125,0.1432952880859375,-0.8592529296875
1773062388268686848,91.99006986618042,0.247833251953125,0.176239013671875,-0.8592071533203125
1773062388278723840,92.00010681152344,0.27606201171875,0.2065277099609375,-0.8865814208984375
1773062388288761856,92.01014494895935,0.284698486328125,0.2120819091796875,-0.9127349853515625
1773062388298798848,92.02018189430237,0.2799072265625,0.2109527587890625,-0.905181884765625
1773062388308836608,92.0302197933197,0.285491943359375,0.190521240234375,-0.903472900390625
1773062388318873600,92.04025673866272,0.284088134765625,0.1582183837890625,-0.885345458984375
1773062388328911872,92.05029487609863,0.274871826171875,0.143585205078125,-0.86029052734375
1773062388338948608,92.06033182144165,0.27154541015625,0.1492919921875,-0.8522186279296875
1773062388348985600,92.07036876678467,0.2674713134765625,0.1562347412109375,-0.874114990234375
1773062388359023872,92.08040690422058,0.2599029541015625,0.1585235595703125,-0.897186279296875
1773062388369060864,92.0904438495636,0.2557220458984375,0.1541900634765625,-0.9137420654296875
1773062388379098624,92.10048174858093,0.256439208984375,0.1558990478515625,-0.91888427734375
1773062388389135872,92.11051893234253,0.2653961181640625,0.163482666015625,-0.933074951171875
1773062388399173632,92.12055683135986,0.275604248046875,0.177093505859375,-0.9470977783203125
1773062388409210624,92.13059377670288,0.2840118408203125,0.1930999755859375,-0.9558563232421875
1773062388419248896,92.1406319141388,0.291900634765625,0.2088775634765625,-0.948974609375
1773062388429285888,92.15066885948181,0.3000030517578125,0.2196807861328125,-0.950103759765625
1773062388439322624,92.16070580482483,0.30804443359375,0.2196197509765625,-0.9659881591796875
1773062388449360896,92.17074394226074,0.310943603515625,0.2046661376953125,-0.9815521240234375
1773062388459397888,92.18078088760376,0.304412841796875,0.178253173828125,-1.0024871826171875
1773062388469435648,92.1908187866211,0.287384033203125,0.145599365234375,-1.0101776123046875
1773062388479472640,92.20085573196411,0.271636962890625,0.1320037841796875,-1.00787353515625
1773062388489510656,92.21089386940002,0.2703399658203125,0.14306640625,-0.997833251953125
1773062388499547648,92.22093081474304,0.2804718017578125,0.162261962890625,-0.98272705078125
1773062388509585920,92.23096895217896,0.2882843017578125,0.1797943115234375,-0.963592529296875
1773062388519622912,92.24100589752197,0.299652099609375,0.189056396484375,-0.9477996826171875
1773062388529660672,92.2510437965393,0.3187713623046875,0.178375244140625,-0.9426116943359375
1773062388539697664,92.26108074188232,0.33740234375,0.1646575927734375,-0.9426116943359375
1773062388549734912,92.27111792564392,0.347930908203125,0.168609619140625,-0.941986083984375
1773062388559772672,92.28115582466125,0.347900390625,0.1810455322265625,-0.9434661865234375
1773062388569809664,92.29119277000427,0.3349456787109375,0.1869354248046875,-0.9486846923828125
1773062388579847936,92.30123090744019,0.3132171630859375,0.1792755126953125,-0.947967529296875
1773062388589884672,92.3112678527832,0.2996368408203125,0.1653289794921875,-0.9454345703125
1773062388599922688,92.32130575180054,0.29632568359375,0.16973876953125,-0.93768310546875
1773062388609959936,92.33134293556213,0.299896240234375,0.196685791015625,-0.9150390625
1773062388619997696,92.34138083457947,0.3036041259765625,0.2211761474609375,-0.894683837890625
1773062388630034688,92.35141777992249,0.2933197021484375,0.219879150390625,-0.8772735595703125
1773062388640071680,92.3614547252655,0.2650146484375,0.2021331787109375,-0.868072509765625
1773062388650109696,92.37149286270142,0.231475830078125,0.1888427734375,-0.841583251953125
1773062388660146688,92.38152980804443,0.2034454345703125,0.182281494140625,-0.810150146484375
1773062388670184960,92.39156794548035,0.2012939453125,0.1732940673828125,-0.7799072265625
1773062388680221696,92.40160489082336,0.2171478271484375,0.172607421875,-0.7748870849609375
1773062388690259712,92.4116427898407,0.2285003662109375,0.17138671875,-0.7891693115234375
1773062388700296704,92.42167973518372,0.2093505859375,0.1676177978515625,-0.82659912109375
1773062388710334720,92.43171787261963,0.1627044677734375,0.151763916015625,-0.878448486328125
1773062388720371712,92.44175481796265,0.108673095703125,0.1238861083984375,-0.920623779296875
1773062388730408704,92.45179176330566,0.0667266845703125,0.10906982421875,-0.9435882568359375
1773062388740446720,92.46182990074158,0.0576171875,0.120941162109375,-0.9595184326171875
1773062388750483712,92.4718668460846,0.0805206298828125,0.1573486328125,-0.97283935546875
1773062388760521728,92.48190474510193,0.103302001953125,0.2049102783203125,-0.998809814453125
1773062388770558720,92.49194192886353,0.1089630126953125,0.2383575439453125,-1.040313720703125
1773062388780596736,92.50197982788086,0.0899505615234375,0.2452239990234375,-1.0755157470703125
1773062388790633728,92.51201677322388,0.05682373046875,0.2260589599609375,-1.0905303955078125
1773062388800671744,92.52205491065979,0.029998779296875,0.193634033203125,-1.0872955322265625
1773062388810708736,92.53209185600281,0.0329132080078125,0.167999267578125,-1.091094970703125
1773062388820746752,92.54212975502014,0.0534515380859375,0.1738433837890625,-1.0877227783203125
1773062388830784000,92.55216717720032,0.0759429931640625,0.2058868408203125,-1.09063720703125
1773062388840820992,92.56220412254333,0.0814056396484375,0.2510986328125,-1.0889434814453125
1773062388850859008,92.57224202156067,0.0679931640625,0.2884979248046875,-1.09271240234375
1773062388860896000,92.58227920532227,0.0586700439453125,0.3090972900390625,-1.08087158203125
1773062388870934016,92.5923171043396,0.0602569580078125,0.3231048583984375,-1.045013427734375
1773062388880971008,92.60235404968262,0.1328582763671875,0.553192138671875,-0.807586669921875
1773062388891009024,92.61239218711853,-0.5052032470703125,0.840911865234375,-0.85418701171875
1773062388901046016,92.62242913246155,0.0155029296875,0.3841705322265625,-1.2040863037109375
1773062388911084032,92.63246703147888,0.51025390625,0.1143798828125,-1.0620574951171875
1773062388921120768,92.6425039768219,0.1554412841796875,0.18792724609375,-0.918792724609375
1773062388931158016,92.6525411605835,0.1080322265625,0.159423828125,-1.0588226318359375
1773062388941196032,92.66257905960083,0.0033416748046875,-0.08099365234375,-1.1127471923828125
1773062388951233024,92.67261600494385,-0.198822021484375,-0.031951904296875,-0.7644805908203125
1773062388961271040,92.68265414237976,0.1707611083984375,0.1982879638671875,-0.6819915771484375
1773062388971308032,92.69269108772278,0.2951202392578125,0.2588043212890625,-1.071868896484375
1773062388981345792,92.70272898674011,0.093994140625,0.3498687744140625,-1.0533599853515625
1773062388991383040,92.71276617050171,0.171600341796875,0.3289031982421875,-0.95770263671875
1773062389001421056,92.72280406951904,0.156219482421875,0.291839599609375,-0.9727630615234375
1773062389011458048,92.73284101486206,0.088531494140625,0.257354736328125,-0.970947265625
1773062389021495040,92.74287819862366,0.076324462890625,0.177459716796875,-0.95111083984375
1773062389031533056,92.75291609764099,0.0580902099609375,0.1912078857421875,-0.909210205078125
1773062389041570048,92.76295304298401,0.1094207763671875,0.2603302001953125,-0.941375732421875
1773062389051608064,92.77299118041992,0.1926422119140625,0.2963104248046875,-1.02117919921875
1773062389061645056,92.78302812576294,0.1549530029296875,0.27886962890625,-1.03240966796875
1773062389071682816,92.79306602478027,0.1050567626953125,0.20458984375,-1.0022430419921875
1773062389081719808,92.80310297012329,0.0175933837890625,0.098968505859375,-0.7024688720703125
1773062389091758080,92.8131411075592,-0.05975341796875,0.0856475830078125,-0.757080078125
1773062389101795072,92.82317805290222,0.428680419921875,0.257171630859375,-1.02984619140625
1773062389111833088,92.83321619033813,0.1102142333984375,0.4423065185546875,-0.952178955078125
1773062389121870080,92.84325313568115,0.2224578857421875,0.300506591796875,-0.896575927734375
1773062389131907072,92.85329008102417,0.1315155029296875,0.2371368408203125,-1.00225830078125
1773062389141944832,92.8633279800415,0.1299285888671875,0.2901458740234375,-1.0632476806640625
1773062389151982080,92.8733651638031,0.2135467529296875,0.3056640625,-0.9409332275390625
